{"osy-cases": [{"Case": "Run", "CaseId": "CS_3icev", "Desc": "", "Runtime": "Thu May 18 2023 11:37:47 GMT+0200 (Central European Summer Time)", "Scenarios": [{"ScenarioId": "SC_0", "Scenario": "SC_0", "Desc": "Base scenario", "Active": true}, {"ScenarioId": "SC_tkqum", "Scenario": "InputToCap", "Desc": "Input to capacity test", "Active": false}]}, {"Case": "test", "CaseId": "CS_6h89o", "Desc": "", "Runtime": "Thu May 18 2023 11:37:01 GMT+0200 (Central European Summer Time)", "Scenarios": [{"ScenarioId": "SC_0", "Scenario": "SC_0", "Desc": "Base scenario", "Active": true}, {"ScenarioId": "SC_tkqum", "Scenario": "InputToCap", "Desc": "Input to capacity test", "Active": true}]}]}