{"TTMPA": {"Run": [{"DEMPWRSURWAT": 0.0, "LNDBLT": 201.5, "LNDFOR": 4187.75, "LNDMAIHI": 0.0, "LNDMAIHR": 0.0, "LNDRICHI": 0.0, "LNDRICHR": 0.0, "LNDWAT": 410.75, "MINCOA": 2023.5905, "MINGAS": 791.8708, "MINHYD": 239.0586, "MINLND": 4800.0, "MINPRC": 5760.0, "MINSOL": 66.0995, "MINWND": 756.1764, "PWRCOA": 674.5302, "PWRGAS": 395.9354, "PWRHYD": 239.0586, "PWRSOL": 66.0995, "PWRTRN": 1938.0, "PWRWND": 756.1764}], "test": [{"DEMPWRSURWAT": 0.0, "LNDBLT": 201.5, "LNDFOR": 3983.5, "LNDMAIHI": 0.0, "LNDMAIHR": 0.0, "LNDRICHI": 0.0, "LNDRICHR": 0.0, "LNDWAT": 615.0, "MINCOA": 1852.6675, "MINGAS": 791.8708, "MINHYD": 266.1165, "MINLND": 4800.0, "MINPRC": 5760.0, "MINSOL": 86.4402, "MINWND": 765.7521, "PWRCOA": 617.5558, "PWRGAS": 395.9354, "PWRHYD": 266.1165, "PWRSOL": 86.4402, "PWRTRN": 1938.0, "PWRWND": 765.7521}]}}