{
    "D": {
        "CS_0": [
            {
                "Comm": "COA",
                "Ts": "S11",
                "2020": 0.0,
                "2021": 0.0,
                "2022": 0.0,
                "2023": 0.0,
                "2024": 0.0,
                "2025": 0.0,
                "2026": 0.0,
                "2027": 0.0,
                "2028": 0.0,
                "2029": 0.0,
                "2030": 0.0,
                "2031": 0.0,
                "2032": 0.0,
                "2033": 0.0,
                "2034": 0.0,
                "2035": 0.0,
                "2036": 0.0,
                "2037": 0.0,
                "2038": 0.0,
                "2039": 0.0,
                "2040": 0.0
            },
            {
                "Comm": "GAS",
                "Ts": "S11",
                "2020": 0.0,
                "2021": 0.0,
                "2022": 0.0,
                "2023": 0.0,
                "2024": 0.0,
                "2025": 0.0,
                "2026": 0.0,
                "2027": 0.0,
                "2028": 0.0,
                "2029": 0.0,
                "2030": 0.0,
                "2031": 0.0,
                "2032": 0.0,
                "2033": 0.0,
                "2034": 0.0,
                "2035": 0.0,
                "2036": 0.0,
                "2037": 0.0,
                "2038": 0.0,
                "2039": 0.0,
                "2040": 0.0
            },
            {
                "Comm": "ELC001",
                "Ts": "S11",
                "2020": 0.0,
                "2021": 0.0,
                "2022": 0.0,
                "2023": 0.0,
                "2024": 0.0,
                "2025": 0.0,
                "2026": 0.0,
                "2027": 0.0,
                "2028": 0.0,
                "2029": 0.0,
                "2030": 0.0,
                "2031": 0.0,
                "2032": 0.0,
                "2033": 0.0,
                "2034": 0.0,
                "2035": 0.0,
                "2036": 0.0,
                "2037": 0.0,
                "2038": 0.0,
                "2039": 0.0,
                "2040": 0.0
            },
            {
                "Comm": "ELC002",
                "Ts": "S11",
                "2020": 32.0,
                "2021": 32.96,
                "2022": 33.9488,
                "2023": 34.967264,
                "2024": 36.01628192,
                "2025": 37.096770368,
                "2026": 38.209673504,
                "2027": 39.35596368,
                "2028": 40.536642592,
                "2029": 41.752741888,
                "2030": 43.005324128,
                "2031": 44.295483872,
                "2032": 45.624348384,
                "2033": 46.993078816,
                "2034": 48.4028712,
                "2035": 49.854957344,
                "2036": 51.350606048,
                "2037": 52.891124224,
                "2038": 54.477857952,
                "2039": 56.112193696,
                "2040": 57.79555952
            },
            {
                "Comm": "SOL",
                "Ts": "S11",
                "2020": 0.0,
                "2021": 0.0,
                "2022": 0.0,
                "2023": 0.0,
                "2024": 0.0,
                "2025": 0.0,
                "2026": 0.0,
                "2027": 0.0,
                "2028": 0.0,
                "2029": 0.0,
                "2030": 0.0,
                "2031": 0.0,
                "2032": 0.0,
                "2033": 0.0,
                "2034": 0.0,
                "2035": 0.0,
                "2036": 0.0,
                "2037": 0.0,
                "2038": 0.0,
                "2039": 0.0,
                "2040": 0.0
            },
            {
                "Comm": "WND",
                "Ts": "S11",
                "2020": 0.0,
                "2021": 0.0,
                "2022": 0.0,
                "2023": 0.0,
                "2024": 0.0,
                "2025": 0.0,
                "2026": 0.0,
                "2027": 0.0,
                "2028": 0.0,
                "2029": 0.0,
                "2030": 0.0,
                "2031": 0.0,
                "2032": 0.0,
                "2033": 0.0,
                "2034": 0.0,
                "2035": 0.0,
                "2036": 0.0,
                "2037": 0.0,
                "2038": 0.0,
                "2039": 0.0,
                "2040": 0.0
            },
            {
                "Comm": "HYD",
                "Ts": "S11",
                "2020": 0.0,
                "2021": 0.0,
                "2022": 0.0,
                "2023": 0.0,
                "2024": 0.0,
                "2025": 0.0,
                "2026": 0.0,
                "2027": 0.0,
                "2028": 0.0,
                "2029": 0.0,
                "2030": 0.0,
                "2031": 0.0,
                "2032": 0.0,
                "2033": 0.0,
                "2034": 0.0,
                "2035": 0.0,
                "2036": 0.0,
                "2037": 0.0,
                "2038": 0.0,
                "2039": 0.0,
                "2040": 0.0
            },
            {
                "Comm": "COA",
                "Ts": "S12",
                "2020": 0.0,
                "2021": 0.0,
                "2022": 0.0,
                "2023": 0.0,
                "2024": 0.0,
                "2025": 0.0,
                "2026": 0.0,
                "2027": 0.0,
                "2028": 0.0,
                "2029": 0.0,
                "2030": 0.0,
                "2031": 0.0,
                "2032": 0.0,
                "2033": 0.0,
                "2034": 0.0,
                "2035": 0.0,
                "2036": 0.0,
                "2037": 0.0,
                "2038": 0.0,
                "2039": 0.0,
                "2040": 0.0
            },
            {
                "Comm": "GAS",
                "Ts": "S12",
                "2020": 0.0,
                "2021": 0.0,
                "2022": 0.0,
                "2023": 0.0,
                "2024": 0.0,
                "2025": 0.0,
                "2026": 0.0,
                "2027": 0.0,
                "2028": 0.0,
                "2029": 0.0,
                "2030": 0.0,
                "2031": 0.0,
                "2032": 0.0,
                "2033": 0.0,
                "2034": 0.0,
                "2035": 0.0,
                "2036": 0.0,
                "2037": 0.0,
                "2038": 0.0,
                "2039": 0.0,
                "2040": 0.0
            },
            {
                "Comm": "ELC001",
                "Ts": "S12",
                "2020": 0.0,
                "2021": 0.0,
                "2022": 0.0,
                "2023": 0.0,
                "2024": 0.0,
                "2025": 0.0,
                "2026": 0.0,
                "2027": 0.0,
                "2028": 0.0,
                "2029": 0.0,
                "2030": 0.0,
                "2031": 0.0,
                "2032": 0.0,
                "2033": 0.0,
                "2034": 0.0,
                "2035": 0.0,
                "2036": 0.0,
                "2037": 0.0,
                "2038": 0.0,
                "2039": 0.0,
                "2040": 0.0
            },
            {
                "Comm": "ELC002",
                "Ts": "S12",
                "2020": 8.0,
                "2021": 8.24,
                "2022": 8.4872,
                "2023": 8.741816,
                "2024": 9.00407048,
                "2025": 9.274192592,
                "2026": 9.552418376,
                "2027": 9.83899092,
                "2028": 10.134160648,
                "2029": 10.438185472,
                "2030": 10.751331032,
                "2031": 11.073870968,
                "2032": 11.406087096,
                "2033": 11.748269704,
                "2034": 12.1007178,
                "2035": 12.463739336,
                "2036": 12.837651512,
                "2037": 13.222781056,
                "2038": 13.619464488,
                "2039": 14.028048424,
                "2040": 14.44888988
            },
            {
                "Comm": "SOL",
                "Ts": "S12",
                "2020": 0.0,
                "2021": 0.0,
                "2022": 0.0,
                "2023": 0.0,
                "2024": 0.0,
                "2025": 0.0,
                "2026": 0.0,
                "2027": 0.0,
                "2028": 0.0,
                "2029": 0.0,
                "2030": 0.0,
                "2031": 0.0,
                "2032": 0.0,
                "2033": 0.0,
                "2034": 0.0,
                "2035": 0.0,
                "2036": 0.0,
                "2037": 0.0,
                "2038": 0.0,
                "2039": 0.0,
                "2040": 0.0
            },
            {
                "Comm": "WND",
                "Ts": "S12",
                "2020": 0.0,
                "2021": 0.0,
                "2022": 0.0,
                "2023": 0.0,
                "2024": 0.0,
                "2025": 0.0,
                "2026": 0.0,
                "2027": 0.0,
                "2028": 0.0,
                "2029": 0.0,
                "2030": 0.0,
                "2031": 0.0,
                "2032": 0.0,
                "2033": 0.0,
                "2034": 0.0,
                "2035": 0.0,
                "2036": 0.0,
                "2037": 0.0,
                "2038": 0.0,
                "2039": 0.0,
                "2040": 0.0
            },
            {
                "Comm": "HYD",
                "Ts": "S12",
                "2020": 0.0,
                "2021": 0.0,
                "2022": 0.0,
                "2023": 0.0,
                "2024": 0.0,
                "2025": 0.0,
                "2026": 0.0,
                "2027": 0.0,
                "2028": 0.0,
                "2029": 0.0,
                "2030": 0.0,
                "2031": 0.0,
                "2032": 0.0,
                "2033": 0.0,
                "2034": 0.0,
                "2035": 0.0,
                "2036": 0.0,
                "2037": 0.0,
                "2038": 0.0,
                "2039": 0.0,
                "2040": 0.0
            },
            {
                "Comm": "COA",
                "Ts": "S21",
                "2020": 0.0,
                "2021": 0.0,
                "2022": 0.0,
                "2023": 0.0,
                "2024": 0.0,
                "2025": 0.0,
                "2026": 0.0,
                "2027": 0.0,
                "2028": 0.0,
                "2029": 0.0,
                "2030": 0.0,
                "2031": 0.0,
                "2032": 0.0,
                "2033": 0.0,
                "2034": 0.0,
                "2035": 0.0,
                "2036": 0.0,
                "2037": 0.0,
                "2038": 0.0,
                "2039": 0.0,
                "2040": 0.0
            },
            {
                "Comm": "GAS",
                "Ts": "S21",
                "2020": 0.0,
                "2021": 0.0,
                "2022": 0.0,
                "2023": 0.0,
                "2024": 0.0,
                "2025": 0.0,
                "2026": 0.0,
                "2027": 0.0,
                "2028": 0.0,
                "2029": 0.0,
                "2030": 0.0,
                "2031": 0.0,
                "2032": 0.0,
                "2033": 0.0,
                "2034": 0.0,
                "2035": 0.0,
                "2036": 0.0,
                "2037": 0.0,
                "2038": 0.0,
                "2039": 0.0,
                "2040": 0.0
            },
            {
                "Comm": "ELC001",
                "Ts": "S21",
                "2020": 0.0,
                "2021": 0.0,
                "2022": 0.0,
                "2023": 0.0,
                "2024": 0.0,
                "2025": 0.0,
                "2026": 0.0,
                "2027": 0.0,
                "2028": 0.0,
                "2029": 0.0,
                "2030": 0.0,
                "2031": 0.0,
                "2032": 0.0,
                "2033": 0.0,
                "2034": 0.0,
                "2035": 0.0,
                "2036": 0.0,
                "2037": 0.0,
                "2038": 0.0,
                "2039": 0.0,
                "2040": 0.0
            },
            {
                "Comm": "ELC002",
                "Ts": "S21",
                "2020": 18.0,
                "2021": 18.54,
                "2022": 19.0962,
                "2023": 19.669086,
                "2024": 20.25915858,
                "2025": 20.866933332,
                "2026": 21.492941346,
                "2027": 22.13772957,
                "2028": 22.801861458,
                "2029": 23.485917312,
                "2030": 24.190494822,
                "2031": 24.916209678,
                "2032": 25.663695966,
                "2033": 26.433606834,
                "2034": 27.22661505,
                "2035": 28.043413506,
                "2036": 28.884715902,
                "2037": 29.751257376,
                "2038": 30.643795098,
                "2039": 31.563108954,
                "2040": 32.51000223
            },
            {
                "Comm": "SOL",
                "Ts": "S21",
                "2020": 0.0,
                "2021": 0.0,
                "2022": 0.0,
                "2023": 0.0,
                "2024": 0.0,
                "2025": 0.0,
                "2026": 0.0,
                "2027": 0.0,
                "2028": 0.0,
                "2029": 0.0,
                "2030": 0.0,
                "2031": 0.0,
                "2032": 0.0,
                "2033": 0.0,
                "2034": 0.0,
                "2035": 0.0,
                "2036": 0.0,
                "2037": 0.0,
                "2038": 0.0,
                "2039": 0.0,
                "2040": 0.0
            },
            {
                "Comm": "WND",
                "Ts": "S21",
                "2020": 0.0,
                "2021": 0.0,
                "2022": 0.0,
                "2023": 0.0,
                "2024": 0.0,
                "2025": 0.0,
                "2026": 0.0,
                "2027": 0.0,
                "2028": 0.0,
                "2029": 0.0,
                "2030": 0.0,
                "2031": 0.0,
                "2032": 0.0,
                "2033": 0.0,
                "2034": 0.0,
                "2035": 0.0,
                "2036": 0.0,
                "2037": 0.0,
                "2038": 0.0,
                "2039": 0.0,
                "2040": 0.0
            },
            {
                "Comm": "HYD",
                "Ts": "S21",
                "2020": 0.0,
                "2021": 0.0,
                "2022": 0.0,
                "2023": 0.0,
                "2024": 0.0,
                "2025": 0.0,
                "2026": 0.0,
                "2027": 0.0,
                "2028": 0.0,
                "2029": 0.0,
                "2030": 0.0,
                "2031": 0.0,
                "2032": 0.0,
                "2033": 0.0,
                "2034": 0.0,
                "2035": 0.0,
                "2036": 0.0,
                "2037": 0.0,
                "2038": 0.0,
                "2039": 0.0,
                "2040": 0.0
            },
            {
                "Comm": "COA",
                "Ts": "S22",
                "2020": 0.0,
                "2021": 0.0,
                "2022": 0.0,
                "2023": 0.0,
                "2024": 0.0,
                "2025": 0.0,
                "2026": 0.0,
                "2027": 0.0,
                "2028": 0.0,
                "2029": 0.0,
                "2030": 0.0,
                "2031": 0.0,
                "2032": 0.0,
                "2033": 0.0,
                "2034": 0.0,
                "2035": 0.0,
                "2036": 0.0,
                "2037": 0.0,
                "2038": 0.0,
                "2039": 0.0,
                "2040": 0.0
            },
            {
                "Comm": "GAS",
                "Ts": "S22",
                "2020": 0.0,
                "2021": 0.0,
                "2022": 0.0,
                "2023": 0.0,
                "2024": 0.0,
                "2025": 0.0,
                "2026": 0.0,
                "2027": 0.0,
                "2028": 0.0,
                "2029": 0.0,
                "2030": 0.0,
                "2031": 0.0,
                "2032": 0.0,
                "2033": 0.0,
                "2034": 0.0,
                "2035": 0.0,
                "2036": 0.0,
                "2037": 0.0,
                "2038": 0.0,
                "2039": 0.0,
                "2040": 0.0
            },
            {
                "Comm": "ELC001",
                "Ts": "S22",
                "2020": 0.0,
                "2021": 0.0,
                "2022": 0.0,
                "2023": 0.0,
                "2024": 0.0,
                "2025": 0.0,
                "2026": 0.0,
                "2027": 0.0,
                "2028": 0.0,
                "2029": 0.0,
                "2030": 0.0,
                "2031": 0.0,
                "2032": 0.0,
                "2033": 0.0,
                "2034": 0.0,
                "2035": 0.0,
                "2036": 0.0,
                "2037": 0.0,
                "2038": 0.0,
                "2039": 0.0,
                "2040": 0.0
            },
            {
                "Comm": "ELC002",
                "Ts": "S22",
                "2020": 42.0,
                "2021": 43.26,
                "2022": 44.5578,
                "2023": 45.894534,
                "2024": 47.27137002,
                "2025": 48.689511108,
                "2026": 50.150196474,
                "2027": 51.65470233,
                "2028": 53.204343402,
                "2029": 54.800473728,
                "2030": 56.444487918,
                "2031": 58.137822582,
                "2032": 59.881957254,
                "2033": 61.678415946,
                "2034": 63.52876845,
                "2035": 65.434631514,
                "2036": 67.397670438,
                "2037": 69.419600544,
                "2038": 71.502188562,
                "2039": 73.647254226,
                "2040": 75.85667187
            },
            {
                "Comm": "SOL",
                "Ts": "S22",
                "2020": 0.0,
                "2021": 0.0,
                "2022": 0.0,
                "2023": 0.0,
                "2024": 0.0,
                "2025": 0.0,
                "2026": 0.0,
                "2027": 0.0,
                "2028": 0.0,
                "2029": 0.0,
                "2030": 0.0,
                "2031": 0.0,
                "2032": 0.0,
                "2033": 0.0,
                "2034": 0.0,
                "2035": 0.0,
                "2036": 0.0,
                "2037": 0.0,
                "2038": 0.0,
                "2039": 0.0,
                "2040": 0.0
            },
            {
                "Comm": "WND",
                "Ts": "S22",
                "2020": 0.0,
                "2021": 0.0,
                "2022": 0.0,
                "2023": 0.0,
                "2024": 0.0,
                "2025": 0.0,
                "2026": 0.0,
                "2027": 0.0,
                "2028": 0.0,
                "2029": 0.0,
                "2030": 0.0,
                "2031": 0.0,
                "2032": 0.0,
                "2033": 0.0,
                "2034": 0.0,
                "2035": 0.0,
                "2036": 0.0,
                "2037": 0.0,
                "2038": 0.0,
                "2039": 0.0,
                "2040": 0.0
            },
            {
                "Comm": "HYD",
                "Ts": "S22",
                "2020": 0.0,
                "2021": 0.0,
                "2022": 0.0,
                "2023": 0.0,
                "2024": 0.0,
                "2025": 0.0,
                "2026": 0.0,
                "2027": 0.0,
                "2028": 0.0,
                "2029": 0.0,
                "2030": 0.0,
                "2031": 0.0,
                "2032": 0.0,
                "2033": 0.0,
                "2034": 0.0,
                "2035": 0.0,
                "2036": 0.0,
                "2037": 0.0,
                "2038": 0.0,
                "2039": 0.0,
                "2040": 0.0
            }
        ]
    },
    "T": {
        "CS_0": [
            {
                "Comm": "COA",
                "Ts": "S11",
                "2020": 0,
                "2021": 0,
                "2022": 0,
                "2023": 0,
                "2024": 0,
                "2025": 0,
                "2026": 0,
                "2027": 0,
                "2028": 0,
                "2029": 0,
                "2030": 0,
                "2031": 0,
                "2032": 0,
                "2033": 0,
                "2034": 0,
                "2035": 0,
                "2036": 0,
                "2037": 0,
                "2038": 0,
                "2039": 0,
                "2040": 0
            },
            {
                "Comm": "GAS",
                "Ts": "S11",
                "2020": 0,
                "2021": 0,
                "2022": 0,
                "2023": 0,
                "2024": 0,
                "2025": 0,
                "2026": 0,
                "2027": 0,
                "2028": 0,
                "2029": 0,
                "2030": 0,
                "2031": 0,
                "2032": 0,
                "2033": 0,
                "2034": 0,
                "2035": 0,
                "2036": 0,
                "2037": 0,
                "2038": 0,
                "2039": 0,
                "2040": 0
            },
            {
                "Comm": "ELC001",
                "Ts": "S11",
                "2020": 0,
                "2021": 0,
                "2022": 0,
                "2023": 0,
                "2024": 0,
                "2025": 0,
                "2026": 0,
                "2027": 0,
                "2028": 0,
                "2029": 0,
                "2030": 0,
                "2031": 0,
                "2032": 0,
                "2033": 0,
                "2034": 0,
                "2035": 0,
                "2036": 0,
                "2037": 0,
                "2038": 0,
                "2039": 0,
                "2040": 0
            },
            {
                "Comm": "ELC002",
                "Ts": "S11",
                "2020": 0,
                "2021": 0,
                "2022": 0,
                "2023": 0,
                "2024": 0,
                "2025": 0,
                "2026": 0,
                "2027": 0,
                "2028": 0,
                "2029": 0,
                "2030": 0,
                "2031": 0,
                "2032": 0,
                "2033": 0,
                "2034": 0,
                "2035": 0,
                "2036": 0,
                "2037": 0,
                "2038": 0,
                "2039": 0,
                "2040": 0
            },
            {
                "Comm": "SOL",
                "Ts": "S11",
                "2020": 0,
                "2021": 0,
                "2022": 0,
                "2023": 0,
                "2024": 0,
                "2025": 0,
                "2026": 0,
                "2027": 0,
                "2028": 0,
                "2029": 0,
                "2030": 0,
                "2031": 0,
                "2032": 0,
                "2033": 0,
                "2034": 0,
                "2035": 0,
                "2036": 0,
                "2037": 0,
                "2038": 0,
                "2039": 0,
                "2040": 0
            },
            {
                "Comm": "WND",
                "Ts": "S11",
                "2020": 0,
                "2021": 0,
                "2022": 0,
                "2023": 0,
                "2024": 0,
                "2025": 0,
                "2026": 0,
                "2027": 0,
                "2028": 0,
                "2029": 0,
                "2030": 0,
                "2031": 0,
                "2032": 0,
                "2033": 0,
                "2034": 0,
                "2035": 0,
                "2036": 0,
                "2037": 0,
                "2038": 0,
                "2039": 0,
                "2040": 0
            },
            {
                "Comm": "HYD",
                "Ts": "S11",
                "2020": 0,
                "2021": 0,
                "2022": 0,
                "2023": 0,
                "2024": 0,
                "2025": 0,
                "2026": 0,
                "2027": 0,
                "2028": 0,
                "2029": 0,
                "2030": 0,
                "2031": 0,
                "2032": 0,
                "2033": 0,
                "2034": 0,
                "2035": 0,
                "2036": 0,
                "2037": 0,
                "2038": 0,
                "2039": 0,
                "2040": 0
            },
            {
                "Comm": "COA",
                "Ts": "S12",
                "2020": 0,
                "2021": 0,
                "2022": 0,
                "2023": 0,
                "2024": 0,
                "2025": 0,
                "2026": 0,
                "2027": 0,
                "2028": 0,
                "2029": 0,
                "2030": 0,
                "2031": 0,
                "2032": 0,
                "2033": 0,
                "2034": 0,
                "2035": 0,
                "2036": 0,
                "2037": 0,
                "2038": 0,
                "2039": 0,
                "2040": 0
            },
            {
                "Comm": "GAS",
                "Ts": "S12",
                "2020": 0,
                "2021": 0,
                "2022": 0,
                "2023": 0,
                "2024": 0,
                "2025": 0,
                "2026": 0,
                "2027": 0,
                "2028": 0,
                "2029": 0,
                "2030": 0,
                "2031": 0,
                "2032": 0,
                "2033": 0,
                "2034": 0,
                "2035": 0,
                "2036": 0,
                "2037": 0,
                "2038": 0,
                "2039": 0,
                "2040": 0
            },
            {
                "Comm": "ELC001",
                "Ts": "S12",
                "2020": 0,
                "2021": 0,
                "2022": 0,
                "2023": 0,
                "2024": 0,
                "2025": 0,
                "2026": 0,
                "2027": 0,
                "2028": 0,
                "2029": 0,
                "2030": 0,
                "2031": 0,
                "2032": 0,
                "2033": 0,
                "2034": 0,
                "2035": 0,
                "2036": 0,
                "2037": 0,
                "2038": 0,
                "2039": 0,
                "2040": 0
            },
            {
                "Comm": "ELC002",
                "Ts": "S12",
                "2020": 0,
                "2021": 0,
                "2022": 0,
                "2023": 0,
                "2024": 0,
                "2025": 0,
                "2026": 0,
                "2027": 0,
                "2028": 0,
                "2029": 0,
                "2030": 0,
                "2031": 0,
                "2032": 0,
                "2033": 0,
                "2034": 0,
                "2035": 0,
                "2036": 0,
                "2037": 0,
                "2038": 0,
                "2039": 0,
                "2040": 0
            },
            {
                "Comm": "SOL",
                "Ts": "S12",
                "2020": 0,
                "2021": 0,
                "2022": 0,
                "2023": 0,
                "2024": 0,
                "2025": 0,
                "2026": 0,
                "2027": 0,
                "2028": 0,
                "2029": 0,
                "2030": 0,
                "2031": 0,
                "2032": 0,
                "2033": 0,
                "2034": 0,
                "2035": 0,
                "2036": 0,
                "2037": 0,
                "2038": 0,
                "2039": 0,
                "2040": 0
            },
            {
                "Comm": "WND",
                "Ts": "S12",
                "2020": 0,
                "2021": 0,
                "2022": 0,
                "2023": 0,
                "2024": 0,
                "2025": 0,
                "2026": 0,
                "2027": 0,
                "2028": 0,
                "2029": 0,
                "2030": 0,
                "2031": 0,
                "2032": 0,
                "2033": 0,
                "2034": 0,
                "2035": 0,
                "2036": 0,
                "2037": 0,
                "2038": 0,
                "2039": 0,
                "2040": 0
            },
            {
                "Comm": "HYD",
                "Ts": "S12",
                "2020": 0,
                "2021": 0,
                "2022": 0,
                "2023": 0,
                "2024": 0,
                "2025": 0,
                "2026": 0,
                "2027": 0,
                "2028": 0,
                "2029": 0,
                "2030": 0,
                "2031": 0,
                "2032": 0,
                "2033": 0,
                "2034": 0,
                "2035": 0,
                "2036": 0,
                "2037": 0,
                "2038": 0,
                "2039": 0,
                "2040": 0
            },
            {
                "Comm": "COA",
                "Ts": "S21",
                "2020": 0,
                "2021": 0,
                "2022": 0,
                "2023": 0,
                "2024": 0,
                "2025": 0,
                "2026": 0,
                "2027": 0,
                "2028": 0,
                "2029": 0,
                "2030": 0,
                "2031": 0,
                "2032": 0,
                "2033": 0,
                "2034": 0,
                "2035": 0,
                "2036": 0,
                "2037": 0,
                "2038": 0,
                "2039": 0,
                "2040": 0
            },
            {
                "Comm": "GAS",
                "Ts": "S21",
                "2020": 0,
                "2021": 0,
                "2022": 0,
                "2023": 0,
                "2024": 0,
                "2025": 0,
                "2026": 0,
                "2027": 0,
                "2028": 0,
                "2029": 0,
                "2030": 0,
                "2031": 0,
                "2032": 0,
                "2033": 0,
                "2034": 0,
                "2035": 0,
                "2036": 0,
                "2037": 0,
                "2038": 0,
                "2039": 0,
                "2040": 0
            },
            {
                "Comm": "ELC001",
                "Ts": "S21",
                "2020": 0,
                "2021": 0,
                "2022": 0,
                "2023": 0,
                "2024": 0,
                "2025": 0,
                "2026": 0,
                "2027": 0,
                "2028": 0,
                "2029": 0,
                "2030": 0,
                "2031": 0,
                "2032": 0,
                "2033": 0,
                "2034": 0,
                "2035": 0,
                "2036": 0,
                "2037": 0,
                "2038": 0,
                "2039": 0,
                "2040": 0
            },
            {
                "Comm": "ELC002",
                "Ts": "S21",
                "2020": 0,
                "2021": 0,
                "2022": 0,
                "2023": 0,
                "2024": 0,
                "2025": 0,
                "2026": 0,
                "2027": 0,
                "2028": 0,
                "2029": 0,
                "2030": 0,
                "2031": 0,
                "2032": 0,
                "2033": 0,
                "2034": 0,
                "2035": 0,
                "2036": 0,
                "2037": 0,
                "2038": 0,
                "2039": 0,
                "2040": 0
            },
            {
                "Comm": "SOL",
                "Ts": "S21",
                "2020": 0,
                "2021": 0,
                "2022": 0,
                "2023": 0,
                "2024": 0,
                "2025": 0,
                "2026": 0,
                "2027": 0,
                "2028": 0,
                "2029": 0,
                "2030": 0,
                "2031": 0,
                "2032": 0,
                "2033": 0,
                "2034": 0,
                "2035": 0,
                "2036": 0,
                "2037": 0,
                "2038": 0,
                "2039": 0,
                "2040": 0
            },
            {
                "Comm": "WND",
                "Ts": "S21",
                "2020": 0,
                "2021": 0,
                "2022": 0,
                "2023": 0,
                "2024": 0,
                "2025": 0,
                "2026": 0,
                "2027": 0,
                "2028": 0,
                "2029": 0,
                "2030": 0,
                "2031": 0,
                "2032": 0,
                "2033": 0,
                "2034": 0,
                "2035": 0,
                "2036": 0,
                "2037": 0,
                "2038": 0,
                "2039": 0,
                "2040": 0
            },
            {
                "Comm": "HYD",
                "Ts": "S21",
                "2020": 0,
                "2021": 0,
                "2022": 0,
                "2023": 0,
                "2024": 0,
                "2025": 0,
                "2026": 0,
                "2027": 0,
                "2028": 0,
                "2029": 0,
                "2030": 0,
                "2031": 0,
                "2032": 0,
                "2033": 0,
                "2034": 0,
                "2035": 0,
                "2036": 0,
                "2037": 0,
                "2038": 0,
                "2039": 0,
                "2040": 0
            },
            {
                "Comm": "COA",
                "Ts": "S22",
                "2020": 0,
                "2021": 0,
                "2022": 0,
                "2023": 0,
                "2024": 0,
                "2025": 0,
                "2026": 0,
                "2027": 0,
                "2028": 0,
                "2029": 0,
                "2030": 0,
                "2031": 0,
                "2032": 0,
                "2033": 0,
                "2034": 0,
                "2035": 0,
                "2036": 0,
                "2037": 0,
                "2038": 0,
                "2039": 0,
                "2040": 0
            },
            {
                "Comm": "GAS",
                "Ts": "S22",
                "2020": 0,
                "2021": 0,
                "2022": 0,
                "2023": 0,
                "2024": 0,
                "2025": 0,
                "2026": 0,
                "2027": 0,
                "2028": 0,
                "2029": 0,
                "2030": 0,
                "2031": 0,
                "2032": 0,
                "2033": 0,
                "2034": 0,
                "2035": 0,
                "2036": 0,
                "2037": 0,
                "2038": 0,
                "2039": 0,
                "2040": 0
            },
            {
                "Comm": "ELC001",
                "Ts": "S22",
                "2020": 0,
                "2021": 0,
                "2022": 0,
                "2023": 0,
                "2024": 0,
                "2025": 0,
                "2026": 0,
                "2027": 0,
                "2028": 0,
                "2029": 0,
                "2030": 0,
                "2031": 0,
                "2032": 0,
                "2033": 0,
                "2034": 0,
                "2035": 0,
                "2036": 0,
                "2037": 0,
                "2038": 0,
                "2039": 0,
                "2040": 0
            },
            {
                "Comm": "ELC002",
                "Ts": "S22",
                "2020": 0,
                "2021": 0,
                "2022": 0,
                "2023": 0,
                "2024": 0,
                "2025": 0,
                "2026": 0,
                "2027": 0,
                "2028": 0,
                "2029": 0,
                "2030": 0,
                "2031": 0,
                "2032": 0,
                "2033": 0,
                "2034": 0,
                "2035": 0,
                "2036": 0,
                "2037": 0,
                "2038": 0,
                "2039": 0,
                "2040": 0
            },
            {
                "Comm": "SOL",
                "Ts": "S22",
                "2020": 0,
                "2021": 0,
                "2022": 0,
                "2023": 0,
                "2024": 0,
                "2025": 0,
                "2026": 0,
                "2027": 0,
                "2028": 0,
                "2029": 0,
                "2030": 0,
                "2031": 0,
                "2032": 0,
                "2033": 0,
                "2034": 0,
                "2035": 0,
                "2036": 0,
                "2037": 0,
                "2038": 0,
                "2039": 0,
                "2040": 0
            },
            {
                "Comm": "WND",
                "Ts": "S22",
                "2020": 0,
                "2021": 0,
                "2022": 0,
                "2023": 0,
                "2024": 0,
                "2025": 0,
                "2026": 0,
                "2027": 0,
                "2028": 0,
                "2029": 0,
                "2030": 0,
                "2031": 0,
                "2032": 0,
                "2033": 0,
                "2034": 0,
                "2035": 0,
                "2036": 0,
                "2037": 0,
                "2038": 0,
                "2039": 0,
                "2040": 0
            },
            {
                "Comm": "HYD",
                "Ts": "S22",
                "2020": 0,
                "2021": 0,
                "2022": 0,
                "2023": 0,
                "2024": 0,
                "2025": 0,
                "2026": 0,
                "2027": 0,
                "2028": 0,
                "2029": 0,
                "2030": 0,
                "2031": 0,
                "2032": 0,
                "2033": 0,
                "2034": 0,
                "2035": 0,
                "2036": 0,
                "2037": 0,
                "2038": 0,
                "2039": 0,
                "2040": 0
            }
        ]
    }
}