{
    "AE": {
        "CS_0": [
            {
                "Emi": "CO2",
                "2020": 0,
                "2021": 3,
                "2022": 5,
                "2023": 7,
                "2024": 8,
                "2025": 1,
                "2026": 2,
                "2027": 8,
                "2028": 0,
                "2029": 0,
                "2030": 0,
                "2031": 0,
                "2032": 0,
                "2033": 0,
                "2034": 0,
                "2035": 0,
                "2036": 0,
                "2037": 0,
                "2038": 0,
                "2039": 0,
                "2040": 0
            },
            {
                "Emi": "CH4",
                "2020": 1,
                "2021": 2,
                "2022": 3,
                "2023": 4,
                "2024": 5,
                "2025": 2,
                "2026": 1,
                "2027": 3,
                "2028": 0,
                "2029": 0,
                "2030": 0,
                "2031": 0,
                "2032": 0,
                "2033": 0,
                "2034": 0,
                "2035": 0,
                "2036": 0,
                "2037": 0,
                "2038": 0,
                "2039": 0,
                "2040": 0
            }
        ]
    }
}