{
    "ANC": {
        "CS_0": [
            {
                "Tech": "MINCOA",
                "2020": 0.0,
                "2021": 0.0,
                "2022": 0.0,
                "2023": 0.0,
                "2024": 0.0,
                "2025": 0.0,
                "2026": 0.0,
                "2027": 0.0,
                "2028": 0.0,
                "2029": 0.0,
                "2030": 0.0,
                "2031": 0.0,
                "2032": 0.0,
                "2033": 0.0,
                "2034": 0.0,
                "2035": 0.0,
                "2036": 0.0,
                "2037": 0.0,
                "2038": 0.0,
                "2039": 0.0,
                "2040": 0.0
            },
            {
                "Tech": "MINGAS",
                "2020": 10.7830703619,
                "2021": 11.1065624728,
                "2022": 11.439759347,
                "2023": 11.7829521274,
                "2024": 12.1364406912,
                "2025": 12.5005339087,
                "2026": 12.8755499344,
                "2027": 13.2618164226,
                "2028": 13.6596709158,
                "2029": 14.0694610494,
                "2030": 14.4915448753,
                "2031": 14.9262912284,
                "2032": 15.3740799638,
                "2033": 15.8353023562,
                "2034": 16.3103614334,
                "2035": 16.7996722791,
                "2036": 17.303662442,
                "2037": 17.8227723134,
                "2038": 18.3574554833,
                "2039": 18.9081791496,
                "2040": 19.4754245285
            },
            {
                "Tech": "PWRCOA",
                "2020": 0.0,
                "2021": 0.0,
                "2022": 0.0,
                "2023": 0.0,
                "2024": 0.0,
                "2025": 0.0,
                "2026": 0.0,
                "2027": 0.0,
                "2028": 0.0,
                "2029": 0.0,
                "2030": 0.0,
                "2031": 0.0,
                "2032": 0.0,
                "2033": 0.0,
                "2034": 0.0,
                "2035": 0.0,
                "2036": 0.0,
                "2037": 0.0,
                "2038": 0.0,
                "2039": 0.0,
                "2040": 0.0
            },
            {
                "Tech": "PWRGAS",
                "2020": 5.391535181,
                "2021": 5.5532812364,
                "2022": 5.7198796735,
                "2023": 5.8914760637,
                "2024": 6.0682203456,
                "2025": 6.2502669544,
                "2026": 6.4377749672,
                "2027": 6.6309082113,
                "2028": 6.8298354579,
                "2029": 7.0347305247,
                "2030": 7.2457724377,
                "2031": 7.4631456142,
                "2032": 7.6870399819,
                "2033": 7.9176511781,
                "2034": 8.1551807167,
                "2035": 8.3998361396,
                "2036": 8.651831221,
                "2037": 8.9113861567,
                "2038": 9.1787277416,
                "2039": 9.4540895748,
                "2040": 9.7377122643
            },
            {
                "Tech": "PWRTRN",
                "2020": 7.8331903465,
                "2021": 8.0681860569,
                "2022": 8.3102316386,
                "2023": 8.5595385878,
                "2024": 8.8163247454,
                "2025": 9.0808144854,
                "2026": 9.3532389261,
                "2027": 9.6338360868,
                "2028": 9.9228511698,
                "2029": 10.2205367093,
                "2030": 10.5271528065,
                "2031": 10.8429673957,
                "2032": 11.1682564165,
                "2033": 11.5033041042,
                "2034": 11.8484032321,
                "2035": 12.203855331,
                "2036": 12.569970987,
                "2037": 12.9470701153,
                "2038": 13.335482219,
                "2039": 13.7355466869,
                "2040": 14.1476130908
            },
            {
                "Tech": "MINSOL",
                "2020": 0.5467973781,
                "2021": 0.5632012994,
                "2022": 0.5800973384,
                "2023": 0.5975002586,
                "2024": 0.6154252663,
                "2025": 0.6338880241,
                "2026": 0.6529046653,
                "2027": 0.6724918048,
                "2028": 0.6926665589,
                "2029": 0.713446556,
                "2030": 0.7348499524,
                "2031": 0.7568954513,
                "2032": 0.7796023148,
                "2033": 0.8029903839,
                "2034": 0.8270800957,
                "2035": 0.8518924988,
                "2036": 0.8774492734,
                "2037": 0.9037727516,
                "2038": 0.9308859341,
                "2039": 0.9875768878,
                "2040": 0.9875768878
            },
            {
                "Tech": "MINWND",
                "2020": 0.0,
                "2021": 0.0,
                "2022": 0.0,
                "2023": 0.0,
                "2024": 0.0,
                "2025": 0.0,
                "2026": 0.0,
                "2027": 0.0,
                "2028": 0.0,
                "2029": 0.0,
                "2030": 0.0,
                "2031": 0.0,
                "2032": 0.0,
                "2033": 0.0,
                "2034": 0.0,
                "2035": 0.0,
                "2036": 0.0,
                "2037": 0.0,
                "2038": 0.0,
                "2039": 0.0,
                "2040": 0.0
            },
            {
                "Tech": "PWRSOL",
                "2020": 1.2151052846,
                "2021": 1.2515584432,
                "2022": 1.2891051965,
                "2023": 1.3277783524,
                "2024": 1.3676117029,
                "2025": 1.4086400537,
                "2026": 1.4508992562,
                "2027": 1.4944262328,
                "2028": 1.5392590198,
                "2029": 1.5854367911,
                "2030": 1.6329998942,
                "2031": 1.6819898918,
                "2032": 1.7324495884,
                "2033": 1.7844230753,
                "2034": 1.8379557683,
                "2035": 1.8930944417,
                "2036": 1.9498872743,
                "2037": 2.0083838923,
                "2038": 2.0686354092,
                "2039": 2.1306944716,
                "2040": 2.1946153063
            },
            {
                "Tech": "PWRWND",
                "2020": 0.0,
                "2021": 0.0,
                "2022": 0.0,
                "2023": 0.0,
                "2024": 0.0,
                "2025": 0.0,
                "2026": 0.0,
                "2027": 0.0,
                "2028": 0.0,
                "2029": 0.0,
                "2030": 0.0,
                "2031": 0.0,
                "2032": 0.0,
                "2033": 0.0,
                "2034": 0.0,
                "2035": 0.0,
                "2036": 0.0,
                "2037": 0.0,
                "2038": 0.0,
                "2039": 0.0,
                "2040": 0.0
            },
            {
                "Tech": "MINHYD",
                "2020": 3.421375129,
                "2021": 3.421375129,
                "2022": 3.421375129,
                "2023": 4.2078598555,
                "2024": 4.2078598555,
                "2025": 4.2078598555,
                "2026": 4.2078598555,
                "2027": 4.2078598555,
                "2028": 4.2078598555,
                "2029": 4.2078598555,
                "2030": 5.8246621356,
                "2031": 5.8246621356,
                "2032": 5.8246621356,
                "2033": 5.8246621356,
                "2034": 5.8246621356,
                "2035": 5.8246621356,
                "2036": 5.8246621356,
                "2037": 5.8246621356,
                "2038": 5.8246621356,
                "2039": 5.8246621356,
                "2040": 5.8246621356
            },
            {
                "Tech": "PWRHYD",
                "2020": 6.4499484004,
                "2021": 6.6434468524,
                "2022": 6.842750258,
                "2023": 7.0480327657,
                "2024": 7.2594737487,
                "2025": 7.4772579592,
                "2026": 7.701575703,
                "2027": 7.9326229683,
                "2028": 8.1706016576,
                "2029": 8.415719711,
                "2030": 8.668191299,
                "2031": 8.9282370421,
                "2032": 9.1960841525,
                "2033": 9.4719666731,
                "2034": 9.7561256772,
                "2035": 10.0488094492,
                "2036": 10.3502737294,
                "2037": 10.6607819401,
                "2038": 10.9806053986,
                "2039": 11.3100235617,
                "2040": 11.6493242712
            }
        ]
    },
    "AFOC": {
        "CS_0": [
            {
                "Tech": "MINCOA",
                "2020": 0.0,
                "2021": 0.0,
                "2022": 0.0,
                "2023": 0.0,
                "2024": 0.0,
                "2025": 0.0,
                "2026": 0.0,
                "2027": 0.0,
                "2028": 0.0,
                "2029": 0.0,
                "2030": 0.0,
                "2031": 0.0,
                "2032": 0.0,
                "2033": 0.0,
                "2034": 0.0,
                "2035": 0.0,
                "2036": 0.0,
                "2037": 0.0,
                "2038": 0.0,
                "2039": 0.0,
                "2040": 0.0
            },
            {
                "Tech": "MINGAS",
                "2020": 0.0,
                "2021": 0.0,
                "2022": 0.0,
                "2023": 0.0,
                "2024": 0.0,
                "2025": 0.0,
                "2026": 0.0,
                "2027": 0.0,
                "2028": 0.0,
                "2029": 0.0,
                "2030": 0.0,
                "2031": 0.0,
                "2032": 0.0,
                "2033": 0.0,
                "2034": 0.0,
                "2035": 0.0,
                "2036": 0.0,
                "2037": 0.0,
                "2038": 0.0,
                "2039": 0.0,
                "2040": 0.0
            },
            {
                "Tech": "PWRCOA",
                "2020": 0.0,
                "2021": 0.0,
                "2022": 0.0,
                "2023": 0.0,
                "2024": 0.0,
                "2025": 0.0,
                "2026": 0.0,
                "2027": 0.0,
                "2028": 0.0,
                "2029": 0.0,
                "2030": 0.0,
                "2031": 0.0,
                "2032": 0.0,
                "2033": 0.0,
                "2034": 0.0,
                "2035": 0.0,
                "2036": 0.0,
                "2037": 0.0,
                "2038": 0.0,
                "2039": 0.0,
                "2040": 0.0
            },
            {
                "Tech": "PWRGAS",
                "2020": 161.7460554291,
                "2021": 166.598437092,
                "2022": 171.5963902048,
                "2023": 176.7442819109,
                "2024": 182.0466103683,
                "2025": 187.5080086308,
                "2026": 193.1332490159,
                "2027": 198.9272463391,
                "2028": 204.8950637374,
                "2029": 211.0419157417,
                "2030": 217.3731731299,
                "2031": 223.8943684257,
                "2032": 230.6111994574,
                "2033": 237.5295353425,
                "2034": 244.6554215014,
                "2035": 251.9950841869,
                "2036": 259.55493663,
                "2037": 267.3415847014,
                "2038": 275.3618322489,
                "2039": 283.6226872439,
                "2040": 292.1313679275
            },
            {
                "Tech": "PWRTRN",
                "2020": 0.0,
                "2021": 0.0,
                "2022": 0.0,
                "2023": 0.0,
                "2024": 0.0,
                "2025": 0.0,
                "2026": 0.0,
                "2027": 0.0,
                "2028": 0.0,
                "2029": 0.0,
                "2030": 0.0,
                "2031": 0.0,
                "2032": 0.0,
                "2033": 0.0,
                "2034": 0.0,
                "2035": 0.0,
                "2036": 0.0,
                "2037": 0.0,
                "2038": 0.0,
                "2039": 0.0,
                "2040": 0.0
            },
            {
                "Tech": "MINSOL",
                "2020": 0.0,
                "2021": 0.0,
                "2022": 0.0,
                "2023": 0.0,
                "2024": 0.0,
                "2025": 0.0,
                "2026": 0.0,
                "2027": 0.0,
                "2028": 0.0,
                "2029": 0.0,
                "2030": 0.0,
                "2031": 0.0,
                "2032": 0.0,
                "2033": 0.0,
                "2034": 0.0,
                "2035": 0.0,
                "2036": 0.0,
                "2037": 0.0,
                "2038": 0.0,
                "2039": 0.0,
                "2040": 0.0
            },
            {
                "Tech": "MINWND",
                "2020": 0.0,
                "2021": 0.0,
                "2022": 0.0,
                "2023": 0.0,
                "2024": 0.0,
                "2025": 0.0,
                "2026": 0.0,
                "2027": 0.0,
                "2028": 0.0,
                "2029": 0.0,
                "2030": 0.0,
                "2031": 0.0,
                "2032": 0.0,
                "2033": 0.0,
                "2034": 0.0,
                "2035": 0.0,
                "2036": 0.0,
                "2037": 0.0,
                "2038": 0.0,
                "2039": 0.0,
                "2040": 0.0
            },
            {
                "Tech": "PWRSOL",
                "2020": 24.3021056927,
                "2021": 25.0311688635,
                "2022": 25.7821039294,
                "2023": 26.5555670472,
                "2024": 27.3522340587,
                "2025": 28.1728010731,
                "2026": 29.0179851243,
                "2027": 29.8885246559,
                "2028": 30.7851803968,
                "2029": 31.7087358225,
                "2030": 32.6599978846,
                "2031": 33.6397978364,
                "2032": 34.6489917684,
                "2033": 35.6884615066,
                "2034": 36.7591153666,
                "2035": 37.8618888337,
                "2036": 38.9977454863,
                "2037": 40.1676778468,
                "2038": 41.3727081831,
                "2039": 42.6138894328,
                "2040": 43.8923061257
            },
            {
                "Tech": "PWRWND",
                "2020": 0.0,
                "2021": 0.0,
                "2022": 0.0,
                "2023": 0.0,
                "2024": 0.0,
                "2025": 0.0,
                "2026": 0.0,
                "2027": 0.0,
                "2028": 0.0,
                "2029": 0.0,
                "2030": 0.0,
                "2031": 0.0,
                "2032": 0.0,
                "2033": 0.0,
                "2034": 0.0,
                "2035": 0.0,
                "2036": 0.0,
                "2037": 0.0,
                "2038": 0.0,
                "2039": 0.0,
                "2040": 0.0
            },
            {
                "Tech": "MINHYD",
                "2020": 0.0,
                "2021": 0.0,
                "2022": 0.0,
                "2023": 0.0,
                "2024": 0.0,
                "2025": 0.0,
                "2026": 0.0,
                "2027": 0.0,
                "2028": 0.0,
                "2029": 0.0,
                "2030": 0.0,
                "2031": 0.0,
                "2032": 0.0,
                "2033": 0.0,
                "2034": 0.0,
                "2035": 0.0,
                "2036": 0.0,
                "2037": 0.0,
                "2038": 0.0,
                "2039": 0.0,
                "2040": 0.0
            },
            {
                "Tech": "PWRHYD",
                "2020": 386.9969040248,
                "2021": 398.6068111455,
                "2022": 410.5650154799,
                "2023": 422.8819659443,
                "2024": 435.5684249226,
                "2025": 448.6354775542,
                "2026": 462.0945421827,
                "2027": 475.957378096,
                "2028": 490.2360994582,
                "2029": 504.9431826625,
                "2030": 520.0914779412,
                "2031": 535.6942225232,
                "2032": 551.7650491486,
                "2033": 568.318000387,
                "2034": 585.3675406347,
                "2035": 602.9285669505,
                "2036": 621.0164237616,
                "2037": 639.6469164087,
                "2038": 658.8363239164,
                "2039": 678.6014136997,
                "2040": 698.9594562693
            }
        ]
    },
    "AVOC": {
        "CS_0": [
            {
                "Tech": "MINCOA",
                "2020": 0.0,
                "2021": 0.0,
                "2022": 0.0,
                "2023": 0.0,
                "2024": 0.0,
                "2025": 0.0,
                "2026": 0.0,
                "2027": 0.0,
                "2028": 0.0,
                "2029": 0.0,
                "2030": 0.0,
                "2031": 0.0,
                "2032": 0.0,
                "2033": 0.0,
                "2034": 0.0,
                "2035": 0.0,
                "2036": 0.0,
                "2037": 0.0,
                "2038": 0.0,
                "2039": 0.0,
                "2040": 0.0
            },
            {
                "Tech": "MINGAS",
                "2020": 578.1666666667,
                "2021": 595.5116666667,
                "2022": 613.3770166667,
                "2023": 631.7783271667,
                "2024": 650.7316769817,
                "2025": 670.2536271177,
                "2026": 690.3612363822,
                "2027": 711.0720729475,
                "2028": 732.4042351648,
                "2029": 754.3763625493,
                "2030": 777.0076531252,
                "2031": 800.3178830832,
                "2032": 824.3274195005,
                "2033": 849.0572417328,
                "2034": 874.5289593375,
                "2035": 900.7648282622,
                "2036": 927.7877728152,
                "2037": 955.6214059013,
                "2038": 984.2900481015,
                "2039": 1013.8187496428,
                "2040": 1044.2333123692
            },
            {
                "Tech": "PWRCOA",
                "2020": 0.0,
                "2021": 0.0,
                "2022": 0.0,
                "2023": 0.0,
                "2024": 0.0,
                "2025": 0.0,
                "2026": 0.0,
                "2027": 0.0,
                "2028": 0.0,
                "2029": 0.0,
                "2030": 0.0,
                "2031": 0.0,
                "2032": 0.0,
                "2033": 0.0,
                "2034": 0.0,
                "2035": 0.0,
                "2036": 0.0,
                "2037": 0.0,
                "2038": 0.0,
                "2039": 0.0,
                "2040": 0.0
            },
            {
                "Tech": "PWRGAS",
                "2020": 0.0028908333,
                "2021": 0.0029775583,
                "2022": 0.0030668851,
                "2023": 0.0031588916,
                "2024": 0.0032536584,
                "2025": 0.0033512681,
                "2026": 0.0034518062,
                "2027": 0.0035553604,
                "2028": 0.0036620212,
                "2029": 0.0037718818,
                "2030": 0.0038850383,
                "2031": 0.0040015894,
                "2032": 0.0041216371,
                "2033": 0.0042452862,
                "2034": 0.0043726448,
                "2035": 0.0045038241,
                "2036": 0.0046389389,
                "2037": 0.004778107,
                "2038": 0.0049214502,
                "2039": 0.0050690937,
                "2040": 0.0052211666
            },
            {
                "Tech": "PWRTRN",
                "2020": 0.0090131462,
                "2021": 0.0092835406,
                "2022": 0.0095620468,
                "2023": 0.0098489082,
                "2024": 0.0101443754,
                "2025": 0.0104487067,
                "2026": 0.0107621679,
                "2027": 0.0110850329,
                "2028": 0.0114175839,
                "2029": 0.0117601114,
                "2030": 0.0121129148,
                "2031": 0.0124763022,
                "2032": 0.0128505913,
                "2033": 0.013236109,
                "2034": 0.0136331923,
                "2035": 0.0140421881,
                "2036": 0.0144634537,
                "2037": 0.0148973573,
                "2038": 0.015344278,
                "2039": 0.0158046064,
                "2040": 0.0162787446
            },
            {
                "Tech": "MINSOL",
                "2020": 0.0009868538,
                "2021": 0.0010164594,
                "2022": 0.0010469532,
                "2023": 0.0010783618,
                "2024": 0.0011107127,
                "2025": 0.0011440341,
                "2026": 0.0011783551,
                "2027": 0.0012137057,
                "2028": 0.0012501169,
                "2029": 0.0012876204,
                "2030": 0.001326249,
                "2031": 0.0013660365,
                "2032": 0.0014070176,
                "2033": 0.0014492281,
                "2034": 0.001492705,
                "2035": 0.0015374861,
                "2036": 0.0015836107,
                "2037": 0.001631119,
                "2038": 0.0016800526,
                "2039": 0.0017304542,
                "2040": 0.0017823678
            },
            {
                "Tech": "MINWND",
                "2020": 0.0,
                "2021": 0.0,
                "2022": 0.0,
                "2023": 0.0,
                "2024": 0.0,
                "2025": 0.0,
                "2026": 0.0,
                "2027": 0.0,
                "2028": 0.0,
                "2029": 0.0,
                "2030": 0.0,
                "2031": 0.0,
                "2032": 0.0,
                "2033": 0.0,
                "2034": 0.0,
                "2035": 0.0,
                "2036": 0.0,
                "2037": 0.0,
                "2038": 0.0,
                "2039": 0.0,
                "2040": 0.0
            },
            {
                "Tech": "PWRSOL",
                "2020": 0.0009868538,
                "2021": 0.0010164594,
                "2022": 0.0010469532,
                "2023": 0.0010783618,
                "2024": 0.0011107127,
                "2025": 0.0011440341,
                "2026": 0.0011783551,
                "2027": 0.0012137057,
                "2028": 0.0012501169,
                "2029": 0.0012876204,
                "2030": 0.001326249,
                "2031": 0.0013660365,
                "2032": 0.0014070176,
                "2033": 0.0014492281,
                "2034": 0.001492705,
                "2035": 0.0015374861,
                "2036": 0.0015836107,
                "2037": 0.001631119,
                "2038": 0.0016800526,
                "2039": 0.0017304542,
                "2040": 0.0017823678
            },
            {
                "Tech": "PWRWND",
                "2020": 0.0,
                "2021": 0.0,
                "2022": 0.0,
                "2023": 0.0,
                "2024": 0.0,
                "2025": 0.0,
                "2026": 0.0,
                "2027": 0.0,
                "2028": 0.0,
                "2029": 0.0,
                "2030": 0.0,
                "2031": 0.0,
                "2032": 0.0,
                "2033": 0.0,
                "2034": 0.0,
                "2035": 0.0,
                "2036": 0.0,
                "2037": 0.0,
                "2038": 0.0,
                "2039": 0.0,
                "2040": 0.0
            },
            {
                "Tech": "MINHYD",
                "2020": 0.0070236275,
                "2021": 0.0072343363,
                "2022": 0.0074513664,
                "2023": 0.0076749074,
                "2024": 0.0079051546,
                "2025": 0.0081423092,
                "2026": 0.0083865785,
                "2027": 0.0086381758,
                "2028": 0.0088973211,
                "2029": 0.0091642408,
                "2030": 0.009439168,
                "2031": 0.009722343,
                "2032": 0.0100140133,
                "2033": 0.0103144337,
                "2034": 0.0106238667,
                "2035": 0.0109425827,
                "2036": 0.0112708602,
                "2037": 0.011608986,
                "2038": 0.0119572556,
                "2039": 0.0123159732,
                "2040": 0.0126854524
            },
            {
                "Tech": "PWRHYD",
                "2020": 0.0070236275,
                "2021": 0.0072343363,
                "2022": 0.0074513664,
                "2023": 0.0076749074,
                "2024": 0.0079051546,
                "2025": 0.0081423092,
                "2026": 0.0083865785,
                "2027": 0.0086381758,
                "2028": 0.0088973211,
                "2029": 0.0091642408,
                "2030": 0.009439168,
                "2031": 0.009722343,
                "2032": 0.0100140133,
                "2033": 0.0103144337,
                "2034": 0.0106238667,
                "2035": 0.0109425827,
                "2036": 0.0112708602,
                "2037": 0.011608986,
                "2038": 0.0119572556,
                "2039": 0.0123159732,
                "2040": 0.0126854524
            }
        ]
    },
    "CI": {
        "CS_0": [
            {
                "Tech": "MINCOA",
                "2020": 0.0,
                "2021": 0.0,
                "2022": 0.0,
                "2023": 0.0,
                "2024": 0.0,
                "2025": 0.0,
                "2026": 0.0,
                "2027": 0.0,
                "2028": 0.0,
                "2029": 0.0,
                "2030": 0.0,
                "2031": 0.0,
                "2032": 0.0,
                "2033": 0.0,
                "2034": 0.0,
                "2035": 0.0,
                "2036": 0.0,
                "2037": 0.0,
                "2038": 0.0,
                "2039": 0.0,
                "2040": 0.0
            },
            {
                "Tech": "MINGAS",
                "2020": 0.001078307,
                "2021": 3.23492e-05,
                "2022": 3.33197e-05,
                "2023": 3.43193e-05,
                "2024": 3.53489e-05,
                "2025": 3.64093e-05,
                "2026": 3.75016e-05,
                "2027": 3.86266e-05,
                "2028": 3.97854e-05,
                "2029": 4.0979e-05,
                "2030": 4.22084e-05,
                "2031": 4.34746e-05,
                "2032": 4.47789e-05,
                "2033": 4.61222e-05,
                "2034": 4.75059e-05,
                "2035": 4.89311e-05,
                "2036": 5.0399e-05,
                "2037": 5.1911e-05,
                "2038": 5.34683e-05,
                "2039": 5.50724e-05,
                "2040": 5.67245e-05
            },
            {
                "Tech": "PWRCOA",
                "2020": 0.0,
                "2021": 0.0,
                "2022": 0.0,
                "2023": 0.0,
                "2024": 0.0,
                "2025": 0.0,
                "2026": 0.0,
                "2027": 0.0,
                "2028": 0.0,
                "2029": 0.0,
                "2030": 0.0,
                "2031": 0.0,
                "2032": 0.0,
                "2033": 0.0,
                "2034": 0.0,
                "2035": 0.0,
                "2036": 0.0,
                "2037": 0.0,
                "2038": 0.0,
                "2039": 0.0,
                "2040": 0.0
            },
            {
                "Tech": "PWRGAS",
                "2020": 6739.4189762145,
                "2021": 202.1825692864,
                "2022": 208.248046365,
                "2023": 214.495487756,
                "2024": 220.9303523887,
                "2025": 227.5582609385,
                "2026": 234.3850160452,
                "2027": 241.416555137,
                "2028": 248.6590582609,
                "2029": 256.1188335132,
                "2030": 263.8023911727,
                "2031": 271.7164706582,
                "2032": 279.867959656,
                "2033": 288.2639952107,
                "2034": 296.9119232891,
                "2035": 305.8192785616,
                "2036": 314.9938517965,
                "2037": 324.4436696418,
                "2038": 334.1769811463,
                "2039": 344.2022914568,
                "2040": 354.528361818
            },
            {
                "Tech": "PWRTRN",
                "2020": 11749.7855197881,
                "2021": 352.4935655936,
                "2022": 363.0683725615,
                "2023": 373.9604237383,
                "2024": 385.1792364504,
                "2025": 396.734610019,
                "2026": 408.6366610094,
                "2027": 420.8957409825,
                "2028": 433.5226244918,
                "2029": 446.5283093364,
                "2030": 459.9241458092,
                "2031": 473.7218836958,
                "2032": 487.9335312768,
                "2033": 502.5715315752,
                "2034": 517.6486918572,
                "2035": 533.178148383,
                "2036": 549.1734839047,
                "2037": 565.6486924167,
                "2038": 582.6181556567,
                "2039": 600.0967018539,
                "2040": 618.0996057294
            },
            {
                "Tech": "MINSOL",
                "2020": 5.46797e-05,
                "2021": 1.6404e-06,
                "2022": 1.6896e-06,
                "2023": 1.7403e-06,
                "2024": 1.7925e-06,
                "2025": 1.8463e-06,
                "2026": 1.9017e-06,
                "2027": 1.9587e-06,
                "2028": 2.0175e-06,
                "2029": 2.078e-06,
                "2030": 2.1403e-06,
                "2031": 2.2045e-06,
                "2032": 2.2707e-06,
                "2033": 2.3388e-06,
                "2034": 2.409e-06,
                "2035": 2.4812e-06,
                "2036": 2.5557e-06,
                "2037": 2.6323e-06,
                "2038": 2.7113e-06,
                "2039": 5.6691e-06,
                "2040": 0.0
            },
            {
                "Tech": "MINWND",
                "2020": 0.0,
                "2021": 0.0,
                "2022": 0.0,
                "2023": 0.0,
                "2024": 0.0,
                "2025": 0.0,
                "2026": 0.0,
                "2027": 0.0,
                "2028": 0.0,
                "2029": 0.0,
                "2030": 0.0,
                "2031": 0.0,
                "2032": 0.0,
                "2033": 0.0,
                "2034": 0.0,
                "2035": 0.0,
                "2036": 0.0,
                "2037": 0.0,
                "2038": 0.0,
                "2039": 0.0,
                "2040": 0.0
            },
            {
                "Tech": "PWRSOL",
                "2020": 1458.126341561,
                "2021": 43.7437902468,
                "2022": 45.0561039542,
                "2023": 46.4077870729,
                "2024": 47.8000206851,
                "2025": 49.2340208682,
                "2026": 50.711043069,
                "2027": 52.2323718968,
                "2028": 53.7993444535,
                "2029": 55.4133255454,
                "2030": 57.0757237224,
                "2031": 58.7879971109,
                "2032": 60.551635916,
                "2033": 62.3681842936,
                "2034": 64.2392316013,
                "2035": 66.1664080244,
                "2036": 68.151399157,
                "2037": 70.1959416275,
                "2038": 72.3018201825,
                "2039": 74.4708749775,
                "2040": 1534.8313431378
            },
            {
                "Tech": "PWRWND",
                "2020": 0.0,
                "2021": 0.0,
                "2022": 0.0,
                "2023": 0.0,
                "2024": 0.0,
                "2025": 0.0,
                "2026": 0.0,
                "2027": 0.0,
                "2028": 0.0,
                "2029": 0.0,
                "2030": 0.0,
                "2031": 0.0,
                "2032": 0.0,
                "2033": 0.0,
                "2034": 0.0,
                "2035": 0.0,
                "2036": 0.0,
                "2037": 0.0,
                "2038": 0.0,
                "2039": 0.0,
                "2040": 0.0
            },
            {
                "Tech": "MINHYD",
                "2020": 0.0,
                "2021": 0.0,
                "2022": 0.0,
                "2023": 0.0,
                "2024": 0.0,
                "2025": 0.0,
                "2026": 0.0,
                "2027": 0.0,
                "2028": 0.0,
                "2029": 0.0,
                "2030": 0.0,
                "2031": 0.0,
                "2032": 0.0,
                "2033": 0.0,
                "2034": 0.0,
                "2035": 0.0,
                "2036": 0.0,
                "2037": 0.0,
                "2038": 0.0,
                "2039": 0.0,
                "2040": 0.0
            },
            {
                "Tech": "PWRHYD",
                "2020": 16124.871001032,
                "2021": 483.746130031,
                "2022": 498.2585139319,
                "2023": 513.2062693498,
                "2024": 528.6024574303,
                "2025": 544.4605263158,
                "2026": 560.7943595201,
                "2027": 577.6181630547,
                "2028": 594.9467234262,
                "2029": 612.7951335139,
                "2030": 631.1789699432,
                "2031": 650.1143575851,
                "2032": 669.6177760578,
                "2033": 689.7063015996,
                "2034": 710.3975103199,
                "2035": 731.7094298246,
                "2036": 753.6607004644,
                "2037": 776.2705269608,
                "2038": 799.5586461558,
                "2039": 823.5454076367,
                "2040": 848.2517737358
            }
        ]
    },
    "DSV": {
        "CS_0": [
            {
                "Tech": "MINCOA",
                "2020": 0.0,
                "2021": 0.0,
                "2022": 0.0,
                "2023": 0.0,
                "2024": 0.0,
                "2025": 0.0,
                "2026": 0.0,
                "2027": 0.0,
                "2028": 0.0,
                "2029": 0.0,
                "2030": 0.0,
                "2031": 0.0,
                "2032": 0.0,
                "2033": 0.0,
                "2034": 0.0,
                "2035": 0.0,
                "2036": 0.0,
                "2037": 0.0,
                "2038": 0.0,
                "2039": 0.0,
                "2040": 0.0
            },
            {
                "Tech": "MINGAS",
                "2020": 0.0001789619,
                "2021": 5.8326e-06,
                "2022": 6.4624e-06,
                "2023": 7.1025e-06,
                "2024": 7.7533e-06,
                "2025": 8.4153e-06,
                "2026": 9.089e-06,
                "2027": 9.7748e-06,
                "2028": 1.04734e-05,
                "2029": 1.11852e-05,
                "2030": 1.19107e-05,
                "2031": 1.26506e-05,
                "2032": 1.34055e-05,
                "2033": 1.41758e-05,
                "2034": 1.49622e-05,
                "2035": 1.57653e-05,
                "2036": 1.65858e-05,
                "2037": 1.74243e-05,
                "2038": 1.82814e-05,
                "2039": 1.91579e-05,
                "2040": 2.00544e-05
            },
            {
                "Tech": "PWRCOA",
                "2020": 0.0,
                "2021": 0.0,
                "2022": 0.0,
                "2023": 0.0,
                "2024": 0.0,
                "2025": 0.0,
                "2026": 0.0,
                "2027": 0.0,
                "2028": 0.0,
                "2029": 0.0,
                "2030": 0.0,
                "2031": 0.0,
                "2032": 0.0,
                "2033": 0.0,
                "2034": 0.0,
                "2035": 0.0,
                "2036": 0.0,
                "2037": 0.0,
                "2038": 0.0,
                "2039": 0.0,
                "2040": 0.0
            },
            {
                "Tech": "PWRGAS",
                "2020": 1118.5118287067,
                "2021": 36.4535813526,
                "2022": 40.3902109705,
                "2023": 44.3907866735,
                "2024": 48.4582583262,
                "2025": 52.5956441745,
                "2026": 56.8060368811,
                "2027": 61.0925935339,
                "2028": 65.4585631917,
                "2029": 69.9072600162,
                "2030": 74.4420825785,
                "2031": 79.0665234729,
                "2032": 83.7841476599,
                "2033": 88.5986224024,
                "2034": 93.5137073018,
                "2035": 98.533248607,
                "2036": 103.661201309,
                "2037": 108.9016244039,
                "2038": 114.2586773252,
                "2039": 119.7366320694,
                "2040": 125.3398744115
            },
            {
                "Tech": "PWRTRN",
                "2020": 3497.900686486,
                "2021": 106.5406096644,
                "2022": 111.3098724704,
                "2023": 116.1922504078,
                "2024": 121.1917076499,
                "2025": 126.3123153016,
                "2026": 131.5582633767,
                "2027": 136.9338351159,
                "2028": 142.4434682926,
                "2029": 148.091691403,
                "2030": 153.8831660177,
                "2031": 159.8227036178,
                "2032": 165.9152190627,
                "2033": 172.1657903402,
                "2034": 178.5796357786,
                "2035": 185.1621022612,
                "2036": 191.9187062412,
                "2037": 198.855122484,
                "2038": 205.9771763349,
                "2039": 213.2908648233,
                "2040": 220.8023573354
            },
            {
                "Tech": "MINSOL",
                "2020": 1.93583e-05,
                "2021": 5.813e-07,
                "2022": 5.994e-07,
                "2023": 6.179e-07,
                "2024": 6.37e-07,
                "2025": 6.567e-07,
                "2026": 6.769e-07,
                "2027": 6.978e-07,
                "2028": 7.192e-07,
                "2029": 7.413e-07,
                "2030": 7.641e-07,
                "2031": 7.875e-07,
                "2032": 8.116e-07,
                "2033": 8.364e-07,
                "2034": 8.62e-07,
                "2035": 8.883e-07,
                "2036": 9.154e-07,
                "2037": 9.433e-07,
                "2038": 9.72e-07,
                "2039": 2.0333e-06,
                "2040": 0.0
            },
            {
                "Tech": "MINWND",
                "2020": 0.0,
                "2021": 0.0,
                "2022": 0.0,
                "2023": 0.0,
                "2024": 0.0,
                "2025": 0.0,
                "2026": 0.0,
                "2027": 0.0,
                "2028": 0.0,
                "2029": 0.0,
                "2030": 0.0,
                "2031": 0.0,
                "2032": 0.0,
                "2033": 0.0,
                "2034": 0.0,
                "2035": 0.0,
                "2036": 0.0,
                "2037": 0.0,
                "2038": 0.0,
                "2039": 0.0,
                "2040": 0.0
            },
            {
                "Tech": "PWRSOL",
                "2020": 0.0,
                "2021": 0.0,
                "2022": 1.2359302969,
                "2023": 2.4853969732,
                "2024": 3.7492545304,
                "2025": 5.0283745193,
                "2026": 6.3236465787,
                "2027": 7.63597779,
                "2028": 8.9662961997,
                "2029": 10.3155481197,
                "2030": 11.6847007093,
                "2031": 13.0747440417,
                "2032": 14.4866880281,
                "2033": 15.9215675084,
                "2034": 17.3804410884,
                "2035": 18.864390251,
                "2036": 20.3745236788,
                "2037": 21.9119767795,
                "2038": 23.4779111912,
                "2039": 25.0735174127,
                "2040": 534.2548667193
            },
            {
                "Tech": "PWRWND",
                "2020": 0.0,
                "2021": 0.0,
                "2022": 0.0,
                "2023": 0.0,
                "2024": 0.0,
                "2025": 0.0,
                "2026": 0.0,
                "2027": 0.0,
                "2028": 0.0,
                "2029": 0.0,
                "2030": 0.0,
                "2031": 0.0,
                "2032": 0.0,
                "2033": 0.0,
                "2034": 0.0,
                "2035": 0.0,
                "2036": 0.0,
                "2037": 0.0,
                "2038": 0.0,
                "2039": 0.0,
                "2040": 0.0
            },
            {
                "Tech": "MINHYD",
                "2020": 0.0,
                "2021": 0.0,
                "2022": 0.0,
                "2023": 0.0,
                "2024": 0.0,
                "2025": 0.0,
                "2026": 0.0,
                "2027": 0.0,
                "2028": 0.0,
                "2029": 0.0,
                "2030": 0.0,
                "2031": 0.0,
                "2032": 0.0,
                "2033": 0.0,
                "2034": 0.0,
                "2035": 0.0,
                "2036": 0.0,
                "2037": 0.0,
                "2038": 0.0,
                "2039": 0.0,
                "2040": 0.0
            },
            {
                "Tech": "PWRHYD",
                "2020": 5575.0355514459,
                "2021": 167.7254249952,
                "2022": 173.2225107977,
                "2023": 178.8756458781,
                "2024": 184.6896805394,
                "2025": 190.6696056839,
                "2026": 196.8205699769,
                "2027": 203.1478404678,
                "2028": 209.6568933698,
                "2029": 216.3533179989,
                "2030": 223.2428792455,
                "2031": 230.331540716,
                "2032": 237.6253964843,
                "2033": 245.1307568712,
                "2034": 252.8541144614,
                "2035": 260.8021269966,
                "2036": 268.9816749115,
                "2037": 277.3998443819,
                "2038": 286.0639159576,
                "2039": 294.9813935064,
                "2040": 304.1600044132
            }
        ]
    },
    "DTEP": {
        "CS_0": [
            {
                "Tech": "MINCOA",
                "2020": 0,
                "2021": 0,
                "2022": 0,
                "2023": 0,
                "2024": 0,
                "2025": 0,
                "2026": 0,
                "2027": 0,
                "2028": 0,
                "2029": 0,
                "2030": 0,
                "2031": 0,
                "2032": 0,
                "2033": 0,
                "2034": 0,
                "2035": 0,
                "2036": 0,
                "2037": 0,
                "2038": 0,
                "2039": 0,
                "2040": 0
            },
            {
                "Tech": "MINGAS",
                "2020": 0,
                "2021": 0,
                "2022": 0,
                "2023": 0,
                "2024": 0,
                "2025": 0,
                "2026": 0,
                "2027": 0,
                "2028": 0,
                "2029": 0,
                "2030": 0,
                "2031": 0,
                "2032": 0,
                "2033": 0,
                "2034": 0,
                "2035": 0,
                "2036": 0,
                "2037": 0,
                "2038": 0,
                "2039": 0,
                "2040": 0
            },
            {
                "Tech": "PWRCOA",
                "2020": 0,
                "2021": 0,
                "2022": 0,
                "2023": 0,
                "2024": 0,
                "2025": 0,
                "2026": 0,
                "2027": 0,
                "2028": 0,
                "2029": 0,
                "2030": 0,
                "2031": 0,
                "2032": 0,
                "2033": 0,
                "2034": 0,
                "2035": 0,
                "2036": 0,
                "2037": 0,
                "2038": 0,
                "2039": 0,
                "2040": 0
            },
            {
                "Tech": "PWRGAS",
                "2020": 0,
                "2021": 0,
                "2022": 0,
                "2023": 0,
                "2024": 0,
                "2025": 0,
                "2026": 0,
                "2027": 0,
                "2028": 0,
                "2029": 0,
                "2030": 0,
                "2031": 0,
                "2032": 0,
                "2033": 0,
                "2034": 0,
                "2035": 0,
                "2036": 0,
                "2037": 0,
                "2038": 0,
                "2039": 0,
                "2040": 0
            },
            {
                "Tech": "PWRTRN",
                "2020": 0,
                "2021": 0,
                "2022": 0,
                "2023": 0,
                "2024": 0,
                "2025": 0,
                "2026": 0,
                "2027": 0,
                "2028": 0,
                "2029": 0,
                "2030": 0,
                "2031": 0,
                "2032": 0,
                "2033": 0,
                "2034": 0,
                "2035": 0,
                "2036": 0,
                "2037": 0,
                "2038": 0,
                "2039": 0,
                "2040": 0
            },
            {
                "Tech": "MINSOL",
                "2020": 0,
                "2021": 0,
                "2022": 0,
                "2023": 0,
                "2024": 0,
                "2025": 0,
                "2026": 0,
                "2027": 0,
                "2028": 0,
                "2029": 0,
                "2030": 0,
                "2031": 0,
                "2032": 0,
                "2033": 0,
                "2034": 0,
                "2035": 0,
                "2036": 0,
                "2037": 0,
                "2038": 0,
                "2039": 0,
                "2040": 0
            },
            {
                "Tech": "MINWND",
                "2020": 0,
                "2021": 0,
                "2022": 0,
                "2023": 0,
                "2024": 0,
                "2025": 0,
                "2026": 0,
                "2027": 0,
                "2028": 0,
                "2029": 0,
                "2030": 0,
                "2031": 0,
                "2032": 0,
                "2033": 0,
                "2034": 0,
                "2035": 0,
                "2036": 0,
                "2037": 0,
                "2038": 0,
                "2039": 0,
                "2040": 0
            },
            {
                "Tech": "PWRSOL",
                "2020": 0,
                "2021": 0,
                "2022": 0,
                "2023": 0,
                "2024": 0,
                "2025": 0,
                "2026": 0,
                "2027": 0,
                "2028": 0,
                "2029": 0,
                "2030": 0,
                "2031": 0,
                "2032": 0,
                "2033": 0,
                "2034": 0,
                "2035": 0,
                "2036": 0,
                "2037": 0,
                "2038": 0,
                "2039": 0,
                "2040": 0
            },
            {
                "Tech": "PWRWND",
                "2020": 0,
                "2021": 0,
                "2022": 0,
                "2023": 0,
                "2024": 0,
                "2025": 0,
                "2026": 0,
                "2027": 0,
                "2028": 0,
                "2029": 0,
                "2030": 0,
                "2031": 0,
                "2032": 0,
                "2033": 0,
                "2034": 0,
                "2035": 0,
                "2036": 0,
                "2037": 0,
                "2038": 0,
                "2039": 0,
                "2040": 0
            },
            {
                "Tech": "MINHYD",
                "2020": 0,
                "2021": 0,
                "2022": 0,
                "2023": 0,
                "2024": 0,
                "2025": 0,
                "2026": 0,
                "2027": 0,
                "2028": 0,
                "2029": 0,
                "2030": 0,
                "2031": 0,
                "2032": 0,
                "2033": 0,
                "2034": 0,
                "2035": 0,
                "2036": 0,
                "2037": 0,
                "2038": 0,
                "2039": 0,
                "2040": 0
            },
            {
                "Tech": "PWRHYD",
                "2020": 0,
                "2021": 0,
                "2022": 0,
                "2023": 0,
                "2024": 0,
                "2025": 0,
                "2026": 0,
                "2027": 0,
                "2028": 0,
                "2029": 0,
                "2030": 0,
                "2031": 0,
                "2032": 0,
                "2033": 0,
                "2034": 0,
                "2035": 0,
                "2036": 0,
                "2037": 0,
                "2038": 0,
                "2039": 0,
                "2040": 0
            }
        ]
    },
    "NC": {
        "CS_0": [
            {
                "Tech": "MINCOA",
                "2020": 0.0,
                "2021": 0.0,
                "2022": 0.0,
                "2023": 0.0,
                "2024": 0.0,
                "2025": 0.0,
                "2026": 0.0,
                "2027": 0.0,
                "2028": 0.0,
                "2029": 0.0,
                "2030": 0.0,
                "2031": 0.0,
                "2032": 0.0,
                "2033": 0.0,
                "2034": 0.0,
                "2035": 0.0,
                "2036": 0.0,
                "2037": 0.0,
                "2038": 0.0,
                "2039": 0.0,
                "2040": 0.0
            },
            {
                "Tech": "MINGAS",
                "2020": 10.7830703619,
                "2021": 0.3234921109,
                "2022": 0.3331968742,
                "2023": 0.3431927804,
                "2024": 0.3534885638,
                "2025": 0.3640932175,
                "2026": 0.3750160257,
                "2027": 0.3862664882,
                "2028": 0.3978544932,
                "2029": 0.4097901336,
                "2030": 0.4220838259,
                "2031": 0.4347463531,
                "2032": 0.4477887354,
                "2033": 0.4612223923,
                "2034": 0.4750590773,
                "2035": 0.4893108457,
                "2036": 0.5039901629,
                "2037": 0.5191098714,
                "2038": 0.5346831698,
                "2039": 0.5507236663,
                "2040": 0.5672453789
            },
            {
                "Tech": "PWRCOA",
                "2020": 0.0,
                "2021": 0.0,
                "2022": 0.0,
                "2023": 0.0,
                "2024": 0.0,
                "2025": 0.0,
                "2026": 0.0,
                "2027": 0.0,
                "2028": 0.0,
                "2029": 0.0,
                "2030": 0.0,
                "2031": 0.0,
                "2032": 0.0,
                "2033": 0.0,
                "2034": 0.0,
                "2035": 0.0,
                "2036": 0.0,
                "2037": 0.0,
                "2038": 0.0,
                "2039": 0.0,
                "2040": 0.0
            },
            {
                "Tech": "PWRGAS",
                "2020": 5.391535181,
                "2021": 0.1617460554,
                "2022": 0.1665984371,
                "2023": 0.1715963902,
                "2024": 0.1767442819,
                "2025": 0.1820466088,
                "2026": 0.1875080128,
                "2027": 0.1931332441,
                "2028": 0.1989272466,
                "2029": 0.2048950668,
                "2030": 0.2110419129,
                "2031": 0.2173731765,
                "2032": 0.2238943677,
                "2033": 0.2306111962,
                "2034": 0.2375295386,
                "2035": 0.2446554228,
                "2036": 0.2519950814,
                "2037": 0.2595549357,
                "2038": 0.2673415849,
                "2039": 0.2753618332,
                "2040": 0.2836226895
            },
            {
                "Tech": "PWRTRN",
                "2020": 7.8331903465,
                "2021": 0.2349957104,
                "2022": 0.2420455817,
                "2023": 0.2493069492,
                "2024": 0.2567861576,
                "2025": 0.26448974,
                "2026": 0.2724244407,
                "2027": 0.2805971607,
                "2028": 0.289015083,
                "2029": 0.2976855396,
                "2030": 0.3066160972,
                "2031": 0.3158145891,
                "2032": 0.3252890209,
                "2033": 0.3350476877,
                "2034": 0.3450991279,
                "2035": 0.3554520989,
                "2036": 0.3661156559,
                "2037": 0.3770991283,
                "2038": 0.3884121038,
                "2039": 0.4000644679,
                "2040": 0.4120664038
            },
            {
                "Tech": "MINSOL",
                "2020": 0.5467973781,
                "2021": 0.0164039213,
                "2022": 0.016896039,
                "2023": 0.0174029202,
                "2024": 0.0179250078,
                "2025": 0.0184627578,
                "2026": 0.0190166412,
                "2027": 0.0195871395,
                "2028": 0.0201747542,
                "2029": 0.0207799971,
                "2030": 0.0214033964,
                "2031": 0.0220454989,
                "2032": 0.0227068635,
                "2033": 0.0233880691,
                "2034": 0.0240897119,
                "2035": 0.024812403,
                "2036": 0.0255567747,
                "2037": 0.0263234781,
                "2038": 0.0271131826,
                "2039": 0.0566909537,
                "2040": 0.0
            },
            {
                "Tech": "MINWND",
                "2020": 0.0,
                "2021": 0.0,
                "2022": 0.0,
                "2023": 0.0,
                "2024": 0.0,
                "2025": 0.0,
                "2026": 0.0,
                "2027": 0.0,
                "2028": 0.0,
                "2029": 0.0,
                "2030": 0.0,
                "2031": 0.0,
                "2032": 0.0,
                "2033": 0.0,
                "2034": 0.0,
                "2035": 0.0,
                "2036": 0.0,
                "2037": 0.0,
                "2038": 0.0,
                "2039": 0.0,
                "2040": 0.0
            },
            {
                "Tech": "PWRSOL",
                "2020": 1.2151052846,
                "2021": 0.0364531585,
                "2022": 0.0375467533,
                "2023": 0.0386731559,
                "2024": 0.0398333506,
                "2025": 0.0410283507,
                "2026": 0.0422592026,
                "2027": 0.0435269766,
                "2028": 0.044832787,
                "2029": 0.0461777713,
                "2030": 0.0475631031,
                "2031": 0.0489899976,
                "2032": 0.0504596966,
                "2033": 0.0519734869,
                "2034": 0.053532693,
                "2035": 0.0551386734,
                "2036": 0.0567928326,
                "2037": 0.058496618,
                "2038": 0.0602515168,
                "2039": 0.0620590625,
                "2040": 1.2790261193
            },
            {
                "Tech": "PWRWND",
                "2020": 0.0,
                "2021": 0.0,
                "2022": 0.0,
                "2023": 0.0,
                "2024": 0.0,
                "2025": 0.0,
                "2026": 0.0,
                "2027": 0.0,
                "2028": 0.0,
                "2029": 0.0,
                "2030": 0.0,
                "2031": 0.0,
                "2032": 0.0,
                "2033": 0.0,
                "2034": 0.0,
                "2035": 0.0,
                "2036": 0.0,
                "2037": 0.0,
                "2038": 0.0,
                "2039": 0.0,
                "2040": 0.0
            },
            {
                "Tech": "MINHYD",
                "2020": 3.421375129,
                "2021": 0.0,
                "2022": 0.0,
                "2023": 0.7864847265,
                "2024": 0.0,
                "2025": 0.0,
                "2026": 0.0,
                "2027": 0.0,
                "2028": 0.0,
                "2029": 0.0,
                "2030": 1.6168022801,
                "2031": 0.0,
                "2032": 0.0,
                "2033": 0.0,
                "2034": 0.0,
                "2035": 0.0,
                "2036": 0.0,
                "2037": 0.0,
                "2038": 0.0,
                "2039": 0.0,
                "2040": 0.0
            },
            {
                "Tech": "PWRHYD",
                "2020": 6.4499484004,
                "2021": 0.193498452,
                "2022": 0.1993034056,
                "2023": 0.2052825077,
                "2024": 0.211440983,
                "2025": 0.2177842105,
                "2026": 0.2243177438,
                "2027": 0.2310472652,
                "2028": 0.2379786894,
                "2029": 0.2451180534,
                "2030": 0.252471588,
                "2031": 0.260045743,
                "2032": 0.2678471104,
                "2033": 0.2758825206,
                "2034": 0.2841590041,
                "2035": 0.2926837719,
                "2036": 0.3014642802,
                "2037": 0.3105082108,
                "2038": 0.3198234585,
                "2039": 0.3294181631,
                "2040": 0.3393007095
            }
        ]
    },
    "NONTU": {
        "CS_0": [
            {
                "Tech": "MINCOA",
                "2020": 0,
                "2021": 0,
                "2022": 0,
                "2023": 0,
                "2024": 0,
                "2025": 0,
                "2026": 0,
                "2027": 0,
                "2028": 0,
                "2029": 0,
                "2030": 0,
                "2031": 0,
                "2032": 0,
                "2033": 0,
                "2034": 0,
                "2035": 0,
                "2036": 0,
                "2037": 0,
                "2038": 0,
                "2039": 0,
                "2040": 0
            },
            {
                "Tech": "MINGAS",
                "2020": 0,
                "2021": 0,
                "2022": 0,
                "2023": 0,
                "2024": 0,
                "2025": 0,
                "2026": 0,
                "2027": 0,
                "2028": 0,
                "2029": 0,
                "2030": 0,
                "2031": 0,
                "2032": 0,
                "2033": 0,
                "2034": 0,
                "2035": 0,
                "2036": 0,
                "2037": 0,
                "2038": 0,
                "2039": 0,
                "2040": 0
            },
            {
                "Tech": "PWRCOA",
                "2020": 0,
                "2021": 0,
                "2022": 0,
                "2023": 0,
                "2024": 0,
                "2025": 0,
                "2026": 0,
                "2027": 0,
                "2028": 0,
                "2029": 0,
                "2030": 0,
                "2031": 0,
                "2032": 0,
                "2033": 0,
                "2034": 0,
                "2035": 0,
                "2036": 0,
                "2037": 0,
                "2038": 0,
                "2039": 0,
                "2040": 0
            },
            {
                "Tech": "PWRGAS",
                "2020": 0,
                "2021": 0,
                "2022": 0,
                "2023": 0,
                "2024": 0,
                "2025": 0,
                "2026": 0,
                "2027": 0,
                "2028": 0,
                "2029": 0,
                "2030": 0,
                "2031": 0,
                "2032": 0,
                "2033": 0,
                "2034": 0,
                "2035": 0,
                "2036": 0,
                "2037": 0,
                "2038": 0,
                "2039": 0,
                "2040": 0
            },
            {
                "Tech": "PWRTRN",
                "2020": 0,
                "2021": 0,
                "2022": 0,
                "2023": 0,
                "2024": 0,
                "2025": 0,
                "2026": 0,
                "2027": 0,
                "2028": 0,
                "2029": 0,
                "2030": 0,
                "2031": 0,
                "2032": 0,
                "2033": 0,
                "2034": 0,
                "2035": 0,
                "2036": 0,
                "2037": 0,
                "2038": 0,
                "2039": 0,
                "2040": 0
            },
            {
                "Tech": "MINSOL",
                "2020": 0,
                "2021": 0,
                "2022": 0,
                "2023": 0,
                "2024": 0,
                "2025": 0,
                "2026": 0,
                "2027": 0,
                "2028": 0,
                "2029": 0,
                "2030": 0,
                "2031": 0,
                "2032": 0,
                "2033": 0,
                "2034": 0,
                "2035": 0,
                "2036": 0,
                "2037": 0,
                "2038": 0,
                "2039": 0,
                "2040": 0
            },
            {
                "Tech": "MINWND",
                "2020": 0,
                "2021": 0,
                "2022": 0,
                "2023": 0,
                "2024": 0,
                "2025": 0,
                "2026": 0,
                "2027": 0,
                "2028": 0,
                "2029": 0,
                "2030": 0,
                "2031": 0,
                "2032": 0,
                "2033": 0,
                "2034": 0,
                "2035": 0,
                "2036": 0,
                "2037": 0,
                "2038": 0,
                "2039": 0,
                "2040": 0
            },
            {
                "Tech": "PWRSOL",
                "2020": 0,
                "2021": 0,
                "2022": 0,
                "2023": 0,
                "2024": 0,
                "2025": 0,
                "2026": 0,
                "2027": 0,
                "2028": 0,
                "2029": 0,
                "2030": 0,
                "2031": 0,
                "2032": 0,
                "2033": 0,
                "2034": 0,
                "2035": 0,
                "2036": 0,
                "2037": 0,
                "2038": 0,
                "2039": 0,
                "2040": 0
            },
            {
                "Tech": "PWRWND",
                "2020": 0,
                "2021": 0,
                "2022": 0,
                "2023": 0,
                "2024": 0,
                "2025": 0,
                "2026": 0,
                "2027": 0,
                "2028": 0,
                "2029": 0,
                "2030": 0,
                "2031": 0,
                "2032": 0,
                "2033": 0,
                "2034": 0,
                "2035": 0,
                "2036": 0,
                "2037": 0,
                "2038": 0,
                "2039": 0,
                "2040": 0
            },
            {
                "Tech": "MINHYD",
                "2020": 0,
                "2021": 0,
                "2022": 0,
                "2023": 0,
                "2024": 0,
                "2025": 0,
                "2026": 0,
                "2027": 0,
                "2028": 0,
                "2029": 0,
                "2030": 0,
                "2031": 0,
                "2032": 0,
                "2033": 0,
                "2034": 0,
                "2035": 0,
                "2036": 0,
                "2037": 0,
                "2038": 0,
                "2039": 0,
                "2040": 0
            },
            {
                "Tech": "PWRHYD",
                "2020": 0,
                "2021": 0,
                "2022": 0,
                "2023": 0,
                "2024": 0,
                "2025": 0,
                "2026": 0,
                "2027": 0,
                "2028": 0,
                "2029": 0,
                "2030": 0,
                "2031": 0,
                "2032": 0,
                "2033": 0,
                "2034": 0,
                "2035": 0,
                "2036": 0,
                "2037": 0,
                "2038": 0,
                "2039": 0,
                "2040": 0
            }
        ]
    },
    "SV": {
        "CS_0": [
            {
                "Tech": "MINCOA",
                "2020": 0.0,
                "2021": 0.0,
                "2022": 0.0,
                "2023": 0.0,
                "2024": 0.0,
                "2025": 0.0,
                "2026": 0.0,
                "2027": 0.0,
                "2028": 0.0,
                "2029": 0.0,
                "2030": 0.0,
                "2031": 0.0,
                "2032": 0.0,
                "2033": 0.0,
                "2034": 0.0,
                "2035": 0.0,
                "2036": 0.0,
                "2037": 0.0,
                "2038": 0.0,
                "2039": 0.0,
                "2040": 0.0
            },
            {
                "Tech": "MINGAS",
                "2020": 0.0004985811,
                "2021": 1.62493e-05,
                "2022": 1.80041e-05,
                "2023": 1.97874e-05,
                "2024": 2.16005e-05,
                "2025": 2.34447e-05,
                "2026": 2.53215e-05,
                "2027": 2.72323e-05,
                "2028": 2.91784e-05,
                "2029": 3.11614e-05,
                "2030": 3.31829e-05,
                "2031": 3.52442e-05,
                "2032": 3.73471e-05,
                "2033": 3.94932e-05,
                "2034": 4.16841e-05,
                "2035": 4.39216e-05,
                "2036": 4.62074e-05,
                "2037": 4.85433e-05,
                "2038": 5.09313e-05,
                "2039": 5.33731e-05,
                "2040": 5.58708e-05
            },
            {
                "Tech": "PWRCOA",
                "2020": 0.0,
                "2021": 0.0,
                "2022": 0.0,
                "2023": 0.0,
                "2024": 0.0,
                "2025": 0.0,
                "2026": 0.0,
                "2027": 0.0,
                "2028": 0.0,
                "2029": 0.0,
                "2030": 0.0,
                "2031": 0.0,
                "2032": 0.0,
                "2033": 0.0,
                "2034": 0.0,
                "2035": 0.0,
                "2036": 0.0,
                "2037": 0.0,
                "2038": 0.0,
                "2039": 0.0,
                "2040": 0.0
            },
            {
                "Tech": "PWRGAS",
                "2020": 3116.1321116986,
                "2021": 101.5583139345,
                "2022": 112.5256167822,
                "2023": 123.6710710309,
                "2024": 135.0028948928,
                "2025": 146.5294970881,
                "2026": 158.2594936597,
                "2027": 170.2016801361,
                "2028": 182.3651082734,
                "2029": 194.7590112027,
                "2030": 207.3928572154,
                "2031": 220.2763765487,
                "2032": 233.4195010491,
                "2033": 246.8324475742,
                "2034": 260.5256902326,
                "2035": 274.5099445298,
                "2036": 288.7962289228,
                "2037": 303.3958516231,
                "2038": 318.3204006568,
                "2039": 333.5817776459,
                "2040": 349.192201196
            },
            {
                "Tech": "PWRTRN",
                "2020": 9745.0204574901,
                "2021": 296.8181528835,
                "2022": 310.1051406448,
                "2023": 323.7072629308,
                "2024": 337.6355637794,
                "2025": 351.9013851372,
                "2026": 366.5164002256,
                "2027": 381.4925419932,
                "2028": 396.8421739102,
                "2029": 412.577912198,
                "2030": 428.712743818,
                "2031": 445.260073376,
                "2032": 462.233593487,
                "2033": 479.6474512348,
                "2034": 497.5161846868,
                "2035": 515.8546900597,
                "2036": 534.6783359861,
                "2037": 554.0029321501,
                "2038": 573.8447077455,
                "2039": 594.2203702721,
                "2040": 615.147107409
            },
            {
                "Tech": "MINSOL",
                "2020": 5.39314e-05,
                "2021": 1.6196e-06,
                "2022": 1.6698e-06,
                "2023": 1.7215e-06,
                "2024": 1.7748e-06,
                "2025": 1.8295e-06,
                "2026": 1.8859e-06,
                "2027": 1.944e-06,
                "2028": 2.0038e-06,
                "2029": 2.0653e-06,
                "2030": 2.1287e-06,
                "2031": 2.1939e-06,
                "2032": 2.2611e-06,
                "2033": 2.3303e-06,
                "2034": 2.4015e-06,
                "2035": 2.4748e-06,
                "2036": 2.5503e-06,
                "2037": 2.628e-06,
                "2038": 2.708e-06,
                "2039": 5.6646e-06,
                "2040": 0.0
            },
            {
                "Tech": "MINWND",
                "2020": 0.0,
                "2021": 0.0,
                "2022": 0.0,
                "2023": 0.0,
                "2024": 0.0,
                "2025": 0.0,
                "2026": 0.0,
                "2027": 0.0,
                "2028": 0.0,
                "2029": 0.0,
                "2030": 0.0,
                "2031": 0.0,
                "2032": 0.0,
                "2033": 0.0,
                "2034": 0.0,
                "2035": 0.0,
                "2036": 0.0,
                "2037": 0.0,
                "2038": 0.0,
                "2039": 0.0,
                "2040": 0.0
            },
            {
                "Tech": "PWRSOL",
                "2020": 0.0,
                "2021": 0.0,
                "2022": 3.4432555714,
                "2023": 6.9242229896,
                "2024": 10.4452828637,
                "2025": 14.0088633012,
                "2026": 17.6174428032,
                "2027": 21.2735484641,
                "2028": 24.9797657869,
                "2029": 28.7387311611,
                "2030": 32.5531390561,
                "2031": 36.4257477791,
                "2032": 40.3593709051,
                "2033": 44.3568914589,
                "2034": 48.4212586769,
                "2035": 52.55548553,
                "2036": 56.7626607664,
                "2037": 61.0459475893,
                "2038": 65.4085822794,
                "2039": 69.8538815217,
                "2040": 1488.41407242
            },
            {
                "Tech": "PWRWND",
                "2020": 0.0,
                "2021": 0.0,
                "2022": 0.0,
                "2023": 0.0,
                "2024": 0.0,
                "2025": 0.0,
                "2026": 0.0,
                "2027": 0.0,
                "2028": 0.0,
                "2029": 0.0,
                "2030": 0.0,
                "2031": 0.0,
                "2032": 0.0,
                "2033": 0.0,
                "2034": 0.0,
                "2035": 0.0,
                "2036": 0.0,
                "2037": 0.0,
                "2038": 0.0,
                "2039": 0.0,
                "2040": 0.0
            },
            {
                "Tech": "MINHYD",
                "2020": 0.0,
                "2021": 0.0,
                "2022": 0.0,
                "2023": 0.0,
                "2024": 0.0,
                "2025": 0.0,
                "2026": 0.0,
                "2027": 0.0,
                "2028": 0.0,
                "2029": 0.0,
                "2030": 0.0,
                "2031": 0.0,
                "2032": 0.0,
                "2033": 0.0,
                "2034": 0.0,
                "2035": 0.0,
                "2036": 0.0,
                "2037": 0.0,
                "2038": 0.0,
                "2039": 0.0,
                "2040": 0.0
            },
            {
                "Tech": "PWRHYD",
                "2020": 15531.8404864874,
                "2021": 467.2767594958,
                "2022": 482.591434898,
                "2023": 498.3408577504,
                "2024": 514.538540816,
                "2025": 531.1983885619,
                "2026": 548.3347449772,
                "2027": 565.9622838643,
                "2028": 584.0962617481,
                "2029": 602.7522502541,
                "2030": 621.9463101515,
                "2031": 641.6950558244,
                "2032": 662.0154651347,
                "2033": 682.9251183999,
                "2034": 704.4421037185,
                "2035": 726.5849693098,
                "2036": 749.3728838069,
                "2037": 772.8255890311,
                "2038": 796.9633683216,
                "2039": 821.8071271733,
                "2040": 847.3783937917
            }
        ]
    },
    "TCA": {
        "CS_0": [
            {
                "Tech": "MINCOA",
                "2020": 0.0,
                "2021": 0.0,
                "2022": 0.0,
                "2023": 0.0,
                "2024": 0.0,
                "2025": 0.0,
                "2026": 0.0,
                "2027": 0.0,
                "2028": 0.0,
                "2029": 0.0,
                "2030": 0.0,
                "2031": 0.0,
                "2032": 0.0,
                "2033": 0.0,
                "2034": 0.0,
                "2035": 0.0,
                "2036": 0.0,
                "2037": 0.0,
                "2038": 0.0,
                "2039": 0.0,
                "2040": 0.0
            },
            {
                "Tech": "MINGAS",
                "2020": 10.7830703619,
                "2021": 11.1065624728,
                "2022": 11.439759347,
                "2023": 11.7829521274,
                "2024": 12.1364406912,
                "2025": 12.5005339087,
                "2026": 12.8755499344,
                "2027": 13.2618164226,
                "2028": 13.6596709158,
                "2029": 14.0694610494,
                "2030": 14.4915448753,
                "2031": 14.9262912284,
                "2032": 15.3740799638,
                "2033": 15.8353023562,
                "2034": 16.3103614334,
                "2035": 16.7996722791,
                "2036": 17.303662442,
                "2037": 17.8227723134,
                "2038": 18.3574554833,
                "2039": 18.9081791496,
                "2040": 19.4754245285
            },
            {
                "Tech": "PWRCOA",
                "2020": 0.0,
                "2021": 0.0,
                "2022": 0.0,
                "2023": 0.0,
                "2024": 0.0,
                "2025": 0.0,
                "2026": 0.0,
                "2027": 0.0,
                "2028": 0.0,
                "2029": 0.0,
                "2030": 0.0,
                "2031": 0.0,
                "2032": 0.0,
                "2033": 0.0,
                "2034": 0.0,
                "2035": 0.0,
                "2036": 0.0,
                "2037": 0.0,
                "2038": 0.0,
                "2039": 0.0,
                "2040": 0.0
            },
            {
                "Tech": "PWRGAS",
                "2020": 5.391535181,
                "2021": 5.5532812364,
                "2022": 5.7198796735,
                "2023": 5.8914760637,
                "2024": 6.0682203456,
                "2025": 6.2502669544,
                "2026": 6.4377749672,
                "2027": 6.6309082113,
                "2028": 6.8298354579,
                "2029": 7.0347305247,
                "2030": 7.2457724377,
                "2031": 7.4631456142,
                "2032": 7.6870399819,
                "2033": 7.9176511781,
                "2034": 8.1551807167,
                "2035": 8.3998361396,
                "2036": 8.651831221,
                "2037": 8.9113861567,
                "2038": 9.1787277416,
                "2039": 9.4540895748,
                "2040": 9.7377122643
            },
            {
                "Tech": "PWRTRN",
                "2020": 7.8331903465,
                "2021": 8.0681860569,
                "2022": 8.3102316386,
                "2023": 8.5595385878,
                "2024": 8.8163247454,
                "2025": 9.0808144854,
                "2026": 9.3532389261,
                "2027": 9.6338360868,
                "2028": 9.9228511698,
                "2029": 10.2205367093,
                "2030": 10.5271528065,
                "2031": 10.8429673957,
                "2032": 11.1682564165,
                "2033": 11.5033041042,
                "2034": 11.8484032321,
                "2035": 12.203855331,
                "2036": 12.569970987,
                "2037": 12.9470701153,
                "2038": 13.335482219,
                "2039": 13.7355466869,
                "2040": 14.1476130908
            },
            {
                "Tech": "MINSOL",
                "2020": 0.5467973781,
                "2021": 0.5632012994,
                "2022": 0.5800973384,
                "2023": 0.5975002586,
                "2024": 0.6154252663,
                "2025": 0.6338880241,
                "2026": 0.6529046653,
                "2027": 0.6724918048,
                "2028": 0.6926665589,
                "2029": 0.713446556,
                "2030": 0.7348499524,
                "2031": 0.7568954513,
                "2032": 0.7796023148,
                "2033": 0.8029903839,
                "2034": 0.8270800957,
                "2035": 0.8518924988,
                "2036": 0.8774492734,
                "2037": 0.9037727516,
                "2038": 0.9308859341,
                "2039": 0.9875768878,
                "2040": 0.9875768878
            },
            {
                "Tech": "MINWND",
                "2020": 0.0,
                "2021": 0.0,
                "2022": 0.0,
                "2023": 0.0,
                "2024": 0.0,
                "2025": 0.0,
                "2026": 0.0,
                "2027": 0.0,
                "2028": 0.0,
                "2029": 0.0,
                "2030": 0.0,
                "2031": 0.0,
                "2032": 0.0,
                "2033": 0.0,
                "2034": 0.0,
                "2035": 0.0,
                "2036": 0.0,
                "2037": 0.0,
                "2038": 0.0,
                "2039": 0.0,
                "2040": 0.0
            },
            {
                "Tech": "PWRSOL",
                "2020": 1.2151052846,
                "2021": 1.2515584432,
                "2022": 1.2891051965,
                "2023": 1.3277783524,
                "2024": 1.3676117029,
                "2025": 1.4086400537,
                "2026": 1.4508992562,
                "2027": 1.4944262328,
                "2028": 1.5392590198,
                "2029": 1.5854367911,
                "2030": 1.6329998942,
                "2031": 1.6819898918,
                "2032": 1.7324495884,
                "2033": 1.7844230753,
                "2034": 1.8379557683,
                "2035": 1.8930944417,
                "2036": 1.9498872743,
                "2037": 2.0083838923,
                "2038": 2.0686354092,
                "2039": 2.1306944716,
                "2040": 2.1946153063
            },
            {
                "Tech": "PWRWND",
                "2020": 0.0,
                "2021": 0.0,
                "2022": 0.0,
                "2023": 0.0,
                "2024": 0.0,
                "2025": 0.0,
                "2026": 0.0,
                "2027": 0.0,
                "2028": 0.0,
                "2029": 0.0,
                "2030": 0.0,
                "2031": 0.0,
                "2032": 0.0,
                "2033": 0.0,
                "2034": 0.0,
                "2035": 0.0,
                "2036": 0.0,
                "2037": 0.0,
                "2038": 0.0,
                "2039": 0.0,
                "2040": 0.0
            },
            {
                "Tech": "MINHYD",
                "2020": 3.421375129,
                "2021": 3.421375129,
                "2022": 3.421375129,
                "2023": 4.2078598555,
                "2024": 4.2078598555,
                "2025": 4.2078598555,
                "2026": 4.2078598555,
                "2027": 4.2078598555,
                "2028": 4.2078598555,
                "2029": 4.2078598555,
                "2030": 5.8246621356,
                "2031": 5.8246621356,
                "2032": 5.8246621356,
                "2033": 5.8246621356,
                "2034": 5.8246621356,
                "2035": 5.8246621356,
                "2036": 5.8246621356,
                "2037": 5.8246621356,
                "2038": 5.8246621356,
                "2039": 5.8246621356,
                "2040": 5.8246621356
            },
            {
                "Tech": "PWRHYD",
                "2020": 6.4499484004,
                "2021": 6.6434468524,
                "2022": 6.842750258,
                "2023": 7.0480327657,
                "2024": 7.2594737487,
                "2025": 7.4772579592,
                "2026": 7.701575703,
                "2027": 7.9326229683,
                "2028": 8.1706016576,
                "2029": 8.415719711,
                "2030": 8.668191299,
                "2031": 8.9282370421,
                "2032": 9.1960841525,
                "2033": 9.4719666731,
                "2034": 9.7561256772,
                "2035": 10.0488094492,
                "2036": 10.3502737294,
                "2037": 10.6607819401,
                "2038": 10.9806053986,
                "2039": 11.3100235617,
                "2040": 11.6493242712
            }
        ]
    },
    "TTAA": {
        "CS_0": [
            {
                "Tech": "MINCOA",
                "2020": 0.0,
                "2021": 0.0,
                "2022": 0.0,
                "2023": 0.0,
                "2024": 0.0,
                "2025": 0.0,
                "2026": 0.0,
                "2027": 0.0,
                "2028": 0.0,
                "2029": 0.0,
                "2030": 0.0,
                "2031": 0.0,
                "2032": 0.0,
                "2033": 0.0,
                "2034": 0.0,
                "2035": 0.0,
                "2036": 0.0,
                "2037": 0.0,
                "2038": 0.0,
                "2039": 0.0,
                "2040": 0.0
            },
            {
                "Tech": "MINGAS",
                "2020": 57.8166666667,
                "2021": 59.5511666667,
                "2022": 61.3377016667,
                "2023": 63.1778327167,
                "2024": 65.0731676982,
                "2025": 67.0253627118,
                "2026": 69.0361236382,
                "2027": 71.1072072947,
                "2028": 73.2404235165,
                "2029": 75.4376362549,
                "2030": 77.7007653125,
                "2031": 80.0317883083,
                "2032": 82.4327419501,
                "2033": 84.9057241733,
                "2034": 87.4528959337,
                "2035": 90.0764828262,
                "2036": 92.7787772815,
                "2037": 95.5621405901,
                "2038": 98.4290048101,
                "2039": 101.3818749643,
                "2040": 104.4233312369
            },
            {
                "Tech": "PWRCOA",
                "2020": 0.0,
                "2021": 0.0,
                "2022": 0.0,
                "2023": 0.0,
                "2024": 0.0,
                "2025": 0.0,
                "2026": 0.0,
                "2027": 0.0,
                "2028": 0.0,
                "2029": 0.0,
                "2030": 0.0,
                "2031": 0.0,
                "2032": 0.0,
                "2033": 0.0,
                "2034": 0.0,
                "2035": 0.0,
                "2036": 0.0,
                "2037": 0.0,
                "2038": 0.0,
                "2039": 0.0,
                "2040": 0.0
            },
            {
                "Tech": "PWRGAS",
                "2020": 28.9083333333,
                "2021": 29.7755833333,
                "2022": 30.6688508333,
                "2023": 31.5889163583,
                "2024": 32.5365838491,
                "2025": 33.5126813559,
                "2026": 34.5180618191,
                "2027": 35.5536036474,
                "2028": 36.6202117582,
                "2029": 37.7188181275,
                "2030": 38.8503826563,
                "2031": 40.0158941542,
                "2032": 41.216370975,
                "2033": 42.4528620866,
                "2034": 43.7264479669,
                "2035": 45.0382414131,
                "2036": 46.3893886408,
                "2037": 47.7810702951,
                "2038": 49.2145024051,
                "2039": 50.6909374821,
                "2040": 52.2116656185
            },
            {
                "Tech": "PWRTRN",
                "2020": 90.1314616756,
                "2021": 92.8354055258,
                "2022": 95.6204676916,
                "2023": 98.4890817224,
                "2024": 101.443754174,
                "2025": 104.4870667722,
                "2026": 107.6216788457,
                "2027": 110.850329129,
                "2028": 114.1758390074,
                "2029": 117.601114229,
                "2030": 121.129147609,
                "2031": 124.7630220941,
                "2032": 128.5059127452,
                "2033": 132.3610900726,
                "2034": 136.3319228297,
                "2035": 140.4218805371,
                "2036": 144.6345369073,
                "2037": 148.9735729992,
                "2038": 153.4427801928,
                "2039": 158.0460636139,
                "2040": 162.7874455592
            },
            {
                "Tech": "MINSOL",
                "2020": 9.8685383244,
                "2021": 10.1645944742,
                "2022": 10.4695323084,
                "2023": 10.7836182776,
                "2024": 11.107126826,
                "2025": 11.4403406278,
                "2026": 11.7835508543,
                "2027": 12.137057371,
                "2028": 12.5011690926,
                "2029": 12.876204171,
                "2030": 13.262490291,
                "2031": 13.6603650059,
                "2032": 14.0701759548,
                "2033": 14.4922812274,
                "2034": 14.9270496703,
                "2035": 15.3748611629,
                "2036": 15.8361069927,
                "2037": 16.3111902008,
                "2038": 16.8005259072,
                "2039": 17.3045416861,
                "2040": 17.8236779408
            },
            {
                "Tech": "MINWND",
                "2020": 0.0,
                "2021": 0.0,
                "2022": 0.0,
                "2023": 0.0,
                "2024": 0.0,
                "2025": 0.0,
                "2026": 0.0,
                "2027": 0.0,
                "2028": 0.0,
                "2029": 0.0,
                "2030": 0.0,
                "2031": 0.0,
                "2032": 0.0,
                "2033": 0.0,
                "2034": 0.0,
                "2035": 0.0,
                "2036": 0.0,
                "2037": 0.0,
                "2038": 0.0,
                "2039": 0.0,
                "2040": 0.0
            },
            {
                "Tech": "PWRSOL",
                "2020": 9.8685383244,
                "2021": 10.1645944742,
                "2022": 10.4695323084,
                "2023": 10.7836182776,
                "2024": 11.107126826,
                "2025": 11.4403406278,
                "2026": 11.7835508543,
                "2027": 12.137057371,
                "2028": 12.5011690926,
                "2029": 12.876204171,
                "2030": 13.262490291,
                "2031": 13.6603650059,
                "2032": 14.0701759548,
                "2033": 14.4922812274,
                "2034": 14.9270496703,
                "2035": 15.3748611629,
                "2036": 15.8361069927,
                "2037": 16.3111902008,
                "2038": 16.8005259072,
                "2039": 17.3045416861,
                "2040": 17.8236779408
            },
            {
                "Tech": "PWRWND",
                "2020": 0.0,
                "2021": 0.0,
                "2022": 0.0,
                "2023": 0.0,
                "2024": 0.0,
                "2025": 0.0,
                "2026": 0.0,
                "2027": 0.0,
                "2028": 0.0,
                "2029": 0.0,
                "2030": 0.0,
                "2031": 0.0,
                "2032": 0.0,
                "2033": 0.0,
                "2034": 0.0,
                "2035": 0.0,
                "2036": 0.0,
                "2037": 0.0,
                "2038": 0.0,
                "2039": 0.0,
                "2040": 0.0
            },
            {
                "Tech": "MINHYD",
                "2020": 70.2362745098,
                "2021": 72.3433627451,
                "2022": 74.5136636275,
                "2023": 76.7490735363,
                "2024": 79.0515457424,
                "2025": 81.4230920936,
                "2026": 83.8657849112,
                "2027": 86.3817583946,
                "2028": 88.9732111499,
                "2029": 91.6424075245,
                "2030": 94.3916797137,
                "2031": 97.2234301493,
                "2032": 100.1401330447,
                "2033": 103.1443369932,
                "2034": 106.2386671458,
                "2035": 109.4258271777,
                "2036": 112.7086019573,
                "2037": 116.089860004,
                "2038": 119.572555807,
                "2039": 123.1597324931,
                "2040": 126.8545244967
            },
            {
                "Tech": "PWRHYD",
                "2020": 70.2362745098,
                "2021": 72.3433627451,
                "2022": 74.5136636275,
                "2023": 76.7490735363,
                "2024": 79.0515457424,
                "2025": 81.4230920936,
                "2026": 83.8657849112,
                "2027": 86.3817583946,
                "2028": 88.9732111499,
                "2029": 91.6424075245,
                "2030": 94.3916797137,
                "2031": 97.2234301493,
                "2032": 100.1401330447,
                "2033": 103.1443369932,
                "2034": 106.2386671458,
                "2035": 109.4258271777,
                "2036": 112.7086019573,
                "2037": 116.089860004,
                "2038": 119.572555807,
                "2039": 123.1597324931,
                "2040": 126.8545244967
            }
        ]
    }
}