{
    "TATABM": {
        "CS_0": [
            {
                "Tech": "MINCOA",
                "MoId": 1,
                "2020": 0.0,
                "2021": 0.0,
                "2022": 0.0,
                "2023": 0.0,
                "2024": 0.0,
                "2025": 0.0,
                "2026": 0.0,
                "2027": 0.0,
                "2028": 0.0,
                "2029": 0.0,
                "2030": 0.0,
                "2031": 0.0,
                "2032": 0.0,
                "2033": 0.0,
                "2034": 0.0,
                "2035": 0.0,
                "2036": 0.0,
                "2037": 0.0,
                "2038": 0.0,
                "2039": 0.0,
                "2040": 0.0
            },
            {
                "Tech": "MINGAS",
                "MoId": 1,
                "2020": 57.8166666667,
                "2021": 59.5511666667,
                "2022": 61.3377016667,
                "2023": 63.1778327167,
                "2024": 65.0731676982,
                "2025": 67.0253627118,
                "2026": 69.0361236382,
                "2027": 71.1072072947,
                "2028": 73.2404235165,
                "2029": 75.4376362549,
                "2030": 77.7007653125,
                "2031": 80.0317883083,
                "2032": 82.4327419501,
                "2033": 84.9057241733,
                "2034": 87.4528959337,
                "2035": 90.0764828262,
                "2036": 92.7787772815,
                "2037": 95.5621405901,
                "2038": 98.4290048101,
                "2039": 101.3818749643,
                "2040": 104.4233312369
            },
            {
                "Tech": "PWRCOA",
                "MoId": 1,
                "2020": 0.0,
                "2021": 0.0,
                "2022": 0.0,
                "2023": 0.0,
                "2024": 0.0,
                "2025": 0.0,
                "2026": 0.0,
                "2027": 0.0,
                "2028": 0.0,
                "2029": 0.0,
                "2030": 0.0,
                "2031": 0.0,
                "2032": 0.0,
                "2033": 0.0,
                "2034": 0.0,
                "2035": 0.0,
                "2036": 0.0,
                "2037": 0.0,
                "2038": 0.0,
                "2039": 0.0,
                "2040": 0.0
            },
            {
                "Tech": "PWRGAS",
                "MoId": 1,
                "2020": 28.9083333333,
                "2021": 29.7755833333,
                "2022": 30.6688508333,
                "2023": 31.5889163583,
                "2024": 32.5365838491,
                "2025": 33.5126813559,
                "2026": 34.5180618191,
                "2027": 35.5536036474,
                "2028": 36.6202117582,
                "2029": 37.7188181275,
                "2030": 38.8503826563,
                "2031": 40.0158941542,
                "2032": 41.216370975,
                "2033": 42.4528620866,
                "2034": 43.7264479669,
                "2035": 45.0382414131,
                "2036": 46.3893886408,
                "2037": 47.7810702951,
                "2038": 49.2145024051,
                "2039": 50.6909374821,
                "2040": 52.2116656185
            },
            {
                "Tech": "PWRTRN",
                "MoId": 1,
                "2020": 90.1314616756,
                "2021": 92.8354055258,
                "2022": 95.6204676916,
                "2023": 98.4890817224,
                "2024": 101.443754174,
                "2025": 104.4870667722,
                "2026": 107.6216788457,
                "2027": 110.850329129,
                "2028": 114.1758390074,
                "2029": 117.601114229,
                "2030": 121.129147609,
                "2031": 124.7630220941,
                "2032": 128.5059127452,
                "2033": 132.3610900726,
                "2034": 136.3319228297,
                "2035": 140.4218805371,
                "2036": 144.6345369073,
                "2037": 148.9735729992,
                "2038": 153.4427801928,
                "2039": 158.0460636139,
                "2040": 162.7874455592
            },
            {
                "Tech": "MINSOL",
                "MoId": 1,
                "2020": 9.8685383244,
                "2021": 10.1645944742,
                "2022": 10.4695323084,
                "2023": 10.7836182776,
                "2024": 11.107126826,
                "2025": 11.4403406278,
                "2026": 11.7835508543,
                "2027": 12.137057371,
                "2028": 12.5011690926,
                "2029": 12.876204171,
                "2030": 13.262490291,
                "2031": 13.6603650059,
                "2032": 14.0701759548,
                "2033": 14.4922812274,
                "2034": 14.9270496703,
                "2035": 15.3748611629,
                "2036": 15.8361069927,
                "2037": 16.3111902008,
                "2038": 16.8005259072,
                "2039": 17.3045416861,
                "2040": 17.8236779408
            },
            {
                "Tech": "MINWND",
                "MoId": 1,
                "2020": 0.0,
                "2021": 0.0,
                "2022": 0.0,
                "2023": 0.0,
                "2024": 0.0,
                "2025": 0.0,
                "2026": 0.0,
                "2027": 0.0,
                "2028": 0.0,
                "2029": 0.0,
                "2030": 0.0,
                "2031": 0.0,
                "2032": 0.0,
                "2033": 0.0,
                "2034": 0.0,
                "2035": 0.0,
                "2036": 0.0,
                "2037": 0.0,
                "2038": 0.0,
                "2039": 0.0,
                "2040": 0.0
            },
            {
                "Tech": "PWRSOL",
                "MoId": 1,
                "2020": 9.8685383244,
                "2021": 10.1645944742,
                "2022": 10.4695323084,
                "2023": 10.7836182776,
                "2024": 11.107126826,
                "2025": 11.4403406278,
                "2026": 11.7835508543,
                "2027": 12.137057371,
                "2028": 12.5011690926,
                "2029": 12.876204171,
                "2030": 13.262490291,
                "2031": 13.6603650059,
                "2032": 14.0701759548,
                "2033": 14.4922812274,
                "2034": 14.9270496703,
                "2035": 15.3748611629,
                "2036": 15.8361069927,
                "2037": 16.3111902008,
                "2038": 16.8005259072,
                "2039": 17.3045416861,
                "2040": 17.8236779408
            },
            {
                "Tech": "PWRWND",
                "MoId": 1,
                "2020": 0.0,
                "2021": 0.0,
                "2022": 0.0,
                "2023": 0.0,
                "2024": 0.0,
                "2025": 0.0,
                "2026": 0.0,
                "2027": 0.0,
                "2028": 0.0,
                "2029": 0.0,
                "2030": 0.0,
                "2031": 0.0,
                "2032": 0.0,
                "2033": 0.0,
                "2034": 0.0,
                "2035": 0.0,
                "2036": 0.0,
                "2037": 0.0,
                "2038": 0.0,
                "2039": 0.0,
                "2040": 0.0
            },
            {
                "Tech": "MINHYD",
                "MoId": 1,
                "2020": 70.2362745098,
                "2021": 72.3433627451,
                "2022": 74.5136636275,
                "2023": 76.7490735363,
                "2024": 79.0515457424,
                "2025": 81.4230920936,
                "2026": 83.8657849112,
                "2027": 86.3817583946,
                "2028": 88.9732111499,
                "2029": 91.6424075245,
                "2030": 94.3916797137,
                "2031": 97.2234301493,
                "2032": 100.1401330447,
                "2033": 103.1443369932,
                "2034": 106.2386671458,
                "2035": 109.4258271777,
                "2036": 112.7086019573,
                "2037": 116.089860004,
                "2038": 119.572555807,
                "2039": 123.1597324931,
                "2040": 126.8545244967
            },
            {
                "Tech": "PWRHYD",
                "MoId": 1,
                "2020": 70.2362745098,
                "2021": 72.3433627451,
                "2022": 74.5136636275,
                "2023": 76.7490735363,
                "2024": 79.0515457424,
                "2025": 81.4230920936,
                "2026": 83.8657849112,
                "2027": 86.3817583946,
                "2028": 88.9732111499,
                "2029": 91.6424075245,
                "2030": 94.3916797137,
                "2031": 97.2234301493,
                "2032": 100.1401330447,
                "2033": 103.1443369932,
                "2034": 106.2386671458,
                "2035": 109.4258271777,
                "2036": 112.7086019573,
                "2037": 116.089860004,
                "2038": 119.572555807,
                "2039": 123.1597324931,
                "2040": 126.8545244967
            }
        ]
    }
}