{
    "ROTA": {
        "CS_0": [
            {
                "Tech": "MINCOA",
                "Ts": "S11",
                "2020": 0.0,
                "2021": 0.0,
                "2022": 0.0,
                "2023": 0.0,
                "2024": 0.0,
                "2025": 0.0,
                "2026": 0.0,
                "2027": 0.0,
                "2028": 0.0,
                "2029": 0.0,
                "2030": 0.0,
                "2031": 0.0,
                "2032": 0.0,
                "2033": 0.0,
                "2034": 0.0,
                "2035": 0.0,
                "2036": 0.0,
                "2037": 0.0,
                "2038": 0.0,
                "2039": 0.0,
                "2040": 0.0
            },
            {
                "Tech": "MINCOA",
                "Ts": "S12",
                "2020": 0.0,
                "2021": 0.0,
                "2022": 0.0,
                "2023": 0.0,
                "2024": 0.0,
                "2025": 0.0,
                "2026": 0.0,
                "2027": 0.0,
                "2028": 0.0,
                "2029": 0.0,
                "2030": 0.0,
                "2031": 0.0,
                "2032": 0.0,
                "2033": 0.0,
                "2034": 0.0,
                "2035": 0.0,
                "2036": 0.0,
                "2037": 0.0,
                "2038": 0.0,
                "2039": 0.0,
                "2040": 0.0
            },
            {
                "Tech": "MINCOA",
                "Ts": "S21",
                "2020": 0.0,
                "2021": 0.0,
                "2022": 0.0,
                "2023": 0.0,
                "2024": 0.0,
                "2025": 0.0,
                "2026": 0.0,
                "2027": 0.0,
                "2028": 0.0,
                "2029": 0.0,
                "2030": 0.0,
                "2031": 0.0,
                "2032": 0.0,
                "2033": 0.0,
                "2034": 0.0,
                "2035": 0.0,
                "2036": 0.0,
                "2037": 0.0,
                "2038": 0.0,
                "2039": 0.0,
                "2040": 0.0
            },
            {
                "Tech": "MINCOA",
                "Ts": "S22",
                "2020": 0.0,
                "2021": 0.0,
                "2022": 0.0,
                "2023": 0.0,
                "2024": 0.0,
                "2025": 0.0,
                "2026": 0.0,
                "2027": 0.0,
                "2028": 0.0,
                "2029": 0.0,
                "2030": 0.0,
                "2031": 0.0,
                "2032": 0.0,
                "2033": 0.0,
                "2034": 0.0,
                "2035": 0.0,
                "2036": 0.0,
                "2037": 0.0,
                "2038": 0.0,
                "2039": 0.0,
                "2040": 0.0
            },
            {
                "Tech": "MINGAS",
                "Ts": "S11",
                "2020": 0.0,
                "2021": 0.0,
                "2022": 0.0,
                "2023": 0.0,
                "2024": 0.0,
                "2025": 0.0,
                "2026": 0.0,
                "2027": 0.0,
                "2028": 0.0,
                "2029": 0.0,
                "2030": 0.0,
                "2031": 0.0,
                "2032": 0.0,
                "2033": 0.0,
                "2034": 0.0,
                "2035": 0.0,
                "2036": 0.0,
                "2037": 0.0,
                "2038": 0.0,
                "2039": 0.0,
                "2040": 0.0
            },
            {
                "Tech": "MINGAS",
                "Ts": "S12",
                "2020": 0.0,
                "2021": 0.0,
                "2022": 0.0,
                "2023": 0.0,
                "2024": 0.0,
                "2025": 0.0,
                "2026": 0.0,
                "2027": 0.0,
                "2028": 0.0,
                "2029": 0.0,
                "2030": 0.0,
                "2031": 0.0,
                "2032": 0.0,
                "2033": 0.0,
                "2034": 0.0,
                "2035": 0.0,
                "2036": 0.0,
                "2037": 0.0,
                "2038": 0.0,
                "2039": 0.0,
                "2040": 0.0
            },
            {
                "Tech": "MINGAS",
                "Ts": "S21",
                "2020": 0.0,
                "2021": 0.0,
                "2022": 0.0,
                "2023": 0.0,
                "2024": 0.0,
                "2025": 0.0,
                "2026": 0.0,
                "2027": 0.0,
                "2028": 0.0,
                "2029": 0.0,
                "2030": 0.0,
                "2031": 0.0,
                "2032": 0.0,
                "2033": 0.0,
                "2034": 0.0,
                "2035": 0.0,
                "2036": 0.0,
                "2037": 0.0,
                "2038": 0.0,
                "2039": 0.0,
                "2040": 0.0
            },
            {
                "Tech": "MINGAS",
                "Ts": "S22",
                "2020": 340.0980392157,
                "2021": 350.3009803922,
                "2022": 360.8100098039,
                "2023": 371.634310098,
                "2024": 382.783339401,
                "2025": 394.266839481,
                "2026": 406.0948449307,
                "2027": 418.2776899691,
                "2028": 430.8260206852,
                "2029": 443.7508014996,
                "2030": 457.0633253677,
                "2031": 470.775225343,
                "2032": 484.8984820591,
                "2033": 499.4454363134,
                "2034": 514.4287996103,
                "2035": 529.8616636836,
                "2036": 545.7575134207,
                "2037": 562.1302387655,
                "2038": 578.9941459421,
                "2039": 596.3639703781,
                "2040": 614.2548896289
            },
            {
                "Tech": "PWRCOA",
                "Ts": "S11",
                "2020": 0.0,
                "2021": 0.0,
                "2022": 0.0,
                "2023": 0.0,
                "2024": 0.0,
                "2025": 0.0,
                "2026": 0.0,
                "2027": 0.0,
                "2028": 0.0,
                "2029": 0.0,
                "2030": 0.0,
                "2031": 0.0,
                "2032": 0.0,
                "2033": 0.0,
                "2034": 0.0,
                "2035": 0.0,
                "2036": 0.0,
                "2037": 0.0,
                "2038": 0.0,
                "2039": 0.0,
                "2040": 0.0
            },
            {
                "Tech": "PWRCOA",
                "Ts": "S12",
                "2020": 0.0,
                "2021": 0.0,
                "2022": 0.0,
                "2023": 0.0,
                "2024": 0.0,
                "2025": 0.0,
                "2026": 0.0,
                "2027": 0.0,
                "2028": 0.0,
                "2029": 0.0,
                "2030": 0.0,
                "2031": 0.0,
                "2032": 0.0,
                "2033": 0.0,
                "2034": 0.0,
                "2035": 0.0,
                "2036": 0.0,
                "2037": 0.0,
                "2038": 0.0,
                "2039": 0.0,
                "2040": 0.0
            },
            {
                "Tech": "PWRCOA",
                "Ts": "S21",
                "2020": 0.0,
                "2021": 0.0,
                "2022": 0.0,
                "2023": 0.0,
                "2024": 0.0,
                "2025": 0.0,
                "2026": 0.0,
                "2027": 0.0,
                "2028": 0.0,
                "2029": 0.0,
                "2030": 0.0,
                "2031": 0.0,
                "2032": 0.0,
                "2033": 0.0,
                "2034": 0.0,
                "2035": 0.0,
                "2036": 0.0,
                "2037": 0.0,
                "2038": 0.0,
                "2039": 0.0,
                "2040": 0.0
            },
            {
                "Tech": "PWRCOA",
                "Ts": "S22",
                "2020": 0.0,
                "2021": 0.0,
                "2022": 0.0,
                "2023": 0.0,
                "2024": 0.0,
                "2025": 0.0,
                "2026": 0.0,
                "2027": 0.0,
                "2028": 0.0,
                "2029": 0.0,
                "2030": 0.0,
                "2031": 0.0,
                "2032": 0.0,
                "2033": 0.0,
                "2034": 0.0,
                "2035": 0.0,
                "2036": 0.0,
                "2037": 0.0,
                "2038": 0.0,
                "2039": 0.0,
                "2040": 0.0
            },
            {
                "Tech": "PWRGAS",
                "Ts": "S11",
                "2020": 0.0,
                "2021": 0.0,
                "2022": 0.0,
                "2023": 0.0,
                "2024": 0.0,
                "2025": 0.0,
                "2026": 0.0,
                "2027": 0.0,
                "2028": 0.0,
                "2029": 0.0,
                "2030": 0.0,
                "2031": 0.0,
                "2032": 0.0,
                "2033": 0.0,
                "2034": 0.0,
                "2035": 0.0,
                "2036": 0.0,
                "2037": 0.0,
                "2038": 0.0,
                "2039": 0.0,
                "2040": 0.0
            },
            {
                "Tech": "PWRGAS",
                "Ts": "S12",
                "2020": 0.0,
                "2021": 0.0,
                "2022": 0.0,
                "2023": 0.0,
                "2024": 0.0,
                "2025": 0.0,
                "2026": 0.0,
                "2027": 0.0,
                "2028": 0.0,
                "2029": 0.0,
                "2030": 0.0,
                "2031": 0.0,
                "2032": 0.0,
                "2033": 0.0,
                "2034": 0.0,
                "2035": 0.0,
                "2036": 0.0,
                "2037": 0.0,
                "2038": 0.0,
                "2039": 0.0,
                "2040": 0.0
            },
            {
                "Tech": "PWRGAS",
                "Ts": "S21",
                "2020": 0.0,
                "2021": 0.0,
                "2022": 0.0,
                "2023": 0.0,
                "2024": 0.0,
                "2025": 0.0,
                "2026": 0.0,
                "2027": 0.0,
                "2028": 0.0,
                "2029": 0.0,
                "2030": 0.0,
                "2031": 0.0,
                "2032": 0.0,
                "2033": 0.0,
                "2034": 0.0,
                "2035": 0.0,
                "2036": 0.0,
                "2037": 0.0,
                "2038": 0.0,
                "2039": 0.0,
                "2040": 0.0
            },
            {
                "Tech": "PWRGAS",
                "Ts": "S22",
                "2020": 170.0490196078,
                "2021": 175.1504901961,
                "2022": 180.405004902,
                "2023": 185.817155049,
                "2024": 191.3916697005,
                "2025": 197.1334197405,
                "2026": 203.0474224653,
                "2027": 209.1388449846,
                "2028": 215.4130103426,
                "2029": 221.8754007498,
                "2030": 228.5316626839,
                "2031": 235.3876126715,
                "2032": 242.4492410296,
                "2033": 249.7227181567,
                "2034": 257.2143998051,
                "2035": 264.9308318418,
                "2036": 272.8787567103,
                "2037": 281.0651193827,
                "2038": 289.497072971,
                "2039": 298.1819851891,
                "2040": 307.1274448145
            },
            {
                "Tech": "PWRTRN",
                "Ts": "S11",
                "2020": 55.4812834225,
                "2021": 57.1457219251,
                "2022": 58.8600935829,
                "2023": 60.6258963904,
                "2024": 62.4446732821,
                "2025": 64.3180134639,
                "2026": 66.2475539111,
                "2027": 68.2349804779,
                "2028": 70.2820298951,
                "2029": 72.3904908235,
                "2030": 74.5622055194,
                "2031": 76.7990717199,
                "2032": 79.1030438643,
                "2033": 81.4761351464,
                "2034": 83.9204192346,
                "2035": 86.4380318255,
                "2036": 89.031172752,
                "2037": 91.7021079251,
                "2038": 94.4531711651,
                "2039": 97.2867663095,
                "2040": 100.2053693215
            },
            {
                "Tech": "PWRTRN",
                "Ts": "S12",
                "2020": 36.3636363636,
                "2021": 37.4545454545,
                "2022": 38.5781818182,
                "2023": 39.7355272727,
                "2024": 40.9275930909,
                "2025": 42.1554208727,
                "2026": 43.4200835273,
                "2027": 44.722686,
                "2028": 46.0643665818,
                "2029": 47.4462976,
                "2030": 48.8696865091,
                "2031": 50.3357771273,
                "2032": 51.8458504364,
                "2033": 53.4012259273,
                "2034": 55.0032627273,
                "2035": 56.6533606182,
                "2036": 58.3529614182,
                "2037": 60.1035502545,
                "2038": 61.9066567636,
                "2039": 63.7638564727,
                "2040": 65.6767721818
            },
            {
                "Tech": "PWRTRN",
                "Ts": "S21",
                "2020": 92.4688057041,
                "2021": 95.2428698752,
                "2022": 98.1001559715,
                "2023": 101.0431606506,
                "2024": 104.0744554701,
                "2025": 107.1966891065,
                "2026": 110.4125898518,
                "2027": 113.7249674632,
                "2028": 117.1367164918,
                "2029": 120.6508180392,
                "2030": 124.2703425323,
                "2031": 127.9984528665,
                "2032": 131.8384064405,
                "2033": 135.7935585773,
                "2034": 139.867365391,
                "2035": 144.0633863759,
                "2036": 148.38528792,
                "2037": 152.8368465419,
                "2038": 157.4219519418,
                "2039": 162.1446105158,
                "2040": 167.0089488692
            },
            {
                "Tech": "PWRTRN",
                "Ts": "S22",
                "2020": 247.0588235294,
                "2021": 254.4705882353,
                "2022": 262.1047058824,
                "2023": 269.9678470588,
                "2024": 278.0668824706,
                "2025": 286.4088888706,
                "2026": 295.0011557294,
                "2027": 303.8511901765,
                "2028": 312.9667258941,
                "2029": 322.3557278118,
                "2030": 332.0263995176,
                "2031": 341.9871916588,
                "2032": 352.2468073765,
                "2033": 362.8142114471,
                "2034": 373.6986379412,
                "2035": 384.9095971412,
                "2036": 396.4568849294,
                "2037": 408.3505914353,
                "2038": 420.6011091882,
                "2039": 433.2191425059,
                "2040": 446.2157168824
            },
            {
                "Tech": "MINSOL",
                "Ts": "S11",
                "2020": 17.2459893048,
                "2021": 17.763368984,
                "2022": 18.2962700535,
                "2023": 18.8451581551,
                "2024": 19.4105128997,
                "2025": 19.9928282816,
                "2026": 20.5926131434,
                "2027": 21.2103915221,
                "2028": 21.8467032686,
                "2029": 22.5021043765,
                "2030": 23.1771674988,
                "2031": 23.8724825346,
                "2032": 24.5886570084,
                "2033": 25.3263167082,
                "2034": 26.0861062199,
                "2035": 26.8686894108,
                "2036": 27.6747500844,
                "2037": 28.504992584,
                "2038": 29.3601423622,
                "2039": 30.240946636,
                "2040": 31.1481750421
            },
            {
                "Tech": "MINSOL",
                "Ts": "S12",
                "2020": 0.0,
                "2021": 0.0,
                "2022": 0.0,
                "2023": 0.0,
                "2024": 0.0,
                "2025": 0.0,
                "2026": 0.0,
                "2027": 0.0,
                "2028": 0.0,
                "2029": 0.0,
                "2030": 0.0,
                "2031": 0.0,
                "2032": 0.0,
                "2033": 0.0,
                "2034": 0.0,
                "2035": 0.0,
                "2036": 0.0,
                "2037": 0.0,
                "2038": 0.0,
                "2039": 0.0,
                "2040": 0.0
            },
            {
                "Tech": "MINSOL",
                "Ts": "S21",
                "2020": 13.4135472371,
                "2021": 13.8159536542,
                "2022": 14.2304322638,
                "2023": 14.6573452317,
                "2024": 15.0970655887,
                "2025": 15.5499775523,
                "2026": 16.0164768893,
                "2027": 16.4969711838,
                "2028": 16.99188032,
                "2029": 17.5016367373,
                "2030": 18.0266858324,
                "2031": 18.5674864158,
                "2032": 19.1245110066,
                "2033": 19.6982463286,
                "2034": 20.2891937266,
                "2035": 20.8978695418,
                "2036": 21.5248056212,
                "2037": 22.1705497875,
                "2038": 22.8356662817,
                "2039": 23.5207362724,
                "2040": 24.2263583661
            },
            {
                "Tech": "MINSOL",
                "Ts": "S22",
                "2020": 0.0,
                "2021": 0.0,
                "2022": 0.0,
                "2023": 0.0,
                "2024": 0.0,
                "2025": 0.0,
                "2026": 0.0,
                "2027": 0.0,
                "2028": 0.0,
                "2029": 0.0,
                "2030": 0.0,
                "2031": 0.0,
                "2032": 0.0,
                "2033": 0.0,
                "2034": 0.0,
                "2035": 0.0,
                "2036": 0.0,
                "2037": 0.0,
                "2038": 0.0,
                "2039": 0.0,
                "2040": 0.0
            },
            {
                "Tech": "MINWND",
                "Ts": "S11",
                "2020": 0.0,
                "2021": 0.0,
                "2022": 0.0,
                "2023": 0.0,
                "2024": 0.0,
                "2025": 0.0,
                "2026": 0.0,
                "2027": 0.0,
                "2028": 0.0,
                "2029": 0.0,
                "2030": 0.0,
                "2031": 0.0,
                "2032": 0.0,
                "2033": 0.0,
                "2034": 0.0,
                "2035": 0.0,
                "2036": 0.0,
                "2037": 0.0,
                "2038": 0.0,
                "2039": 0.0,
                "2040": 0.0
            },
            {
                "Tech": "MINWND",
                "Ts": "S12",
                "2020": 0.0,
                "2021": 0.0,
                "2022": 0.0,
                "2023": 0.0,
                "2024": 0.0,
                "2025": 0.0,
                "2026": 0.0,
                "2027": 0.0,
                "2028": 0.0,
                "2029": 0.0,
                "2030": 0.0,
                "2031": 0.0,
                "2032": 0.0,
                "2033": 0.0,
                "2034": 0.0,
                "2035": 0.0,
                "2036": 0.0,
                "2037": 0.0,
                "2038": 0.0,
                "2039": 0.0,
                "2040": 0.0
            },
            {
                "Tech": "MINWND",
                "Ts": "S21",
                "2020": 0.0,
                "2021": 0.0,
                "2022": 0.0,
                "2023": 0.0,
                "2024": 0.0,
                "2025": 0.0,
                "2026": 0.0,
                "2027": 0.0,
                "2028": 0.0,
                "2029": 0.0,
                "2030": 0.0,
                "2031": 0.0,
                "2032": 0.0,
                "2033": 0.0,
                "2034": 0.0,
                "2035": 0.0,
                "2036": 0.0,
                "2037": 0.0,
                "2038": 0.0,
                "2039": 0.0,
                "2040": 0.0
            },
            {
                "Tech": "MINWND",
                "Ts": "S22",
                "2020": 0.0,
                "2021": 0.0,
                "2022": 0.0,
                "2023": 0.0,
                "2024": 0.0,
                "2025": 0.0,
                "2026": 0.0,
                "2027": 0.0,
                "2028": 0.0,
                "2029": 0.0,
                "2030": 0.0,
                "2031": 0.0,
                "2032": 0.0,
                "2033": 0.0,
                "2034": 0.0,
                "2035": 0.0,
                "2036": 0.0,
                "2037": 0.0,
                "2038": 0.0,
                "2039": 0.0,
                "2040": 0.0
            },
            {
                "Tech": "PWRSOL",
                "Ts": "S11",
                "2020": 17.2459893048,
                "2021": 17.763368984,
                "2022": 18.2962700535,
                "2023": 18.8451581551,
                "2024": 19.4105128997,
                "2025": 19.9928282816,
                "2026": 20.5926131434,
                "2027": 21.2103915221,
                "2028": 21.8467032686,
                "2029": 22.5021043765,
                "2030": 23.1771674988,
                "2031": 23.8724825346,
                "2032": 24.5886570084,
                "2033": 25.3263167082,
                "2034": 26.0861062199,
                "2035": 26.8686894108,
                "2036": 27.6747500844,
                "2037": 28.504992584,
                "2038": 29.3601423622,
                "2039": 30.240946636,
                "2040": 31.1481750421
            },
            {
                "Tech": "PWRSOL",
                "Ts": "S12",
                "2020": 0.0,
                "2021": 0.0,
                "2022": 0.0,
                "2023": 0.0,
                "2024": 0.0,
                "2025": 0.0,
                "2026": 0.0,
                "2027": 0.0,
                "2028": 0.0,
                "2029": 0.0,
                "2030": 0.0,
                "2031": 0.0,
                "2032": 0.0,
                "2033": 0.0,
                "2034": 0.0,
                "2035": 0.0,
                "2036": 0.0,
                "2037": 0.0,
                "2038": 0.0,
                "2039": 0.0,
                "2040": 0.0
            },
            {
                "Tech": "PWRSOL",
                "Ts": "S21",
                "2020": 13.4135472371,
                "2021": 13.8159536542,
                "2022": 14.2304322638,
                "2023": 14.6573452317,
                "2024": 15.0970655887,
                "2025": 15.5499775523,
                "2026": 16.0164768893,
                "2027": 16.4969711838,
                "2028": 16.99188032,
                "2029": 17.5016367373,
                "2030": 18.0266858324,
                "2031": 18.5674864158,
                "2032": 19.1245110066,
                "2033": 19.6982463286,
                "2034": 20.2891937266,
                "2035": 20.8978695418,
                "2036": 21.5248056212,
                "2037": 22.1705497875,
                "2038": 22.8356662817,
                "2039": 23.5207362724,
                "2040": 24.2263583661
            },
            {
                "Tech": "PWRSOL",
                "Ts": "S22",
                "2020": 0.0,
                "2021": 0.0,
                "2022": 0.0,
                "2023": 0.0,
                "2024": 0.0,
                "2025": 0.0,
                "2026": 0.0,
                "2027": 0.0,
                "2028": 0.0,
                "2029": 0.0,
                "2030": 0.0,
                "2031": 0.0,
                "2032": 0.0,
                "2033": 0.0,
                "2034": 0.0,
                "2035": 0.0,
                "2036": 0.0,
                "2037": 0.0,
                "2038": 0.0,
                "2039": 0.0,
                "2040": 0.0
            },
            {
                "Tech": "PWRWND",
                "Ts": "S11",
                "2020": 0.0,
                "2021": 0.0,
                "2022": 0.0,
                "2023": 0.0,
                "2024": 0.0,
                "2025": 0.0,
                "2026": 0.0,
                "2027": 0.0,
                "2028": 0.0,
                "2029": 0.0,
                "2030": 0.0,
                "2031": 0.0,
                "2032": 0.0,
                "2033": 0.0,
                "2034": 0.0,
                "2035": 0.0,
                "2036": 0.0,
                "2037": 0.0,
                "2038": 0.0,
                "2039": 0.0,
                "2040": 0.0
            },
            {
                "Tech": "PWRWND",
                "Ts": "S12",
                "2020": 0.0,
                "2021": 0.0,
                "2022": 0.0,
                "2023": 0.0,
                "2024": 0.0,
                "2025": 0.0,
                "2026": 0.0,
                "2027": 0.0,
                "2028": 0.0,
                "2029": 0.0,
                "2030": 0.0,
                "2031": 0.0,
                "2032": 0.0,
                "2033": 0.0,
                "2034": 0.0,
                "2035": 0.0,
                "2036": 0.0,
                "2037": 0.0,
                "2038": 0.0,
                "2039": 0.0,
                "2040": 0.0
            },
            {
                "Tech": "PWRWND",
                "Ts": "S21",
                "2020": 0.0,
                "2021": 0.0,
                "2022": 0.0,
                "2023": 0.0,
                "2024": 0.0,
                "2025": 0.0,
                "2026": 0.0,
                "2027": 0.0,
                "2028": 0.0,
                "2029": 0.0,
                "2030": 0.0,
                "2031": 0.0,
                "2032": 0.0,
                "2033": 0.0,
                "2034": 0.0,
                "2035": 0.0,
                "2036": 0.0,
                "2037": 0.0,
                "2038": 0.0,
                "2039": 0.0,
                "2040": 0.0
            },
            {
                "Tech": "PWRWND",
                "Ts": "S22",
                "2020": 0.0,
                "2021": 0.0,
                "2022": 0.0,
                "2023": 0.0,
                "2024": 0.0,
                "2025": 0.0,
                "2026": 0.0,
                "2027": 0.0,
                "2028": 0.0,
                "2029": 0.0,
                "2030": 0.0,
                "2031": 0.0,
                "2032": 0.0,
                "2033": 0.0,
                "2034": 0.0,
                "2035": 0.0,
                "2036": 0.0,
                "2037": 0.0,
                "2038": 0.0,
                "2039": 0.0,
                "2040": 0.0
            },
            {
                "Tech": "MINHYD",
                "Ts": "S11",
                "2020": 61.0294117647,
                "2021": 62.8602941176,
                "2022": 64.7461029412,
                "2023": 66.6884860294,
                "2024": 68.6891406103,
                "2025": 70.7498148103,
                "2026": 72.8723093022,
                "2027": 75.0584785257,
                "2028": 77.3102328846,
                "2029": 79.6295399059,
                "2030": 82.0184260713,
                "2031": 84.4789788919,
                "2032": 87.0133482507,
                "2033": 89.623748661,
                "2034": 92.3124611581,
                "2035": 95.0818350081,
                "2036": 97.9342900272,
                "2037": 100.8723187176,
                "2038": 103.8984882816,
                "2039": 107.0154429404,
                "2040": 110.2259062537
            },
            {
                "Tech": "MINHYD",
                "Ts": "S12",
                "2020": 40.0,
                "2021": 41.2,
                "2022": 42.436,
                "2023": 43.70908,
                "2024": 45.0203524,
                "2025": 46.37096296,
                "2026": 47.76209188,
                "2027": 49.1949546,
                "2028": 50.67080324,
                "2029": 52.19092736,
                "2030": 53.75665516,
                "2031": 55.36935484,
                "2032": 57.03043548,
                "2033": 58.74134852,
                "2034": 60.503589,
                "2035": 62.31869668,
                "2036": 64.18825756,
                "2037": 66.11390528,
                "2038": 68.09732244,
                "2039": 70.14024212,
                "2040": 72.2444494
            },
            {
                "Tech": "MINHYD",
                "Ts": "S21",
                "2020": 101.7156862745,
                "2021": 104.7671568627,
                "2022": 107.9101715686,
                "2023": 111.1474767157,
                "2024": 114.4819010172,
                "2025": 117.9163580172,
                "2026": 121.453848837,
                "2027": 125.0974642096,
                "2028": 128.8503881409,
                "2029": 132.7158998431,
                "2030": 136.6973767855,
                "2031": 140.7982981532,
                "2032": 145.0222470846,
                "2033": 149.372914435,
                "2034": 153.8541019301,
                "2035": 158.4697250135,
                "2036": 163.223816712,
                "2037": 168.1205311961,
                "2038": 173.164147136,
                "2039": 178.3590715674,
                "2040": 183.7098437561
            },
            {
                "Tech": "MINHYD",
                "Ts": "S22",
                "2020": 101.7156862745,
                "2021": 104.7671568627,
                "2022": 107.9101715686,
                "2023": 111.1474767157,
                "2024": 114.4819010172,
                "2025": 117.9163580172,
                "2026": 121.453848837,
                "2027": 125.0974642096,
                "2028": 128.8503881409,
                "2029": 132.7158998431,
                "2030": 136.6973767855,
                "2031": 140.7982981532,
                "2032": 145.0222470846,
                "2033": 149.372914435,
                "2034": 153.8541019301,
                "2035": 158.4697250135,
                "2036": 163.223816712,
                "2037": 168.1205311961,
                "2038": 173.164147136,
                "2039": 178.3590715674,
                "2040": 183.7098437561
            },
            {
                "Tech": "PWRHYD",
                "Ts": "S11",
                "2020": 61.0294117647,
                "2021": 62.8602941176,
                "2022": 64.7461029412,
                "2023": 66.6884860294,
                "2024": 68.6891406103,
                "2025": 70.7498148103,
                "2026": 72.8723093022,
                "2027": 75.0584785257,
                "2028": 77.3102328846,
                "2029": 79.6295399059,
                "2030": 82.0184260713,
                "2031": 84.4789788919,
                "2032": 87.0133482507,
                "2033": 89.623748661,
                "2034": 92.3124611581,
                "2035": 95.0818350081,
                "2036": 97.9342900272,
                "2037": 100.8723187176,
                "2038": 103.8984882816,
                "2039": 107.0154429404,
                "2040": 110.2259062537
            },
            {
                "Tech": "PWRHYD",
                "Ts": "S12",
                "2020": 40.0,
                "2021": 41.2,
                "2022": 42.436,
                "2023": 43.70908,
                "2024": 45.0203524,
                "2025": 46.37096296,
                "2026": 47.76209188,
                "2027": 49.1949546,
                "2028": 50.67080324,
                "2029": 52.19092736,
                "2030": 53.75665516,
                "2031": 55.36935484,
                "2032": 57.03043548,
                "2033": 58.74134852,
                "2034": 60.503589,
                "2035": 62.31869668,
                "2036": 64.18825756,
                "2037": 66.11390528,
                "2038": 68.09732244,
                "2039": 70.14024212,
                "2040": 72.2444494
            },
            {
                "Tech": "PWRHYD",
                "Ts": "S21",
                "2020": 101.7156862745,
                "2021": 104.7671568627,
                "2022": 107.9101715686,
                "2023": 111.1474767157,
                "2024": 114.4819010172,
                "2025": 117.9163580172,
                "2026": 121.453848837,
                "2027": 125.0974642096,
                "2028": 128.8503881409,
                "2029": 132.7158998431,
                "2030": 136.6973767855,
                "2031": 140.7982981532,
                "2032": 145.0222470846,
                "2033": 149.372914435,
                "2034": 153.8541019301,
                "2035": 158.4697250135,
                "2036": 163.223816712,
                "2037": 168.1205311961,
                "2038": 173.164147136,
                "2039": 178.3590715674,
                "2040": 183.7098437561
            },
            {
                "Tech": "PWRHYD",
                "Ts": "S22",
                "2020": 101.7156862745,
                "2021": 104.7671568627,
                "2022": 107.9101715686,
                "2023": 111.1474767157,
                "2024": 114.4819010172,
                "2025": 117.9163580172,
                "2026": 121.453848837,
                "2027": 125.0974642096,
                "2028": 128.8503881409,
                "2029": 132.7158998431,
                "2030": 136.6973767855,
                "2031": 140.7982981532,
                "2032": 145.0222470846,
                "2033": 149.372914435,
                "2034": 153.8541019301,
                "2035": 158.4697250135,
                "2036": 163.223816712,
                "2037": 168.1205311961,
                "2038": 173.164147136,
                "2039": 178.3590715674,
                "2040": 183.7098437561
            }
        ]
    }
}