{
    "osy-version": "2.0",
    "osy-casename": "Namibia CLEWs",
    "osy-desc": "First version of the Namibia CLEWs model",
    "osy-date": "05/10/2022",
    "osy-currency": "USD",
    "osy-ns": "4",
    "osy-dt": "3",
    "osy-mo": "1",
    "osy-tech": [
        {
            "ActUnitId": "TJ",
            "CapUnitId": "MW",
            "Desc": "Coal imports",
            "EAR": [],
            "IAR": [],
            "INCR": [],
            "ITCR": [],
            "OAR": [
                "COM_0"
            ],
            "Tech": "IMPCOA",
            "TechId": "TEC_0"
        },
        {
            "ActUnitId": "TJ",
            "CapUnitId": "MW",
            "Desc": "Import of HFO",
            "EAR": [],
            "IAR": [],
            "INCR": [],
            "ITCR": [],
            "OAR": [
                "COM_23ub5"
            ],
            "Tech": "IMPHFO",
            "TechId": "TEC_s94gf"
        },
        {
            "ActUnitId": "TJ",
            "CapUnitId": "MW",
            "Desc": "Hydro resource",
            "EAR": [],
            "IAR": [],
            "INCR": [],
            "ITCR": [],
            "OAR": [
                "COM_ex5eb"
            ],
            "Tech": "MINHYD",
            "TechId": "TEC_cmb2h"
        },
        {
            "ActUnitId": "TJ",
            "CapUnitId": "MW",
            "Desc": "Solar resource",
            "EAR": [],
            "IAR": [],
            "INCR": [],
            "ITCR": [],
            "OAR": [
                "COM_tkt29"
            ],
            "Tech": "MINSOL",
            "TechId": "TEC_270l3"
        },
        {
            "ActUnitId": "TJ",
            "CapUnitId": "MW",
            "Desc": "Wind resource",
            "EAR": [],
            "IAR": [],
            "INCR": [],
            "ITCR": [],
            "OAR": [
                "COM_l51cl"
            ],
            "Tech": "MINWND",
            "TechId": "TEC_tyj6b"
        },
        {
            "ActUnitId": "TJ",
            "CapUnitId": "MW",
            "Desc": "Van Eck",
            "EAR": [],
            "IAR": [
                "COM_0"
            ],
            "INCR": [],
            "ITCR": [],
            "OAR": [
                "COM_ds81d"
            ],
            "Tech": "PWRCOA001",
            "TechId": "TEC_dsj6c"
        },
        {
            "ActUnitId": "TJ",
            "CapUnitId": "MW",
            "Desc": "Anixas",
            "EAR": [],
            "IAR": [
                "COM_23ub5"
            ],
            "INCR": [],
            "ITCR": [],
            "OAR": [
                "COM_ds81d"
            ],
            "Tech": "PWRHFO001",
            "TechId": "TEC_g26az"
        },
        {
            "ActUnitId": "TJ",
            "CapUnitId": "MW",
            "Desc": "Ruacana",
            "EAR": [],
            "IAR": [
                "COM_ex5eb"
            ],
            "INCR": [],
            "ITCR": [],
            "OAR": [
                "COM_ds81d"
            ],
            "Tech": "PWRHYD001",
            "TechId": "TEC_jhka2"
        },
        {
            "ActUnitId": "TJ",
            "CapUnitId": "MW",
            "Desc": "Solar PV",
            "EAR": [],
            "IAR": [
                "COM_tkt29"
            ],
            "INCR": [],
            "ITCR": [],
            "OAR": [
                "COM_ds81d"
            ],
            "Tech": "PWRSOL001",
            "TechId": "TEC_qm7g6"
        },
        {
            "ActUnitId": "TJ",
            "CapUnitId": "MW",
            "Desc": "Wind turbines",
            "EAR": [],
            "IAR": [
                "COM_l51cl"
            ],
            "INCR": [],
            "ITCR": [],
            "OAR": [
                "COM_ds81d"
            ],
            "Tech": "PWRWND001",
            "TechId": "TEC_i64as"
        },
        {
            "ActUnitId": "TJ",
            "CapUnitId": "MW",
            "Desc": "Tranmission&Distribution network",
            "EAR": [],
            "IAR": [
                "COM_ds81d"
            ],
            "INCR": [],
            "ITCR": [],
            "OAR": [
                "COM_qj523"
            ],
            "Tech": "PWRTRN001",
            "TechId": "TEC_5tbaw"
        },
        {
            "ActUnitId": "TJ",
            "CapUnitId": "MW",
            "Desc": "Biomass power plant",
            "EAR": [],
            "IAR": [
                "COM_175lg"
            ],
            "INCR": [],
            "ITCR": [],
            "OAR": [
                "COM_ds81d"
            ],
            "Tech": "PWRBIO001",
            "TechId": "TEC_ezcew"
        },
        {
            "ActUnitId": "TJ",
            "CapUnitId": "MW",
            "Desc": "Invader bush resource",
            "EAR": [],
            "IAR": [],
            "INCR": [],
            "ITCR": [],
            "OAR": [
                "COM_175lg"
            ],
            "Tech": "MINBIO001",
            "TechId": "TEC_s2uho"
        },
        {
            "ActUnitId": "TJ",
            "CapUnitId": "MW",
            "Desc": "Import of diesel",
            "EAR": [],
            "IAR": [],
            "INCR": [],
            "ITCR": [],
            "OAR": [
                "COM_g7mgy"
            ],
            "Tech": "IMPDSL",
            "TechId": "TEC_i878b"
        },
        {
            "ActUnitId": "TJ",
            "CapUnitId": "MW",
            "Desc": "Import of gasoline",
            "EAR": [],
            "IAR": [],
            "INCR": [],
            "ITCR": [],
            "OAR": [
                "COM_iasyy"
            ],
            "Tech": "IMPGSL",
            "TechId": "TEC_gdac5"
        },
        {
            "ActUnitId": "TJ",
            "CapUnitId": "MW",
            "Desc": "Import of kerosene",
            "EAR": [],
            "IAR": [],
            "INCR": [],
            "ITCR": [],
            "OAR": [
                "COM_3y0kt"
            ],
            "Tech": "IMPKER001",
            "TechId": "TEC_eif72"
        },
        {
            "ActUnitId": "TJ",
            "CapUnitId": "MW",
            "Desc": "Import of LPG",
            "EAR": [],
            "IAR": [],
            "INCR": [],
            "ITCR": [],
            "OAR": [
                "COM_fb1ub"
            ],
            "Tech": "IMPLPG",
            "TechId": "TEC_7vdqi"
        },
        {
            "ActUnitId": "TJ",
            "CapUnitId": "MW",
            "Desc": "Import of aviation fuel",
            "EAR": [],
            "IAR": [],
            "INCR": [],
            "ITCR": [],
            "OAR": [
                "COM_0ikzc"
            ],
            "Tech": "IMPKER002",
            "TechId": "TEC_eajh2"
        },
        {
            "ActUnitId": "TJ",
            "CapUnitId": "MW",
            "Desc": "Mining of gas",
            "EAR": [],
            "IAR": [],
            "INCR": [],
            "ITCR": [],
            "OAR": [
                "COM_ewlql"
            ],
            "Tech": "MINNGS",
            "TechId": "TEC_44tbl"
        },
        {
            "ActUnitId": "TJ",
            "CapUnitId": "MW",
            "Desc": "New coal power plants",
            "EAR": [],
            "IAR": [
                "COM_0"
            ],
            "INCR": [],
            "ITCR": [],
            "OAR": [
                "COM_ds81d"
            ],
            "Tech": "PWRCOA002",
            "TechId": "TEC_gnp14"
        },
        {
            "ActUnitId": "TJ",
            "CapUnitId": "MW",
            "Desc": "Kudo CCGT and new CCGT",
            "EAR": [],
            "IAR": [
                "COM_ewlql"
            ],
            "INCR": [],
            "ITCR": [],
            "OAR": [
                "COM_ds81d"
            ],
            "Tech": "PWRNGS001",
            "TechId": "TEC_nz0ek"
        },
        {
            "ActUnitId": "TJ",
            "CapUnitId": "MW",
            "Desc": "Kudo NG OCGT",
            "EAR": [],
            "IAR": [
                "COM_ewlql"
            ],
            "INCR": [],
            "ITCR": [],
            "OAR": [
                "COM_ds81d"
            ],
            "Tech": "PWRNGS002",
            "TechId": "TEC_e1dpb"
        },
        {
            "ActUnitId": "TJ",
            "CapUnitId": "MW",
            "Desc": "New LNG OCGT",
            "EAR": [],
            "IAR": [
                "COM_ewlql"
            ],
            "INCR": [],
            "ITCR": [],
            "OAR": [
                "COM_ds81d"
            ],
            "Tech": "PWRNGS003",
            "TechId": "TEC_qbrrv"
        },
        {
            "ActUnitId": "TJ",
            "CapUnitId": "MW",
            "Desc": "Baynes hydro",
            "EAR": [],
            "IAR": [
                "COM_ex5eb"
            ],
            "INCR": [],
            "ITCR": [],
            "OAR": [
                "COM_ds81d"
            ],
            "Tech": "PWRHYD002",
            "TechId": "TEC_9mdeo"
        },
        {
            "ActUnitId": "TJ",
            "CapUnitId": "MW",
            "Desc": "L. Orange Hydro",
            "EAR": [],
            "IAR": [
                "COM_ex5eb"
            ],
            "INCR": [],
            "ITCR": [],
            "OAR": [
                "COM_ds81d"
            ],
            "Tech": "PWRHYD003",
            "TechId": "TEC_rrleq"
        },
        {
            "ActUnitId": "TJ",
            "CapUnitId": "MW",
            "Desc": "Solar PV distributed",
            "EAR": [],
            "IAR": [
                "COM_tkt29"
            ],
            "INCR": [],
            "ITCR": [],
            "OAR": [
                "COM_qj523"
            ],
            "Tech": "PWRSOL002",
            "TechId": "TEC_w3qbp"
        },
        {
            "ActUnitId": "TJ",
            "CapUnitId": "MW",
            "Desc": "New CSP",
            "EAR": [],
            "IAR": [
                "COM_tkt29"
            ],
            "INCR": [],
            "ITCR": [],
            "OAR": [
                "COM_ds81d"
            ],
            "Tech": "PWRSOL003",
            "TechId": "TEC_hg485"
        },
        {
            "ActUnitId": "TJ",
            "CapUnitId": "MW",
            "Desc": "New Anixas II HFO",
            "EAR": [],
            "IAR": [
                "COM_23ub5"
            ],
            "INCR": [],
            "ITCR": [],
            "OAR": [
                "COM_ds81d"
            ],
            "Tech": "PWRHFO002",
            "TechId": "TEC_tvfb0"
        },
        {
            "ActUnitId": "TJ",
            "CapUnitId": "MW",
            "Desc": "New HFO ICRE",
            "EAR": [],
            "IAR": [
                "COM_23ub5"
            ],
            "INCR": [],
            "ITCR": [],
            "OAR": [
                "COM_ds81d"
            ],
            "Tech": "PWRHFO003",
            "TechId": "TEC_curyb"
        },
        {
            "ActUnitId": "TJ",
            "CapUnitId": "MW",
            "Desc": "El import South Africa",
            "EAR": [],
            "IAR": [],
            "INCR": [],
            "ITCR": [],
            "OAR": [
                "COM_ds81d"
            ],
            "Tech": "IMPELC001",
            "TechId": "TEC_frt7y"
        },
        {
            "ActUnitId": "TJ",
            "CapUnitId": "MW",
            "Desc": "El import Zambia",
            "EAR": [],
            "IAR": [],
            "INCR": [],
            "ITCR": [],
            "OAR": [
                "COM_ds81d"
            ],
            "Tech": "IMPELC002",
            "TechId": "TEC_zbsqx"
        },
        {
            "ActUnitId": "TJ",
            "CapUnitId": "MW",
            "Desc": "El import Zimbabwe",
            "EAR": [],
            "IAR": [],
            "INCR": [],
            "ITCR": [],
            "OAR": [
                "COM_ds81d"
            ],
            "Tech": "IMPELC003",
            "TechId": "TEC_tc3wo"
        },
        {
            "ActUnitId": "TJ",
            "CapUnitId": "MW",
            "Desc": "Accounting transport gasoline",
            "EAR": [],
            "IAR": [
                "COM_iasyy"
            ],
            "INCR": [],
            "ITCR": [],
            "OAR": [
                "COM_n2oc3"
            ],
            "Tech": "DEMTRAGSL",
            "TechId": "TEC_t1h1g"
        },
        {
            "ActUnitId": "TJ",
            "CapUnitId": "MW",
            "Desc": "Accounting transport diesel",
            "EAR": [],
            "IAR": [
                "COM_g7mgy"
            ],
            "INCR": [],
            "ITCR": [],
            "OAR": [
                "COM_1rtbu"
            ],
            "Tech": "DEMTRADSL",
            "TechId": "TEC_bgej8"
        },
        {
            "ActUnitId": "TJ",
            "CapUnitId": "MW",
            "Desc": "Accounting industry diesel",
            "EAR": [],
            "IAR": [
                "COM_g7mgy"
            ],
            "INCR": [],
            "ITCR": [],
            "OAR": [
                "COM_ny1ak"
            ],
            "Tech": "DEMINDDSL",
            "TechId": "TEC_xpkp3"
        },
        {
            "ActUnitId": "TJ",
            "CapUnitId": "MW",
            "Desc": "Accounting agriculture diesel",
            "EAR": [],
            "IAR": [
                "COM_g7mgy"
            ],
            "INCR": [],
            "ITCR": [],
            "OAR": [
                "COM_b3hba"
            ],
            "Tech": "DEMAGRDSL",
            "TechId": "TEC_l4nc0"
        },
        {
            "ActUnitId": "TJ",
            "CapUnitId": "MW",
            "Desc": "Accounting other diesel",
            "EAR": [],
            "IAR": [
                "COM_g7mgy"
            ],
            "INCR": [],
            "ITCR": [],
            "OAR": [
                "COM_88so7"
            ],
            "Tech": "DEMOTHDSL",
            "TechId": "TEC_wuwrr"
        },
        {
            "ActUnitId": "TJ",
            "CapUnitId": "MW",
            "Desc": "Accounting industry HFO",
            "EAR": [],
            "IAR": [
                "COM_23ub5"
            ],
            "INCR": [],
            "ITCR": [],
            "OAR": [
                "COM_xhmr2"
            ],
            "Tech": "DEMINDHFO",
            "TechId": "TEC_dbkq9"
        },
        {
            "ActUnitId": "TJ",
            "CapUnitId": "MW",
            "Desc": "Accounting transport HFO",
            "EAR": [],
            "IAR": [
                "COM_23ub5"
            ],
            "INCR": [],
            "ITCR": [],
            "OAR": [
                "COM_omktu"
            ],
            "Tech": "DEMTRAHFO",
            "TechId": "TEC_y255t"
        },
        {
            "ActUnitId": "TJ",
            "CapUnitId": "MW",
            "Desc": "Accounting commercial HFO",
            "EAR": [],
            "IAR": [
                "COM_23ub5"
            ],
            "INCR": [],
            "ITCR": [],
            "OAR": [
                "COM_sax2w"
            ],
            "Tech": "DEMCOMHFO",
            "TechId": "TEC_adic9"
        },
        {
            "ActUnitId": "TJ",
            "CapUnitId": "MW",
            "Desc": "Accounting agriculture HFO",
            "EAR": [],
            "IAR": [
                "COM_23ub5"
            ],
            "INCR": [],
            "ITCR": [],
            "OAR": [
                "COM_0s242"
            ],
            "Tech": "DEMAGRHFO",
            "TechId": "TEC_vai8d"
        },
        {
            "ActUnitId": "TJ",
            "CapUnitId": "MW",
            "Desc": "Accounting residential kerosene",
            "EAR": [],
            "IAR": [
                "COM_3y0kt"
            ],
            "INCR": [],
            "ITCR": [],
            "OAR": [
                "COM_bd2i2"
            ],
            "Tech": "DEMRESKER",
            "TechId": "TEC_1q89q"
        },
        {
            "ActUnitId": "TJ",
            "CapUnitId": "MW",
            "Desc": "Accounting residential charcoal",
            "EAR": [],
            "IAR": [
                "COM_g9l0t"
            ],
            "INCR": [],
            "ITCR": [],
            "OAR": [
                "COM_1e5vi"
            ],
            "Tech": "DEMRESCHC",
            "TechId": "TEC_yhanf"
        },
        {
            "ActUnitId": "TJ",
            "CapUnitId": "MW",
            "Desc": "Accounting industry biomass",
            "EAR": [],
            "IAR": [
                "COM_175lg"
            ],
            "INCR": [],
            "ITCR": [],
            "OAR": [
                "COM_bo8pv"
            ],
            "Tech": "DEMINDBIO",
            "TechId": "TEC_5lrjy"
        },
        {
            "ActUnitId": "TJ",
            "CapUnitId": "MW",
            "Desc": "Accounting residential biomass",
            "EAR": [],
            "IAR": [
                "COM_175lg"
            ],
            "INCR": [],
            "ITCR": [],
            "OAR": [
                "COM_swmmi"
            ],
            "Tech": "DEMRESBIO",
            "TechId": "TEC_j7wue"
        },
        {
            "ActUnitId": "TJ",
            "CapUnitId": "MW",
            "Desc": "Accounting industry LPG",
            "EAR": [],
            "IAR": [
                "COM_fb1ub"
            ],
            "INCR": [],
            "ITCR": [],
            "OAR": [
                "COM_enfga"
            ],
            "Tech": "DEMINDLPG",
            "TechId": "TEC_c06hu"
        },
        {
            "ActUnitId": "TJ",
            "CapUnitId": "MW",
            "Desc": "Accounting transport LPG",
            "EAR": [],
            "IAR": [
                "COM_fb1ub"
            ],
            "INCR": [],
            "ITCR": [],
            "OAR": [
                "COM_mocsn"
            ],
            "Tech": "DEMTRALPG",
            "TechId": "TEC_5vk1y"
        },
        {
            "ActUnitId": "TJ",
            "CapUnitId": "MW",
            "Desc": "Accounting agriculture LPG",
            "EAR": [],
            "IAR": [
                "COM_fb1ub"
            ],
            "INCR": [],
            "ITCR": [],
            "OAR": [
                "COM_cihp6"
            ],
            "Tech": "DEMAGRLPG",
            "TechId": "TEC_lz34p"
        },
        {
            "ActUnitId": "TJ",
            "CapUnitId": "MW",
            "Desc": "Accounting other LPG",
            "EAR": [],
            "IAR": [
                "COM_fb1ub"
            ],
            "INCR": [],
            "ITCR": [],
            "OAR": [
                "COM_on500"
            ],
            "Tech": "DEMOTHLPG",
            "TechId": "TEC_wv84j"
        },
        {
            "ActUnitId": "TJ",
            "CapUnitId": "MW",
            "Desc": "Charcoal production",
            "EAR": [],
            "IAR": [],
            "INCR": [],
            "ITCR": [],
            "OAR": [
                "COM_g9l0t"
            ],
            "Tech": "MINCHC",
            "TechId": "TEC_ar4yz"
        }
    ],
    "osy-comm": [
        {
            "Comm": "COA",
            "CommId": "COM_0",
            "Desc": "Coal",
            "UnitId": "TJ"
        },
        {
            "Comm": "HYD",
            "CommId": "COM_ex5eb",
            "Desc": "Hydro",
            "UnitId": "TJ"
        },
        {
            "Comm": "SOL",
            "CommId": "COM_tkt29",
            "Desc": "Solar",
            "UnitId": "TJ"
        },
        {
            "Comm": "WND",
            "CommId": "COM_l51cl",
            "Desc": "Wind",
            "UnitId": "TJ"
        },
        {
            "Comm": "HFO",
            "CommId": "COM_23ub5",
            "Desc": "Heavy Fuel Oil",
            "UnitId": "TJ"
        },
        {
            "Comm": "ELC001",
            "CommId": "COM_ds81d",
            "Desc": "Electricity for Transmission",
            "UnitId": "TJ"
        },
        {
            "Comm": "ELC002",
            "CommId": "COM_qj523",
            "Desc": "Final electricity",
            "UnitId": "TJ"
        },
        {
            "Comm": "BIO",
            "CommId": "COM_175lg",
            "Desc": "Invader bush",
            "UnitId": "TJ"
        },
        {
            "Comm": "RESCHC",
            "CommId": "COM_1e5vi",
            "Desc": "Residential charcoal",
            "UnitId": "TJ"
        },
        {
            "Comm": "LNG",
            "CommId": "COM_ewlql",
            "Desc": "LNG",
            "UnitId": "TJ"
        },
        {
            "Comm": "TRADSL",
            "CommId": "COM_1rtbu",
            "Desc": "Diesel for transportation",
            "UnitId": "TJ"
        },
        {
            "Comm": "TRAGSL",
            "CommId": "COM_n2oc3",
            "Desc": "Gasoline for transportation",
            "UnitId": "TJ"
        },
        {
            "Comm": "TRAHFO",
            "CommId": "COM_omktu",
            "Desc": "Fuel oil for transportation",
            "UnitId": "TJ"
        },
        {
            "Comm": "INDDSL",
            "CommId": "COM_ny1ak",
            "Desc": "Diesel for industry",
            "UnitId": "TJ"
        },
        {
            "Comm": "INDHFO",
            "CommId": "COM_xhmr2",
            "Desc": "HFO for industry",
            "UnitId": "TJ"
        },
        {
            "Comm": "RESKER",
            "CommId": "COM_bd2i2",
            "Desc": "Kerosene for residential",
            "UnitId": "TJ"
        },
        {
            "Comm": "AGRDSL",
            "CommId": "COM_b3hba",
            "Desc": "Diesel for agriculture",
            "UnitId": "TJ"
        },
        {
            "Comm": "AGRHFO",
            "CommId": "COM_0s242",
            "Desc": "HFO for agriculture",
            "UnitId": "TJ"
        },
        {
            "Comm": "AGRLPG",
            "CommId": "COM_cihp6",
            "Desc": "LPG for agriculture",
            "UnitId": "TJ"
        },
        {
            "Comm": "OTHDSL",
            "CommId": "COM_88so7",
            "Desc": "Diesel for other uses",
            "UnitId": "TJ"
        },
        {
            "Comm": "OTHLPG",
            "CommId": "COM_on500",
            "Desc": "LPG for other uses",
            "UnitId": "TJ"
        },
        {
            "Comm": "COMHFO",
            "CommId": "COM_sax2w",
            "Desc": "HFO for commercial",
            "UnitId": "TJ"
        },
        {
            "Comm": "INDLPG",
            "CommId": "COM_enfga",
            "Desc": "LPG for industry",
            "UnitId": "TJ"
        },
        {
            "Comm": "TRALPG",
            "CommId": "COM_mocsn",
            "Desc": "LPG for transportation",
            "UnitId": "TJ"
        },
        {
            "Comm": "RESBIO",
            "CommId": "COM_swmmi",
            "Desc": "Biomass for residential",
            "UnitId": "TJ"
        },
        {
            "Comm": "INDBIO",
            "CommId": "COM_bo8pv",
            "Desc": "Biomass for industry",
            "UnitId": "TJ"
        },
        {
            "Comm": "KER001",
            "CommId": "COM_3y0kt",
            "Desc": "Kerosene",
            "UnitId": "TJ"
        },
        {
            "Comm": "KER002",
            "CommId": "COM_0ikzc",
            "Desc": "Aviation fuel",
            "UnitId": "TJ"
        },
        {
            "Comm": "GSL",
            "CommId": "COM_iasyy",
            "Desc": "Gasoline",
            "UnitId": "TJ"
        },
        {
            "Comm": "DSL",
            "CommId": "COM_g7mgy",
            "Desc": "Diesel",
            "UnitId": "TJ"
        },
        {
            "Comm": "LPG",
            "CommId": "COM_fb1ub",
            "Desc": "LPG",
            "UnitId": "TJ"
        },
        {
            "Comm": "CHC",
            "CommId": "COM_g9l0t",
            "Desc": "Charcoal",
            "UnitId": "TJ"
        }
    ],
    "osy-emis": [
        {
            "Desc": "CO2 equivalent",
            "Emis": "CO2eq",
            "EmisId": "EMI_0",
            "UnitId": "kTon/yr"
        }
    ],
    "osy-scenarios": [
        {
            "Active": true,
            "Desc": "Base scenario",
            "Scenario": "SC_0",
            "ScenarioId": "SC_0"
        }
    ],
    "osy-constraints": [],
    "osy-years": [
        "2019",
        "2020",
        "2021",
        "2022",
        "2023",
        "2024",
        "2025",
        "2026",
        "2027",
        "2028",
        "2029",
        "2030",
        "2031",
        "2032",
        "2033",
        "2034",
        "2035",
        "2036",
        "2037",
        "2038",
        "2039",
        "2040"
    ]
}