{
    "CAU": {
        "SC_0": [
            {
                "TEC_0": 1,
                "TEC_s94gf": 1,
                "TEC_cmb2h": 1,
                "TEC_270l3": 1,
                "TEC_tyj6b": 1,
                "TEC_dsj6c": 1,
                "TEC_g26az": 1,
                "TEC_jhka2": 1,
                "TEC_qm7g6": 1,
                "TEC_i64as": 1,
                "TEC_5tbaw": 1,
                "TEC_ezcew": 1,
                "TEC_s2uho": 1,
                "TEC_i878b": 1,
                "TEC_gdac5": 1,
                "TEC_eif72": 1,
                "TEC_7vdqi": 1,
                "TEC_eajh2": 1,
                "TEC_44tbl": 1,
                "TEC_gnp14": 1,
                "TEC_nz0ek": 1,
                "TEC_e1dpb": 1,
                "TEC_qbrrv": 1,
                "TEC_9mdeo": 1,
                "TEC_rrleq": 1,
                "TEC_w3qbp": 1,
                "TEC_hg485": 1,
                "TEC_tvfb0": 1,
                "TEC_curyb": 1,
                "TEC_frt7y": 1,
                "TEC_zbsqx": 1,
                "TEC_tc3wo": 1,
                "TEC_t1h1g": 1,
                "TEC_bgej8": 1,
                "TEC_xpkp3": 1,
                "TEC_l4nc0": 1,
                "TEC_wuwrr": 1,
                "TEC_dbkq9": 1,
                "TEC_y255t": 1,
                "TEC_adic9": 1,
                "TEC_vai8d": 1,
                "TEC_1q89q": 1,
                "TEC_yhanf": 1,
                "TEC_5lrjy": 1,
                "TEC_j7wue": 1,
                "TEC_c06hu": 1,
                "TEC_5vk1y": 1,
                "TEC_lz34p": 1,
                "TEC_wv84j": 1,
                "TEC_ar4yz": 1
            }
        ]
    },
    "OL": {
        "SC_0": [
            {
                "TEC_0": 1,
                "TEC_s94gf": 1,
                "TEC_cmb2h": 1,
                "TEC_270l3": 1,
                "TEC_tyj6b": 1,
                "TEC_dsj6c": 1,
                "TEC_g26az": 1,
                "TEC_jhka2": 1,
                "TEC_qm7g6": 1,
                "TEC_i64as": 1,
                "TEC_5tbaw": 1,
                "TEC_ezcew": 1,
                "TEC_s2uho": 1,
                "TEC_i878b": 1,
                "TEC_gdac5": 1,
                "TEC_eif72": 1,
                "TEC_7vdqi": 1,
                "TEC_eajh2": 1,
                "TEC_44tbl": 1,
                "TEC_gnp14": 1,
                "TEC_nz0ek": 1,
                "TEC_e1dpb": 1,
                "TEC_qbrrv": 1,
                "TEC_9mdeo": 1,
                "TEC_rrleq": 1,
                "TEC_w3qbp": 1,
                "TEC_hg485": 1,
                "TEC_tvfb0": 1,
                "TEC_curyb": 1,
                "TEC_frt7y": 1,
                "TEC_zbsqx": 1,
                "TEC_tc3wo": 1,
                "TEC_t1h1g": 1,
                "TEC_bgej8": 1,
                "TEC_xpkp3": 1,
                "TEC_l4nc0": 1,
                "TEC_wuwrr": 1,
                "TEC_dbkq9": 1,
                "TEC_y255t": 1,
                "TEC_adic9": 1,
                "TEC_vai8d": 1,
                "TEC_1q89q": 1,
                "TEC_yhanf": 1,
                "TEC_5lrjy": 1,
                "TEC_j7wue": 1,
                "TEC_c06hu": 1,
                "TEC_5vk1y": 1,
                "TEC_lz34p": 1,
                "TEC_wv84j": 1,
                "TEC_ar4yz": 1
            }
        ]
    },
    "TMPAL": {
        "SC_0": [
            {
                "TEC_0": 0,
                "TEC_s94gf": 0,
                "TEC_cmb2h": 0,
                "TEC_270l3": 0,
                "TEC_tyj6b": 0,
                "TEC_dsj6c": 0,
                "TEC_g26az": 0,
                "TEC_jhka2": 0,
                "TEC_qm7g6": 0,
                "TEC_i64as": 0,
                "TEC_5tbaw": 0,
                "TEC_ezcew": 0,
                "TEC_s2uho": 0,
                "TEC_i878b": 0,
                "TEC_gdac5": 0,
                "TEC_eif72": 0,
                "TEC_7vdqi": 0,
                "TEC_eajh2": 0,
                "TEC_44tbl": 0,
                "TEC_gnp14": 0,
                "TEC_nz0ek": 0,
                "TEC_e1dpb": 0,
                "TEC_qbrrv": 0,
                "TEC_9mdeo": 0,
                "TEC_rrleq": 0,
                "TEC_w3qbp": 0,
                "TEC_hg485": 0,
                "TEC_tvfb0": 0,
                "TEC_curyb": 0,
                "TEC_frt7y": 0,
                "TEC_zbsqx": 0,
                "TEC_tc3wo": 0,
                "TEC_t1h1g": 0,
                "TEC_bgej8": 0,
                "TEC_xpkp3": 0,
                "TEC_l4nc0": 0,
                "TEC_wuwrr": 0,
                "TEC_dbkq9": 0,
                "TEC_y255t": 0,
                "TEC_adic9": 0,
                "TEC_vai8d": 0,
                "TEC_1q89q": 0,
                "TEC_yhanf": 0,
                "TEC_5lrjy": 0,
                "TEC_j7wue": 0,
                "TEC_c06hu": 0,
                "TEC_5vk1y": 0,
                "TEC_lz34p": 0,
                "TEC_wv84j": 0,
                "TEC_ar4yz": 0
            }
        ]
    },
    "TMPAU": {
        "SC_0": [
            {
                "TEC_0": 999999,
                "TEC_s94gf": 999999,
                "TEC_cmb2h": 999999,
                "TEC_270l3": 999999,
                "TEC_tyj6b": 999999,
                "TEC_dsj6c": 999999,
                "TEC_g26az": 999999,
                "TEC_jhka2": 999999,
                "TEC_qm7g6": 999999,
                "TEC_i64as": 999999,
                "TEC_5tbaw": 999999,
                "TEC_ezcew": 999999,
                "TEC_s2uho": 999999,
                "TEC_i878b": 999999,
                "TEC_gdac5": 999999,
                "TEC_eif72": 999999,
                "TEC_7vdqi": 999999,
                "TEC_eajh2": 999999,
                "TEC_44tbl": 999999,
                "TEC_gnp14": 999999,
                "TEC_nz0ek": 999999,
                "TEC_e1dpb": 999999,
                "TEC_qbrrv": 999999,
                "TEC_9mdeo": 999999,
                "TEC_rrleq": 999999,
                "TEC_w3qbp": 999999,
                "TEC_hg485": 999999,
                "TEC_tvfb0": 999999,
                "TEC_curyb": 999999,
                "TEC_frt7y": 999999,
                "TEC_zbsqx": 999999,
                "TEC_tc3wo": 999999,
                "TEC_t1h1g": 999999,
                "TEC_bgej8": 999999,
                "TEC_xpkp3": 999999,
                "TEC_l4nc0": 999999,
                "TEC_wuwrr": 999999,
                "TEC_dbkq9": 999999,
                "TEC_y255t": 999999,
                "TEC_adic9": 999999,
                "TEC_vai8d": 999999,
                "TEC_1q89q": 999999,
                "TEC_yhanf": 999999,
                "TEC_5lrjy": 999999,
                "TEC_j7wue": 999999,
                "TEC_c06hu": 999999,
                "TEC_5vk1y": 999999,
                "TEC_lz34p": 999999,
                "TEC_wv84j": 999999,
                "TEC_ar4yz": 999999
            }
        ]
    }
}