{
    "AAD": {
        "SC_0": [
            {
                "2019": 0,
                "2020": 0,
                "2021": 0,
                "2022": 0,
                "2023": 0,
                "2024": 0,
                "2025": 0,
                "2026": 0,
                "2027": 0,
                "2028": 0,
                "2029": 0,
                "2030": 0,
                "2031": 0,
                "2032": 0,
                "2033": 0,
                "2034": 0,
                "2035": 0,
                "2036": 0,
                "2037": 0,
                "2038": 0,
                "2039": 0,
                "2040": 0,
                "CommId": "COM_0"
            },
            {
                "2019": 0,
                "2020": 0,
                "2021": 0,
                "2022": 0,
                "2023": 0,
                "2024": 0,
                "2025": 0,
                "2026": 0,
                "2027": 0,
                "2028": 0,
                "2029": 0,
                "2030": 0,
                "2031": 0,
                "2032": 0,
                "2033": 0,
                "2034": 0,
                "2035": 0,
                "2036": 0,
                "2037": 0,
                "2038": 0,
                "2039": 0,
                "2040": 0,
                "CommId": "COM_ex5eb"
            },
            {
                "2019": 0,
                "2020": 0,
                "2021": 0,
                "2022": 0,
                "2023": 0,
                "2024": 0,
                "2025": 0,
                "2026": 0,
                "2027": 0,
                "2028": 0,
                "2029": 0,
                "2030": 0,
                "2031": 0,
                "2032": 0,
                "2033": 0,
                "2034": 0,
                "2035": 0,
                "2036": 0,
                "2037": 0,
                "2038": 0,
                "2039": 0,
                "2040": 0,
                "CommId": "COM_tkt29"
            },
            {
                "2019": 0,
                "2020": 0,
                "2021": 0,
                "2022": 0,
                "2023": 0,
                "2024": 0,
                "2025": 0,
                "2026": 0,
                "2027": 0,
                "2028": 0,
                "2029": 0,
                "2030": 0,
                "2031": 0,
                "2032": 0,
                "2033": 0,
                "2034": 0,
                "2035": 0,
                "2036": 0,
                "2037": 0,
                "2038": 0,
                "2039": 0,
                "2040": 0,
                "CommId": "COM_l51cl"
            },
            {
                "2019": 0,
                "2020": 0,
                "2021": 0,
                "2022": 0,
                "2023": 0,
                "2024": 0,
                "2025": 0,
                "2026": 0,
                "2027": 0,
                "2028": 0,
                "2029": 0,
                "2030": 0,
                "2031": 0,
                "2032": 0,
                "2033": 0,
                "2034": 0,
                "2035": 0,
                "2036": 0,
                "2037": 0,
                "2038": 0,
                "2039": 0,
                "2040": 0,
                "CommId": "COM_23ub5"
            },
            {
                "2019": 0,
                "2020": 0,
                "2021": 0,
                "2022": 0,
                "2023": 0,
                "2024": 0,
                "2025": 0,
                "2026": 0,
                "2027": 0,
                "2028": 0,
                "2029": 0,
                "2030": 0,
                "2031": 0,
                "2032": 0,
                "2033": 0,
                "2034": 0,
                "2035": 0,
                "2036": 0,
                "2037": 0,
                "2038": 0,
                "2039": 0,
                "2040": 0,
                "CommId": "COM_ds81d"
            },
            {
                "2019": 0,
                "2020": 0,
                "2021": 0,
                "2022": 0,
                "2023": 0,
                "2024": 0,
                "2025": 0,
                "2026": 0,
                "2027": 0,
                "2028": 0,
                "2029": 0,
                "2030": 0,
                "2031": 0,
                "2032": 0,
                "2033": 0,
                "2034": 0,
                "2035": 0,
                "2036": 0,
                "2037": 0,
                "2038": 0,
                "2039": 0,
                "2040": 0,
                "CommId": "COM_qj523"
            },
            {
                "2019": 0,
                "2020": 0,
                "2021": 0,
                "2022": 0,
                "2023": 0,
                "2024": 0,
                "2025": 0,
                "2026": 0,
                "2027": 0,
                "2028": 0,
                "2029": 0,
                "2030": 0,
                "2031": 0,
                "2032": 0,
                "2033": 0,
                "2034": 0,
                "2035": 0,
                "2036": 0,
                "2037": 0,
                "2038": 0,
                "2039": 0,
                "2040": 0,
                "CommId": "COM_175lg"
            },
            {
                "2019": 2.05,
                "2020": 2.06794,
                "2021": 2.08603,
                "2022": 2.10428,
                "2023": 2.1227,
                "2024": 2.14127,
                "2025": 2.16001,
                "2026": 2.17891,
                "2027": 2.19797,
                "2028": 2.2172,
                "2029": 2.23661,
                "2030": 2.25618,
                "2031": 2.27592,
                "2032": 2.29583,
                "2033": 2.31592,
                "2034": 2.33618,
                "2035": 2.35663,
                "2036": 2.37725,
                "2037": 2.39805,
                "2038": 2.41903,
                "2039": 2.4402,
                "2040": 2.46155,
                "CommId": "COM_1e5vi"
            },
            {
                "2019": 0,
                "2020": 0,
                "2021": 0,
                "2022": 0,
                "2023": 0,
                "2024": 0,
                "2025": 0,
                "2026": 0,
                "2027": 0,
                "2028": 0,
                "2029": 0,
                "2030": 0,
                "2031": 0,
                "2032": 0,
                "2033": 0,
                "2034": 0,
                "2035": 0,
                "2036": 0,
                "2037": 0,
                "2038": 0,
                "2039": 0,
                "2040": 0,
                "CommId": "COM_ewlql"
            },
            {
                "2019": 13.58,
                "2020": 13.81765,
                "2021": 14.05946,
                "2022": 14.3055,
                "2023": 14.55585,
                "2024": 14.81057,
                "2025": 15.06976,
                "2026": 15.33348,
                "2027": 15.60181,
                "2028": 15.87485,
                "2029": 16.15266,
                "2030": 16.43533,
                "2031": 16.72295,
                "2032": 17.0156,
                "2033": 17.31337,
                "2034": 17.61635,
                "2035": 17.92464,
                "2036": 18.23832,
                "2037": 18.55749,
                "2038": 18.88225,
                "2039": 19.21269,
                "2040": 19.54891,
                "CommId": "COM_1rtbu"
            },
            {
                "2019": 14.39,
                "2020": 14.642,
                "2021": 14.898,
                "2022": 15.159,
                "2023": 15.424,
                "2024": 15.694,
                "2025": 15.969,
                "2026": 16.248,
                "2027": 16.532,
                "2028": 16.822,
                "2029": 17.116,
                "2030": 17.416,
                "2031": 17.72,
                "2032": 18.031,
                "2033": 18.346,
                "2034": 18.667,
                "2035": 18.994,
                "2036": 19.326,
                "2037": 19.664,
                "2038": 20.009,
                "2039": 20.359,
                "2040": 20.715,
                "CommId": "COM_n2oc3"
            },
            {
                "2019": 0.04,
                "2020": 0.04132,
                "2021": 0.04268,
                "2022": 0.04409,
                "2023": 0.04555,
                "2024": 0.04705,
                "2025": 0.0486,
                "2026": 0.05021,
                "2027": 0.05186,
                "2028": 0.05358,
                "2029": 0.05534,
                "2030": 0.05717,
                "2031": 0.05906,
                "2032": 0.06101,
                "2033": 0.06302,
                "2034": 0.0651,
                "2035": 0.06725,
                "2036": 0.06947,
                "2037": 0.07176,
                "2038": 0.07413,
                "2039": 0.07658,
                "2040": 0.0791,
                "CommId": "COM_omktu"
            },
            {
                "2019": 3.83,
                "2020": 3.91802,
                "2021": 4.00807,
                "2022": 4.10019,
                "2023": 4.19442,
                "2024": 4.29082,
                "2025": 4.38943,
                "2026": 4.49031,
                "2027": 4.59351,
                "2028": 4.69908,
                "2029": 4.80708,
                "2030": 4.91756,
                "2031": 5.03058,
                "2032": 5.14619,
                "2033": 5.26447,
                "2034": 5.38546,
                "2035": 5.50923,
                "2036": 5.63585,
                "2037": 5.76537,
                "2038": 5.89787,
                "2039": 6.03342,
                "2040": 6.17209,
                "CommId": "COM_ny1ak"
            },
            {
                "2019": 0.08,
                "2020": 0.08184,
                "2021": 0.08372,
                "2022": 0.08564,
                "2023": 0.08761,
                "2024": 0.08963,
                "2025": 0.09169,
                "2026": 0.09379,
                "2027": 0.09595,
                "2028": 0.09815,
                "2029": 0.10041,
                "2030": 0.10272,
                "2031": 0.10508,
                "2032": 0.10749,
                "2033": 0.10996,
                "2034": 0.11249,
                "2035": 0.11508,
                "2036": 0.11772,
                "2037": 0.12043,
                "2038": 0.12319,
                "2039": 0.12602,
                "2040": 0.12892,
                "CommId": "COM_xhmr2"
            },
            {
                "2019": 0.088,
                "2020": 0.08908,
                "2021": 0.09017,
                "2022": 0.09127,
                "2023": 0.09239,
                "2024": 0.09352,
                "2025": 0.09467,
                "2026": 0.09583,
                "2027": 0.097,
                "2028": 0.09819,
                "2029": 0.09939,
                "2030": 0.10061,
                "2031": 0.10184,
                "2032": 0.10309,
                "2033": 0.10435,
                "2034": 0.10563,
                "2035": 0.10693,
                "2036": 0.10824,
                "2037": 0.10956,
                "2038": 0.1109,
                "2039": 0.11226,
                "2040": 0.11364,
                "CommId": "COM_bd2i2"
            },
            {
                "2019": 13.67,
                "2020": 13.83746,
                "2021": 14.00697,
                "2022": 14.17855,
                "2023": 14.35224,
                "2024": 14.52805,
                "2025": 14.70602,
                "2026": 14.88617,
                "2027": 15.06853,
                "2028": 15.25312,
                "2029": 15.43997,
                "2030": 15.62911,
                "2031": 15.82056,
                "2032": 16.01437,
                "2033": 16.21054,
                "2034": 16.40912,
                "2035": 16.61013,
                "2036": 16.81361,
                "2037": 17.01957,
                "2038": 17.22806,
                "2039": 17.43911,
                "2040": 17.65274,
                "CommId": "COM_b3hba"
            },
            {
                "2019": 0.53,
                "2020": 0.53649,
                "2021": 0.54306,
                "2022": 0.54972,
                "2023": 0.55645,
                "2024": 0.56327,
                "2025": 0.57017,
                "2026": 0.57715,
                "2027": 0.58422,
                "2028": 0.59138,
                "2029": 0.59862,
                "2030": 0.60596,
                "2031": 0.61338,
                "2032": 0.62089,
                "2033": 0.6285,
                "2034": 0.6362,
                "2035": 0.64399,
                "2036": 0.65188,
                "2037": 0.65987,
                "2038": 0.66795,
                "2039": 0.67613,
                "2040": 0.68441,
                "CommId": "COM_0s242"
            },
            {
                "2019": 0.19,
                "2020": 0.19233,
                "2021": 0.19468,
                "2022": 0.19707,
                "2023": 0.19948,
                "2024": 0.20193,
                "2025": 0.2044,
                "2026": 0.2069,
                "2027": 0.20944,
                "2028": 0.212,
                "2029": 0.2146,
                "2030": 0.21723,
                "2031": 0.21989,
                "2032": 0.22258,
                "2033": 0.22531,
                "2034": 0.22807,
                "2035": 0.23087,
                "2036": 0.23369,
                "2037": 0.23656,
                "2038": 0.23945,
                "2039": 0.24239,
                "2040": 0.24536,
                "CommId": "COM_cihp6"
            },
            {
                "2019": 3.33,
                "2020": 3.34166,
                "2021": 3.35335,
                "2022": 3.36509,
                "2023": 3.37687,
                "2024": 3.38868,
                "2025": 3.40054,
                "2026": 3.41245,
                "2027": 3.42439,
                "2028": 3.43638,
                "2029": 3.4484,
                "2030": 3.46047,
                "2031": 3.47258,
                "2032": 3.48474,
                "2033": 3.49693,
                "2034": 3.50917,
                "2035": 3.52146,
                "2036": 3.53378,
                "2037": 3.54615,
                "2038": 3.55856,
                "2039": 3.57102,
                "2040": 3.58351,
                "CommId": "COM_88so7"
            },
            {
                "2019": 0.8,
                "2020": 0.8028,
                "2021": 0.80561,
                "2022": 0.80843,
                "2023": 0.81126,
                "2024": 0.8141,
                "2025": 0.81695,
                "2026": 0.81981,
                "2027": 0.82268,
                "2028": 0.82556,
                "2029": 0.82845,
                "2030": 0.83134,
                "2031": 0.83425,
                "2032": 0.83717,
                "2033": 0.8401,
                "2034": 0.84304,
                "2035": 0.846,
                "2036": 0.84896,
                "2037": 0.85193,
                "2038": 0.85491,
                "2039": 0.8579,
                "2040": 0.8609,
                "CommId": "COM_on500"
            },
            {
                "2019": 0.08,
                "2020": 0.0814,
                "2021": 0.08282,
                "2022": 0.08427,
                "2023": 0.08575,
                "2024": 0.08725,
                "2025": 0.08878,
                "2026": 0.09033,
                "2027": 0.09191,
                "2028": 0.09352,
                "2029": 0.09516,
                "2030": 0.09682,
                "2031": 0.09852,
                "2032": 0.10024,
                "2033": 0.10199,
                "2034": 0.10378,
                "2035": 0.10559,
                "2036": 0.10744,
                "2037": 0.10932,
                "2038": 0.11124,
                "2039": 0.11318,
                "2040": 0.11516,
                "CommId": "COM_sax2w"
            },
            {
                "2019": 0.047,
                "2020": 0.04808,
                "2021": 0.04919,
                "2022": 0.05032,
                "2023": 0.05147,
                "2024": 0.05265,
                "2025": 0.05387,
                "2026": 0.0551,
                "2027": 0.05637,
                "2028": 0.05766,
                "2029": 0.05899,
                "2030": 0.06035,
                "2031": 0.06173,
                "2032": 0.06315,
                "2033": 0.0646,
                "2034": 0.06609,
                "2035": 0.06761,
                "2036": 0.06916,
                "2037": 0.07075,
                "2038": 0.07238,
                "2039": 0.07404,
                "2040": 0.07574,
                "CommId": "COM_enfga"
            },
            {
                "2019": 0.28,
                "2020": 0.28924,
                "2021": 0.29879,
                "2022": 0.30865,
                "2023": 0.31883,
                "2024": 0.32936,
                "2025": 0.34023,
                "2026": 0.35145,
                "2027": 0.36305,
                "2028": 0.37504,
                "2029": 0.38741,
                "2030": 0.4002,
                "2031": 0.41341,
                "2032": 0.42705,
                "2033": 0.44114,
                "2034": 0.4557,
                "2035": 0.47074,
                "2036": 0.48628,
                "2037": 0.50233,
                "2038": 0.5189,
                "2039": 0.53603,
                "2040": 0.55372,
                "CommId": "COM_mocsn"
            },
            {
                "2019": 5.84,
                "2020": 5.91154,
                "2021": 5.98396,
                "2022": 6.05726,
                "2023": 6.13146,
                "2024": 6.20657,
                "2025": 6.2826,
                "2026": 6.35956,
                "2027": 6.43747,
                "2028": 6.51633,
                "2029": 6.59615,
                "2030": 6.67696,
                "2031": 6.75875,
                "2032": 6.84154,
                "2033": 6.92535,
                "2034": 7.01019,
                "2035": 7.09606,
                "2036": 7.18299,
                "2037": 7.27098,
                "2038": 7.36005,
                "2039": 7.45021,
                "2040": 7.54148,
                "CommId": "COM_swmmi"
            },
            {
                "2019": 1.28,
                "2020": 1.30942,
                "2021": 1.33951,
                "2022": 1.3703,
                "2023": 1.40179,
                "2024": 1.43401,
                "2025": 1.46696,
                "2026": 1.50068,
                "2027": 1.53517,
                "2028": 1.57045,
                "2029": 1.60654,
                "2030": 1.64347,
                "2031": 1.68124,
                "2032": 1.71988,
                "2033": 1.7594,
                "2034": 1.79984,
                "2035": 1.8412,
                "2036": 1.88352,
                "2037": 1.92681,
                "2038": 1.97109,
                "2039": 2.01639,
                "2040": 2.06273,
                "CommId": "COM_bo8pv"
            },
            {
                "2019": 0,
                "2020": 0,
                "2021": 0,
                "2022": 0,
                "2023": 0,
                "2024": 0,
                "2025": 0,
                "2026": 0,
                "2027": 0,
                "2028": 0,
                "2029": 0,
                "2030": 0,
                "2031": 0,
                "2032": 0,
                "2033": 0,
                "2034": 0,
                "2035": 0,
                "2036": 0,
                "2037": 0,
                "2038": 0,
                "2039": 0,
                "2040": 0,
                "CommId": "COM_3y0kt"
            },
            {
                "2019": 0,
                "2020": 0,
                "2021": 0,
                "2022": 0,
                "2023": 0,
                "2024": 0,
                "2025": 0,
                "2026": 0,
                "2027": 0,
                "2028": 0,
                "2029": 0,
                "2030": 0,
                "2031": 0,
                "2032": 0,
                "2033": 0,
                "2034": 0,
                "2035": 0,
                "2036": 0,
                "2037": 0,
                "2038": 0,
                "2039": 0,
                "2040": 0,
                "CommId": "COM_0ikzc"
            },
            {
                "2019": 0,
                "2020": 0,
                "2021": 0,
                "2022": 0,
                "2023": 0,
                "2024": 0,
                "2025": 0,
                "2026": 0,
                "2027": 0,
                "2028": 0,
                "2029": 0,
                "2030": 0,
                "2031": 0,
                "2032": 0,
                "2033": 0,
                "2034": 0,
                "2035": 0,
                "2036": 0,
                "2037": 0,
                "2038": 0,
                "2039": 0,
                "2040": 0,
                "CommId": "COM_iasyy"
            },
            {
                "2019": 0,
                "2020": 0,
                "2021": 0,
                "2022": 0,
                "2023": 0,
                "2024": 0,
                "2025": 0,
                "2026": 0,
                "2027": 0,
                "2028": 0,
                "2029": 0,
                "2030": 0,
                "2031": 0,
                "2032": 0,
                "2033": 0,
                "2034": 0,
                "2035": 0,
                "2036": 0,
                "2037": 0,
                "2038": 0,
                "2039": 0,
                "2040": 0,
                "CommId": "COM_g7mgy"
            },
            {
                "2019": 0,
                "2020": 0,
                "2021": 0,
                "2022": 0,
                "2023": 0,
                "2024": 0,
                "2025": 0,
                "2026": 0,
                "2027": 0,
                "2028": 0,
                "2029": 0,
                "2030": 0,
                "2031": 0,
                "2032": 0,
                "2033": 0,
                "2034": 0,
                "2035": 0,
                "2036": 0,
                "2037": 0,
                "2038": 0,
                "2039": 0,
                "2040": 0,
                "CommId": "COM_fb1ub"
            },
            {
                "2019": 0,
                "2020": 0,
                "2021": 0,
                "2022": 0,
                "2023": 0,
                "2024": 0,
                "2025": 0,
                "2026": 0,
                "2027": 0,
                "2028": 0,
                "2029": 0,
                "2030": 0,
                "2031": 0,
                "2032": 0,
                "2033": 0,
                "2034": 0,
                "2035": 0,
                "2036": 0,
                "2037": 0,
                "2038": 0,
                "2039": 0,
                "2040": 0,
                "CommId": "COM_g9l0t"
            }
        ]
    },
    "SAD": {
        "SC_0": [
            {
                "CommId": "COM_0",
                "2019": 0,
                "2020": 0,
                "2021": 0,
                "2022": 0,
                "2023": 0,
                "2024": 0,
                "2025": 0,
                "2026": 0,
                "2027": 0,
                "2028": 0,
                "2029": 0,
                "2030": 0,
                "2031": 0,
                "2032": 0,
                "2033": 0,
                "2034": 0,
                "2035": 0,
                "2036": 0,
                "2037": 0,
                "2038": 0,
                "2039": 0,
                "2040": 0
            },
            {
                "CommId": "COM_ex5eb",
                "2019": 0,
                "2020": 0,
                "2021": 0,
                "2022": 0,
                "2023": 0,
                "2024": 0,
                "2025": 0,
                "2026": 0,
                "2027": 0,
                "2028": 0,
                "2029": 0,
                "2030": 0,
                "2031": 0,
                "2032": 0,
                "2033": 0,
                "2034": 0,
                "2035": 0,
                "2036": 0,
                "2037": 0,
                "2038": 0,
                "2039": 0,
                "2040": 0
            },
            {
                "CommId": "COM_tkt29",
                "2019": 0,
                "2020": 0,
                "2021": 0,
                "2022": 0,
                "2023": 0,
                "2024": 0,
                "2025": 0,
                "2026": 0,
                "2027": 0,
                "2028": 0,
                "2029": 0,
                "2030": 0,
                "2031": 0,
                "2032": 0,
                "2033": 0,
                "2034": 0,
                "2035": 0,
                "2036": 0,
                "2037": 0,
                "2038": 0,
                "2039": 0,
                "2040": 0
            },
            {
                "CommId": "COM_l51cl",
                "2019": 0,
                "2020": 0,
                "2021": 0,
                "2022": 0,
                "2023": 0,
                "2024": 0,
                "2025": 0,
                "2026": 0,
                "2027": 0,
                "2028": 0,
                "2029": 0,
                "2030": 0,
                "2031": 0,
                "2032": 0,
                "2033": 0,
                "2034": 0,
                "2035": 0,
                "2036": 0,
                "2037": 0,
                "2038": 0,
                "2039": 0,
                "2040": 0
            },
            {
                "CommId": "COM_23ub5",
                "2019": 0,
                "2020": 0,
                "2021": 0,
                "2022": 0,
                "2023": 0,
                "2024": 0,
                "2025": 0,
                "2026": 0,
                "2027": 0,
                "2028": 0,
                "2029": 0,
                "2030": 0,
                "2031": 0,
                "2032": 0,
                "2033": 0,
                "2034": 0,
                "2035": 0,
                "2036": 0,
                "2037": 0,
                "2038": 0,
                "2039": 0,
                "2040": 0
            },
            {
                "CommId": "COM_ds81d",
                "2019": 0,
                "2020": 0,
                "2021": 0,
                "2022": 0,
                "2023": 0,
                "2024": 0,
                "2025": 0,
                "2026": 0,
                "2027": 0,
                "2028": 0,
                "2029": 0,
                "2030": 0,
                "2031": 0,
                "2032": 0,
                "2033": 0,
                "2034": 0,
                "2035": 0,
                "2036": 0,
                "2037": 0,
                "2038": 0,
                "2039": 0,
                "2040": 0
            },
            {
                "CommId": "COM_qj523",
                "2019": 15599,
                "2020": 16139,
                "2021": 16729,
                "2022": 17252,
                "2023": 17775,
                "2024": 18298,
                "2025": 18822,
                "2026": 19345,
                "2027": 19868,
                "2028": 20391,
                "2029": 20914,
                "2030": 21437,
                "2031": 21960,
                "2032": 23400,
                "2033": 23805,
                "2034": 24210,
                "2035": 24615,
                "2036": 25020,
                "2037": 25425,
                "2038": 25830,
                "2039": 26235,
                "2040": 26640
            },
            {
                "CommId": "COM_175lg",
                "2019": 0,
                "2020": 0,
                "2021": 0,
                "2022": 0,
                "2023": 0,
                "2024": 0,
                "2025": 0,
                "2026": 0,
                "2027": 0,
                "2028": 0,
                "2029": 0,
                "2030": 0,
                "2031": 0,
                "2032": 0,
                "2033": 0,
                "2034": 0,
                "2035": 0,
                "2036": 0,
                "2037": 0,
                "2038": 0,
                "2039": 0,
                "2040": 0
            },
            {
                "CommId": "COM_1e5vi",
                "2019": 0,
                "2020": 0,
                "2021": 0,
                "2022": 0,
                "2023": 0,
                "2024": 0,
                "2025": 0,
                "2026": 0,
                "2027": 0,
                "2028": 0,
                "2029": 0,
                "2030": 0,
                "2031": 0,
                "2032": 0,
                "2033": 0,
                "2034": 0,
                "2035": 0,
                "2036": 0,
                "2037": 0,
                "2038": 0,
                "2039": 0,
                "2040": 0
            },
            {
                "CommId": "COM_ewlql",
                "2019": 0,
                "2020": 0,
                "2021": 0,
                "2022": 0,
                "2023": 0,
                "2024": 0,
                "2025": 0,
                "2026": 0,
                "2027": 0,
                "2028": 0,
                "2029": 0,
                "2030": 0,
                "2031": 0,
                "2032": 0,
                "2033": 0,
                "2034": 0,
                "2035": 0,
                "2036": 0,
                "2037": 0,
                "2038": 0,
                "2039": 0,
                "2040": 0
            },
            {
                "CommId": "COM_1rtbu",
                "2019": 0,
                "2020": 0,
                "2021": 0,
                "2022": 0,
                "2023": 0,
                "2024": 0,
                "2025": 0,
                "2026": 0,
                "2027": 0,
                "2028": 0,
                "2029": 0,
                "2030": 0,
                "2031": 0,
                "2032": 0,
                "2033": 0,
                "2034": 0,
                "2035": 0,
                "2036": 0,
                "2037": 0,
                "2038": 0,
                "2039": 0,
                "2040": 0
            },
            {
                "CommId": "COM_n2oc3",
                "2019": 0,
                "2020": 0,
                "2021": 0,
                "2022": 0,
                "2023": 0,
                "2024": 0,
                "2025": 0,
                "2026": 0,
                "2027": 0,
                "2028": 0,
                "2029": 0,
                "2030": 0,
                "2031": 0,
                "2032": 0,
                "2033": 0,
                "2034": 0,
                "2035": 0,
                "2036": 0,
                "2037": 0,
                "2038": 0,
                "2039": 0,
                "2040": 0
            },
            {
                "CommId": "COM_omktu",
                "2019": 0,
                "2020": 0,
                "2021": 0,
                "2022": 0,
                "2023": 0,
                "2024": 0,
                "2025": 0,
                "2026": 0,
                "2027": 0,
                "2028": 0,
                "2029": 0,
                "2030": 0,
                "2031": 0,
                "2032": 0,
                "2033": 0,
                "2034": 0,
                "2035": 0,
                "2036": 0,
                "2037": 0,
                "2038": 0,
                "2039": 0,
                "2040": 0
            },
            {
                "CommId": "COM_ny1ak",
                "2019": 0,
                "2020": 0,
                "2021": 0,
                "2022": 0,
                "2023": 0,
                "2024": 0,
                "2025": 0,
                "2026": 0,
                "2027": 0,
                "2028": 0,
                "2029": 0,
                "2030": 0,
                "2031": 0,
                "2032": 0,
                "2033": 0,
                "2034": 0,
                "2035": 0,
                "2036": 0,
                "2037": 0,
                "2038": 0,
                "2039": 0,
                "2040": 0
            },
            {
                "CommId": "COM_xhmr2",
                "2019": 0,
                "2020": 0,
                "2021": 0,
                "2022": 0,
                "2023": 0,
                "2024": 0,
                "2025": 0,
                "2026": 0,
                "2027": 0,
                "2028": 0,
                "2029": 0,
                "2030": 0,
                "2031": 0,
                "2032": 0,
                "2033": 0,
                "2034": 0,
                "2035": 0,
                "2036": 0,
                "2037": 0,
                "2038": 0,
                "2039": 0,
                "2040": 0
            },
            {
                "CommId": "COM_bd2i2",
                "2019": 0,
                "2020": 0,
                "2021": 0,
                "2022": 0,
                "2023": 0,
                "2024": 0,
                "2025": 0,
                "2026": 0,
                "2027": 0,
                "2028": 0,
                "2029": 0,
                "2030": 0,
                "2031": 0,
                "2032": 0,
                "2033": 0,
                "2034": 0,
                "2035": 0,
                "2036": 0,
                "2037": 0,
                "2038": 0,
                "2039": 0,
                "2040": 0
            },
            {
                "CommId": "COM_b3hba",
                "2019": 0,
                "2020": 0,
                "2021": 0,
                "2022": 0,
                "2023": 0,
                "2024": 0,
                "2025": 0,
                "2026": 0,
                "2027": 0,
                "2028": 0,
                "2029": 0,
                "2030": 0,
                "2031": 0,
                "2032": 0,
                "2033": 0,
                "2034": 0,
                "2035": 0,
                "2036": 0,
                "2037": 0,
                "2038": 0,
                "2039": 0,
                "2040": 0
            },
            {
                "CommId": "COM_0s242",
                "2019": 0,
                "2020": 0,
                "2021": 0,
                "2022": 0,
                "2023": 0,
                "2024": 0,
                "2025": 0,
                "2026": 0,
                "2027": 0,
                "2028": 0,
                "2029": 0,
                "2030": 0,
                "2031": 0,
                "2032": 0,
                "2033": 0,
                "2034": 0,
                "2035": 0,
                "2036": 0,
                "2037": 0,
                "2038": 0,
                "2039": 0,
                "2040": 0
            },
            {
                "CommId": "COM_cihp6",
                "2019": 0,
                "2020": 0,
                "2021": 0,
                "2022": 0,
                "2023": 0,
                "2024": 0,
                "2025": 0,
                "2026": 0,
                "2027": 0,
                "2028": 0,
                "2029": 0,
                "2030": 0,
                "2031": 0,
                "2032": 0,
                "2033": 0,
                "2034": 0,
                "2035": 0,
                "2036": 0,
                "2037": 0,
                "2038": 0,
                "2039": 0,
                "2040": 0
            },
            {
                "CommId": "COM_88so7",
                "2019": 0,
                "2020": 0,
                "2021": 0,
                "2022": 0,
                "2023": 0,
                "2024": 0,
                "2025": 0,
                "2026": 0,
                "2027": 0,
                "2028": 0,
                "2029": 0,
                "2030": 0,
                "2031": 0,
                "2032": 0,
                "2033": 0,
                "2034": 0,
                "2035": 0,
                "2036": 0,
                "2037": 0,
                "2038": 0,
                "2039": 0,
                "2040": 0
            },
            {
                "CommId": "COM_on500",
                "2019": 0,
                "2020": 0,
                "2021": 0,
                "2022": 0,
                "2023": 0,
                "2024": 0,
                "2025": 0,
                "2026": 0,
                "2027": 0,
                "2028": 0,
                "2029": 0,
                "2030": 0,
                "2031": 0,
                "2032": 0,
                "2033": 0,
                "2034": 0,
                "2035": 0,
                "2036": 0,
                "2037": 0,
                "2038": 0,
                "2039": 0,
                "2040": 0
            },
            {
                "CommId": "COM_sax2w",
                "2019": 0,
                "2020": 0,
                "2021": 0,
                "2022": 0,
                "2023": 0,
                "2024": 0,
                "2025": 0,
                "2026": 0,
                "2027": 0,
                "2028": 0,
                "2029": 0,
                "2030": 0,
                "2031": 0,
                "2032": 0,
                "2033": 0,
                "2034": 0,
                "2035": 0,
                "2036": 0,
                "2037": 0,
                "2038": 0,
                "2039": 0,
                "2040": 0
            },
            {
                "CommId": "COM_enfga",
                "2019": 0,
                "2020": 0,
                "2021": 0,
                "2022": 0,
                "2023": 0,
                "2024": 0,
                "2025": 0,
                "2026": 0,
                "2027": 0,
                "2028": 0,
                "2029": 0,
                "2030": 0,
                "2031": 0,
                "2032": 0,
                "2033": 0,
                "2034": 0,
                "2035": 0,
                "2036": 0,
                "2037": 0,
                "2038": 0,
                "2039": 0,
                "2040": 0
            },
            {
                "CommId": "COM_mocsn",
                "2019": 0,
                "2020": 0,
                "2021": 0,
                "2022": 0,
                "2023": 0,
                "2024": 0,
                "2025": 0,
                "2026": 0,
                "2027": 0,
                "2028": 0,
                "2029": 0,
                "2030": 0,
                "2031": 0,
                "2032": 0,
                "2033": 0,
                "2034": 0,
                "2035": 0,
                "2036": 0,
                "2037": 0,
                "2038": 0,
                "2039": 0,
                "2040": 0
            },
            {
                "CommId": "COM_swmmi",
                "2019": 0,
                "2020": 0,
                "2021": 0,
                "2022": 0,
                "2023": 0,
                "2024": 0,
                "2025": 0,
                "2026": 0,
                "2027": 0,
                "2028": 0,
                "2029": 0,
                "2030": 0,
                "2031": 0,
                "2032": 0,
                "2033": 0,
                "2034": 0,
                "2035": 0,
                "2036": 0,
                "2037": 0,
                "2038": 0,
                "2039": 0,
                "2040": 0
            },
            {
                "CommId": "COM_bo8pv",
                "2019": 0,
                "2020": 0,
                "2021": 0,
                "2022": 0,
                "2023": 0,
                "2024": 0,
                "2025": 0,
                "2026": 0,
                "2027": 0,
                "2028": 0,
                "2029": 0,
                "2030": 0,
                "2031": 0,
                "2032": 0,
                "2033": 0,
                "2034": 0,
                "2035": 0,
                "2036": 0,
                "2037": 0,
                "2038": 0,
                "2039": 0,
                "2040": 0
            },
            {
                "CommId": "COM_3y0kt",
                "2019": 0,
                "2020": 0,
                "2021": 0,
                "2022": 0,
                "2023": 0,
                "2024": 0,
                "2025": 0,
                "2026": 0,
                "2027": 0,
                "2028": 0,
                "2029": 0,
                "2030": 0,
                "2031": 0,
                "2032": 0,
                "2033": 0,
                "2034": 0,
                "2035": 0,
                "2036": 0,
                "2037": 0,
                "2038": 0,
                "2039": 0,
                "2040": 0
            },
            {
                "CommId": "COM_0ikzc",
                "2019": 0,
                "2020": 0,
                "2021": 0,
                "2022": 0,
                "2023": 0,
                "2024": 0,
                "2025": 0,
                "2026": 0,
                "2027": 0,
                "2028": 0,
                "2029": 0,
                "2030": 0,
                "2031": 0,
                "2032": 0,
                "2033": 0,
                "2034": 0,
                "2035": 0,
                "2036": 0,
                "2037": 0,
                "2038": 0,
                "2039": 0,
                "2040": 0
            },
            {
                "CommId": "COM_iasyy",
                "2019": 0,
                "2020": 0,
                "2021": 0,
                "2022": 0,
                "2023": 0,
                "2024": 0,
                "2025": 0,
                "2026": 0,
                "2027": 0,
                "2028": 0,
                "2029": 0,
                "2030": 0,
                "2031": 0,
                "2032": 0,
                "2033": 0,
                "2034": 0,
                "2035": 0,
                "2036": 0,
                "2037": 0,
                "2038": 0,
                "2039": 0,
                "2040": 0
            },
            {
                "CommId": "COM_g7mgy",
                "2019": 0,
                "2020": 0,
                "2021": 0,
                "2022": 0,
                "2023": 0,
                "2024": 0,
                "2025": 0,
                "2026": 0,
                "2027": 0,
                "2028": 0,
                "2029": 0,
                "2030": 0,
                "2031": 0,
                "2032": 0,
                "2033": 0,
                "2034": 0,
                "2035": 0,
                "2036": 0,
                "2037": 0,
                "2038": 0,
                "2039": 0,
                "2040": 0
            },
            {
                "CommId": "COM_fb1ub",
                "2019": 0,
                "2020": 0,
                "2021": 0,
                "2022": 0,
                "2023": 0,
                "2024": 0,
                "2025": 0,
                "2026": 0,
                "2027": 0,
                "2028": 0,
                "2029": 0,
                "2030": 0,
                "2031": 0,
                "2032": 0,
                "2033": 0,
                "2034": 0,
                "2035": 0,
                "2036": 0,
                "2037": 0,
                "2038": 0,
                "2039": 0,
                "2040": 0
            },
            {
                "CommId": "COM_g9l0t",
                "2019": 0,
                "2020": 0,
                "2021": 0,
                "2022": 0,
                "2023": 0,
                "2024": 0,
                "2025": 0,
                "2026": 0,
                "2027": 0,
                "2028": 0,
                "2029": 0,
                "2030": 0,
                "2031": 0,
                "2032": 0,
                "2033": 0,
                "2034": 0,
                "2035": 0,
                "2036": 0,
                "2037": 0,
                "2038": 0,
                "2039": 0,
                "2040": 0
            }
        ]
    },
    "RTF": {
        "SC_0": [
            {
                "CommId": "COM_0",
                "2019": 0,
                "2020": 0,
                "2021": 0,
                "2022": 0,
                "2023": 0,
                "2024": 0,
                "2025": 0,
                "2026": 0,
                "2027": 0,
                "2028": 0,
                "2029": 0,
                "2030": 0,
                "2031": 0,
                "2032": 0,
                "2033": 0,
                "2034": 0,
                "2035": 0,
                "2036": 0,
                "2037": 0,
                "2038": 0,
                "2039": 0,
                "2040": 0
            },
            {
                "CommId": "COM_ex5eb",
                "2019": 0,
                "2020": 0,
                "2021": 0,
                "2022": 0,
                "2023": 0,
                "2024": 0,
                "2025": 0,
                "2026": 0,
                "2027": 0,
                "2028": 0,
                "2029": 0,
                "2030": 0,
                "2031": 0,
                "2032": 0,
                "2033": 0,
                "2034": 0,
                "2035": 0,
                "2036": 0,
                "2037": 0,
                "2038": 0,
                "2039": 0,
                "2040": 0
            },
            {
                "CommId": "COM_tkt29",
                "2019": 0,
                "2020": 0,
                "2021": 0,
                "2022": 0,
                "2023": 0,
                "2024": 0,
                "2025": 0,
                "2026": 0,
                "2027": 0,
                "2028": 0,
                "2029": 0,
                "2030": 0,
                "2031": 0,
                "2032": 0,
                "2033": 0,
                "2034": 0,
                "2035": 0,
                "2036": 0,
                "2037": 0,
                "2038": 0,
                "2039": 0,
                "2040": 0
            },
            {
                "CommId": "COM_l51cl",
                "2019": 0,
                "2020": 0,
                "2021": 0,
                "2022": 0,
                "2023": 0,
                "2024": 0,
                "2025": 0,
                "2026": 0,
                "2027": 0,
                "2028": 0,
                "2029": 0,
                "2030": 0,
                "2031": 0,
                "2032": 0,
                "2033": 0,
                "2034": 0,
                "2035": 0,
                "2036": 0,
                "2037": 0,
                "2038": 0,
                "2039": 0,
                "2040": 0
            },
            {
                "CommId": "COM_23ub5",
                "2019": 0,
                "2020": 0,
                "2021": 0,
                "2022": 0,
                "2023": 0,
                "2024": 0,
                "2025": 0,
                "2026": 0,
                "2027": 0,
                "2028": 0,
                "2029": 0,
                "2030": 0,
                "2031": 0,
                "2032": 0,
                "2033": 0,
                "2034": 0,
                "2035": 0,
                "2036": 0,
                "2037": 0,
                "2038": 0,
                "2039": 0,
                "2040": 0
            },
            {
                "CommId": "COM_ds81d",
                "2019": 0,
                "2020": 0,
                "2021": 0,
                "2022": 0,
                "2023": 0,
                "2024": 0,
                "2025": 0,
                "2026": 0,
                "2027": 0,
                "2028": 0,
                "2029": 0,
                "2030": 0,
                "2031": 0,
                "2032": 0,
                "2033": 0,
                "2034": 0,
                "2035": 0,
                "2036": 0,
                "2037": 0,
                "2038": 0,
                "2039": 0,
                "2040": 0
            },
            {
                "CommId": "COM_qj523",
                "2019": 0,
                "2020": 0,
                "2021": 0,
                "2022": 0,
                "2023": 0,
                "2024": 0,
                "2025": 0,
                "2026": 0,
                "2027": 0,
                "2028": 0,
                "2029": 0,
                "2030": 0,
                "2031": 0,
                "2032": 0,
                "2033": 0,
                "2034": 0,
                "2035": 0,
                "2036": 0,
                "2037": 0,
                "2038": 0,
                "2039": 0,
                "2040": 0
            },
            {
                "CommId": "COM_175lg",
                "2019": 0,
                "2020": 0,
                "2021": 0,
                "2022": 0,
                "2023": 0,
                "2024": 0,
                "2025": 0,
                "2026": 0,
                "2027": 0,
                "2028": 0,
                "2029": 0,
                "2030": 0,
                "2031": 0,
                "2032": 0,
                "2033": 0,
                "2034": 0,
                "2035": 0,
                "2036": 0,
                "2037": 0,
                "2038": 0,
                "2039": 0,
                "2040": 0
            },
            {
                "CommId": "COM_1e5vi",
                "2019": 0,
                "2020": 0,
                "2021": 0,
                "2022": 0,
                "2023": 0,
                "2024": 0,
                "2025": 0,
                "2026": 0,
                "2027": 0,
                "2028": 0,
                "2029": 0,
                "2030": 0,
                "2031": 0,
                "2032": 0,
                "2033": 0,
                "2034": 0,
                "2035": 0,
                "2036": 0,
                "2037": 0,
                "2038": 0,
                "2039": 0,
                "2040": 0
            },
            {
                "CommId": "COM_ewlql",
                "2019": 0,
                "2020": 0,
                "2021": 0,
                "2022": 0,
                "2023": 0,
                "2024": 0,
                "2025": 0,
                "2026": 0,
                "2027": 0,
                "2028": 0,
                "2029": 0,
                "2030": 0,
                "2031": 0,
                "2032": 0,
                "2033": 0,
                "2034": 0,
                "2035": 0,
                "2036": 0,
                "2037": 0,
                "2038": 0,
                "2039": 0,
                "2040": 0
            },
            {
                "CommId": "COM_1rtbu",
                "2019": 0,
                "2020": 0,
                "2021": 0,
                "2022": 0,
                "2023": 0,
                "2024": 0,
                "2025": 0,
                "2026": 0,
                "2027": 0,
                "2028": 0,
                "2029": 0,
                "2030": 0,
                "2031": 0,
                "2032": 0,
                "2033": 0,
                "2034": 0,
                "2035": 0,
                "2036": 0,
                "2037": 0,
                "2038": 0,
                "2039": 0,
                "2040": 0
            },
            {
                "CommId": "COM_n2oc3",
                "2019": 0,
                "2020": 0,
                "2021": 0,
                "2022": 0,
                "2023": 0,
                "2024": 0,
                "2025": 0,
                "2026": 0,
                "2027": 0,
                "2028": 0,
                "2029": 0,
                "2030": 0,
                "2031": 0,
                "2032": 0,
                "2033": 0,
                "2034": 0,
                "2035": 0,
                "2036": 0,
                "2037": 0,
                "2038": 0,
                "2039": 0,
                "2040": 0
            },
            {
                "CommId": "COM_omktu",
                "2019": 0,
                "2020": 0,
                "2021": 0,
                "2022": 0,
                "2023": 0,
                "2024": 0,
                "2025": 0,
                "2026": 0,
                "2027": 0,
                "2028": 0,
                "2029": 0,
                "2030": 0,
                "2031": 0,
                "2032": 0,
                "2033": 0,
                "2034": 0,
                "2035": 0,
                "2036": 0,
                "2037": 0,
                "2038": 0,
                "2039": 0,
                "2040": 0
            },
            {
                "CommId": "COM_ny1ak",
                "2019": 0,
                "2020": 0,
                "2021": 0,
                "2022": 0,
                "2023": 0,
                "2024": 0,
                "2025": 0,
                "2026": 0,
                "2027": 0,
                "2028": 0,
                "2029": 0,
                "2030": 0,
                "2031": 0,
                "2032": 0,
                "2033": 0,
                "2034": 0,
                "2035": 0,
                "2036": 0,
                "2037": 0,
                "2038": 0,
                "2039": 0,
                "2040": 0
            },
            {
                "CommId": "COM_xhmr2",
                "2019": 0,
                "2020": 0,
                "2021": 0,
                "2022": 0,
                "2023": 0,
                "2024": 0,
                "2025": 0,
                "2026": 0,
                "2027": 0,
                "2028": 0,
                "2029": 0,
                "2030": 0,
                "2031": 0,
                "2032": 0,
                "2033": 0,
                "2034": 0,
                "2035": 0,
                "2036": 0,
                "2037": 0,
                "2038": 0,
                "2039": 0,
                "2040": 0
            },
            {
                "CommId": "COM_bd2i2",
                "2019": 0,
                "2020": 0,
                "2021": 0,
                "2022": 0,
                "2023": 0,
                "2024": 0,
                "2025": 0,
                "2026": 0,
                "2027": 0,
                "2028": 0,
                "2029": 0,
                "2030": 0,
                "2031": 0,
                "2032": 0,
                "2033": 0,
                "2034": 0,
                "2035": 0,
                "2036": 0,
                "2037": 0,
                "2038": 0,
                "2039": 0,
                "2040": 0
            },
            {
                "CommId": "COM_b3hba",
                "2019": 0,
                "2020": 0,
                "2021": 0,
                "2022": 0,
                "2023": 0,
                "2024": 0,
                "2025": 0,
                "2026": 0,
                "2027": 0,
                "2028": 0,
                "2029": 0,
                "2030": 0,
                "2031": 0,
                "2032": 0,
                "2033": 0,
                "2034": 0,
                "2035": 0,
                "2036": 0,
                "2037": 0,
                "2038": 0,
                "2039": 0,
                "2040": 0
            },
            {
                "CommId": "COM_0s242",
                "2019": 0,
                "2020": 0,
                "2021": 0,
                "2022": 0,
                "2023": 0,
                "2024": 0,
                "2025": 0,
                "2026": 0,
                "2027": 0,
                "2028": 0,
                "2029": 0,
                "2030": 0,
                "2031": 0,
                "2032": 0,
                "2033": 0,
                "2034": 0,
                "2035": 0,
                "2036": 0,
                "2037": 0,
                "2038": 0,
                "2039": 0,
                "2040": 0
            },
            {
                "CommId": "COM_cihp6",
                "2019": 0,
                "2020": 0,
                "2021": 0,
                "2022": 0,
                "2023": 0,
                "2024": 0,
                "2025": 0,
                "2026": 0,
                "2027": 0,
                "2028": 0,
                "2029": 0,
                "2030": 0,
                "2031": 0,
                "2032": 0,
                "2033": 0,
                "2034": 0,
                "2035": 0,
                "2036": 0,
                "2037": 0,
                "2038": 0,
                "2039": 0,
                "2040": 0
            },
            {
                "CommId": "COM_88so7",
                "2019": 0,
                "2020": 0,
                "2021": 0,
                "2022": 0,
                "2023": 0,
                "2024": 0,
                "2025": 0,
                "2026": 0,
                "2027": 0,
                "2028": 0,
                "2029": 0,
                "2030": 0,
                "2031": 0,
                "2032": 0,
                "2033": 0,
                "2034": 0,
                "2035": 0,
                "2036": 0,
                "2037": 0,
                "2038": 0,
                "2039": 0,
                "2040": 0
            },
            {
                "CommId": "COM_on500",
                "2019": 0,
                "2020": 0,
                "2021": 0,
                "2022": 0,
                "2023": 0,
                "2024": 0,
                "2025": 0,
                "2026": 0,
                "2027": 0,
                "2028": 0,
                "2029": 0,
                "2030": 0,
                "2031": 0,
                "2032": 0,
                "2033": 0,
                "2034": 0,
                "2035": 0,
                "2036": 0,
                "2037": 0,
                "2038": 0,
                "2039": 0,
                "2040": 0
            },
            {
                "CommId": "COM_sax2w",
                "2019": 0,
                "2020": 0,
                "2021": 0,
                "2022": 0,
                "2023": 0,
                "2024": 0,
                "2025": 0,
                "2026": 0,
                "2027": 0,
                "2028": 0,
                "2029": 0,
                "2030": 0,
                "2031": 0,
                "2032": 0,
                "2033": 0,
                "2034": 0,
                "2035": 0,
                "2036": 0,
                "2037": 0,
                "2038": 0,
                "2039": 0,
                "2040": 0
            },
            {
                "CommId": "COM_enfga",
                "2019": 0,
                "2020": 0,
                "2021": 0,
                "2022": 0,
                "2023": 0,
                "2024": 0,
                "2025": 0,
                "2026": 0,
                "2027": 0,
                "2028": 0,
                "2029": 0,
                "2030": 0,
                "2031": 0,
                "2032": 0,
                "2033": 0,
                "2034": 0,
                "2035": 0,
                "2036": 0,
                "2037": 0,
                "2038": 0,
                "2039": 0,
                "2040": 0
            },
            {
                "CommId": "COM_mocsn",
                "2019": 0,
                "2020": 0,
                "2021": 0,
                "2022": 0,
                "2023": 0,
                "2024": 0,
                "2025": 0,
                "2026": 0,
                "2027": 0,
                "2028": 0,
                "2029": 0,
                "2030": 0,
                "2031": 0,
                "2032": 0,
                "2033": 0,
                "2034": 0,
                "2035": 0,
                "2036": 0,
                "2037": 0,
                "2038": 0,
                "2039": 0,
                "2040": 0
            },
            {
                "CommId": "COM_swmmi",
                "2019": 0,
                "2020": 0,
                "2021": 0,
                "2022": 0,
                "2023": 0,
                "2024": 0,
                "2025": 0,
                "2026": 0,
                "2027": 0,
                "2028": 0,
                "2029": 0,
                "2030": 0,
                "2031": 0,
                "2032": 0,
                "2033": 0,
                "2034": 0,
                "2035": 0,
                "2036": 0,
                "2037": 0,
                "2038": 0,
                "2039": 0,
                "2040": 0
            },
            {
                "CommId": "COM_bo8pv",
                "2019": 0,
                "2020": 0,
                "2021": 0,
                "2022": 0,
                "2023": 0,
                "2024": 0,
                "2025": 0,
                "2026": 0,
                "2027": 0,
                "2028": 0,
                "2029": 0,
                "2030": 0,
                "2031": 0,
                "2032": 0,
                "2033": 0,
                "2034": 0,
                "2035": 0,
                "2036": 0,
                "2037": 0,
                "2038": 0,
                "2039": 0,
                "2040": 0
            },
            {
                "CommId": "COM_3y0kt",
                "2019": 0,
                "2020": 0,
                "2021": 0,
                "2022": 0,
                "2023": 0,
                "2024": 0,
                "2025": 0,
                "2026": 0,
                "2027": 0,
                "2028": 0,
                "2029": 0,
                "2030": 0,
                "2031": 0,
                "2032": 0,
                "2033": 0,
                "2034": 0,
                "2035": 0,
                "2036": 0,
                "2037": 0,
                "2038": 0,
                "2039": 0,
                "2040": 0
            },
            {
                "CommId": "COM_0ikzc",
                "2019": 0,
                "2020": 0,
                "2021": 0,
                "2022": 0,
                "2023": 0,
                "2024": 0,
                "2025": 0,
                "2026": 0,
                "2027": 0,
                "2028": 0,
                "2029": 0,
                "2030": 0,
                "2031": 0,
                "2032": 0,
                "2033": 0,
                "2034": 0,
                "2035": 0,
                "2036": 0,
                "2037": 0,
                "2038": 0,
                "2039": 0,
                "2040": 0
            },
            {
                "CommId": "COM_iasyy",
                "2019": 0,
                "2020": 0,
                "2021": 0,
                "2022": 0,
                "2023": 0,
                "2024": 0,
                "2025": 0,
                "2026": 0,
                "2027": 0,
                "2028": 0,
                "2029": 0,
                "2030": 0,
                "2031": 0,
                "2032": 0,
                "2033": 0,
                "2034": 0,
                "2035": 0,
                "2036": 0,
                "2037": 0,
                "2038": 0,
                "2039": 0,
                "2040": 0
            },
            {
                "CommId": "COM_g7mgy",
                "2019": 0,
                "2020": 0,
                "2021": 0,
                "2022": 0,
                "2023": 0,
                "2024": 0,
                "2025": 0,
                "2026": 0,
                "2027": 0,
                "2028": 0,
                "2029": 0,
                "2030": 0,
                "2031": 0,
                "2032": 0,
                "2033": 0,
                "2034": 0,
                "2035": 0,
                "2036": 0,
                "2037": 0,
                "2038": 0,
                "2039": 0,
                "2040": 0
            },
            {
                "CommId": "COM_fb1ub",
                "2019": 0,
                "2020": 0,
                "2021": 0,
                "2022": 0,
                "2023": 0,
                "2024": 0,
                "2025": 0,
                "2026": 0,
                "2027": 0,
                "2028": 0,
                "2029": 0,
                "2030": 0,
                "2031": 0,
                "2032": 0,
                "2033": 0,
                "2034": 0,
                "2035": 0,
                "2036": 0,
                "2037": 0,
                "2038": 0,
                "2039": 0,
                "2040": 0
            },
            {
                "CommId": "COM_g9l0t",
                "2019": 0,
                "2020": 0,
                "2021": 0,
                "2022": 0,
                "2023": 0,
                "2024": 0,
                "2025": 0,
                "2026": 0,
                "2027": 0,
                "2028": 0,
                "2029": 0,
                "2030": 0,
                "2031": 0,
                "2032": 0,
                "2033": 0,
                "2034": 0,
                "2035": 0,
                "2036": 0,
                "2037": 0,
                "2038": 0,
                "2039": 0,
                "2040": 0
            }
        ]
    },
    "RMTF": {
        "SC_0": [
            {
                "CommId": "COM_0",
                "2019": 0,
                "2020": 0,
                "2021": 0,
                "2022": 0,
                "2023": 0,
                "2024": 0,
                "2025": 0,
                "2026": 0,
                "2027": 0,
                "2028": 0,
                "2029": 0,
                "2030": 0,
                "2031": 0,
                "2032": 0,
                "2033": 0,
                "2034": 0,
                "2035": 0,
                "2036": 0,
                "2037": 0,
                "2038": 0,
                "2039": 0,
                "2040": 0
            },
            {
                "CommId": "COM_ex5eb",
                "2019": 0,
                "2020": 0,
                "2021": 0,
                "2022": 0,
                "2023": 0,
                "2024": 0,
                "2025": 0,
                "2026": 0,
                "2027": 0,
                "2028": 0,
                "2029": 0,
                "2030": 0,
                "2031": 0,
                "2032": 0,
                "2033": 0,
                "2034": 0,
                "2035": 0,
                "2036": 0,
                "2037": 0,
                "2038": 0,
                "2039": 0,
                "2040": 0
            },
            {
                "CommId": "COM_tkt29",
                "2019": 0,
                "2020": 0,
                "2021": 0,
                "2022": 0,
                "2023": 0,
                "2024": 0,
                "2025": 0,
                "2026": 0,
                "2027": 0,
                "2028": 0,
                "2029": 0,
                "2030": 0,
                "2031": 0,
                "2032": 0,
                "2033": 0,
                "2034": 0,
                "2035": 0,
                "2036": 0,
                "2037": 0,
                "2038": 0,
                "2039": 0,
                "2040": 0
            },
            {
                "CommId": "COM_l51cl",
                "2019": 0,
                "2020": 0,
                "2021": 0,
                "2022": 0,
                "2023": 0,
                "2024": 0,
                "2025": 0,
                "2026": 0,
                "2027": 0,
                "2028": 0,
                "2029": 0,
                "2030": 0,
                "2031": 0,
                "2032": 0,
                "2033": 0,
                "2034": 0,
                "2035": 0,
                "2036": 0,
                "2037": 0,
                "2038": 0,
                "2039": 0,
                "2040": 0
            },
            {
                "CommId": "COM_23ub5",
                "2019": 0,
                "2020": 0,
                "2021": 0,
                "2022": 0,
                "2023": 0,
                "2024": 0,
                "2025": 0,
                "2026": 0,
                "2027": 0,
                "2028": 0,
                "2029": 0,
                "2030": 0,
                "2031": 0,
                "2032": 0,
                "2033": 0,
                "2034": 0,
                "2035": 0,
                "2036": 0,
                "2037": 0,
                "2038": 0,
                "2039": 0,
                "2040": 0
            },
            {
                "CommId": "COM_ds81d",
                "2019": 0,
                "2020": 0,
                "2021": 0,
                "2022": 0,
                "2023": 0,
                "2024": 0,
                "2025": 0,
                "2026": 0,
                "2027": 0,
                "2028": 0,
                "2029": 0,
                "2030": 0,
                "2031": 0,
                "2032": 0,
                "2033": 0,
                "2034": 0,
                "2035": 0,
                "2036": 0,
                "2037": 0,
                "2038": 0,
                "2039": 0,
                "2040": 0
            },
            {
                "CommId": "COM_qj523",
                "2019": 0,
                "2020": 0,
                "2021": 0,
                "2022": 0,
                "2023": 0,
                "2024": 0,
                "2025": 0,
                "2026": 0,
                "2027": 0,
                "2028": 0,
                "2029": 0,
                "2030": 0,
                "2031": 0,
                "2032": 0,
                "2033": 0,
                "2034": 0,
                "2035": 0,
                "2036": 0,
                "2037": 0,
                "2038": 0,
                "2039": 0,
                "2040": 0
            },
            {
                "CommId": "COM_175lg",
                "2019": 0,
                "2020": 0,
                "2021": 0,
                "2022": 0,
                "2023": 0,
                "2024": 0,
                "2025": 0,
                "2026": 0,
                "2027": 0,
                "2028": 0,
                "2029": 0,
                "2030": 0,
                "2031": 0,
                "2032": 0,
                "2033": 0,
                "2034": 0,
                "2035": 0,
                "2036": 0,
                "2037": 0,
                "2038": 0,
                "2039": 0,
                "2040": 0
            },
            {
                "CommId": "COM_1e5vi",
                "2019": 0,
                "2020": 0,
                "2021": 0,
                "2022": 0,
                "2023": 0,
                "2024": 0,
                "2025": 0,
                "2026": 0,
                "2027": 0,
                "2028": 0,
                "2029": 0,
                "2030": 0,
                "2031": 0,
                "2032": 0,
                "2033": 0,
                "2034": 0,
                "2035": 0,
                "2036": 0,
                "2037": 0,
                "2038": 0,
                "2039": 0,
                "2040": 0
            },
            {
                "CommId": "COM_ewlql",
                "2019": 0,
                "2020": 0,
                "2021": 0,
                "2022": 0,
                "2023": 0,
                "2024": 0,
                "2025": 0,
                "2026": 0,
                "2027": 0,
                "2028": 0,
                "2029": 0,
                "2030": 0,
                "2031": 0,
                "2032": 0,
                "2033": 0,
                "2034": 0,
                "2035": 0,
                "2036": 0,
                "2037": 0,
                "2038": 0,
                "2039": 0,
                "2040": 0
            },
            {
                "CommId": "COM_1rtbu",
                "2019": 0,
                "2020": 0,
                "2021": 0,
                "2022": 0,
                "2023": 0,
                "2024": 0,
                "2025": 0,
                "2026": 0,
                "2027": 0,
                "2028": 0,
                "2029": 0,
                "2030": 0,
                "2031": 0,
                "2032": 0,
                "2033": 0,
                "2034": 0,
                "2035": 0,
                "2036": 0,
                "2037": 0,
                "2038": 0,
                "2039": 0,
                "2040": 0
            },
            {
                "CommId": "COM_n2oc3",
                "2019": 0,
                "2020": 0,
                "2021": 0,
                "2022": 0,
                "2023": 0,
                "2024": 0,
                "2025": 0,
                "2026": 0,
                "2027": 0,
                "2028": 0,
                "2029": 0,
                "2030": 0,
                "2031": 0,
                "2032": 0,
                "2033": 0,
                "2034": 0,
                "2035": 0,
                "2036": 0,
                "2037": 0,
                "2038": 0,
                "2039": 0,
                "2040": 0
            },
            {
                "CommId": "COM_omktu",
                "2019": 0,
                "2020": 0,
                "2021": 0,
                "2022": 0,
                "2023": 0,
                "2024": 0,
                "2025": 0,
                "2026": 0,
                "2027": 0,
                "2028": 0,
                "2029": 0,
                "2030": 0,
                "2031": 0,
                "2032": 0,
                "2033": 0,
                "2034": 0,
                "2035": 0,
                "2036": 0,
                "2037": 0,
                "2038": 0,
                "2039": 0,
                "2040": 0
            },
            {
                "CommId": "COM_ny1ak",
                "2019": 0,
                "2020": 0,
                "2021": 0,
                "2022": 0,
                "2023": 0,
                "2024": 0,
                "2025": 0,
                "2026": 0,
                "2027": 0,
                "2028": 0,
                "2029": 0,
                "2030": 0,
                "2031": 0,
                "2032": 0,
                "2033": 0,
                "2034": 0,
                "2035": 0,
                "2036": 0,
                "2037": 0,
                "2038": 0,
                "2039": 0,
                "2040": 0
            },
            {
                "CommId": "COM_xhmr2",
                "2019": 0,
                "2020": 0,
                "2021": 0,
                "2022": 0,
                "2023": 0,
                "2024": 0,
                "2025": 0,
                "2026": 0,
                "2027": 0,
                "2028": 0,
                "2029": 0,
                "2030": 0,
                "2031": 0,
                "2032": 0,
                "2033": 0,
                "2034": 0,
                "2035": 0,
                "2036": 0,
                "2037": 0,
                "2038": 0,
                "2039": 0,
                "2040": 0
            },
            {
                "CommId": "COM_bd2i2",
                "2019": 0,
                "2020": 0,
                "2021": 0,
                "2022": 0,
                "2023": 0,
                "2024": 0,
                "2025": 0,
                "2026": 0,
                "2027": 0,
                "2028": 0,
                "2029": 0,
                "2030": 0,
                "2031": 0,
                "2032": 0,
                "2033": 0,
                "2034": 0,
                "2035": 0,
                "2036": 0,
                "2037": 0,
                "2038": 0,
                "2039": 0,
                "2040": 0
            },
            {
                "CommId": "COM_b3hba",
                "2019": 0,
                "2020": 0,
                "2021": 0,
                "2022": 0,
                "2023": 0,
                "2024": 0,
                "2025": 0,
                "2026": 0,
                "2027": 0,
                "2028": 0,
                "2029": 0,
                "2030": 0,
                "2031": 0,
                "2032": 0,
                "2033": 0,
                "2034": 0,
                "2035": 0,
                "2036": 0,
                "2037": 0,
                "2038": 0,
                "2039": 0,
                "2040": 0
            },
            {
                "CommId": "COM_0s242",
                "2019": 0,
                "2020": 0,
                "2021": 0,
                "2022": 0,
                "2023": 0,
                "2024": 0,
                "2025": 0,
                "2026": 0,
                "2027": 0,
                "2028": 0,
                "2029": 0,
                "2030": 0,
                "2031": 0,
                "2032": 0,
                "2033": 0,
                "2034": 0,
                "2035": 0,
                "2036": 0,
                "2037": 0,
                "2038": 0,
                "2039": 0,
                "2040": 0
            },
            {
                "CommId": "COM_cihp6",
                "2019": 0,
                "2020": 0,
                "2021": 0,
                "2022": 0,
                "2023": 0,
                "2024": 0,
                "2025": 0,
                "2026": 0,
                "2027": 0,
                "2028": 0,
                "2029": 0,
                "2030": 0,
                "2031": 0,
                "2032": 0,
                "2033": 0,
                "2034": 0,
                "2035": 0,
                "2036": 0,
                "2037": 0,
                "2038": 0,
                "2039": 0,
                "2040": 0
            },
            {
                "CommId": "COM_88so7",
                "2019": 0,
                "2020": 0,
                "2021": 0,
                "2022": 0,
                "2023": 0,
                "2024": 0,
                "2025": 0,
                "2026": 0,
                "2027": 0,
                "2028": 0,
                "2029": 0,
                "2030": 0,
                "2031": 0,
                "2032": 0,
                "2033": 0,
                "2034": 0,
                "2035": 0,
                "2036": 0,
                "2037": 0,
                "2038": 0,
                "2039": 0,
                "2040": 0
            },
            {
                "CommId": "COM_on500",
                "2019": 0,
                "2020": 0,
                "2021": 0,
                "2022": 0,
                "2023": 0,
                "2024": 0,
                "2025": 0,
                "2026": 0,
                "2027": 0,
                "2028": 0,
                "2029": 0,
                "2030": 0,
                "2031": 0,
                "2032": 0,
                "2033": 0,
                "2034": 0,
                "2035": 0,
                "2036": 0,
                "2037": 0,
                "2038": 0,
                "2039": 0,
                "2040": 0
            },
            {
                "CommId": "COM_sax2w",
                "2019": 0,
                "2020": 0,
                "2021": 0,
                "2022": 0,
                "2023": 0,
                "2024": 0,
                "2025": 0,
                "2026": 0,
                "2027": 0,
                "2028": 0,
                "2029": 0,
                "2030": 0,
                "2031": 0,
                "2032": 0,
                "2033": 0,
                "2034": 0,
                "2035": 0,
                "2036": 0,
                "2037": 0,
                "2038": 0,
                "2039": 0,
                "2040": 0
            },
            {
                "CommId": "COM_enfga",
                "2019": 0,
                "2020": 0,
                "2021": 0,
                "2022": 0,
                "2023": 0,
                "2024": 0,
                "2025": 0,
                "2026": 0,
                "2027": 0,
                "2028": 0,
                "2029": 0,
                "2030": 0,
                "2031": 0,
                "2032": 0,
                "2033": 0,
                "2034": 0,
                "2035": 0,
                "2036": 0,
                "2037": 0,
                "2038": 0,
                "2039": 0,
                "2040": 0
            },
            {
                "CommId": "COM_mocsn",
                "2019": 0,
                "2020": 0,
                "2021": 0,
                "2022": 0,
                "2023": 0,
                "2024": 0,
                "2025": 0,
                "2026": 0,
                "2027": 0,
                "2028": 0,
                "2029": 0,
                "2030": 0,
                "2031": 0,
                "2032": 0,
                "2033": 0,
                "2034": 0,
                "2035": 0,
                "2036": 0,
                "2037": 0,
                "2038": 0,
                "2039": 0,
                "2040": 0
            },
            {
                "CommId": "COM_swmmi",
                "2019": 0,
                "2020": 0,
                "2021": 0,
                "2022": 0,
                "2023": 0,
                "2024": 0,
                "2025": 0,
                "2026": 0,
                "2027": 0,
                "2028": 0,
                "2029": 0,
                "2030": 0,
                "2031": 0,
                "2032": 0,
                "2033": 0,
                "2034": 0,
                "2035": 0,
                "2036": 0,
                "2037": 0,
                "2038": 0,
                "2039": 0,
                "2040": 0
            },
            {
                "CommId": "COM_bo8pv",
                "2019": 0,
                "2020": 0,
                "2021": 0,
                "2022": 0,
                "2023": 0,
                "2024": 0,
                "2025": 0,
                "2026": 0,
                "2027": 0,
                "2028": 0,
                "2029": 0,
                "2030": 0,
                "2031": 0,
                "2032": 0,
                "2033": 0,
                "2034": 0,
                "2035": 0,
                "2036": 0,
                "2037": 0,
                "2038": 0,
                "2039": 0,
                "2040": 0
            },
            {
                "CommId": "COM_3y0kt",
                "2019": 0,
                "2020": 0,
                "2021": 0,
                "2022": 0,
                "2023": 0,
                "2024": 0,
                "2025": 0,
                "2026": 0,
                "2027": 0,
                "2028": 0,
                "2029": 0,
                "2030": 0,
                "2031": 0,
                "2032": 0,
                "2033": 0,
                "2034": 0,
                "2035": 0,
                "2036": 0,
                "2037": 0,
                "2038": 0,
                "2039": 0,
                "2040": 0
            },
            {
                "CommId": "COM_0ikzc",
                "2019": 0,
                "2020": 0,
                "2021": 0,
                "2022": 0,
                "2023": 0,
                "2024": 0,
                "2025": 0,
                "2026": 0,
                "2027": 0,
                "2028": 0,
                "2029": 0,
                "2030": 0,
                "2031": 0,
                "2032": 0,
                "2033": 0,
                "2034": 0,
                "2035": 0,
                "2036": 0,
                "2037": 0,
                "2038": 0,
                "2039": 0,
                "2040": 0
            },
            {
                "CommId": "COM_iasyy",
                "2019": 0,
                "2020": 0,
                "2021": 0,
                "2022": 0,
                "2023": 0,
                "2024": 0,
                "2025": 0,
                "2026": 0,
                "2027": 0,
                "2028": 0,
                "2029": 0,
                "2030": 0,
                "2031": 0,
                "2032": 0,
                "2033": 0,
                "2034": 0,
                "2035": 0,
                "2036": 0,
                "2037": 0,
                "2038": 0,
                "2039": 0,
                "2040": 0
            },
            {
                "CommId": "COM_g7mgy",
                "2019": 0,
                "2020": 0,
                "2021": 0,
                "2022": 0,
                "2023": 0,
                "2024": 0,
                "2025": 0,
                "2026": 0,
                "2027": 0,
                "2028": 0,
                "2029": 0,
                "2030": 0,
                "2031": 0,
                "2032": 0,
                "2033": 0,
                "2034": 0,
                "2035": 0,
                "2036": 0,
                "2037": 0,
                "2038": 0,
                "2039": 0,
                "2040": 0
            },
            {
                "CommId": "COM_fb1ub",
                "2019": 0,
                "2020": 0,
                "2021": 0,
                "2022": 0,
                "2023": 0,
                "2024": 0,
                "2025": 0,
                "2026": 0,
                "2027": 0,
                "2028": 0,
                "2029": 0,
                "2030": 0,
                "2031": 0,
                "2032": 0,
                "2033": 0,
                "2034": 0,
                "2035": 0,
                "2036": 0,
                "2037": 0,
                "2038": 0,
                "2039": 0,
                "2040": 0
            },
            {
                "CommId": "COM_g9l0t",
                "2019": 0,
                "2020": 0,
                "2021": 0,
                "2022": 0,
                "2023": 0,
                "2024": 0,
                "2025": 0,
                "2026": 0,
                "2027": 0,
                "2028": 0,
                "2029": 0,
                "2030": 0,
                "2031": 0,
                "2032": 0,
                "2033": 0,
                "2034": 0,
                "2035": 0,
                "2036": 0,
                "2037": 0,
                "2038": 0,
                "2039": 0,
                "2040": 0
            }
        ]
    }
}