{
    "IAR": {
        "SC_0": [
            {
                "TechId": "TEC_dsj6c",
                "CommId": "COM_0",
                "MoId": 1,
                "2019": 2.56,
                "2020": 2.56,
                "2021": 2.56,
                "2022": 2.56,
                "2023": 2.56,
                "2024": 2.56,
                "2025": 2.56,
                "2026": 2.56,
                "2027": 2.56,
                "2028": 2.56,
                "2029": 2.56,
                "2030": 2.56,
                "2031": 2.56,
                "2032": 2.56,
                "2033": 2.56,
                "2034": 2.56,
                "2035": 2.56,
                "2036": 2.56,
                "2037": 2.56,
                "2038": 2.56,
                "2039": 2.56,
                "2040": 2.56
            },
            {
                "TechId": "TEC_g26az",
                "CommId": "COM_23ub5",
                "MoId": 1,
                "2019": 2.23,
                "2020": 2.23,
                "2021": 2.23,
                "2022": 2.23,
                "2023": 2.23,
                "2024": 2.23,
                "2025": 2.23,
                "2026": 2.23,
                "2027": 2.23,
                "2028": 2.23,
                "2029": 2.23,
                "2030": 2.23,
                "2031": 2.23,
                "2032": 2.23,
                "2033": 2.23,
                "2034": 2.23,
                "2035": 2.23,
                "2036": 2.23,
                "2037": 2.23,
                "2038": 2.23,
                "2039": 2.23,
                "2040": 2.23
            },
            {
                "TechId": "TEC_jhka2",
                "CommId": "COM_ex5eb",
                "MoId": 1,
                "2019": 1,
                "2020": 1,
                "2021": 1,
                "2022": 1,
                "2023": 1,
                "2024": 1,
                "2025": 1,
                "2026": 1,
                "2027": 1,
                "2028": 1,
                "2029": 1,
                "2030": 1,
                "2031": 1,
                "2032": 1,
                "2033": 1,
                "2034": 1,
                "2035": 1,
                "2036": 1,
                "2037": 1,
                "2038": 1,
                "2039": 1,
                "2040": 1
            },
            {
                "TechId": "TEC_qm7g6",
                "CommId": "COM_tkt29",
                "MoId": 1,
                "2019": 1,
                "2020": 1,
                "2021": 1,
                "2022": 1,
                "2023": 1,
                "2024": 1,
                "2025": 1,
                "2026": 1,
                "2027": 1,
                "2028": 1,
                "2029": 1,
                "2030": 1,
                "2031": 1,
                "2032": 1,
                "2033": 1,
                "2034": 1,
                "2035": 1,
                "2036": 1,
                "2037": 1,
                "2038": 1,
                "2039": 1,
                "2040": 1
            },
            {
                "TechId": "TEC_i64as",
                "CommId": "COM_l51cl",
                "MoId": 1,
                "2019": 1,
                "2020": 1,
                "2021": 1,
                "2022": 1,
                "2023": 1,
                "2024": 1,
                "2025": 1,
                "2026": 1,
                "2027": 1,
                "2028": 1,
                "2029": 1,
                "2030": 1,
                "2031": 1,
                "2032": 1,
                "2033": 1,
                "2034": 1,
                "2035": 1,
                "2036": 1,
                "2037": 1,
                "2038": 1,
                "2039": 1,
                "2040": 1
            },
            {
                "TechId": "TEC_5tbaw",
                "CommId": "COM_ds81d",
                "MoId": 1,
                "2019": 1,
                "2020": 1,
                "2021": 1,
                "2022": 1,
                "2023": 1,
                "2024": 1,
                "2025": 1,
                "2026": 1,
                "2027": 1,
                "2028": 1,
                "2029": 1,
                "2030": 1,
                "2031": 1,
                "2032": 1,
                "2033": 1,
                "2034": 1,
                "2035": 1,
                "2036": 1,
                "2037": 1,
                "2038": 1,
                "2039": 1,
                "2040": 1
            },
            {
                "TechId": "TEC_ezcew",
                "CommId": "COM_175lg",
                "MoId": 1,
                "2019": 3.44,
                "2020": 3.44,
                "2021": 3.44,
                "2022": 3.44,
                "2023": 3.44,
                "2024": 3.44,
                "2025": 3.44,
                "2026": 3.44,
                "2027": 3.44,
                "2028": 3.44,
                "2029": 3.44,
                "2030": 3.44,
                "2031": 3.44,
                "2032": 3.44,
                "2033": 3.44,
                "2034": 3.44,
                "2035": 3.44,
                "2036": 3.44,
                "2037": 3.44,
                "2038": 3.44,
                "2039": 3.44,
                "2040": 3.44
            },
            {
                "TechId": "TEC_gnp14",
                "CommId": "COM_0",
                "MoId": 1,
                "2019": 2.7,
                "2020": 2.7,
                "2021": 2.7,
                "2022": 2.7,
                "2023": 2.7,
                "2024": 2.7,
                "2025": 2.7,
                "2026": 2.7,
                "2027": 2.7,
                "2028": 2.7,
                "2029": 2.7,
                "2030": 2.7,
                "2031": 2.7,
                "2032": 2.7,
                "2033": 2.7,
                "2034": 2.7,
                "2035": 2.7,
                "2036": 2.7,
                "2037": 2.7,
                "2038": 2.7,
                "2039": 2.7,
                "2040": 2.7
            },
            {
                "TechId": "TEC_nz0ek",
                "CommId": "COM_ewlql",
                "MoId": 1,
                "2019": 1.75,
                "2020": 1.75,
                "2021": 1.75,
                "2022": 1.75,
                "2023": 1.75,
                "2024": 1.75,
                "2025": 1.75,
                "2026": 1.75,
                "2027": 1.75,
                "2028": 1.75,
                "2029": 1.75,
                "2030": 1.75,
                "2031": 1.75,
                "2032": 1.75,
                "2033": 1.75,
                "2034": 1.75,
                "2035": 1.75,
                "2036": 1.75,
                "2037": 1.75,
                "2038": 1.75,
                "2039": 1.75,
                "2040": 1.75
            },
            {
                "TechId": "TEC_e1dpb",
                "CommId": "COM_ewlql",
                "MoId": 1,
                "2019": 2.99,
                "2020": 2.99,
                "2021": 2.99,
                "2022": 2.99,
                "2023": 2.99,
                "2024": 2.99,
                "2025": 2.99,
                "2026": 2.99,
                "2027": 2.99,
                "2028": 2.99,
                "2029": 2.99,
                "2030": 2.99,
                "2031": 2.99,
                "2032": 2.99,
                "2033": 2.99,
                "2034": 2.99,
                "2035": 2.99,
                "2036": 2.99,
                "2037": 2.99,
                "2038": 2.99,
                "2039": 2.99,
                "2040": 2.99
            },
            {
                "TechId": "TEC_qbrrv",
                "CommId": "COM_ewlql",
                "MoId": 1,
                "2019": 3.14,
                "2020": 3.14,
                "2021": 3.14,
                "2022": 3.14,
                "2023": 3.14,
                "2024": 3.14,
                "2025": 3.14,
                "2026": 3.14,
                "2027": 3.14,
                "2028": 3.14,
                "2029": 3.14,
                "2030": 3.14,
                "2031": 3.14,
                "2032": 3.14,
                "2033": 3.14,
                "2034": 3.14,
                "2035": 3.14,
                "2036": 3.14,
                "2037": 3.14,
                "2038": 3.14,
                "2039": 3.14,
                "2040": 3.14
            },
            {
                "TechId": "TEC_9mdeo",
                "CommId": "COM_ex5eb",
                "MoId": 1,
                "2019": 1,
                "2020": 1,
                "2021": 1,
                "2022": 1,
                "2023": 1,
                "2024": 1,
                "2025": 1,
                "2026": 1,
                "2027": 1,
                "2028": 1,
                "2029": 1,
                "2030": 1,
                "2031": 1,
                "2032": 1,
                "2033": 1,
                "2034": 1,
                "2035": 1,
                "2036": 1,
                "2037": 1,
                "2038": 1,
                "2039": 1,
                "2040": 1
            },
            {
                "TechId": "TEC_rrleq",
                "CommId": "COM_ex5eb",
                "MoId": 1,
                "2019": 1,
                "2020": 1,
                "2021": 1,
                "2022": 1,
                "2023": 1,
                "2024": 1,
                "2025": 1,
                "2026": 1,
                "2027": 1,
                "2028": 1,
                "2029": 1,
                "2030": 1,
                "2031": 1,
                "2032": 1,
                "2033": 1,
                "2034": 1,
                "2035": 1,
                "2036": 1,
                "2037": 1,
                "2038": 1,
                "2039": 1,
                "2040": 1
            },
            {
                "TechId": "TEC_w3qbp",
                "CommId": "COM_tkt29",
                "MoId": 1,
                "2019": 1,
                "2020": 1,
                "2021": 1,
                "2022": 1,
                "2023": 1,
                "2024": 1,
                "2025": 1,
                "2026": 1,
                "2027": 1,
                "2028": 1,
                "2029": 1,
                "2030": 1,
                "2031": 1,
                "2032": 1,
                "2033": 1,
                "2034": 1,
                "2035": 1,
                "2036": 1,
                "2037": 1,
                "2038": 1,
                "2039": 1,
                "2040": 1
            },
            {
                "TechId": "TEC_hg485",
                "CommId": "COM_tkt29",
                "MoId": 1,
                "2019": 1,
                "2020": 1,
                "2021": 1,
                "2022": 1,
                "2023": 1,
                "2024": 1,
                "2025": 1,
                "2026": 1,
                "2027": 1,
                "2028": 1,
                "2029": 1,
                "2030": 1,
                "2031": 1,
                "2032": 1,
                "2033": 1,
                "2034": 1,
                "2035": 1,
                "2036": 1,
                "2037": 1,
                "2038": 1,
                "2039": 1,
                "2040": 1
            },
            {
                "TechId": "TEC_tvfb0",
                "CommId": "COM_23ub5",
                "MoId": 1,
                "2019": 2.27,
                "2020": 2.27,
                "2021": 2.27,
                "2022": 2.27,
                "2023": 2.27,
                "2024": 2.27,
                "2025": 2.27,
                "2026": 2.27,
                "2027": 2.27,
                "2028": 2.27,
                "2029": 2.27,
                "2030": 2.27,
                "2031": 2.27,
                "2032": 2.27,
                "2033": 2.27,
                "2034": 2.27,
                "2035": 2.27,
                "2036": 2.27,
                "2037": 2.27,
                "2038": 2.27,
                "2039": 2.27,
                "2040": 2.27
            },
            {
                "TechId": "TEC_curyb",
                "CommId": "COM_23ub5",
                "MoId": 1,
                "2019": 2.53,
                "2020": 2.53,
                "2021": 2.53,
                "2022": 2.53,
                "2023": 2.53,
                "2024": 2.53,
                "2025": 2.53,
                "2026": 2.53,
                "2027": 2.53,
                "2028": 2.53,
                "2029": 2.53,
                "2030": 2.53,
                "2031": 2.53,
                "2032": 2.53,
                "2033": 2.53,
                "2034": 2.53,
                "2035": 2.53,
                "2036": 2.53,
                "2037": 2.53,
                "2038": 2.53,
                "2039": 2.53,
                "2040": 2.53
            },
            {
                "TechId": "TEC_t1h1g",
                "CommId": "COM_iasyy",
                "MoId": 1,
                "2019": 0,
                "2020": 0,
                "2021": 0,
                "2022": 0,
                "2023": 0,
                "2024": 0,
                "2025": 0,
                "2026": 0,
                "2027": 0,
                "2028": 0,
                "2029": 0,
                "2030": 0,
                "2031": 0,
                "2032": 0,
                "2033": 0,
                "2034": 0,
                "2035": 0,
                "2036": 0,
                "2037": 0,
                "2038": 0,
                "2039": 0,
                "2040": 0
            },
            {
                "TechId": "TEC_bgej8",
                "CommId": "COM_g7mgy",
                "MoId": 1,
                "2019": 0,
                "2020": 0,
                "2021": 0,
                "2022": 0,
                "2023": 0,
                "2024": 0,
                "2025": 0,
                "2026": 0,
                "2027": 0,
                "2028": 0,
                "2029": 0,
                "2030": 0,
                "2031": 0,
                "2032": 0,
                "2033": 0,
                "2034": 0,
                "2035": 0,
                "2036": 0,
                "2037": 0,
                "2038": 0,
                "2039": 0,
                "2040": 0
            },
            {
                "TechId": "TEC_xpkp3",
                "CommId": "COM_g7mgy",
                "MoId": 1,
                "2019": 0,
                "2020": 0,
                "2021": 0,
                "2022": 0,
                "2023": 0,
                "2024": 0,
                "2025": 0,
                "2026": 0,
                "2027": 0,
                "2028": 0,
                "2029": 0,
                "2030": 0,
                "2031": 0,
                "2032": 0,
                "2033": 0,
                "2034": 0,
                "2035": 0,
                "2036": 0,
                "2037": 0,
                "2038": 0,
                "2039": 0,
                "2040": 0
            },
            {
                "TechId": "TEC_l4nc0",
                "CommId": "COM_g7mgy",
                "MoId": 1,
                "2019": 0,
                "2020": 0,
                "2021": 0,
                "2022": 0,
                "2023": 0,
                "2024": 0,
                "2025": 0,
                "2026": 0,
                "2027": 0,
                "2028": 0,
                "2029": 0,
                "2030": 0,
                "2031": 0,
                "2032": 0,
                "2033": 0,
                "2034": 0,
                "2035": 0,
                "2036": 0,
                "2037": 0,
                "2038": 0,
                "2039": 0,
                "2040": 0
            },
            {
                "TechId": "TEC_wuwrr",
                "CommId": "COM_g7mgy",
                "MoId": 1,
                "2019": 0,
                "2020": 0,
                "2021": 0,
                "2022": 0,
                "2023": 0,
                "2024": 0,
                "2025": 0,
                "2026": 0,
                "2027": 0,
                "2028": 0,
                "2029": 0,
                "2030": 0,
                "2031": 0,
                "2032": 0,
                "2033": 0,
                "2034": 0,
                "2035": 0,
                "2036": 0,
                "2037": 0,
                "2038": 0,
                "2039": 0,
                "2040": 0
            },
            {
                "TechId": "TEC_dbkq9",
                "CommId": "COM_23ub5",
                "MoId": 1,
                "2019": 0,
                "2020": 0,
                "2021": 0,
                "2022": 0,
                "2023": 0,
                "2024": 0,
                "2025": 0,
                "2026": 0,
                "2027": 0,
                "2028": 0,
                "2029": 0,
                "2030": 0,
                "2031": 0,
                "2032": 0,
                "2033": 0,
                "2034": 0,
                "2035": 0,
                "2036": 0,
                "2037": 0,
                "2038": 0,
                "2039": 0,
                "2040": 0
            },
            {
                "TechId": "TEC_y255t",
                "CommId": "COM_23ub5",
                "MoId": 1,
                "2019": 0,
                "2020": 0,
                "2021": 0,
                "2022": 0,
                "2023": 0,
                "2024": 0,
                "2025": 0,
                "2026": 0,
                "2027": 0,
                "2028": 0,
                "2029": 0,
                "2030": 0,
                "2031": 0,
                "2032": 0,
                "2033": 0,
                "2034": 0,
                "2035": 0,
                "2036": 0,
                "2037": 0,
                "2038": 0,
                "2039": 0,
                "2040": 0
            },
            {
                "TechId": "TEC_adic9",
                "CommId": "COM_23ub5",
                "MoId": 1,
                "2019": 0,
                "2020": 0,
                "2021": 0,
                "2022": 0,
                "2023": 0,
                "2024": 0,
                "2025": 0,
                "2026": 0,
                "2027": 0,
                "2028": 0,
                "2029": 0,
                "2030": 0,
                "2031": 0,
                "2032": 0,
                "2033": 0,
                "2034": 0,
                "2035": 0,
                "2036": 0,
                "2037": 0,
                "2038": 0,
                "2039": 0,
                "2040": 0
            },
            {
                "TechId": "TEC_vai8d",
                "CommId": "COM_23ub5",
                "MoId": 1,
                "2019": 0,
                "2020": 0,
                "2021": 0,
                "2022": 0,
                "2023": 0,
                "2024": 0,
                "2025": 0,
                "2026": 0,
                "2027": 0,
                "2028": 0,
                "2029": 0,
                "2030": 0,
                "2031": 0,
                "2032": 0,
                "2033": 0,
                "2034": 0,
                "2035": 0,
                "2036": 0,
                "2037": 0,
                "2038": 0,
                "2039": 0,
                "2040": 0
            },
            {
                "TechId": "TEC_1q89q",
                "CommId": "COM_3y0kt",
                "MoId": 1,
                "2019": 0,
                "2020": 0,
                "2021": 0,
                "2022": 0,
                "2023": 0,
                "2024": 0,
                "2025": 0,
                "2026": 0,
                "2027": 0,
                "2028": 0,
                "2029": 0,
                "2030": 0,
                "2031": 0,
                "2032": 0,
                "2033": 0,
                "2034": 0,
                "2035": 0,
                "2036": 0,
                "2037": 0,
                "2038": 0,
                "2039": 0,
                "2040": 0
            },
            {
                "TechId": "TEC_yhanf",
                "CommId": "COM_g9l0t",
                "MoId": 1,
                "2019": 0,
                "2020": 0,
                "2021": 0,
                "2022": 0,
                "2023": 0,
                "2024": 0,
                "2025": 0,
                "2026": 0,
                "2027": 0,
                "2028": 0,
                "2029": 0,
                "2030": 0,
                "2031": 0,
                "2032": 0,
                "2033": 0,
                "2034": 0,
                "2035": 0,
                "2036": 0,
                "2037": 0,
                "2038": 0,
                "2039": 0,
                "2040": 0
            },
            {
                "TechId": "TEC_5lrjy",
                "CommId": "COM_175lg",
                "MoId": 1,
                "2019": 0,
                "2020": 0,
                "2021": 0,
                "2022": 0,
                "2023": 0,
                "2024": 0,
                "2025": 0,
                "2026": 0,
                "2027": 0,
                "2028": 0,
                "2029": 0,
                "2030": 0,
                "2031": 0,
                "2032": 0,
                "2033": 0,
                "2034": 0,
                "2035": 0,
                "2036": 0,
                "2037": 0,
                "2038": 0,
                "2039": 0,
                "2040": 0
            },
            {
                "TechId": "TEC_j7wue",
                "CommId": "COM_175lg",
                "MoId": 1,
                "2019": 0,
                "2020": 0,
                "2021": 0,
                "2022": 0,
                "2023": 0,
                "2024": 0,
                "2025": 0,
                "2026": 0,
                "2027": 0,
                "2028": 0,
                "2029": 0,
                "2030": 0,
                "2031": 0,
                "2032": 0,
                "2033": 0,
                "2034": 0,
                "2035": 0,
                "2036": 0,
                "2037": 0,
                "2038": 0,
                "2039": 0,
                "2040": 0
            },
            {
                "TechId": "TEC_c06hu",
                "CommId": "COM_fb1ub",
                "MoId": 1,
                "2019": 0,
                "2020": 0,
                "2021": 0,
                "2022": 0,
                "2023": 0,
                "2024": 0,
                "2025": 0,
                "2026": 0,
                "2027": 0,
                "2028": 0,
                "2029": 0,
                "2030": 0,
                "2031": 0,
                "2032": 0,
                "2033": 0,
                "2034": 0,
                "2035": 0,
                "2036": 0,
                "2037": 0,
                "2038": 0,
                "2039": 0,
                "2040": 0
            },
            {
                "TechId": "TEC_5vk1y",
                "CommId": "COM_fb1ub",
                "MoId": 1,
                "2019": 0,
                "2020": 0,
                "2021": 0,
                "2022": 0,
                "2023": 0,
                "2024": 0,
                "2025": 0,
                "2026": 0,
                "2027": 0,
                "2028": 0,
                "2029": 0,
                "2030": 0,
                "2031": 0,
                "2032": 0,
                "2033": 0,
                "2034": 0,
                "2035": 0,
                "2036": 0,
                "2037": 0,
                "2038": 0,
                "2039": 0,
                "2040": 0
            },
            {
                "TechId": "TEC_lz34p",
                "CommId": "COM_fb1ub",
                "MoId": 1,
                "2019": 0,
                "2020": 0,
                "2021": 0,
                "2022": 0,
                "2023": 0,
                "2024": 0,
                "2025": 0,
                "2026": 0,
                "2027": 0,
                "2028": 0,
                "2029": 0,
                "2030": 0,
                "2031": 0,
                "2032": 0,
                "2033": 0,
                "2034": 0,
                "2035": 0,
                "2036": 0,
                "2037": 0,
                "2038": 0,
                "2039": 0,
                "2040": 0
            },
            {
                "TechId": "TEC_wv84j",
                "CommId": "COM_fb1ub",
                "MoId": 1,
                "2019": 0,
                "2020": 0,
                "2021": 0,
                "2022": 0,
                "2023": 0,
                "2024": 0,
                "2025": 0,
                "2026": 0,
                "2027": 0,
                "2028": 0,
                "2029": 0,
                "2030": 0,
                "2031": 0,
                "2032": 0,
                "2033": 0,
                "2034": 0,
                "2035": 0,
                "2036": 0,
                "2037": 0,
                "2038": 0,
                "2039": 0,
                "2040": 0
            }
        ]
    },
    "OAR": {
        "SC_0": [
            {
                "TechId": "TEC_0",
                "CommId": "COM_0",
                "MoId": 1,
                "2019": 1,
                "2020": 1,
                "2021": 1,
                "2022": 1,
                "2023": 1,
                "2024": 1,
                "2025": 1,
                "2026": 1,
                "2027": 1,
                "2028": 1,
                "2029": 1,
                "2030": 1,
                "2031": 1,
                "2032": 1,
                "2033": 1,
                "2034": 1,
                "2035": 1,
                "2036": 1,
                "2037": 1,
                "2038": 1,
                "2039": 1,
                "2040": 1
            },
            {
                "TechId": "TEC_s94gf",
                "CommId": "COM_23ub5",
                "MoId": 1,
                "2019": 1,
                "2020": 1,
                "2021": 1,
                "2022": 1,
                "2023": 1,
                "2024": 1,
                "2025": 1,
                "2026": 1,
                "2027": 1,
                "2028": 1,
                "2029": 1,
                "2030": 1,
                "2031": 1,
                "2032": 1,
                "2033": 1,
                "2034": 1,
                "2035": 1,
                "2036": 1,
                "2037": 1,
                "2038": 1,
                "2039": 1,
                "2040": 1
            },
            {
                "TechId": "TEC_cmb2h",
                "CommId": "COM_ex5eb",
                "MoId": 1,
                "2019": 1,
                "2020": 1,
                "2021": 1,
                "2022": 1,
                "2023": 1,
                "2024": 1,
                "2025": 1,
                "2026": 1,
                "2027": 1,
                "2028": 1,
                "2029": 1,
                "2030": 1,
                "2031": 1,
                "2032": 1,
                "2033": 1,
                "2034": 1,
                "2035": 1,
                "2036": 1,
                "2037": 1,
                "2038": 1,
                "2039": 1,
                "2040": 1
            },
            {
                "TechId": "TEC_270l3",
                "CommId": "COM_tkt29",
                "MoId": 1,
                "2019": 1,
                "2020": 1,
                "2021": 1,
                "2022": 1,
                "2023": 1,
                "2024": 1,
                "2025": 1,
                "2026": 1,
                "2027": 1,
                "2028": 1,
                "2029": 1,
                "2030": 1,
                "2031": 1,
                "2032": 1,
                "2033": 1,
                "2034": 1,
                "2035": 1,
                "2036": 1,
                "2037": 1,
                "2038": 1,
                "2039": 1,
                "2040": 1
            },
            {
                "TechId": "TEC_tyj6b",
                "CommId": "COM_l51cl",
                "MoId": 1,
                "2019": 1,
                "2020": 1,
                "2021": 1,
                "2022": 1,
                "2023": 1,
                "2024": 1,
                "2025": 1,
                "2026": 1,
                "2027": 1,
                "2028": 1,
                "2029": 1,
                "2030": 1,
                "2031": 1,
                "2032": 1,
                "2033": 1,
                "2034": 1,
                "2035": 1,
                "2036": 1,
                "2037": 1,
                "2038": 1,
                "2039": 1,
                "2040": 1
            },
            {
                "TechId": "TEC_dsj6c",
                "CommId": "COM_ds81d",
                "MoId": 1,
                "2019": 1,
                "2020": 1,
                "2021": 1,
                "2022": 1,
                "2023": 1,
                "2024": 1,
                "2025": 1,
                "2026": 1,
                "2027": 1,
                "2028": 1,
                "2029": 1,
                "2030": 1,
                "2031": 1,
                "2032": 1,
                "2033": 1,
                "2034": 1,
                "2035": 1,
                "2036": 1,
                "2037": 1,
                "2038": 1,
                "2039": 1,
                "2040": 1
            },
            {
                "TechId": "TEC_g26az",
                "CommId": "COM_ds81d",
                "MoId": 1,
                "2019": 1,
                "2020": 1,
                "2021": 1,
                "2022": 1,
                "2023": 1,
                "2024": 1,
                "2025": 1,
                "2026": 1,
                "2027": 1,
                "2028": 1,
                "2029": 1,
                "2030": 1,
                "2031": 1,
                "2032": 1,
                "2033": 1,
                "2034": 1,
                "2035": 1,
                "2036": 1,
                "2037": 1,
                "2038": 1,
                "2039": 1,
                "2040": 1
            },
            {
                "TechId": "TEC_jhka2",
                "CommId": "COM_ds81d",
                "MoId": 1,
                "2019": 1,
                "2020": 1,
                "2021": 1,
                "2022": 1,
                "2023": 1,
                "2024": 1,
                "2025": 1,
                "2026": 1,
                "2027": 1,
                "2028": 1,
                "2029": 1,
                "2030": 1,
                "2031": 1,
                "2032": 1,
                "2033": 1,
                "2034": 1,
                "2035": 1,
                "2036": 1,
                "2037": 1,
                "2038": 1,
                "2039": 1,
                "2040": 1
            },
            {
                "TechId": "TEC_qm7g6",
                "CommId": "COM_ds81d",
                "MoId": 1,
                "2019": 1,
                "2020": 1,
                "2021": 1,
                "2022": 1,
                "2023": 1,
                "2024": 1,
                "2025": 1,
                "2026": 1,
                "2027": 1,
                "2028": 1,
                "2029": 1,
                "2030": 1,
                "2031": 1,
                "2032": 1,
                "2033": 1,
                "2034": 1,
                "2035": 1,
                "2036": 1,
                "2037": 1,
                "2038": 1,
                "2039": 1,
                "2040": 1
            },
            {
                "TechId": "TEC_i64as",
                "CommId": "COM_ds81d",
                "MoId": 1,
                "2019": 1,
                "2020": 1,
                "2021": 1,
                "2022": 1,
                "2023": 1,
                "2024": 1,
                "2025": 1,
                "2026": 1,
                "2027": 1,
                "2028": 1,
                "2029": 1,
                "2030": 1,
                "2031": 1,
                "2032": 1,
                "2033": 1,
                "2034": 1,
                "2035": 1,
                "2036": 1,
                "2037": 1,
                "2038": 1,
                "2039": 1,
                "2040": 1
            },
            {
                "TechId": "TEC_5tbaw",
                "CommId": "COM_qj523",
                "MoId": 1,
                "2019": 0.89,
                "2020": 0.89,
                "2021": 0.89,
                "2022": 0.89,
                "2023": 0.89,
                "2024": 0.89,
                "2025": 0.89,
                "2026": 0.89,
                "2027": 0.89,
                "2028": 0.89,
                "2029": 0.89,
                "2030": 0.89,
                "2031": 0.89,
                "2032": 0.89,
                "2033": 0.89,
                "2034": 0.89,
                "2035": 0.89,
                "2036": 0.89,
                "2037": 0.89,
                "2038": 0.89,
                "2039": 0.89,
                "2040": 0.89
            },
            {
                "TechId": "TEC_ezcew",
                "CommId": "COM_ds81d",
                "MoId": 1,
                "2019": 1,
                "2020": 1,
                "2021": 1,
                "2022": 1,
                "2023": 1,
                "2024": 1,
                "2025": 1,
                "2026": 1,
                "2027": 1,
                "2028": 1,
                "2029": 1,
                "2030": 1,
                "2031": 1,
                "2032": 1,
                "2033": 1,
                "2034": 1,
                "2035": 1,
                "2036": 1,
                "2037": 1,
                "2038": 1,
                "2039": 1,
                "2040": 1
            },
            {
                "TechId": "TEC_s2uho",
                "CommId": "COM_175lg",
                "MoId": 1,
                "2019": 1,
                "2020": 1,
                "2021": 1,
                "2022": 1,
                "2023": 1,
                "2024": 1,
                "2025": 1,
                "2026": 1,
                "2027": 1,
                "2028": 1,
                "2029": 1,
                "2030": 1,
                "2031": 1,
                "2032": 1,
                "2033": 1,
                "2034": 1,
                "2035": 1,
                "2036": 1,
                "2037": 1,
                "2038": 1,
                "2039": 1,
                "2040": 1
            },
            {
                "TechId": "TEC_i878b",
                "CommId": "COM_g7mgy",
                "MoId": 1,
                "2019": 1,
                "2020": 1,
                "2021": 1,
                "2022": 1,
                "2023": 1,
                "2024": 1,
                "2025": 1,
                "2026": 1,
                "2027": 1,
                "2028": 1,
                "2029": 1,
                "2030": 1,
                "2031": 1,
                "2032": 1,
                "2033": 1,
                "2034": 1,
                "2035": 1,
                "2036": 1,
                "2037": 1,
                "2038": 1,
                "2039": 1,
                "2040": 1
            },
            {
                "TechId": "TEC_gdac5",
                "CommId": "COM_iasyy",
                "MoId": 1,
                "2019": 1,
                "2020": 1,
                "2021": 1,
                "2022": 1,
                "2023": 1,
                "2024": 1,
                "2025": 1,
                "2026": 1,
                "2027": 1,
                "2028": 1,
                "2029": 1,
                "2030": 1,
                "2031": 1,
                "2032": 1,
                "2033": 1,
                "2034": 1,
                "2035": 1,
                "2036": 1,
                "2037": 1,
                "2038": 1,
                "2039": 1,
                "2040": 1
            },
            {
                "TechId": "TEC_eif72",
                "CommId": "COM_3y0kt",
                "MoId": 1,
                "2019": 1,
                "2020": 1,
                "2021": 1,
                "2022": 1,
                "2023": 1,
                "2024": 1,
                "2025": 1,
                "2026": 1,
                "2027": 1,
                "2028": 1,
                "2029": 1,
                "2030": 1,
                "2031": 1,
                "2032": 1,
                "2033": 1,
                "2034": 1,
                "2035": 1,
                "2036": 1,
                "2037": 1,
                "2038": 1,
                "2039": 1,
                "2040": 1
            },
            {
                "TechId": "TEC_7vdqi",
                "CommId": "COM_fb1ub",
                "MoId": 1,
                "2019": 1,
                "2020": 1,
                "2021": 1,
                "2022": 1,
                "2023": 1,
                "2024": 1,
                "2025": 1,
                "2026": 1,
                "2027": 1,
                "2028": 1,
                "2029": 1,
                "2030": 1,
                "2031": 1,
                "2032": 1,
                "2033": 1,
                "2034": 1,
                "2035": 1,
                "2036": 1,
                "2037": 1,
                "2038": 1,
                "2039": 1,
                "2040": 1
            },
            {
                "TechId": "TEC_eajh2",
                "CommId": "COM_0ikzc",
                "MoId": 1,
                "2019": 1,
                "2020": 1,
                "2021": 1,
                "2022": 1,
                "2023": 1,
                "2024": 1,
                "2025": 1,
                "2026": 1,
                "2027": 1,
                "2028": 1,
                "2029": 1,
                "2030": 1,
                "2031": 1,
                "2032": 1,
                "2033": 1,
                "2034": 1,
                "2035": 1,
                "2036": 1,
                "2037": 1,
                "2038": 1,
                "2039": 1,
                "2040": 1
            },
            {
                "TechId": "TEC_44tbl",
                "CommId": "COM_ewlql",
                "MoId": 1,
                "2019": 1,
                "2020": 1,
                "2021": 1,
                "2022": 1,
                "2023": 1,
                "2024": 1,
                "2025": 1,
                "2026": 1,
                "2027": 1,
                "2028": 1,
                "2029": 1,
                "2030": 1,
                "2031": 1,
                "2032": 1,
                "2033": 1,
                "2034": 1,
                "2035": 1,
                "2036": 1,
                "2037": 1,
                "2038": 1,
                "2039": 1,
                "2040": 1
            },
            {
                "TechId": "TEC_gnp14",
                "CommId": "COM_ds81d",
                "MoId": 1,
                "2019": 1,
                "2020": 1,
                "2021": 1,
                "2022": 1,
                "2023": 1,
                "2024": 1,
                "2025": 1,
                "2026": 1,
                "2027": 1,
                "2028": 1,
                "2029": 1,
                "2030": 1,
                "2031": 1,
                "2032": 1,
                "2033": 1,
                "2034": 1,
                "2035": 1,
                "2036": 1,
                "2037": 1,
                "2038": 1,
                "2039": 1,
                "2040": 1
            },
            {
                "TechId": "TEC_nz0ek",
                "CommId": "COM_ds81d",
                "MoId": 1,
                "2019": 1,
                "2020": 1,
                "2021": 1,
                "2022": 1,
                "2023": 1,
                "2024": 1,
                "2025": 1,
                "2026": 1,
                "2027": 1,
                "2028": 1,
                "2029": 1,
                "2030": 1,
                "2031": 1,
                "2032": 1,
                "2033": 1,
                "2034": 1,
                "2035": 1,
                "2036": 1,
                "2037": 1,
                "2038": 1,
                "2039": 1,
                "2040": 1
            },
            {
                "TechId": "TEC_e1dpb",
                "CommId": "COM_ds81d",
                "MoId": 1,
                "2019": 1,
                "2020": 1,
                "2021": 1,
                "2022": 1,
                "2023": 1,
                "2024": 1,
                "2025": 1,
                "2026": 1,
                "2027": 1,
                "2028": 1,
                "2029": 1,
                "2030": 1,
                "2031": 1,
                "2032": 1,
                "2033": 1,
                "2034": 1,
                "2035": 1,
                "2036": 1,
                "2037": 1,
                "2038": 1,
                "2039": 1,
                "2040": 1
            },
            {
                "TechId": "TEC_qbrrv",
                "CommId": "COM_ds81d",
                "MoId": 1,
                "2019": 1,
                "2020": 1,
                "2021": 1,
                "2022": 1,
                "2023": 1,
                "2024": 1,
                "2025": 1,
                "2026": 1,
                "2027": 1,
                "2028": 1,
                "2029": 1,
                "2030": 1,
                "2031": 1,
                "2032": 1,
                "2033": 1,
                "2034": 1,
                "2035": 1,
                "2036": 1,
                "2037": 1,
                "2038": 1,
                "2039": 1,
                "2040": 1
            },
            {
                "TechId": "TEC_9mdeo",
                "CommId": "COM_ds81d",
                "MoId": 1,
                "2019": 1,
                "2020": 1,
                "2021": 1,
                "2022": 1,
                "2023": 1,
                "2024": 1,
                "2025": 1,
                "2026": 1,
                "2027": 1,
                "2028": 1,
                "2029": 1,
                "2030": 1,
                "2031": 1,
                "2032": 1,
                "2033": 1,
                "2034": 1,
                "2035": 1,
                "2036": 1,
                "2037": 1,
                "2038": 1,
                "2039": 1,
                "2040": 1
            },
            {
                "TechId": "TEC_rrleq",
                "CommId": "COM_ds81d",
                "MoId": 1,
                "2019": 1,
                "2020": 1,
                "2021": 1,
                "2022": 1,
                "2023": 1,
                "2024": 1,
                "2025": 1,
                "2026": 1,
                "2027": 1,
                "2028": 1,
                "2029": 1,
                "2030": 1,
                "2031": 1,
                "2032": 1,
                "2033": 1,
                "2034": 1,
                "2035": 1,
                "2036": 1,
                "2037": 1,
                "2038": 1,
                "2039": 1,
                "2040": 1
            },
            {
                "TechId": "TEC_w3qbp",
                "CommId": "COM_qj523",
                "MoId": 1,
                "2019": 1,
                "2020": 1,
                "2021": 1,
                "2022": 1,
                "2023": 1,
                "2024": 1,
                "2025": 1,
                "2026": 1,
                "2027": 1,
                "2028": 1,
                "2029": 1,
                "2030": 1,
                "2031": 1,
                "2032": 1,
                "2033": 1,
                "2034": 1,
                "2035": 1,
                "2036": 1,
                "2037": 1,
                "2038": 1,
                "2039": 1,
                "2040": 1
            },
            {
                "TechId": "TEC_hg485",
                "CommId": "COM_ds81d",
                "MoId": 1,
                "2019": 1,
                "2020": 1,
                "2021": 1,
                "2022": 1,
                "2023": 1,
                "2024": 1,
                "2025": 1,
                "2026": 1,
                "2027": 1,
                "2028": 1,
                "2029": 1,
                "2030": 1,
                "2031": 1,
                "2032": 1,
                "2033": 1,
                "2034": 1,
                "2035": 1,
                "2036": 1,
                "2037": 1,
                "2038": 1,
                "2039": 1,
                "2040": 1
            },
            {
                "TechId": "TEC_tvfb0",
                "CommId": "COM_ds81d",
                "MoId": 1,
                "2019": 1,
                "2020": 1,
                "2021": 1,
                "2022": 1,
                "2023": 1,
                "2024": 1,
                "2025": 1,
                "2026": 1,
                "2027": 1,
                "2028": 1,
                "2029": 1,
                "2030": 1,
                "2031": 1,
                "2032": 1,
                "2033": 1,
                "2034": 1,
                "2035": 1,
                "2036": 1,
                "2037": 1,
                "2038": 1,
                "2039": 1,
                "2040": 1
            },
            {
                "TechId": "TEC_curyb",
                "CommId": "COM_ds81d",
                "MoId": 1,
                "2019": 1,
                "2020": 1,
                "2021": 1,
                "2022": 1,
                "2023": 1,
                "2024": 1,
                "2025": 1,
                "2026": 1,
                "2027": 1,
                "2028": 1,
                "2029": 1,
                "2030": 1,
                "2031": 1,
                "2032": 1,
                "2033": 1,
                "2034": 1,
                "2035": 1,
                "2036": 1,
                "2037": 1,
                "2038": 1,
                "2039": 1,
                "2040": 1
            },
            {
                "TechId": "TEC_frt7y",
                "CommId": "COM_ds81d",
                "MoId": 1,
                "2019": 1,
                "2020": 1,
                "2021": 1,
                "2022": 1,
                "2023": 1,
                "2024": 1,
                "2025": 1,
                "2026": 1,
                "2027": 1,
                "2028": 1,
                "2029": 1,
                "2030": 1,
                "2031": 1,
                "2032": 1,
                "2033": 1,
                "2034": 1,
                "2035": 1,
                "2036": 1,
                "2037": 1,
                "2038": 1,
                "2039": 1,
                "2040": 1
            },
            {
                "TechId": "TEC_zbsqx",
                "CommId": "COM_ds81d",
                "MoId": 1,
                "2019": 1,
                "2020": 1,
                "2021": 1,
                "2022": 1,
                "2023": 1,
                "2024": 1,
                "2025": 1,
                "2026": 1,
                "2027": 1,
                "2028": 1,
                "2029": 1,
                "2030": 1,
                "2031": 1,
                "2032": 1,
                "2033": 1,
                "2034": 1,
                "2035": 1,
                "2036": 1,
                "2037": 1,
                "2038": 1,
                "2039": 1,
                "2040": 1
            },
            {
                "TechId": "TEC_tc3wo",
                "CommId": "COM_ds81d",
                "MoId": 1,
                "2019": 1,
                "2020": 1,
                "2021": 1,
                "2022": 1,
                "2023": 1,
                "2024": 1,
                "2025": 1,
                "2026": 1,
                "2027": 1,
                "2028": 1,
                "2029": 1,
                "2030": 1,
                "2031": 1,
                "2032": 1,
                "2033": 1,
                "2034": 1,
                "2035": 1,
                "2036": 1,
                "2037": 1,
                "2038": 1,
                "2039": 1,
                "2040": 1
            },
            {
                "TechId": "TEC_t1h1g",
                "CommId": "COM_n2oc3",
                "MoId": 1,
                "2019": 1,
                "2020": 1,
                "2021": 1,
                "2022": 1,
                "2023": 1,
                "2024": 1,
                "2025": 1,
                "2026": 1,
                "2027": 1,
                "2028": 1,
                "2029": 1,
                "2030": 1,
                "2031": 1,
                "2032": 1,
                "2033": 1,
                "2034": 1,
                "2035": 1,
                "2036": 1,
                "2037": 1,
                "2038": 1,
                "2039": 1,
                "2040": 1
            },
            {
                "TechId": "TEC_bgej8",
                "CommId": "COM_1rtbu",
                "MoId": 1,
                "2019": 1,
                "2020": 1,
                "2021": 1,
                "2022": 1,
                "2023": 1,
                "2024": 1,
                "2025": 1,
                "2026": 1,
                "2027": 1,
                "2028": 1,
                "2029": 1,
                "2030": 1,
                "2031": 1,
                "2032": 1,
                "2033": 1,
                "2034": 1,
                "2035": 1,
                "2036": 1,
                "2037": 1,
                "2038": 1,
                "2039": 1,
                "2040": 1
            },
            {
                "TechId": "TEC_xpkp3",
                "CommId": "COM_ny1ak",
                "MoId": 1,
                "2019": 1,
                "2020": 1,
                "2021": 1,
                "2022": 1,
                "2023": 1,
                "2024": 1,
                "2025": 1,
                "2026": 1,
                "2027": 1,
                "2028": 1,
                "2029": 1,
                "2030": 1,
                "2031": 1,
                "2032": 1,
                "2033": 1,
                "2034": 1,
                "2035": 1,
                "2036": 1,
                "2037": 1,
                "2038": 1,
                "2039": 1,
                "2040": 1
            },
            {
                "TechId": "TEC_l4nc0",
                "CommId": "COM_b3hba",
                "MoId": 1,
                "2019": 1,
                "2020": 1,
                "2021": 1,
                "2022": 1,
                "2023": 1,
                "2024": 1,
                "2025": 1,
                "2026": 1,
                "2027": 1,
                "2028": 1,
                "2029": 1,
                "2030": 1,
                "2031": 1,
                "2032": 1,
                "2033": 1,
                "2034": 1,
                "2035": 1,
                "2036": 1,
                "2037": 1,
                "2038": 1,
                "2039": 1,
                "2040": 1
            },
            {
                "TechId": "TEC_wuwrr",
                "CommId": "COM_88so7",
                "MoId": 1,
                "2019": 1,
                "2020": 1,
                "2021": 1,
                "2022": 1,
                "2023": 1,
                "2024": 1,
                "2025": 1,
                "2026": 1,
                "2027": 1,
                "2028": 1,
                "2029": 1,
                "2030": 1,
                "2031": 1,
                "2032": 1,
                "2033": 1,
                "2034": 1,
                "2035": 1,
                "2036": 1,
                "2037": 1,
                "2038": 1,
                "2039": 1,
                "2040": 1
            },
            {
                "TechId": "TEC_dbkq9",
                "CommId": "COM_xhmr2",
                "MoId": 1,
                "2019": 1,
                "2020": 1,
                "2021": 1,
                "2022": 1,
                "2023": 1,
                "2024": 1,
                "2025": 1,
                "2026": 1,
                "2027": 1,
                "2028": 1,
                "2029": 1,
                "2030": 1,
                "2031": 1,
                "2032": 1,
                "2033": 1,
                "2034": 1,
                "2035": 1,
                "2036": 1,
                "2037": 1,
                "2038": 1,
                "2039": 1,
                "2040": 1
            },
            {
                "TechId": "TEC_y255t",
                "CommId": "COM_omktu",
                "MoId": 1,
                "2019": 1,
                "2020": 1,
                "2021": 1,
                "2022": 1,
                "2023": 1,
                "2024": 1,
                "2025": 1,
                "2026": 1,
                "2027": 1,
                "2028": 1,
                "2029": 1,
                "2030": 1,
                "2031": 1,
                "2032": 1,
                "2033": 1,
                "2034": 1,
                "2035": 1,
                "2036": 1,
                "2037": 1,
                "2038": 1,
                "2039": 1,
                "2040": 1
            },
            {
                "TechId": "TEC_adic9",
                "CommId": "COM_sax2w",
                "MoId": 1,
                "2019": 1,
                "2020": 1,
                "2021": 1,
                "2022": 1,
                "2023": 1,
                "2024": 1,
                "2025": 1,
                "2026": 1,
                "2027": 1,
                "2028": 1,
                "2029": 1,
                "2030": 1,
                "2031": 1,
                "2032": 1,
                "2033": 1,
                "2034": 1,
                "2035": 1,
                "2036": 1,
                "2037": 1,
                "2038": 1,
                "2039": 1,
                "2040": 1
            },
            {
                "TechId": "TEC_vai8d",
                "CommId": "COM_0s242",
                "MoId": 1,
                "2019": 1,
                "2020": 1,
                "2021": 1,
                "2022": 1,
                "2023": 1,
                "2024": 1,
                "2025": 1,
                "2026": 1,
                "2027": 1,
                "2028": 1,
                "2029": 1,
                "2030": 1,
                "2031": 1,
                "2032": 1,
                "2033": 1,
                "2034": 1,
                "2035": 1,
                "2036": 1,
                "2037": 1,
                "2038": 1,
                "2039": 1,
                "2040": 1
            },
            {
                "TechId": "TEC_1q89q",
                "CommId": "COM_bd2i2",
                "MoId": 1,
                "2019": 1,
                "2020": 1,
                "2021": 1,
                "2022": 1,
                "2023": 1,
                "2024": 1,
                "2025": 1,
                "2026": 1,
                "2027": 1,
                "2028": 1,
                "2029": 1,
                "2030": 1,
                "2031": 1,
                "2032": 1,
                "2033": 1,
                "2034": 1,
                "2035": 1,
                "2036": 1,
                "2037": 1,
                "2038": 1,
                "2039": 1,
                "2040": 1
            },
            {
                "TechId": "TEC_yhanf",
                "CommId": "COM_1e5vi",
                "MoId": 1,
                "2019": 1,
                "2020": 1,
                "2021": 1,
                "2022": 1,
                "2023": 1,
                "2024": 1,
                "2025": 1,
                "2026": 1,
                "2027": 1,
                "2028": 1,
                "2029": 1,
                "2030": 1,
                "2031": 1,
                "2032": 1,
                "2033": 1,
                "2034": 1,
                "2035": 1,
                "2036": 1,
                "2037": 1,
                "2038": 1,
                "2039": 1,
                "2040": 1
            },
            {
                "TechId": "TEC_5lrjy",
                "CommId": "COM_bo8pv",
                "MoId": 1,
                "2019": 1,
                "2020": 1,
                "2021": 1,
                "2022": 1,
                "2023": 1,
                "2024": 1,
                "2025": 1,
                "2026": 1,
                "2027": 1,
                "2028": 1,
                "2029": 1,
                "2030": 1,
                "2031": 1,
                "2032": 1,
                "2033": 1,
                "2034": 1,
                "2035": 1,
                "2036": 1,
                "2037": 1,
                "2038": 1,
                "2039": 1,
                "2040": 1
            },
            {
                "TechId": "TEC_j7wue",
                "CommId": "COM_swmmi",
                "MoId": 1,
                "2019": 1,
                "2020": 1,
                "2021": 1,
                "2022": 1,
                "2023": 1,
                "2024": 1,
                "2025": 1,
                "2026": 1,
                "2027": 1,
                "2028": 1,
                "2029": 1,
                "2030": 1,
                "2031": 1,
                "2032": 1,
                "2033": 1,
                "2034": 1,
                "2035": 1,
                "2036": 1,
                "2037": 1,
                "2038": 1,
                "2039": 1,
                "2040": 1
            },
            {
                "TechId": "TEC_c06hu",
                "CommId": "COM_enfga",
                "MoId": 1,
                "2019": 1,
                "2020": 1,
                "2021": 1,
                "2022": 1,
                "2023": 1,
                "2024": 1,
                "2025": 1,
                "2026": 1,
                "2027": 1,
                "2028": 1,
                "2029": 1,
                "2030": 1,
                "2031": 1,
                "2032": 1,
                "2033": 1,
                "2034": 1,
                "2035": 1,
                "2036": 1,
                "2037": 1,
                "2038": 1,
                "2039": 1,
                "2040": 1
            },
            {
                "TechId": "TEC_5vk1y",
                "CommId": "COM_mocsn",
                "MoId": 1,
                "2019": 1,
                "2020": 1,
                "2021": 1,
                "2022": 1,
                "2023": 1,
                "2024": 1,
                "2025": 1,
                "2026": 1,
                "2027": 1,
                "2028": 1,
                "2029": 1,
                "2030": 1,
                "2031": 1,
                "2032": 1,
                "2033": 1,
                "2034": 1,
                "2035": 1,
                "2036": 1,
                "2037": 1,
                "2038": 1,
                "2039": 1,
                "2040": 1
            },
            {
                "TechId": "TEC_lz34p",
                "CommId": "COM_cihp6",
                "MoId": 1,
                "2019": 1,
                "2020": 1,
                "2021": 1,
                "2022": 1,
                "2023": 1,
                "2024": 1,
                "2025": 1,
                "2026": 1,
                "2027": 1,
                "2028": 1,
                "2029": 1,
                "2030": 1,
                "2031": 1,
                "2032": 1,
                "2033": 1,
                "2034": 1,
                "2035": 1,
                "2036": 1,
                "2037": 1,
                "2038": 1,
                "2039": 1,
                "2040": 1
            },
            {
                "TechId": "TEC_wv84j",
                "CommId": "COM_on500",
                "MoId": 1,
                "2019": 1,
                "2020": 1,
                "2021": 1,
                "2022": 1,
                "2023": 1,
                "2024": 1,
                "2025": 1,
                "2026": 1,
                "2027": 1,
                "2028": 1,
                "2029": 1,
                "2030": 1,
                "2031": 1,
                "2032": 1,
                "2033": 1,
                "2034": 1,
                "2035": 1,
                "2036": 1,
                "2037": 1,
                "2038": 1,
                "2039": 1,
                "2040": 1
            },
            {
                "TechId": "TEC_ar4yz",
                "CommId": "COM_g9l0t",
                "MoId": 1,
                "2019": 1,
                "2020": 1,
                "2021": 1,
                "2022": 1,
                "2023": 1,
                "2024": 1,
                "2025": 1,
                "2026": 1,
                "2027": 1,
                "2028": 1,
                "2029": 1,
                "2030": 1,
                "2031": 1,
                "2032": 1,
                "2033": 1,
                "2034": 1,
                "2035": 1,
                "2036": 1,
                "2037": 1,
                "2038": 1,
                "2039": 1,
                "2040": 1
            }
        ]
    }
}