{
    "YS": {
        "SC_0": [
            {
                "YearSplit": "S11",
                "2019": 0.151,
                "2020": 0.151,
                "2021": 0.151,
                "2022": 0.151,
                "2023": 0.151,
                "2024": 0.151,
                "2025": 0.151,
                "2026": 0.151,
                "2027": 0.151,
                "2028": 0.151,
                "2029": 0.151,
                "2030": 0.151,
                "2031": 0.151,
                "2032": 0.151,
                "2033": 0.151,
                "2034": 0.151,
                "2035": 0.151,
                "2036": 0.151,
                "2037": 0.151,
                "2038": 0.151,
                "2039": 0.151,
                "2040": 0.151
            },
            {
                "YearSplit": "S12",
                "2019": 0.055,
                "2020": 0.055,
                "2021": 0.055,
                "2022": 0.055,
                "2023": 0.055,
                "2024": 0.055,
                "2025": 0.055,
                "2026": 0.055,
                "2027": 0.055,
                "2028": 0.055,
                "2029": 0.055,
                "2030": 0.055,
                "2031": 0.055,
                "2032": 0.055,
                "2033": 0.055,
                "2034": 0.055,
                "2035": 0.055,
                "2036": 0.055,
                "2037": 0.055,
                "2038": 0.055,
                "2039": 0.055,
                "2040": 0.055
            },
            {
                "YearSplit": "S13",
                "2019": 0.123,
                "2020": 0.123,
                "2021": 0.123,
                "2022": 0.123,
                "2023": 0.123,
                "2024": 0.123,
                "2025": 0.123,
                "2026": 0.123,
                "2027": 0.123,
                "2028": 0.123,
                "2029": 0.123,
                "2030": 0.123,
                "2031": 0.123,
                "2032": 0.123,
                "2033": 0.123,
                "2034": 0.123,
                "2035": 0.123,
                "2036": 0.123,
                "2037": 0.123,
                "2038": 0.123,
                "2039": 0.123,
                "2040": 0.123
            },
            {
                "YearSplit": "S21",
                "2019": 0.077,
                "2020": 0.077,
                "2021": 0.077,
                "2022": 0.077,
                "2023": 0.077,
                "2024": 0.077,
                "2025": 0.077,
                "2026": 0.077,
                "2027": 0.077,
                "2028": 0.077,
                "2029": 0.077,
                "2030": 0.077,
                "2031": 0.077,
                "2032": 0.077,
                "2033": 0.077,
                "2034": 0.077,
                "2035": 0.077,
                "2036": 0.077,
                "2037": 0.077,
                "2038": 0.077,
                "2039": 0.077,
                "2040": 0.077
            },
            {
                "YearSplit": "S22",
                "2019": 0.028,
                "2020": 0.028,
                "2021": 0.028,
                "2022": 0.028,
                "2023": 0.028,
                "2024": 0.028,
                "2025": 0.028,
                "2026": 0.028,
                "2027": 0.028,
                "2028": 0.028,
                "2029": 0.028,
                "2030": 0.028,
                "2031": 0.028,
                "2032": 0.028,
                "2033": 0.028,
                "2034": 0.028,
                "2035": 0.028,
                "2036": 0.028,
                "2037": 0.028,
                "2038": 0.028,
                "2039": 0.028,
                "2040": 0.028
            },
            {
                "YearSplit": "S23",
                "2019": 0.063,
                "2020": 0.063,
                "2021": 0.063,
                "2022": 0.063,
                "2023": 0.063,
                "2024": 0.063,
                "2025": 0.063,
                "2026": 0.063,
                "2027": 0.063,
                "2028": 0.063,
                "2029": 0.063,
                "2030": 0.063,
                "2031": 0.063,
                "2032": 0.063,
                "2033": 0.063,
                "2034": 0.063,
                "2035": 0.063,
                "2036": 0.063,
                "2037": 0.063,
                "2038": 0.063,
                "2039": 0.063,
                "2040": 0.063
            },
            {
                "YearSplit": "S31",
                "2019": 0.116,
                "2020": 0.116,
                "2021": 0.116,
                "2022": 0.116,
                "2023": 0.116,
                "2024": 0.116,
                "2025": 0.116,
                "2026": 0.116,
                "2027": 0.116,
                "2028": 0.116,
                "2029": 0.116,
                "2030": 0.116,
                "2031": 0.116,
                "2032": 0.116,
                "2033": 0.116,
                "2034": 0.116,
                "2035": 0.116,
                "2036": 0.116,
                "2037": 0.116,
                "2038": 0.116,
                "2039": 0.116,
                "2040": 0.116
            },
            {
                "YearSplit": "S32",
                "2019": 0.042,
                "2020": 0.042,
                "2021": 0.042,
                "2022": 0.042,
                "2023": 0.042,
                "2024": 0.042,
                "2025": 0.042,
                "2026": 0.042,
                "2027": 0.042,
                "2028": 0.042,
                "2029": 0.042,
                "2030": 0.042,
                "2031": 0.042,
                "2032": 0.042,
                "2033": 0.042,
                "2034": 0.042,
                "2035": 0.042,
                "2036": 0.042,
                "2037": 0.042,
                "2038": 0.042,
                "2039": 0.042,
                "2040": 0.042
            },
            {
                "YearSplit": "S33",
                "2019": 0.095,
                "2020": 0.095,
                "2021": 0.095,
                "2022": 0.095,
                "2023": 0.095,
                "2024": 0.095,
                "2025": 0.095,
                "2026": 0.095,
                "2027": 0.095,
                "2028": 0.095,
                "2029": 0.095,
                "2030": 0.095,
                "2031": 0.095,
                "2032": 0.095,
                "2033": 0.095,
                "2034": 0.095,
                "2035": 0.095,
                "2036": 0.095,
                "2037": 0.095,
                "2038": 0.095,
                "2039": 0.095,
                "2040": 0.095
            },
            {
                "YearSplit": "S41",
                "2019": 0.116,
                "2020": 0.116,
                "2021": 0.116,
                "2022": 0.116,
                "2023": 0.116,
                "2024": 0.116,
                "2025": 0.116,
                "2026": 0.116,
                "2027": 0.116,
                "2028": 0.116,
                "2029": 0.116,
                "2030": 0.116,
                "2031": 0.116,
                "2032": 0.116,
                "2033": 0.116,
                "2034": 0.116,
                "2035": 0.116,
                "2036": 0.116,
                "2037": 0.116,
                "2038": 0.116,
                "2039": 0.116,
                "2040": 0.116
            },
            {
                "YearSplit": "S42",
                "2019": 0.042,
                "2020": 0.042,
                "2021": 0.042,
                "2022": 0.042,
                "2023": 0.042,
                "2024": 0.042,
                "2025": 0.042,
                "2026": 0.042,
                "2027": 0.042,
                "2028": 0.042,
                "2029": 0.042,
                "2030": 0.042,
                "2031": 0.042,
                "2032": 0.042,
                "2033": 0.042,
                "2034": 0.042,
                "2035": 0.042,
                "2036": 0.042,
                "2037": 0.042,
                "2038": 0.042,
                "2039": 0.042,
                "2040": 0.042
            },
            {
                "YearSplit": "S43",
                "2019": 0.095,
                "2020": 0.095,
                "2021": 0.095,
                "2022": 0.095,
                "2023": 0.095,
                "2024": 0.095,
                "2025": 0.095,
                "2026": 0.095,
                "2027": 0.095,
                "2028": 0.095,
                "2029": 0.095,
                "2030": 0.095,
                "2031": 0.095,
                "2032": 0.095,
                "2033": 0.095,
                "2034": 0.095,
                "2035": 0.095,
                "2036": 0.095,
                "2037": 0.095,
                "2038": 0.095,
                "2039": 0.095,
                "2040": 0.095
            }
        ]
    }
}