{
    "osy-cases": [
        {
            "Case": "REF",
            "CaseId": "CS_pfi39",
            "Desc": "",
            "Runtime": "Fri Aug 19 2022 16:48:07 GMT+0200 (Central European Summer Time)",
            "Scenarios": [
                {
                    "ScenarioId": "SC_0",
                    "Scenario": "SC_0",
                    "Desc": "Base scenario",
                    "Active": true
                },
                {
                    "ScenarioId": "SC_zh71e",
                    "Scenario": "RELVAL",
                    "Desc": "Relief valve",
                    "Active": true
                }
            ]
        }
    ]
}