{
    "TTMPA": {
        "REF": [
            {
                "DEMPWRBIO": 0.0,
                "DEMPWRCOA": 0.0,
                "DEMPWRDSL": 0.0,
                "DEMPWRGEO": 0.0,
                "DEMPWRHFO": 0.0,
                "DEMPWRHYD": 0.0,
                "DEMPWRLPG": 0.0,
                "DEMPWRNGS": 0.0,
                "DEMPWRPCK": 0.0,
                "DEMPWRSOL": 0.0,
                "DEMPWRURN": 0.0,
                "DEMPWRWAS": 0.0,
                "DEMPWRWND": 0.0,
                "DEMRESELCB02": 174.77,
                "DEMRESELCC02": 241.11,
                "DEMRESELCD02": 88.27,
                "DEMRESELCE02": 93.98,
                "DEMRESELCF02": 196.26,
                "DEMRESELCG02": 45.88,
                "DEMRESELCH02": 50.27,
                "DEMRESELCI02": 9.57,
                "DEMRESELCJ02": 0.57,
                "DEMRESELCK02": 23.68,
                "DEMRESELCL02": 15.54,
                "DEMRESELCM02": 42.21,
                "DEMRESELCN02": 61.97,
                "DEMRESELCO02": 58.85,
                "DEMRESELCP02": 15.54,
                "IMPCOA": 0.0,
                "IMPDSL": 0.0,
                "IMPELCB02": 174.77,
                "IMPELCC02": 241.11,
                "IMPELCD02": 88.27,
                "IMPELCE02": 93.98,
                "IMPELCF02": 196.26,
                "IMPELCG02": 45.88,
                "IMPELCH02": 50.27,
                "IMPELCI02": 9.57,
                "IMPELCJ02": 0.57,
                "IMPELCK02": 23.68,
                "IMPELCL02": 15.54,
                "IMPELCM02": 42.21,
                "IMPELCN02": 61.97,
                "IMPELCO02": 58.85,
                "IMPELCP02": 15.54,
                "IMPGSL": 0.0,
                "IMPHFO": 0.0,
                "IMPKER": 0.0,
                "IMPLPG": 0.0,
                "IMPNGS": 0.0,
                "IMPOHC": 0.0,
                "IMPURN": 0.0,
                "MINCOA": 0.0,
                "MINDSL": 0.0,
                "MINGSL": 0.0,
                "MINHFO": 0.0,
                "MINKER": 0.0,
                "MINLPG": 0.0,
                "MINNGS": 0.0,
                "MINOHC": 0.0,
                "PWRBIOA01": 0.0,
                "PWRBIOA02": 0.0,
                "PWRBIOA03": 0.0,
                "PWRBIOB01": 0.0,
                "PWRBIOB02": 0.0,
                "PWRBIOC01": 0.0,
                "PWRBIOC02": 0.0,
                "PWRBIOE01": 0.0,
                "PWRBIOF01": 0.0,
                "PWRBIOF02": 0.0,
                "PWRBIOG01": 0.0,
                "PWRBIOH01": 0.0,
                "PWRCOAA01": 0.0,
                "PWRCOAE01": 0.0,
                "PWRCOAF01": 0.0,
                "PWRCOAF02": 0.0,
                "PWRDSLA01": 0.0,
                "PWRDSLB01": 0.0,
                "PWRDSLC01": 0.0,
                "PWRDSLD01": 0.0,
                "PWRDSLD02": 0.0,
                "PWRDSLE01": 0.0,
                "PWRDSLE02": 0.0,
                "PWRDSLF01": 0.0,
                "PWRDSLF02": 0.0,
                "PWRDSLG01": 0.0,
                "PWRDSLG02": 0.0,
                "PWRDSLH01": 0.0,
                "PWRDSLH02": 0.0,
                "PWRDSLI01": 0.0,
                "PWRDSLI02": 0.0,
                "PWRDSLJ01": 0.0,
                "PWRDSLJ02": 0.0,
                "PWRGEOA01": 0.0,
                "PWRGEOB01": 0.0,
                "PWRGEOC01": 0.0,
                "PWRGEOD01": 0.0,
                "PWRGEOH01": 0.0,
                "PWRGEOJ01": 0.0,
                "PWRHFOA01": 0.0,
                "PWRHFOB01": 0.0,
                "PWRHFOC01": 0.0,
                "PWRHFOD01": 0.0,
                "PWRHFOE01": 0.0,
                "PWRHFOG01": 0.0,
                "PWRHFOI01": 0.0,
                "PWRHFOI02": 0.0,
                "PWRHFOJ01": 0.0,
                "PWRHFOP01": 0.0,
                "PWRHYDA01": 0.0,
                "PWRHYDB01": 0.0,
                "PWRHYDC01": 0.0,
                "PWRHYDD01": 0.0,
                "PWRHYDE01": 0.0,
                "PWRHYDF01": 0.0,
                "PWRHYDH01": 0.0,
                "PWRHYDP01": 0.0,
                "PWRLPGB01": 0.0,
                "PWRNGSA01": 0.0,
                "PWRNGSA02": 0.0,
                "PWRNGSA03": 0.0,
                "PWRNGSA04": 0.0,
                "PWRNGSA05": 0.0,
                "PWRNGSB01": 0.0,
                "PWRNGSB02": 0.0,
                "PWRNGSB03": 0.0,
                "PWRNGSB04": 0.0,
                "PWRNGSB05": 0.0,
                "PWRNGSB06": 0.0,
                "PWRNGSC01": 0.0,
                "PWRNGSC02": 0.0,
                "PWRNGSC03": 0.0,
                "PWRNGSC04": 0.0,
                "PWRNGSC05": 0.0,
                "PWRNGSC06": 0.0,
                "PWRNGSD01": 0.0,
                "PWRNGSD02": 0.0,
                "PWRNGSD03": 0.0,
                "PWRNGSD04": 0.0,
                "PWRNGSE01": 0.0,
                "PWRNGSE02": 0.0,
                "PWRNGSE03": 0.0,
                "PWRNGSE04": 0.0,
                "PWRNGSE05": 0.0,
                "PWRNGSE06": 0.0,
                "PWRNGSF01": 0.0,
                "PWRNGSF02": 0.0,
                "PWRNGSF03": 0.0,
                "PWRNGSF04": 0.0,
                "PWRNGSF05": 0.0,
                "PWRNGSF06": 0.0,
                "PWRNGSF07": 0.0,
                "PWRNGSG01": 0.0,
                "PWRNGSG02": 0.0,
                "PWRNGSG03": 0.0,
                "PWRNGSG04": 0.0,
                "PWRNGSH01": 0.0,
                "PWRNGSH02": 0.0,
                "PWRNGSH03": 0.0,
                "PWRNGSH04": 0.0,
                "PWRNGSI01": 0.0,
                "PWRNGSP01": 0.0,
                "PWRPCKF01": 0.0,
                "PWRSOLA01": 0.0,
                "PWRSOLA02": 0.0,
                "PWRSOLA03": 0.0,
                "PWRSOLB01": 0.0,
                "PWRSOLB02": 0.0,
                "PWRSOLC01": 0.0,
                "PWRSOLC02": 0.0,
                "PWRSOLC03": 0.0,
                "PWRSOLC04": 0.0,
                "PWRSOLD01": 0.0,
                "PWRSOLD02": 0.0,
                "PWRSOLD03": 0.0,
                "PWRSOLD04": 0.0,
                "PWRSOLD05": 0.0,
                "PWRSOLE01": 0.0,
                "PWRSOLE02": 0.0,
                "PWRSOLE03": 0.0,
                "PWRSOLE04": 0.0,
                "PWRSOLF01": 0.0,
                "PWRSOLF02": 0.0,
                "PWRSOLF03": 0.0,
                "PWRSOLF04": 0.0,
                "PWRSOLG01": 0.0,
                "PWRSOLG02": 0.0,
                "PWRSOLG03": 0.0,
                "PWRSOLG04": 0.0,
                "PWRSOLH01": 0.0,
                "PWRSOLH02": 0.0,
                "PWRSOLH03": 0.0,
                "PWRSOLI01": 0.0,
                "PWRSOLJ01": 0.0,
                "PWRSOLK01": 0.0,
                "PWRSOLL01": 0.0,
                "PWRSOLM01": 0.0,
                "PWRSOLN01": 0.0,
                "PWRSOLO01": 0.0,
                "PWRTRNA01": 0.0,
                "PWRTRNB01": 0.0,
                "PWRTRNBA1": 0.0,
                "PWRTRNBG1": 0.0,
                "PWRTRNC01": 0.0,
                "PWRTRNCA1": 0.0,
                "PWRTRNCP1": 0.0,
                "PWRTRND01": 0.0,
                "PWRTRNDC1": 0.0,
                "PWRTRNDE1": 0.0,
                "PWRTRNDH1": 0.0,
                "PWRTRNDJ1": 0.0,
                "PWRTRNE01": 0.0,
                "PWRTRNEC1": 0.0,
                "PWRTRNED1": 0.0,
                "PWRTRNEF1": 0.0,
                "PWRTRNF01": 0.0,
                "PWRTRNFB1": 0.0,
                "PWRTRNFC1": 0.0,
                "PWRTRNFE1": 0.0,
                "PWRTRNG01": 0.0,
                "PWRTRNH01": 0.0,
                "PWRTRNI01": 0.0,
                "PWRTRNJ01": 0.0,
                "PWRTRNJI1": 0.0,
                "PWRTRNP01": 0.0,
                "PWRTRNPA1": 0.0,
                "PWRTRNPB1": 0.0,
                "PWRTRNPC1": 0.0,
                "PWRURNB01": 0.0,
                "PWRURNF01": 0.0,
                "PWRWASA01": 0.0,
                "PWRWASB01": 0.0,
                "PWRWASC01": 0.0,
                "PWRWASD01": 0.0,
                "PWRWASE01": 0.0,
                "PWRWASF01": 0.0,
                "PWRWASG01": 0.0,
                "PWRWASH01": 0.0,
                "PWRWASI01": 0.0,
                "PWRWNDB01": 0.0,
                "PWRWNDC01": 0.0,
                "PWRWNDD01": 0.0,
                "PWRWNDE01": 0.0,
                "PWRWNDF01": 0.0,
                "PWRWNDG01": 0.0,
                "PWRWNDH01": 0.0,
                "PWRWNDI01": 0.0,
                "PWRWNDJ01": 0.0,
                "RNWBIO": 0.0,
                "RNWGEO": 0.0,
                "RNWSOL": 0.0,
                "RNWWND": 0.0
            }
        ]
    }
}