{
    "TATABM": {
        "REF": [
            {
                "Tech": "DEMPWRBIO",
                "MoId": 1,
                "2017": 0.0
            },
            {
                "Tech": "DEMPWRCOA",
                "MoId": 1,
                "2017": 0.0
            },
            {
                "Tech": "DEMPWRDSL",
                "MoId": 1,
                "2017": 0.0
            },
            {
                "Tech": "DEMPWRGEO",
                "MoId": 1,
                "2017": 0.0
            },
            {
                "Tech": "DEMPWRHFO",
                "MoId": 1,
                "2017": 0.0
            },
            {
                "Tech": "DEMPWRHYD",
                "MoId": 1,
                "2017": 0.0
            },
            {
                "Tech": "DEMPWRLPG",
                "MoId": 1,
                "2017": 0.0
            },
            {
                "Tech": "DEMPWRNGS",
                "MoId": 1,
                "2017": 0.0
            },
            {
                "Tech": "DEMPWRPCK",
                "MoId": 1,
                "2017": 0.0
            },
            {
                "Tech": "DEMPWRSOL",
                "MoId": 1,
                "2017": 0.0
            },
            {
                "Tech": "DEMPWRURN",
                "MoId": 1,
                "2017": 0.0
            },
            {
                "Tech": "DEMPWRWAS",
                "MoId": 1,
                "2017": 0.0
            },
            {
                "Tech": "DEMPWRWND",
                "MoId": 1,
                "2017": 0.0
            },
            {
                "Tech": "DEMRESELCB02",
                "MoId": 1,
                "2017": 174.77
            },
            {
                "Tech": "DEMRESELCC02",
                "MoId": 1,
                "2017": 241.11
            },
            {
                "Tech": "DEMRESELCD02",
                "MoId": 1,
                "2017": 88.27
            },
            {
                "Tech": "DEMRESELCE02",
                "MoId": 1,
                "2017": 93.98
            },
            {
                "Tech": "DEMRESELCF02",
                "MoId": 1,
                "2017": 196.26
            },
            {
                "Tech": "DEMRESELCG02",
                "MoId": 1,
                "2017": 45.88
            },
            {
                "Tech": "DEMRESELCH02",
                "MoId": 1,
                "2017": 50.27
            },
            {
                "Tech": "DEMRESELCI02",
                "MoId": 1,
                "2017": 9.57
            },
            {
                "Tech": "DEMRESELCJ02",
                "MoId": 1,
                "2017": 0.57
            },
            {
                "Tech": "DEMRESELCK02",
                "MoId": 1,
                "2017": 23.68
            },
            {
                "Tech": "DEMRESELCL02",
                "MoId": 1,
                "2017": 15.54
            },
            {
                "Tech": "DEMRESELCM02",
                "MoId": 1,
                "2017": 42.21
            },
            {
                "Tech": "DEMRESELCN02",
                "MoId": 1,
                "2017": 61.97
            },
            {
                "Tech": "DEMRESELCO02",
                "MoId": 1,
                "2017": 58.85
            },
            {
                "Tech": "DEMRESELCP02",
                "MoId": 1,
                "2017": 15.54
            },
            {
                "Tech": "IMPCOA",
                "MoId": 1,
                "2017": 0.0
            },
            {
                "Tech": "IMPDSL",
                "MoId": 1,
                "2017": 0.0
            },
            {
                "Tech": "IMPELCB02",
                "MoId": 1,
                "2017": 174.77
            },
            {
                "Tech": "IMPELCC02",
                "MoId": 1,
                "2017": 241.11
            },
            {
                "Tech": "IMPELCD02",
                "MoId": 1,
                "2017": 88.27
            },
            {
                "Tech": "IMPELCE02",
                "MoId": 1,
                "2017": 93.98
            },
            {
                "Tech": "IMPELCF02",
                "MoId": 1,
                "2017": 196.26
            },
            {
                "Tech": "IMPELCG02",
                "MoId": 1,
                "2017": 45.88
            },
            {
                "Tech": "IMPELCH02",
                "MoId": 1,
                "2017": 50.27
            },
            {
                "Tech": "IMPELCI02",
                "MoId": 1,
                "2017": 9.57
            },
            {
                "Tech": "IMPELCJ02",
                "MoId": 1,
                "2017": 0.57
            },
            {
                "Tech": "IMPELCK02",
                "MoId": 1,
                "2017": 23.68
            },
            {
                "Tech": "IMPELCL02",
                "MoId": 1,
                "2017": 15.54
            },
            {
                "Tech": "IMPELCM02",
                "MoId": 1,
                "2017": 42.21
            },
            {
                "Tech": "IMPELCN02",
                "MoId": 1,
                "2017": 61.97
            },
            {
                "Tech": "IMPELCO02",
                "MoId": 1,
                "2017": 58.85
            },
            {
                "Tech": "IMPELCP02",
                "MoId": 1,
                "2017": 15.54
            },
            {
                "Tech": "IMPGSL",
                "MoId": 1,
                "2017": 0.0
            },
            {
                "Tech": "IMPHFO",
                "MoId": 1,
                "2017": 0.0
            },
            {
                "Tech": "IMPKER",
                "MoId": 1,
                "2017": 0.0
            },
            {
                "Tech": "IMPLPG",
                "MoId": 1,
                "2017": 0.0
            },
            {
                "Tech": "IMPNGS",
                "MoId": 1,
                "2017": 0.0
            },
            {
                "Tech": "IMPOHC",
                "MoId": 1,
                "2017": 0.0
            },
            {
                "Tech": "IMPURN",
                "MoId": 1,
                "2017": 0.0
            },
            {
                "Tech": "MINCOA",
                "MoId": 1,
                "2017": 0.0
            },
            {
                "Tech": "MINDSL",
                "MoId": 1,
                "2017": 0.0
            },
            {
                "Tech": "MINGSL",
                "MoId": 1,
                "2017": 0.0
            },
            {
                "Tech": "MINHFO",
                "MoId": 1,
                "2017": 0.0
            },
            {
                "Tech": "MINKER",
                "MoId": 1,
                "2017": 0.0
            },
            {
                "Tech": "MINLPG",
                "MoId": 1,
                "2017": 0.0
            },
            {
                "Tech": "MINNGS",
                "MoId": 1,
                "2017": 0.0
            },
            {
                "Tech": "MINOHC",
                "MoId": 1,
                "2017": 0.0
            },
            {
                "Tech": "PWRBIOA01",
                "MoId": 1,
                "2017": 0.0
            },
            {
                "Tech": "PWRBIOA02",
                "MoId": 1,
                "2017": 0.0
            },
            {
                "Tech": "PWRBIOA03",
                "MoId": 1,
                "2017": 0.0
            },
            {
                "Tech": "PWRBIOB01",
                "MoId": 1,
                "2017": 0.0
            },
            {
                "Tech": "PWRBIOB02",
                "MoId": 1,
                "2017": 0.0
            },
            {
                "Tech": "PWRBIOC01",
                "MoId": 1,
                "2017": 0.0
            },
            {
                "Tech": "PWRBIOC02",
                "MoId": 1,
                "2017": 0.0
            },
            {
                "Tech": "PWRBIOE01",
                "MoId": 1,
                "2017": 0.0
            },
            {
                "Tech": "PWRBIOF01",
                "MoId": 1,
                "2017": 0.0
            },
            {
                "Tech": "PWRBIOF02",
                "MoId": 1,
                "2017": 0.0
            },
            {
                "Tech": "PWRBIOG01",
                "MoId": 1,
                "2017": 0.0
            },
            {
                "Tech": "PWRBIOH01",
                "MoId": 1,
                "2017": 0.0
            },
            {
                "Tech": "PWRCOAA01",
                "MoId": 1,
                "2017": 0.0
            },
            {
                "Tech": "PWRCOAE01",
                "MoId": 1,
                "2017": 0.0
            },
            {
                "Tech": "PWRCOAF01",
                "MoId": 1,
                "2017": 0.0
            },
            {
                "Tech": "PWRCOAF02",
                "MoId": 1,
                "2017": 0.0
            },
            {
                "Tech": "PWRDSLA01",
                "MoId": 1,
                "2017": 0.0
            },
            {
                "Tech": "PWRDSLB01",
                "MoId": 1,
                "2017": 0.0
            },
            {
                "Tech": "PWRDSLC01",
                "MoId": 1,
                "2017": 0.0
            },
            {
                "Tech": "PWRDSLD01",
                "MoId": 1,
                "2017": 0.0
            },
            {
                "Tech": "PWRDSLD02",
                "MoId": 1,
                "2017": 0.0
            },
            {
                "Tech": "PWRDSLE01",
                "MoId": 1,
                "2017": 0.0
            },
            {
                "Tech": "PWRDSLE02",
                "MoId": 1,
                "2017": 0.0
            },
            {
                "Tech": "PWRDSLF01",
                "MoId": 1,
                "2017": 0.0
            },
            {
                "Tech": "PWRDSLF02",
                "MoId": 1,
                "2017": 0.0
            },
            {
                "Tech": "PWRDSLG01",
                "MoId": 1,
                "2017": 0.0
            },
            {
                "Tech": "PWRDSLG02",
                "MoId": 1,
                "2017": 0.0
            },
            {
                "Tech": "PWRDSLH01",
                "MoId": 1,
                "2017": 0.0
            },
            {
                "Tech": "PWRDSLH02",
                "MoId": 1,
                "2017": 0.0
            },
            {
                "Tech": "PWRDSLI01",
                "MoId": 1,
                "2017": 0.0
            },
            {
                "Tech": "PWRDSLI02",
                "MoId": 1,
                "2017": 0.0
            },
            {
                "Tech": "PWRDSLJ01",
                "MoId": 1,
                "2017": 0.0
            },
            {
                "Tech": "PWRDSLJ02",
                "MoId": 1,
                "2017": 0.0
            },
            {
                "Tech": "PWRGEOA01",
                "MoId": 1,
                "2017": 0.0
            },
            {
                "Tech": "PWRGEOB01",
                "MoId": 1,
                "2017": 0.0
            },
            {
                "Tech": "PWRGEOC01",
                "MoId": 1,
                "2017": 0.0
            },
            {
                "Tech": "PWRGEOD01",
                "MoId": 1,
                "2017": 0.0
            },
            {
                "Tech": "PWRGEOH01",
                "MoId": 1,
                "2017": 0.0
            },
            {
                "Tech": "PWRGEOJ01",
                "MoId": 1,
                "2017": 0.0
            },
            {
                "Tech": "PWRHFOA01",
                "MoId": 1,
                "2017": 0.0
            },
            {
                "Tech": "PWRHFOB01",
                "MoId": 1,
                "2017": 0.0
            },
            {
                "Tech": "PWRHFOC01",
                "MoId": 1,
                "2017": 0.0
            },
            {
                "Tech": "PWRHFOD01",
                "MoId": 1,
                "2017": 0.0
            },
            {
                "Tech": "PWRHFOE01",
                "MoId": 1,
                "2017": 0.0
            },
            {
                "Tech": "PWRHFOG01",
                "MoId": 1,
                "2017": 0.0
            },
            {
                "Tech": "PWRHFOI01",
                "MoId": 1,
                "2017": 0.0
            },
            {
                "Tech": "PWRHFOI02",
                "MoId": 1,
                "2017": 0.0
            },
            {
                "Tech": "PWRHFOJ01",
                "MoId": 1,
                "2017": 0.0
            },
            {
                "Tech": "PWRHFOP01",
                "MoId": 1,
                "2017": 0.0
            },
            {
                "Tech": "PWRHYDA01",
                "MoId": 1,
                "2017": 0.0
            },
            {
                "Tech": "PWRHYDB01",
                "MoId": 1,
                "2017": 0.0
            },
            {
                "Tech": "PWRHYDC01",
                "MoId": 1,
                "2017": 0.0
            },
            {
                "Tech": "PWRHYDD01",
                "MoId": 1,
                "2017": 0.0
            },
            {
                "Tech": "PWRHYDE01",
                "MoId": 1,
                "2017": 0.0
            },
            {
                "Tech": "PWRHYDF01",
                "MoId": 1,
                "2017": 0.0
            },
            {
                "Tech": "PWRHYDH01",
                "MoId": 1,
                "2017": 0.0
            },
            {
                "Tech": "PWRHYDP01",
                "MoId": 1,
                "2017": 0.0
            },
            {
                "Tech": "PWRLPGB01",
                "MoId": 1,
                "2017": 0.0
            },
            {
                "Tech": "PWRNGSA01",
                "MoId": 1,
                "2017": 0.0
            },
            {
                "Tech": "PWRNGSA02",
                "MoId": 1,
                "2017": 0.0
            },
            {
                "Tech": "PWRNGSA03",
                "MoId": 1,
                "2017": 0.0
            },
            {
                "Tech": "PWRNGSA04",
                "MoId": 1,
                "2017": 0.0
            },
            {
                "Tech": "PWRNGSA05",
                "MoId": 1,
                "2017": 0.0
            },
            {
                "Tech": "PWRNGSB01",
                "MoId": 1,
                "2017": 0.0
            },
            {
                "Tech": "PWRNGSB02",
                "MoId": 1,
                "2017": 0.0
            },
            {
                "Tech": "PWRNGSB03",
                "MoId": 1,
                "2017": 0.0
            },
            {
                "Tech": "PWRNGSB04",
                "MoId": 1,
                "2017": 0.0
            },
            {
                "Tech": "PWRNGSB05",
                "MoId": 1,
                "2017": 0.0
            },
            {
                "Tech": "PWRNGSB06",
                "MoId": 1,
                "2017": 0.0
            },
            {
                "Tech": "PWRNGSC01",
                "MoId": 1,
                "2017": 0.0
            },
            {
                "Tech": "PWRNGSC02",
                "MoId": 1,
                "2017": 0.0
            },
            {
                "Tech": "PWRNGSC03",
                "MoId": 1,
                "2017": 0.0
            },
            {
                "Tech": "PWRNGSC04",
                "MoId": 1,
                "2017": 0.0
            },
            {
                "Tech": "PWRNGSC05",
                "MoId": 1,
                "2017": 0.0
            },
            {
                "Tech": "PWRNGSC06",
                "MoId": 1,
                "2017": 0.0
            },
            {
                "Tech": "PWRNGSD01",
                "MoId": 1,
                "2017": 0.0
            },
            {
                "Tech": "PWRNGSD02",
                "MoId": 1,
                "2017": 0.0
            },
            {
                "Tech": "PWRNGSD03",
                "MoId": 1,
                "2017": 0.0
            },
            {
                "Tech": "PWRNGSD04",
                "MoId": 1,
                "2017": 0.0
            },
            {
                "Tech": "PWRNGSE01",
                "MoId": 1,
                "2017": 0.0
            },
            {
                "Tech": "PWRNGSE02",
                "MoId": 1,
                "2017": 0.0
            },
            {
                "Tech": "PWRNGSE03",
                "MoId": 1,
                "2017": 0.0
            },
            {
                "Tech": "PWRNGSE04",
                "MoId": 1,
                "2017": 0.0
            },
            {
                "Tech": "PWRNGSE05",
                "MoId": 1,
                "2017": 0.0
            },
            {
                "Tech": "PWRNGSE06",
                "MoId": 1,
                "2017": 0.0
            },
            {
                "Tech": "PWRNGSF01",
                "MoId": 1,
                "2017": 0.0
            },
            {
                "Tech": "PWRNGSF02",
                "MoId": 1,
                "2017": 0.0
            },
            {
                "Tech": "PWRNGSF03",
                "MoId": 1,
                "2017": 0.0
            },
            {
                "Tech": "PWRNGSF04",
                "MoId": 1,
                "2017": 0.0
            },
            {
                "Tech": "PWRNGSF05",
                "MoId": 1,
                "2017": 0.0
            },
            {
                "Tech": "PWRNGSF06",
                "MoId": 1,
                "2017": 0.0
            },
            {
                "Tech": "PWRNGSF07",
                "MoId": 1,
                "2017": 0.0
            },
            {
                "Tech": "PWRNGSG01",
                "MoId": 1,
                "2017": 0.0
            },
            {
                "Tech": "PWRNGSG02",
                "MoId": 1,
                "2017": 0.0
            },
            {
                "Tech": "PWRNGSG03",
                "MoId": 1,
                "2017": 0.0
            },
            {
                "Tech": "PWRNGSG04",
                "MoId": 1,
                "2017": 0.0
            },
            {
                "Tech": "PWRNGSH01",
                "MoId": 1,
                "2017": 0.0
            },
            {
                "Tech": "PWRNGSH02",
                "MoId": 1,
                "2017": 0.0
            },
            {
                "Tech": "PWRNGSH03",
                "MoId": 1,
                "2017": 0.0
            },
            {
                "Tech": "PWRNGSH04",
                "MoId": 1,
                "2017": 0.0
            },
            {
                "Tech": "PWRNGSI01",
                "MoId": 1,
                "2017": 0.0
            },
            {
                "Tech": "PWRNGSP01",
                "MoId": 1,
                "2017": 0.0
            },
            {
                "Tech": "PWRPCKF01",
                "MoId": 1,
                "2017": 0.0
            },
            {
                "Tech": "PWRSOLA01",
                "MoId": 1,
                "2017": 0.0
            },
            {
                "Tech": "PWRSOLA02",
                "MoId": 1,
                "2017": 0.0
            },
            {
                "Tech": "PWRSOLA03",
                "MoId": 1,
                "2017": 0.0
            },
            {
                "Tech": "PWRSOLB01",
                "MoId": 1,
                "2017": 0.0
            },
            {
                "Tech": "PWRSOLB02",
                "MoId": 1,
                "2017": 0.0
            },
            {
                "Tech": "PWRSOLC01",
                "MoId": 1,
                "2017": 0.0
            },
            {
                "Tech": "PWRSOLC02",
                "MoId": 1,
                "2017": 0.0
            },
            {
                "Tech": "PWRSOLC03",
                "MoId": 1,
                "2017": 0.0
            },
            {
                "Tech": "PWRSOLC04",
                "MoId": 1,
                "2017": 0.0
            },
            {
                "Tech": "PWRSOLD01",
                "MoId": 1,
                "2017": 0.0
            },
            {
                "Tech": "PWRSOLD02",
                "MoId": 1,
                "2017": 0.0
            },
            {
                "Tech": "PWRSOLD03",
                "MoId": 1,
                "2017": 0.0
            },
            {
                "Tech": "PWRSOLD04",
                "MoId": 1,
                "2017": 0.0
            },
            {
                "Tech": "PWRSOLD05",
                "MoId": 1,
                "2017": 0.0
            },
            {
                "Tech": "PWRSOLE01",
                "MoId": 1,
                "2017": 0.0
            },
            {
                "Tech": "PWRSOLE02",
                "MoId": 1,
                "2017": 0.0
            },
            {
                "Tech": "PWRSOLE03",
                "MoId": 1,
                "2017": 0.0
            },
            {
                "Tech": "PWRSOLE04",
                "MoId": 1,
                "2017": 0.0
            },
            {
                "Tech": "PWRSOLF01",
                "MoId": 1,
                "2017": 0.0
            },
            {
                "Tech": "PWRSOLF02",
                "MoId": 1,
                "2017": 0.0
            },
            {
                "Tech": "PWRSOLF03",
                "MoId": 1,
                "2017": 0.0
            },
            {
                "Tech": "PWRSOLF04",
                "MoId": 1,
                "2017": 0.0
            },
            {
                "Tech": "PWRSOLG01",
                "MoId": 1,
                "2017": 0.0
            },
            {
                "Tech": "PWRSOLG02",
                "MoId": 1,
                "2017": 0.0
            },
            {
                "Tech": "PWRSOLG03",
                "MoId": 1,
                "2017": 0.0
            },
            {
                "Tech": "PWRSOLG04",
                "MoId": 1,
                "2017": 0.0
            },
            {
                "Tech": "PWRSOLH01",
                "MoId": 1,
                "2017": 0.0
            },
            {
                "Tech": "PWRSOLH02",
                "MoId": 1,
                "2017": 0.0
            },
            {
                "Tech": "PWRSOLH03",
                "MoId": 1,
                "2017": 0.0
            },
            {
                "Tech": "PWRSOLI01",
                "MoId": 1,
                "2017": 0.0
            },
            {
                "Tech": "PWRSOLJ01",
                "MoId": 1,
                "2017": 0.0
            },
            {
                "Tech": "PWRSOLK01",
                "MoId": 1,
                "2017": 0.0
            },
            {
                "Tech": "PWRSOLL01",
                "MoId": 1,
                "2017": 0.0
            },
            {
                "Tech": "PWRSOLM01",
                "MoId": 1,
                "2017": 0.0
            },
            {
                "Tech": "PWRSOLN01",
                "MoId": 1,
                "2017": 0.0
            },
            {
                "Tech": "PWRSOLO01",
                "MoId": 1,
                "2017": 0.0
            },
            {
                "Tech": "PWRTRNA01",
                "MoId": 1,
                "2017": 0.0
            },
            {
                "Tech": "PWRTRNB01",
                "MoId": 1,
                "2017": 0.0
            },
            {
                "Tech": "PWRTRNBA1",
                "MoId": 1,
                "2017": 0.0
            },
            {
                "Tech": "PWRTRNBG1",
                "MoId": 1,
                "2017": 0.0
            },
            {
                "Tech": "PWRTRNC01",
                "MoId": 1,
                "2017": 0.0
            },
            {
                "Tech": "PWRTRNCA1",
                "MoId": 1,
                "2017": 0.0
            },
            {
                "Tech": "PWRTRNCP1",
                "MoId": 1,
                "2017": 0.0
            },
            {
                "Tech": "PWRTRND01",
                "MoId": 1,
                "2017": 0.0
            },
            {
                "Tech": "PWRTRNDC1",
                "MoId": 1,
                "2017": 0.0
            },
            {
                "Tech": "PWRTRNDE1",
                "MoId": 1,
                "2017": 0.0
            },
            {
                "Tech": "PWRTRNDH1",
                "MoId": 1,
                "2017": 0.0
            },
            {
                "Tech": "PWRTRNDJ1",
                "MoId": 1,
                "2017": 0.0
            },
            {
                "Tech": "PWRTRNE01",
                "MoId": 1,
                "2017": 0.0
            },
            {
                "Tech": "PWRTRNEC1",
                "MoId": 1,
                "2017": 0.0
            },
            {
                "Tech": "PWRTRNED1",
                "MoId": 1,
                "2017": 0.0
            },
            {
                "Tech": "PWRTRNEF1",
                "MoId": 1,
                "2017": 0.0
            },
            {
                "Tech": "PWRTRNF01",
                "MoId": 1,
                "2017": 0.0
            },
            {
                "Tech": "PWRTRNFB1",
                "MoId": 1,
                "2017": 0.0
            },
            {
                "Tech": "PWRTRNFC1",
                "MoId": 1,
                "2017": 0.0
            },
            {
                "Tech": "PWRTRNFE1",
                "MoId": 1,
                "2017": 0.0
            },
            {
                "Tech": "PWRTRNG01",
                "MoId": 1,
                "2017": 0.0
            },
            {
                "Tech": "PWRTRNH01",
                "MoId": 1,
                "2017": 0.0
            },
            {
                "Tech": "PWRTRNI01",
                "MoId": 1,
                "2017": 0.0
            },
            {
                "Tech": "PWRTRNJ01",
                "MoId": 1,
                "2017": 0.0
            },
            {
                "Tech": "PWRTRNJI1",
                "MoId": 1,
                "2017": 0.0
            },
            {
                "Tech": "PWRTRNP01",
                "MoId": 1,
                "2017": 0.0
            },
            {
                "Tech": "PWRTRNPA1",
                "MoId": 1,
                "2017": 0.0
            },
            {
                "Tech": "PWRTRNPB1",
                "MoId": 1,
                "2017": 0.0
            },
            {
                "Tech": "PWRTRNPC1",
                "MoId": 1,
                "2017": 0.0
            },
            {
                "Tech": "PWRURNB01",
                "MoId": 1,
                "2017": 0.0
            },
            {
                "Tech": "PWRURNF01",
                "MoId": 1,
                "2017": 0.0
            },
            {
                "Tech": "PWRWASA01",
                "MoId": 1,
                "2017": 0.0
            },
            {
                "Tech": "PWRWASB01",
                "MoId": 1,
                "2017": 0.0
            },
            {
                "Tech": "PWRWASC01",
                "MoId": 1,
                "2017": 0.0
            },
            {
                "Tech": "PWRWASD01",
                "MoId": 1,
                "2017": 0.0
            },
            {
                "Tech": "PWRWASE01",
                "MoId": 1,
                "2017": 0.0
            },
            {
                "Tech": "PWRWASF01",
                "MoId": 1,
                "2017": 0.0
            },
            {
                "Tech": "PWRWASG01",
                "MoId": 1,
                "2017": 0.0
            },
            {
                "Tech": "PWRWASH01",
                "MoId": 1,
                "2017": 0.0
            },
            {
                "Tech": "PWRWASI01",
                "MoId": 1,
                "2017": 0.0
            },
            {
                "Tech": "PWRWNDB01",
                "MoId": 1,
                "2017": 0.0
            },
            {
                "Tech": "PWRWNDC01",
                "MoId": 1,
                "2017": 0.0
            },
            {
                "Tech": "PWRWNDD01",
                "MoId": 1,
                "2017": 0.0
            },
            {
                "Tech": "PWRWNDE01",
                "MoId": 1,
                "2017": 0.0
            },
            {
                "Tech": "PWRWNDF01",
                "MoId": 1,
                "2017": 0.0
            },
            {
                "Tech": "PWRWNDG01",
                "MoId": 1,
                "2017": 0.0
            },
            {
                "Tech": "PWRWNDH01",
                "MoId": 1,
                "2017": 0.0
            },
            {
                "Tech": "PWRWNDI01",
                "MoId": 1,
                "2017": 0.0
            },
            {
                "Tech": "PWRWNDJ01",
                "MoId": 1,
                "2017": 0.0
            },
            {
                "Tech": "RNWBIO",
                "MoId": 1,
                "2017": 0.0
            },
            {
                "Tech": "RNWGEO",
                "MoId": 1,
                "2017": 0.0
            },
            {
                "Tech": "RNWSOL",
                "MoId": 1,
                "2017": 0.0
            },
            {
                "Tech": "RNWWND",
                "MoId": 1,
                "2017": 0.0
            }
        ]
    }
}