{
    "osy-views": {
        "TTMPA": [],
        "ANC": [],
        "CI": [],
        "AFOC": [],
        "AVOC": [],
        "DSV": [],
        "DTEP": [],
        "NC": [],
        "NONTU": [],
        "SV": [],
        "TCA": [],
        "TTAA": [],
        "AE": [],
        "TATABM": [],
        "ITNC": [],
        "ITTC": [],
        "PBTA": [
            {
                "osy-viewId": "VIEW_al7hk",
                "osy-viewname": "Power gen",
                "osy-viewdesc": "",
                "osy-viewdef": "{\"showZeros\":false,\"showColumnTotals\":0,\"showRowTotals\":0,\"defaultFilterType\":3,\"totalsBeforeData\":false,\"sortableGroups\":true,\"fields\":[{\"binding\":\"Case\",\"header\":\"Case\",\"dataType\":1,\"aggregate\":2,\"showAs\":0,\"descending\":false,\"format\":\"n0\",\"isContentHtml\":false,\"key\":\"Case\"},{\"binding\":\"Tech\",\"header\":\"Tech\",\"dataType\":1,\"aggregate\":2,\"showAs\":0,\"descending\":false,\"format\":\"n0\",\"isContentHtml\":false,\"key\":\"Tech\",\"filter\":{\"filterText\":\"pwr\",\"showValues\":{\"PWRBIOA01\":true,\"PWRBIOA02\":true,\"PWRBIOA03\":true,\"PWRBIOB01\":true,\"PWRBIOB02\":true,\"PWRBIOC01\":true,\"PWRBIOC02\":true,\"PWRBIOE01\":true,\"PWRBIOF01\":true,\"PWRBIOF02\":true,\"PWRBIOG01\":true,\"PWRBIOH01\":true,\"PWRCOAA01\":true,\"PWRCOAE01\":true,\"PWRCOAF01\":true,\"PWRCOAF02\":true,\"PWRDSLA01\":true,\"PWRDSLB01\":true,\"PWRDSLC01\":true,\"PWRDSLD01\":true,\"PWRDSLD02\":true,\"PWRDSLE01\":true,\"PWRDSLE02\":true,\"PWRDSLF01\":true,\"PWRDSLF02\":true,\"PWRDSLG01\":true,\"PWRDSLG02\":true,\"PWRDSLH01\":true,\"PWRDSLH02\":true,\"PWRDSLI01\":true,\"PWRDSLI02\":true,\"PWRDSLJ01\":true,\"PWRDSLJ02\":true,\"PWRGEOA01\":true,\"PWRGEOB01\":true,\"PWRGEOC01\":true,\"PWRGEOD01\":true,\"PWRGEOH01\":true,\"PWRGEOJ01\":true,\"PWRHFOA01\":true,\"PWRHFOB01\":true,\"PWRHFOC01\":true,\"PWRHFOD01\":true,\"PWRHFOE01\":true,\"PWRHFOG01\":true,\"PWRHFOI01\":true,\"PWRHFOI02\":true,\"PWRHFOJ01\":true,\"PWRHFOP01\":true,\"PWRHYDA01\":true,\"PWRHYDB01\":true,\"PWRHYDC01\":true,\"PWRHYDD01\":true,\"PWRHYDE01\":true,\"PWRHYDF01\":true,\"PWRHYDH01\":true,\"PWRHYDP01\":true,\"PWRLPGB01\":true,\"PWRNGSA01\":true,\"PWRNGSA02\":true,\"PWRNGSA03\":true,\"PWRNGSA04\":true,\"PWRNGSA05\":true,\"PWRNGSB01\":true,\"PWRNGSB02\":true,\"PWRNGSB03\":true,\"PWRNGSB04\":true,\"PWRNGSB05\":true,\"PWRNGSB06\":true,\"PWRNGSC01\":true,\"PWRNGSC02\":true,\"PWRNGSC03\":true,\"PWRNGSC04\":true,\"PWRNGSC05\":true,\"PWRNGSC06\":true,\"PWRNGSD01\":true,\"PWRNGSD02\":true,\"PWRNGSD03\":true,\"PWRNGSD04\":true,\"PWRNGSE01\":true,\"PWRNGSE02\":true,\"PWRNGSE03\":true,\"PWRNGSE04\":true,\"PWRNGSE05\":true,\"PWRNGSE06\":true,\"PWRNGSF01\":true,\"PWRNGSF02\":true,\"PWRNGSF03\":true,\"PWRNGSF04\":true,\"PWRNGSF05\":true,\"PWRNGSF06\":true,\"PWRNGSF07\":true,\"PWRNGSG01\":true,\"PWRNGSG02\":true,\"PWRNGSG03\":true,\"PWRNGSG04\":true,\"PWRNGSH01\":true,\"PWRNGSH02\":true,\"PWRNGSH03\":true,\"PWRNGSH04\":true,\"PWRNGSI01\":true,\"PWRNGSP01\":true,\"PWRPCKF01\":true,\"PWRSOLA01\":true,\"PWRSOLA02\":true,\"PWRSOLA03\":true,\"PWRSOLB01\":true,\"PWRSOLB02\":true,\"PWRSOLC01\":true,\"PWRSOLC02\":true,\"PWRSOLC03\":true,\"PWRSOLC04\":true,\"PWRSOLD01\":true,\"PWRSOLD02\":true,\"PWRSOLD03\":true,\"PWRSOLD04\":true,\"PWRSOLD05\":true,\"PWRSOLE01\":true,\"PWRSOLE02\":true,\"PWRSOLE03\":true,\"PWRSOLE04\":true,\"PWRSOLF01\":true,\"PWRSOLF02\":true,\"PWRSOLF03\":true,\"PWRSOLF04\":true,\"PWRSOLG01\":true,\"PWRSOLG02\":true,\"PWRSOLG03\":true,\"PWRSOLG04\":true,\"PWRSOLH01\":true,\"PWRSOLH02\":true,\"PWRSOLH03\":true,\"PWRSOLI01\":true,\"PWRSOLJ01\":true,\"PWRSOLK01\":true,\"PWRSOLL01\":true,\"PWRSOLM01\":true,\"PWRSOLN01\":true,\"PWRSOLO01\":true,\"PWRURNB01\":true,\"PWRURNF01\":true,\"PWRWASA01\":true,\"PWRWASB01\":true,\"PWRWASC01\":true,\"PWRWASD01\":true,\"PWRWASE01\":true,\"PWRWASF01\":true,\"PWRWASG01\":true,\"PWRWASH01\":true,\"PWRWASI01\":true,\"PWRWNDB01\":true,\"PWRWNDC01\":true,\"PWRWNDD01\":true,\"PWRWNDE01\":true,\"PWRWNDF01\":true,\"PWRWNDG01\":true,\"PWRWNDH01\":true,\"PWRWNDI01\":true,\"PWRWNDJ01\":true}}},{\"binding\":\"Comm\",\"header\":\"Comm\",\"dataType\":1,\"aggregate\":2,\"showAs\":0,\"descending\":false,\"format\":\"n0\",\"isContentHtml\":false,\"key\":\"Comm\"},{\"binding\":\"Year\",\"header\":\"Year\",\"dataType\":1,\"aggregate\":2,\"showAs\":0,\"descending\":false,\"format\":\"n0\",\"isContentHtml\":false,\"key\":\"Year\"},{\"binding\":\"Value\",\"header\":\"Value\",\"dataType\":2,\"aggregate\":1,\"showAs\":0,\"descending\":false,\"format\":\"n0\",\"isContentHtml\":false,\"key\":\"Value\"},{\"binding\":\"Unit\",\"header\":\"Unit\",\"dataType\":1,\"aggregate\":2,\"showAs\":0,\"descending\":false,\"format\":\"n0\",\"isContentHtml\":false,\"key\":\"Unit\"}],\"rowFields\":{\"items\":[\"Year\"]},\"columnFields\":{\"items\":[\"Case\",\"Tech\"]},\"filterFields\":{\"items\":[]},\"valueFields\":{\"items\":[\"Value\"]}}"
            },
            {
                "osy-viewId": "VIEW_madv0",
                "osy-viewname": "Transmission ",
                "osy-viewdesc": "",
                "osy-viewdef": "{\"showZeros\":false,\"showColumnTotals\":0,\"showRowTotals\":0,\"defaultFilterType\":3,\"totalsBeforeData\":false,\"sortableGroups\":true,\"fields\":[{\"binding\":\"Case\",\"header\":\"Case\",\"dataType\":1,\"aggregate\":2,\"showAs\":0,\"descending\":false,\"format\":\"n0\",\"isContentHtml\":false,\"key\":\"Case\"},{\"binding\":\"Tech\",\"header\":\"Tech\",\"dataType\":1,\"aggregate\":2,\"showAs\":0,\"descending\":false,\"format\":\"n0\",\"isContentHtml\":false,\"key\":\"Tech\",\"filter\":{\"filterText\":\"trn\",\"showValues\":{\"PWRTRNA01\":true,\"PWRTRNB01\":true,\"PWRTRNBA1\":true,\"PWRTRNBG1\":true,\"PWRTRNC01\":true,\"PWRTRNCA1\":true,\"PWRTRNCP1\":true,\"PWRTRND01\":true,\"PWRTRNDC1\":true,\"PWRTRNDE1\":true,\"PWRTRNDH1\":true,\"PWRTRNDJ1\":true,\"PWRTRNE01\":true,\"PWRTRNEC1\":true,\"PWRTRNED1\":true,\"PWRTRNEF1\":true,\"PWRTRNF01\":true,\"PWRTRNFB1\":true,\"PWRTRNFC1\":true,\"PWRTRNFE1\":true,\"PWRTRNG01\":true,\"PWRTRNH01\":true,\"PWRTRNI01\":true,\"PWRTRNJ01\":true,\"PWRTRNJI1\":true,\"PWRTRNP01\":true,\"PWRTRNPA1\":true,\"PWRTRNPB1\":true,\"PWRTRNPC1\":true}}},{\"binding\":\"Comm\",\"header\":\"Comm\",\"dataType\":1,\"aggregate\":2,\"showAs\":0,\"descending\":false,\"format\":\"n0\",\"isContentHtml\":false,\"key\":\"Comm\"},{\"binding\":\"Year\",\"header\":\"Year\",\"dataType\":1,\"aggregate\":2,\"showAs\":0,\"descending\":false,\"format\":\"n0\",\"isContentHtml\":false,\"key\":\"Year\"},{\"binding\":\"Value\",\"header\":\"Value\",\"dataType\":2,\"aggregate\":1,\"showAs\":0,\"descending\":false,\"format\":\"n0\",\"isContentHtml\":false,\"key\":\"Value\"},{\"binding\":\"Unit\",\"header\":\"Unit\",\"dataType\":1,\"aggregate\":2,\"showAs\":0,\"descending\":false,\"format\":\"n0\",\"isContentHtml\":false,\"key\":\"Unit\"}],\"rowFields\":{\"items\":[\"Year\"]},\"columnFields\":{\"items\":[\"Case\",\"Tech\"]},\"filterFields\":{\"items\":[]},\"valueFields\":{\"items\":[\"Value\"]}}"
            }
        ],
        "UBTA": [],
        "ATE": [],
        "ROTA": [],
        "D": [],
        "T": [],
        "ATEBM": [],
        "PBT": [],
        "ROPBT": [],
        "ROUBT": [],
        "UBT": [],
        "ROA": [],
        "ROPBTBM": [],
        "ROUBTBM": []
    }
}