{
    "osy-version": "2.0",
    "osy-casename": "GV",
    "osy-desc": "",
    "osy-date": "03/17/2022",
    "osy-currency": "EUR",
    "osy-ns": "3",
    "osy-dt": "2",
    "osy-mo": "1",
    "osy-tech": [
        {
            "TechId": "TEC_0",
            "Tech": "TEC_0",
            "Desc": "Default technology",
            "CapUnitId": "MW",
            "ActUnitId": "PJ",
            "IAR": [],
            "OAR": [],
            "EAR": [],
            "INCR": [],
            "ITCR": []
        },
        {
            "TechId": "TEC_ocefe",
            "Tech": "TEC_1",
            "Desc": "Default technology",
            "CapUnitId": "MW",
            "ActUnitId": "PJ",
            "IAR": [
                "COM_0"
            ],
            "OAR": [
                "COM_bj2y0"
            ],
            "INCR": [],
            "ITCR": [],
            "EAR": [
                "EMI_0"
            ]
        },
        {
            "TechId": "TEC_2sfvf",
            "Tech": "TEC_2",
            "Desc": "Default technology",
            "CapUnitId": "MW",
            "ActUnitId": "PJ",
            "IAR": [],
            "OAR": [],
            "INCR": [
                "COM_0"
            ],
            "ITCR": [
                "COM_bj2y0"
            ],
            "EAR": []
        }
    ],
    "osy-comm": [
        {
            "CommId": "COM_0",
            "Comm": "COM_0",
            "Desc": "Default commodity",
            "UnitId": "PJ"
        },
        {
            "CommId": "COM_bj2y0",
            "Comm": "COM_1",
            "Desc": "Default commodity",
            "UnitId": "PJ"
        }
    ],
    "osy-emis": [
        {
            "EmisId": "EMI_0",
            "Emis": "EMI_0",
            "Desc": "Default emission",
            "UnitId": "Ton"
        }
    ],
    "osy-scenarios": [
        {
            "ScenarioId": "SC_0",
            "Scenario": "SC_0",
            "Desc": "Base scenario",
            "Active": true
        },
        {
            "ScenarioId": "SC_hxb6y",
            "Scenario": "SC_1",
            "Desc": "Base scenario",
            "Active": true
        }
    ],
    "osy-constraints": [],
    "osy-years": [
        "2020",
        "2025",
        "2030",
        "2035",
        "2040",
        "2045",
        "2050"
    ]
}