{
    "CAU": {
        "SC_0": [
            {
                "TEC_0": 1,
                "TEC_ocefe": 1,
                "TEC_2sfvf": 1
            }
        ],
        "SC_hxb6y": [
            {
                "TEC_0": null,
                "TEC_ocefe": null,
                "TEC_2sfvf": null
            }
        ]
    },
    "OL": {
        "SC_0": [
            {
                "TEC_0": 1,
                "TEC_ocefe": 1,
                "TEC_2sfvf": 1
            }
        ],
        "SC_hxb6y": [
            {
                "TEC_0": null,
                "TEC_ocefe": null,
                "TEC_2sfvf": null
            }
        ]
    },
    "TMPAL": {
        "SC_0": [
            {
                "TEC_0": 0,
                "TEC_ocefe": 0,
                "TEC_2sfvf": 0
            }
        ],
        "SC_hxb6y": [
            {
                "TEC_0": null,
                "TEC_ocefe": null,
                "TEC_2sfvf": null
            }
        ]
    },
    "TMPAU": {
        "SC_0": [
            {
                "TEC_0": 999999,
                "TEC_ocefe": 999999,
                "TEC_2sfvf": 999999
            }
        ],
        "SC_hxb6y": [
            {
                "TEC_0": null,
                "TEC_ocefe": null,
                "TEC_2sfvf": null
            }
        ]
    }
}