{
    "RM": {
        "SC_0": [
            {
                "2020": 0,
                "2025": 0,
                "2030": 0,
                "2035": 0,
                "2040": 0,
                "2045": 0,
                "2050": 0
            }
        ],
        "SC_hxb6y": [
            {
                "2020": null,
                "2025": null,
                "2030": null,
                "2035": null,
                "2040": null,
                "2045": null,
                "2050": null
            }
        ]
    },
    "RMPT": {
        "SC_0": [
            {
                "2020": 0,
                "2025": 0,
                "2030": 0,
                "2035": 0,
                "2040": 0,
                "2045": 0,
                "2050": 0
            }
        ],
        "SC_hxb6y": [
            {
                "2020": null,
                "2025": null,
                "2030": null,
                "2035": null,
                "2040": null,
                "2045": null,
                "2050": null
            }
        ]
    }
}