{
    "AEL": {
        "SC_0": [
            {
                "EmisId": "EMI_0",
                "2020": 999999,
                "2025": 999999,
                "2030": 999999,
                "2035": 999999,
                "2040": 999999,
                "2045": 999999,
                "2050": 999999
            }
        ],
        "SC_hxb6y": [
            {
                "EmisId": "EMI_0",
                "2020": null,
                "2025": null,
                "2030": null,
                "2035": null,
                "2040": null,
                "2045": null,
                "2050": null
            }
        ]
    },
    "EP": {
        "SC_0": [
            {
                "EmisId": "EMI_0",
                "2020": 0,
                "2025": 0,
                "2030": 0,
                "2035": 0,
                "2040": 0,
                "2045": 0,
                "2050": 0
            }
        ],
        "SC_hxb6y": [
            {
                "EmisId": "EMI_0",
                "2020": null,
                "2025": null,
                "2030": null,
                "2035": null,
                "2040": null,
                "2045": null,
                "2050": null
            }
        ]
    },
    "AEE": {
        "SC_0": [
            {
                "EmisId": "EMI_0",
                "2020": 0,
                "2025": 0,
                "2030": 0,
                "2035": 0,
                "2040": 0,
                "2045": 0,
                "2050": 0
            }
        ],
        "SC_hxb6y": [
            {
                "EmisId": "EMI_0",
                "2020": null,
                "2025": null,
                "2030": null,
                "2035": null,
                "2040": null,
                "2045": null,
                "2050": null
            }
        ]
    }
}