{
    "AF": {
        "SC_0": [
            {
                "TechId": "TEC_0",
                "2020": 1,
                "2025": 1,
                "2030": 1,
                "2035": 1,
                "2040": 1,
                "2045": 1,
                "2050": 1
            },
            {
                "TechId": "TEC_ocefe",
                "2020": 1,
                "2025": 1,
                "2030": 1,
                "2035": 1,
                "2040": 1,
                "2045": 1,
                "2050": 1
            },
            {
                "TechId": "TEC_2sfvf",
                "2020": 1,
                "2025": 1,
                "2030": 1,
                "2035": 1,
                "2040": 1,
                "2045": 1,
                "2050": 1
            }
        ],
        "SC_hxb6y": [
            {
                "TechId": "TEC_0",
                "2020": null,
                "2025": null,
                "2030": null,
                "2035": null,
                "2040": null,
                "2045": null,
                "2050": null
            },
            {
                "TechId": "TEC_ocefe",
                "2020": null,
                "2025": null,
                "2030": null,
                "2035": null,
                "2040": null,
                "2045": null,
                "2050": null
            },
            {
                "TechId": "TEC_2sfvf",
                "2020": null,
                "2025": null,
                "2030": null,
                "2035": null,
                "2040": null,
                "2045": null,
                "2050": null
            }
        ]
    },
    "CC": {
        "SC_0": [
            {
                "TechId": "TEC_0",
                "2020": 0.0001,
                "2025": 0.0001,
                "2030": 0.0001,
                "2035": 0.0001,
                "2040": 0.0001,
                "2045": 0.0001,
                "2050": 0.0001
            },
            {
                "TechId": "TEC_ocefe",
                "2020": 0.0001,
                "2025": 0.0001,
                "2030": 0.0001,
                "2035": 0.0001,
                "2040": 0.0001,
                "2045": 0.0001,
                "2050": 0.0001
            },
            {
                "TechId": "TEC_2sfvf",
                "2020": 0.0001,
                "2025": 0.0001,
                "2030": 0.0001,
                "2035": 0.0001,
                "2040": 0.0001,
                "2045": 0.0001,
                "2050": 0.0001
            }
        ],
        "SC_hxb6y": [
            {
                "TechId": "TEC_0",
                "2020": null,
                "2025": null,
                "2030": null,
                "2035": null,
                "2040": null,
                "2045": null,
                "2050": null
            },
            {
                "TechId": "TEC_ocefe",
                "2020": null,
                "2025": null,
                "2030": null,
                "2035": null,
                "2040": null,
                "2045": null,
                "2050": null
            },
            {
                "TechId": "TEC_2sfvf",
                "2020": null,
                "2025": null,
                "2030": null,
                "2035": null,
                "2040": null,
                "2045": null,
                "2050": null
            }
        ]
    },
    "FC": {
        "SC_0": [
            {
                "TechId": "TEC_0",
                "2020": 0,
                "2025": 0,
                "2030": 0,
                "2035": 0,
                "2040": 0,
                "2045": 0,
                "2050": 0
            },
            {
                "TechId": "TEC_ocefe",
                "2020": 0,
                "2025": 0,
                "2030": 0,
                "2035": 0,
                "2040": 0,
                "2045": 0,
                "2050": 0
            },
            {
                "TechId": "TEC_2sfvf",
                "2020": 0,
                "2025": 0,
                "2030": 0,
                "2035": 0,
                "2040": 0,
                "2045": 0,
                "2050": 0
            }
        ],
        "SC_hxb6y": [
            {
                "TechId": "TEC_0",
                "2020": null,
                "2025": null,
                "2030": null,
                "2035": null,
                "2040": null,
                "2045": null,
                "2050": null
            },
            {
                "TechId": "TEC_ocefe",
                "2020": null,
                "2025": null,
                "2030": null,
                "2035": null,
                "2040": null,
                "2045": null,
                "2050": null
            },
            {
                "TechId": "TEC_2sfvf",
                "2020": null,
                "2025": null,
                "2030": null,
                "2035": null,
                "2040": null,
                "2045": null,
                "2050": null
            }
        ]
    },
    "RC": {
        "SC_0": [
            {
                "TechId": "TEC_0",
                "2020": 0,
                "2025": 0,
                "2030": 0,
                "2035": 0,
                "2040": 0,
                "2045": 0,
                "2050": 0
            },
            {
                "TechId": "TEC_ocefe",
                "2020": 0,
                "2025": 0,
                "2030": 0,
                "2035": 0,
                "2040": 0,
                "2045": 0,
                "2050": 0
            },
            {
                "TechId": "TEC_2sfvf",
                "2020": 0,
                "2025": 0,
                "2030": 0,
                "2035": 0,
                "2040": 0,
                "2045": 0,
                "2050": 0
            }
        ],
        "SC_hxb6y": [
            {
                "TechId": "TEC_0",
                "2020": null,
                "2025": null,
                "2030": null,
                "2035": null,
                "2040": null,
                "2045": null,
                "2050": null
            },
            {
                "TechId": "TEC_ocefe",
                "2020": null,
                "2025": null,
                "2030": null,
                "2035": null,
                "2040": null,
                "2045": null,
                "2050": null
            },
            {
                "TechId": "TEC_2sfvf",
                "2020": null,
                "2025": null,
                "2030": null,
                "2035": null,
                "2040": null,
                "2045": null,
                "2050": null
            }
        ]
    },
    "TAMaxC": {
        "SC_0": [
            {
                "TechId": "TEC_0",
                "2020": 999999,
                "2025": 999999,
                "2030": 999999,
                "2035": 999999,
                "2040": 999999,
                "2045": 999999,
                "2050": 999999
            },
            {
                "TechId": "TEC_ocefe",
                "2020": 999999,
                "2025": 999999,
                "2030": 999999,
                "2035": 999999,
                "2040": 999999,
                "2045": 999999,
                "2050": 999999
            },
            {
                "TechId": "TEC_2sfvf",
                "2020": 999999,
                "2025": 999999,
                "2030": 999999,
                "2035": 999999,
                "2040": 999999,
                "2045": 999999,
                "2050": 999999
            }
        ],
        "SC_hxb6y": [
            {
                "TechId": "TEC_0",
                "2020": null,
                "2025": null,
                "2030": null,
                "2035": null,
                "2040": null,
                "2045": null,
                "2050": null
            },
            {
                "TechId": "TEC_ocefe",
                "2020": null,
                "2025": null,
                "2030": null,
                "2035": null,
                "2040": null,
                "2045": null,
                "2050": null
            },
            {
                "TechId": "TEC_2sfvf",
                "2020": null,
                "2025": null,
                "2030": null,
                "2035": null,
                "2040": null,
                "2045": null,
                "2050": null
            }
        ]
    },
    "TAMaxCI": {
        "SC_0": [
            {
                "TechId": "TEC_0",
                "2020": 999999,
                "2025": 999999,
                "2030": 999999,
                "2035": 999999,
                "2040": 999999,
                "2045": 999999,
                "2050": 999999
            },
            {
                "TechId": "TEC_ocefe",
                "2020": 999999,
                "2025": 999999,
                "2030": 999999,
                "2035": 999999,
                "2040": 999999,
                "2045": 999999,
                "2050": 999999
            },
            {
                "TechId": "TEC_2sfvf",
                "2020": 999999,
                "2025": 999999,
                "2030": 999999,
                "2035": 999999,
                "2040": 999999,
                "2045": 999999,
                "2050": 999999
            }
        ],
        "SC_hxb6y": [
            {
                "TechId": "TEC_0",
                "2020": null,
                "2025": null,
                "2030": null,
                "2035": null,
                "2040": null,
                "2045": null,
                "2050": null
            },
            {
                "TechId": "TEC_ocefe",
                "2020": null,
                "2025": null,
                "2030": null,
                "2035": null,
                "2040": null,
                "2045": null,
                "2050": null
            },
            {
                "TechId": "TEC_2sfvf",
                "2020": null,
                "2025": null,
                "2030": null,
                "2035": null,
                "2040": null,
                "2045": null,
                "2050": null
            }
        ]
    },
    "TAMinC": {
        "SC_0": [
            {
                "TechId": "TEC_0",
                "2020": 0,
                "2025": 0,
                "2030": 0,
                "2035": 0,
                "2040": 0,
                "2045": 0,
                "2050": 0
            },
            {
                "TechId": "TEC_ocefe",
                "2020": 0,
                "2025": 0,
                "2030": 0,
                "2035": 0,
                "2040": 0,
                "2045": 0,
                "2050": 0
            },
            {
                "TechId": "TEC_2sfvf",
                "2020": 0,
                "2025": 0,
                "2030": 0,
                "2035": 0,
                "2040": 0,
                "2045": 0,
                "2050": 0
            }
        ],
        "SC_hxb6y": [
            {
                "TechId": "TEC_0",
                "2020": null,
                "2025": null,
                "2030": null,
                "2035": null,
                "2040": null,
                "2045": null,
                "2050": null
            },
            {
                "TechId": "TEC_ocefe",
                "2020": null,
                "2025": null,
                "2030": null,
                "2035": null,
                "2040": null,
                "2045": null,
                "2050": null
            },
            {
                "TechId": "TEC_2sfvf",
                "2020": null,
                "2025": null,
                "2030": null,
                "2035": null,
                "2040": null,
                "2045": null,
                "2050": null
            }
        ]
    },
    "TAMinCI": {
        "SC_0": [
            {
                "TechId": "TEC_0",
                "2020": 0,
                "2025": 0,
                "2030": 0,
                "2035": 0,
                "2040": 0,
                "2045": 0,
                "2050": 0
            },
            {
                "TechId": "TEC_ocefe",
                "2020": 0,
                "2025": 0,
                "2030": 0,
                "2035": 0,
                "2040": 0,
                "2045": 0,
                "2050": 0
            },
            {
                "TechId": "TEC_2sfvf",
                "2020": 0,
                "2025": 0,
                "2030": 0,
                "2035": 0,
                "2040": 0,
                "2045": 0,
                "2050": 0
            }
        ],
        "SC_hxb6y": [
            {
                "TechId": "TEC_0",
                "2020": null,
                "2025": null,
                "2030": null,
                "2035": null,
                "2040": null,
                "2045": null,
                "2050": null
            },
            {
                "TechId": "TEC_ocefe",
                "2020": null,
                "2025": null,
                "2030": null,
                "2035": null,
                "2040": null,
                "2045": null,
                "2050": null
            },
            {
                "TechId": "TEC_2sfvf",
                "2020": null,
                "2025": null,
                "2030": null,
                "2035": null,
                "2040": null,
                "2045": null,
                "2050": null
            }
        ]
    },
    "TAL": {
        "SC_0": [
            {
                "TechId": "TEC_0",
                "2020": 0,
                "2025": 0,
                "2030": 0,
                "2035": 0,
                "2040": 0,
                "2045": 0,
                "2050": 0
            },
            {
                "TechId": "TEC_ocefe",
                "2020": 0,
                "2025": 0,
                "2030": 0,
                "2035": 0,
                "2040": 0,
                "2045": 0,
                "2050": 0
            },
            {
                "TechId": "TEC_2sfvf",
                "2020": 0,
                "2025": 0,
                "2030": 0,
                "2035": 0,
                "2040": 0,
                "2045": 0,
                "2050": 0
            }
        ],
        "SC_hxb6y": [
            {
                "TechId": "TEC_0",
                "2020": null,
                "2025": null,
                "2030": null,
                "2035": null,
                "2040": null,
                "2045": null,
                "2050": null
            },
            {
                "TechId": "TEC_ocefe",
                "2020": null,
                "2025": null,
                "2030": null,
                "2035": null,
                "2040": null,
                "2045": null,
                "2050": null
            },
            {
                "TechId": "TEC_2sfvf",
                "2020": null,
                "2025": null,
                "2030": null,
                "2035": null,
                "2040": null,
                "2045": null,
                "2050": null
            }
        ]
    },
    "TAU": {
        "SC_0": [
            {
                "TechId": "TEC_0",
                "2020": 999999,
                "2025": 999999,
                "2030": 999999,
                "2035": 999999,
                "2040": 999999,
                "2045": 999999,
                "2050": 999999
            },
            {
                "TechId": "TEC_ocefe",
                "2020": 999999,
                "2025": 999999,
                "2030": 999999,
                "2035": 999999,
                "2040": 999999,
                "2045": 999999,
                "2050": 999999
            },
            {
                "TechId": "TEC_2sfvf",
                "2020": 999999,
                "2025": 999999,
                "2030": 999999,
                "2035": 999999,
                "2040": 999999,
                "2045": 999999,
                "2050": 999999
            }
        ],
        "SC_hxb6y": [
            {
                "TechId": "TEC_0",
                "2020": null,
                "2025": null,
                "2030": null,
                "2035": null,
                "2040": null,
                "2045": null,
                "2050": null
            },
            {
                "TechId": "TEC_ocefe",
                "2020": null,
                "2025": null,
                "2030": null,
                "2035": null,
                "2040": null,
                "2045": null,
                "2050": null
            },
            {
                "TechId": "TEC_2sfvf",
                "2020": null,
                "2025": null,
                "2030": null,
                "2035": null,
                "2040": null,
                "2045": null,
                "2050": null
            }
        ]
    },
    "RMTT": {
        "SC_0": [
            {
                "TechId": "TEC_0",
                "2020": 0,
                "2025": 0,
                "2030": 0,
                "2035": 0,
                "2040": 0,
                "2045": 0,
                "2050": 0
            },
            {
                "TechId": "TEC_ocefe",
                "2020": 0,
                "2025": 0,
                "2030": 0,
                "2035": 0,
                "2040": 0,
                "2045": 0,
                "2050": 0
            },
            {
                "TechId": "TEC_2sfvf",
                "2020": 0,
                "2025": 0,
                "2030": 0,
                "2035": 0,
                "2040": 0,
                "2045": 0,
                "2050": 0
            }
        ],
        "SC_hxb6y": [
            {
                "TechId": "TEC_0",
                "2020": null,
                "2025": null,
                "2030": null,
                "2035": null,
                "2040": null,
                "2045": null,
                "2050": null
            },
            {
                "TechId": "TEC_ocefe",
                "2020": null,
                "2025": null,
                "2030": null,
                "2035": null,
                "2040": null,
                "2045": null,
                "2050": null
            },
            {
                "TechId": "TEC_2sfvf",
                "2020": null,
                "2025": null,
                "2030": null,
                "2035": null,
                "2040": null,
                "2045": null,
                "2050": null
            }
        ]
    },
    "RTT": {
        "SC_0": [
            {
                "TechId": "TEC_0",
                "2020": 0,
                "2025": 0,
                "2030": 0,
                "2035": 0,
                "2040": 0,
                "2045": 0,
                "2050": 0
            },
            {
                "TechId": "TEC_ocefe",
                "2020": 0,
                "2025": 0,
                "2030": 0,
                "2035": 0,
                "2040": 0,
                "2045": 0,
                "2050": 0
            },
            {
                "TechId": "TEC_2sfvf",
                "2020": 0,
                "2025": 0,
                "2030": 0,
                "2035": 0,
                "2040": 0,
                "2045": 0,
                "2050": 0
            }
        ],
        "SC_hxb6y": [
            {
                "TechId": "TEC_0",
                "2020": null,
                "2025": null,
                "2030": null,
                "2035": null,
                "2040": null,
                "2045": null,
                "2050": null
            },
            {
                "TechId": "TEC_ocefe",
                "2020": null,
                "2025": null,
                "2030": null,
                "2035": null,
                "2040": null,
                "2045": null,
                "2050": null
            },
            {
                "TechId": "TEC_2sfvf",
                "2020": null,
                "2025": null,
                "2030": null,
                "2035": null,
                "2040": null,
                "2045": null,
                "2050": null
            }
        ]
    },
    "COTU": {
        "SC_0": [
            {
                "TechId": "TEC_0",
                "2020": 0,
                "2025": 0,
                "2030": 0,
                "2035": 0,
                "2040": 0,
                "2045": 0,
                "2050": 0
            },
            {
                "TechId": "TEC_ocefe",
                "2020": 0,
                "2025": 0,
                "2030": 0,
                "2035": 0,
                "2040": 0,
                "2045": 0,
                "2050": 0
            },
            {
                "TechId": "TEC_2sfvf",
                "2020": 0,
                "2025": 0,
                "2030": 0,
                "2035": 0,
                "2040": 0,
                "2045": 0,
                "2050": 0
            }
        ],
        "SC_hxb6y": [
            {
                "TechId": "TEC_0",
                "2020": null,
                "2025": null,
                "2030": null,
                "2035": null,
                "2040": null,
                "2045": null,
                "2050": null
            },
            {
                "TechId": "TEC_ocefe",
                "2020": null,
                "2025": null,
                "2030": null,
                "2035": null,
                "2040": null,
                "2045": null,
                "2050": null
            },
            {
                "TechId": "TEC_2sfvf",
                "2020": null,
                "2025": null,
                "2030": null,
                "2035": null,
                "2040": null,
                "2045": null,
                "2050": null
            }
        ]
    }
}