{
    "IAR": {
        "SC_0": [
            {
                "TechId": "TEC_ocefe",
                "CommId": "COM_0",
                "MoId": 1,
                "2020": 0,
                "2025": 0,
                "2030": 0,
                "2035": 0,
                "2040": 0,
                "2045": 0,
                "2050": 0
            }
        ],
        "SC_hxb6y": [
            {
                "TechId": "TEC_ocefe",
                "CommId": "COM_0",
                "MoId": 1,
                "2020": null,
                "2025": null,
                "2030": null,
                "2035": null,
                "2040": null,
                "2045": null,
                "2050": null
            }
        ]
    },
    "OAR": {
        "SC_0": [
            {
                "TechId": "TEC_ocefe",
                "CommId": "COM_bj2y0",
                "MoId": 1,
                "2020": 0,
                "2025": 0,
                "2030": 0,
                "2035": 0,
                "2040": 0,
                "2045": 0,
                "2050": 0
            }
        ],
        "SC_hxb6y": [
            {
                "TechId": "TEC_ocefe",
                "CommId": "COM_bj2y0",
                "MoId": 1,
                "2020": null,
                "2025": null,
                "2030": null,
                "2035": null,
                "2040": null,
                "2045": null,
                "2050": null
            }
        ]
    }
}