{
    "VC": {
        "SC_0": [
            {
                "TechId": "TEC_0",
                "MoId": 1,
                "2020": 0.0001,
                "2025": 0.0001,
                "2030": 0.0001,
                "2035": 0.0001,
                "2040": 0.0001,
                "2045": 0.0001,
                "2050": 0.0001
            },
            {
                "TechId": "TEC_ocefe",
                "MoId": 1,
                "2020": 0.0001,
                "2025": 0.0001,
                "2030": 0.0001,
                "2035": 0.0001,
                "2040": 0.0001,
                "2045": 0.0001,
                "2050": 0.0001
            },
            {
                "TechId": "TEC_2sfvf",
                "MoId": 1,
                "2020": 0.0001,
                "2025": 0.0001,
                "2030": 0.0001,
                "2035": 0.0001,
                "2040": 0.0001,
                "2045": 0.0001,
                "2050": 0.0001
            }
        ],
        "SC_hxb6y": [
            {
                "TechId": "TEC_0",
                "MoId": 1,
                "2020": null,
                "2025": null,
                "2030": null,
                "2035": null,
                "2040": null,
                "2045": null,
                "2050": null
            },
            {
                "TechId": "TEC_ocefe",
                "MoId": 1,
                "2020": null,
                "2025": null,
                "2030": null,
                "2035": null,
                "2040": null,
                "2045": null,
                "2050": null
            },
            {
                "TechId": "TEC_2sfvf",
                "MoId": 1,
                "2020": null,
                "2025": null,
                "2030": null,
                "2035": null,
                "2040": null,
                "2045": null,
                "2050": null
            }
        ]
    },
    "TAMLL": {
        "SC_0": [
            {
                "TechId": "TEC_0",
                "MoId": 1,
                "2020": 0,
                "2025": 0,
                "2030": 0,
                "2035": 0,
                "2040": 0,
                "2045": 0,
                "2050": 0
            },
            {
                "TechId": "TEC_ocefe",
                "MoId": 1,
                "2020": 0,
                "2025": 0,
                "2030": 0,
                "2035": 0,
                "2040": 0,
                "2045": 0,
                "2050": 0
            },
            {
                "TechId": "TEC_2sfvf",
                "MoId": 1,
                "2020": 0,
                "2025": 0,
                "2030": 0,
                "2035": 0,
                "2040": 0,
                "2045": 0,
                "2050": 0
            }
        ],
        "SC_hxb6y": [
            {
                "TechId": "TEC_0",
                "MoId": 1,
                "2020": null,
                "2025": null,
                "2030": null,
                "2035": null,
                "2040": null,
                "2045": null,
                "2050": null
            },
            {
                "TechId": "TEC_ocefe",
                "MoId": 1,
                "2020": null,
                "2025": null,
                "2030": null,
                "2035": null,
                "2040": null,
                "2045": null,
                "2050": null
            },
            {
                "TechId": "TEC_2sfvf",
                "MoId": 1,
                "2020": null,
                "2025": null,
                "2030": null,
                "2035": null,
                "2040": null,
                "2045": null,
                "2050": null
            }
        ]
    },
    "TAMUL": {
        "SC_0": [
            {
                "TechId": "TEC_0",
                "MoId": 1,
                "2020": 999999,
                "2025": 999999,
                "2030": 999999,
                "2035": 999999,
                "2040": 999999,
                "2045": 999999,
                "2050": 999999
            },
            {
                "TechId": "TEC_ocefe",
                "MoId": 1,
                "2020": 999999,
                "2025": 999999,
                "2030": 999999,
                "2035": 999999,
                "2040": 999999,
                "2045": 999999,
                "2050": 999999
            },
            {
                "TechId": "TEC_2sfvf",
                "MoId": 1,
                "2020": 999999,
                "2025": 999999,
                "2030": 999999,
                "2035": 999999,
                "2040": 999999,
                "2045": 999999,
                "2050": 999999
            }
        ],
        "SC_hxb6y": [
            {
                "TechId": "TEC_0",
                "MoId": 1,
                "2020": null,
                "2025": null,
                "2030": null,
                "2035": null,
                "2040": null,
                "2045": null,
                "2050": null
            },
            {
                "TechId": "TEC_ocefe",
                "MoId": 1,
                "2020": null,
                "2025": null,
                "2030": null,
                "2035": null,
                "2040": null,
                "2045": null,
                "2050": null
            },
            {
                "TechId": "TEC_2sfvf",
                "MoId": 1,
                "2020": null,
                "2025": null,
                "2030": null,
                "2035": null,
                "2040": null,
                "2045": null,
                "2050": null
            }
        ]
    },
    "TADML": {
        "SC_0": [
            {
                "TechId": "TEC_0",
                "MoId": 1,
                "2020": 0,
                "2025": 0,
                "2030": 0,
                "2035": 0,
                "2040": 0,
                "2045": 0,
                "2050": 0
            },
            {
                "TechId": "TEC_ocefe",
                "MoId": 1,
                "2020": 0,
                "2025": 0,
                "2030": 0,
                "2035": 0,
                "2040": 0,
                "2045": 0,
                "2050": 0
            },
            {
                "TechId": "TEC_2sfvf",
                "MoId": 1,
                "2020": 0,
                "2025": 0,
                "2030": 0,
                "2035": 0,
                "2040": 0,
                "2045": 0,
                "2050": 0
            }
        ],
        "SC_hxb6y": [
            {
                "TechId": "TEC_0",
                "MoId": 1,
                "2020": null,
                "2025": null,
                "2030": null,
                "2035": null,
                "2040": null,
                "2045": null,
                "2050": null
            },
            {
                "TechId": "TEC_ocefe",
                "MoId": 1,
                "2020": null,
                "2025": null,
                "2030": null,
                "2035": null,
                "2040": null,
                "2045": null,
                "2050": null
            },
            {
                "TechId": "TEC_2sfvf",
                "MoId": 1,
                "2020": null,
                "2025": null,
                "2030": null,
                "2035": null,
                "2040": null,
                "2045": null,
                "2050": null
            }
        ]
    },
    "TAIML": {
        "SC_0": [
            {
                "TechId": "TEC_0",
                "MoId": 1,
                "2020": 0,
                "2025": 0,
                "2030": 0,
                "2035": 0,
                "2040": 0,
                "2045": 0,
                "2050": 0
            },
            {
                "TechId": "TEC_ocefe",
                "MoId": 1,
                "2020": 0,
                "2025": 0,
                "2030": 0,
                "2035": 0,
                "2040": 0,
                "2045": 0,
                "2050": 0
            },
            {
                "TechId": "TEC_2sfvf",
                "MoId": 1,
                "2020": 0,
                "2025": 0,
                "2030": 0,
                "2035": 0,
                "2040": 0,
                "2045": 0,
                "2050": 0
            }
        ],
        "SC_hxb6y": [
            {
                "TechId": "TEC_0",
                "MoId": 1,
                "2020": null,
                "2025": null,
                "2030": null,
                "2035": null,
                "2040": null,
                "2045": null,
                "2050": null
            },
            {
                "TechId": "TEC_ocefe",
                "MoId": 1,
                "2020": null,
                "2025": null,
                "2030": null,
                "2035": null,
                "2040": null,
                "2045": null,
                "2050": null
            },
            {
                "TechId": "TEC_2sfvf",
                "MoId": 1,
                "2020": null,
                "2025": null,
                "2030": null,
                "2035": null,
                "2040": null,
                "2045": null,
                "2050": null
            }
        ]
    }
}