{
    "YS": {
        "SC_0": [
            {
                "YearSplit": "S11",
                "2020": 1,
                "2025": 1,
                "2030": 1,
                "2035": 1,
                "2040": 1,
                "2045": 1,
                "2050": 1
            },
            {
                "YearSplit": "S12",
                "2020": 1,
                "2025": 1,
                "2030": 1,
                "2035": 1,
                "2040": 1,
                "2045": 1,
                "2050": 1
            },
            {
                "YearSplit": "S21",
                "2020": 1,
                "2025": 1,
                "2030": 1,
                "2035": 1,
                "2040": 1,
                "2045": 1,
                "2050": 1
            },
            {
                "YearSplit": "S22",
                "2020": 1,
                "2025": 1,
                "2030": 1,
                "2035": 1,
                "2040": 1,
                "2045": 1,
                "2050": 1
            },
            {
                "YearSplit": "S31",
                "2020": 1,
                "2025": 1,
                "2030": 1,
                "2035": 1,
                "2040": 1,
                "2045": 1,
                "2050": 1
            },
            {
                "YearSplit": "S32",
                "2020": 1,
                "2025": 1,
                "2030": 1,
                "2035": 1,
                "2040": 1,
                "2045": 1,
                "2050": 1
            }
        ],
        "SC_hxb6y": [
            {
                "YearSplit": "S11",
                "2020": null,
                "2025": null,
                "2030": null,
                "2035": null,
                "2040": null,
                "2045": null,
                "2050": null
            },
            {
                "YearSplit": "S12",
                "2020": null,
                "2025": null,
                "2030": null,
                "2035": null,
                "2040": null,
                "2045": null,
                "2050": null
            },
            {
                "YearSplit": "S21",
                "2020": null,
                "2025": null,
                "2030": null,
                "2035": null,
                "2040": null,
                "2045": null,
                "2050": null
            },
            {
                "YearSplit": "S22",
                "2020": null,
                "2025": null,
                "2030": null,
                "2035": null,
                "2040": null,
                "2045": null,
                "2050": null
            },
            {
                "YearSplit": "S31",
                "2020": null,
                "2025": null,
                "2030": null,
                "2035": null,
                "2040": null,
                "2045": null,
                "2050": null
            },
            {
                "YearSplit": "S32",
                "2020": null,
                "2025": null,
                "2030": null,
                "2035": null,
                "2040": null,
                "2045": null,
                "2050": null
            }
        ]
    }
}