{"osy-version":"1.0","osy-casename":"CLEWs Demo_copy","osy-desc":"CLEW demo case","osy-date":"07/18/2021","osy-currency":"USD","osy-ns":"2","osy-dt":"2","osy-mo":"1","osy-tech":[{"ActUnitId":"PJ","CapUnitId":"GW","Desc":"Coal mine","EAR":["EMI_0"],"IAR":[],"INCR":["COM_0"],"ITCR":["COM_0"],"OAR":["COM_0"],"Tech":"MINCOA","TechId":"TEC_0"},{"ActUnitId":"PJ","CapUnitId":"GW","Desc":"GAs field","EAR":["EMI_0"],"IAR":[],"INCR":["COM_0"],"ITCR":["COM_0"],"OAR":["COM_ogrgn"],"Tech":"MINGAS","TechId":"TEC_lyn0w"},{"ActUnitId":"PJ","CapUnitId":"GW","Desc":"Coal powerplant","EAR":[],"IAR":["COM_0"],"INCR":[],"ITCR":[],"OAR":["COM_ncvx3"],"Tech":"PWRCOA","TechId":"TEC_axrko"},{"ActUnitId":"PJ","CapUnitId":"GW","Desc":"Gas power plant","EAR":[],"IAR":["COM_ogrgn"],"INCR":["COM_0","COM_ogrgn"],"ITCR":["COM_0","COM_ncvx3"],"OAR":["COM_ncvx3"],"Tech":"PWRGAS","TechId":"TEC_7mbw5"},{"ActUnitId":"PJ","CapUnitId":"GW","Desc":"Power transmission","EAR":[],"IAR":["COM_ncvx3"],"INCR":[],"ITCR":[],"OAR":["COM_1ygq2"],"Tech":"PWRTRN","TechId":"TEC_2wkvq"},{"ActUnitId":"PJ","CapUnitId":"GW","Desc":"Solar energy resourse","EAR":[],"IAR":[],"INCR":["COM_77o3g","COM_9voks","COM_yr5og"],"ITCR":["COM_0","COM_1ygq2"],"OAR":["COM_77o3g"],"Tech":"MINSOL","TechId":"TEC_nxyx4"},{"ActUnitId":"PJ","CapUnitId":"GW","Desc":"Wind energy resource","EAR":[],"IAR":[],"INCR":[],"ITCR":[],"OAR":["COM_9voks"],"Tech":"MINWND","TechId":"TEC_n5x9j"},{"ActUnitId":"PJ","CapUnitId":"GW","Desc":"Solar power plant","EAR":[],"IAR":["COM_77o3g"],"INCR":[],"ITCR":[],"OAR":["COM_1ygq2"],"Tech":"PWRSOL","TechId":"TEC_idpj2"},{"ActUnitId":"PJ","CapUnitId":"GW","Desc":"Wind power plant","EAR":[],"IAR":["COM_9voks"],"INCR":[],"ITCR":[],"OAR":["COM_ncvx3"],"Tech":"PWRWND","TechId":"TEC_7ffry"},{"ActUnitId":"PJ","CapUnitId":"GW","Desc":"Hydropower resource","EAR":[],"IAR":[],"INCR":[],"ITCR":[],"OAR":["COM_yr5og"],"Tech":"MINHYD","TechId":"TEC_k9e67"},{"ActUnitId":"PJ","CapUnitId":"GW","Desc":"Hydro power plant","EAR":[],"IAR":["COM_yr5og"],"INCR":[],"ITCR":[],"OAR":["COM_ncvx3"],"Tech":"PWRHYD","TechId":"TEC_jtz6a"}],"osy-comm":[{"Comm":"COA","CommId":"COM_0","Desc":"Coal","UnitId":"PJ"},{"Comm":"GAS","CommId":"COM_ogrgn","Desc":"Natural gas","UnitId":"PJ"},{"Comm":"ELC001","CommId":"COM_ncvx3","Desc":"Electricity before transmission ","UnitId":"PJ"},{"Comm":"ELC002","CommId":"COM_1ygq2","Desc":"Electricity after transmission","UnitId":"PJ"},{"Comm":"SOL","CommId":"COM_77o3g","Desc":"Solar energy","UnitId":"PJ"},{"Comm":"WND","CommId":"COM_9voks","Desc":"Wind energy","UnitId":"PJ"},{"Comm":"HYD","CommId":"COM_yr5og","Desc":"Hydro energy","UnitId":"PJ"}],"osy-emis":[{"Desc":"Carbon dioxide","Emis":"CO2","EmisId":"EMI_0","UnitId":"Ton"},{"Desc":"Methane","Emis":"CH4","EmisId":"EMI_xdbru","UnitId":"Ton"}],"osy-scenarios":[{"Active":true,"Desc":"Reference case","Scenario":"REF","ScenarioId":"SC_0"}],"osy-constraints":[{"CM":["TEC_axrko"],"Con":"MAXCOAL","ConId":"CO_uzy8z","Desc":"Coal capped at 2 GW","Tag":0},{"CM":["TEC_0","TEC_lyn0w","TEC_axrko","TEC_7mbw5"],"Con":"CO_1ys1r","ConId":"CO_1ys1r","Desc":"Default constraint ","Tag":1},{"CM":["TEC_0"],"Con":"CO_o9s31","ConId":"CO_o9s31","Desc":"Default constraint ","Tag":1},{"CM":["TEC_0"],"Con":"CO_ub6u3","ConId":"CO_ub6u3","Desc":"Default constraint ","Tag":1},{"CM":["TEC_0"],"Con":"CO_3egch","ConId":"CO_3egch","Desc":"Default constraint ","Tag":1}],"osy-years":["2020","2021","2022","2023","2024","2025","2026","2027","2028","2029","2030","2031","2032","2033","2034","2035","2036","2037","2038","2039","2040"]}