{"CAU":{"SC_0":[{"TEC_0":31.54,"TEC_lyn0w":31.54,"TEC_axrko":31.54,"TEC_7mbw5":31.54,"TEC_2wkvq":31.54,"TEC_nxyx4":31.54,"TEC_n5x9j":31.54,"TEC_idpj2":31.54,"TEC_7ffry":31.54,"TEC_k9e67":31.54,"TEC_jtz6a":31.54}]},"OL":{"SC_0":[{"TEC_0":30,"TEC_lyn0w":30,"TEC_axrko":30,"TEC_7mbw5":30,"TEC_2wkvq":50,"TEC_nxyx4":100,"TEC_n5x9j":100,"TEC_idpj2":20,"TEC_7ffry":20,"TEC_k9e67":100,"TEC_jtz6a":80}]},"TMPAL":{"SC_0":[{"TEC_0":0,"TEC_lyn0w":0,"TEC_axrko":0,"TEC_7mbw5":0,"TEC_2wkvq":0,"TEC_nxyx4":0,"TEC_n5x9j":0,"TEC_idpj2":0,"TEC_7ffry":0,"TEC_k9e67":0,"TEC_jtz6a":0}]},"TMPAU":{"SC_0":[{"TEC_0":999999,"TEC_lyn0w":999999,"TEC_axrko":999999,"TEC_7mbw5":999999,"TEC_2wkvq":999999,"TEC_nxyx4":999999,"TEC_n5x9j":999999,"TEC_idpj2":999999,"TEC_7ffry":999999,"TEC_k9e67":999999,"TEC_jtz6a":999999}]}}