{"IAR":{"SC_0":[{"TechId":"TEC_axrko","CommId":"COM_0","MoId":1,"2020":3,"2021":3,"2022":3,"2023":3,"2024":3,"2025":3,"2026":3,"2027":3,"2028":3,"2029":3,"2030":3,"2031":3,"2032":3,"2033":3,"2034":3,"2035":3,"2036":3,"2037":3,"2038":3,"2039":3,"2040":3},{"TechId":"TEC_7mbw5","CommId":"COM_ogrgn","MoId":1,"2020":2,"2021":2,"2022":2,"2023":2,"2024":2,"2025":2,"2026":2,"2027":2,"2028":2,"2029":2,"2030":2,"2031":2,"2032":2,"2033":2,"2034":2,"2035":2,"2036":2,"2037":2,"2038":2,"2039":2,"2040":2},{"TechId":"TEC_2wkvq","CommId":"COM_ncvx3","MoId":1,"2020":1.1,"2021":1.1,"2022":1.1,"2023":1.1,"2024":1.1,"2025":1.1,"2026":1.1,"2027":1.1,"2028":1.1,"2029":1.1,"2030":1.1,"2031":1.1,"2032":1.1,"2033":1.1,"2034":1.1,"2035":1.1,"2036":1.1,"2037":1.1,"2038":1.1,"2039":1.1,"2040":1.1},{"TechId":"TEC_idpj2","CommId":"COM_77o3g","MoId":1,"2020":1,"2021":1,"2022":1,"2023":1,"2024":1,"2025":1,"2026":1,"2027":1,"2028":1,"2029":1,"2030":1,"2031":1,"2032":1,"2033":1,"2034":1,"2035":1,"2036":1,"2037":1,"2038":1,"2039":1,"2040":1},{"TechId":"TEC_7ffry","CommId":"COM_9voks","MoId":1,"2020":1,"2021":1,"2022":1,"2023":1,"2024":1,"2025":1,"2026":1,"2027":1,"2028":1,"2029":1,"2030":1,"2031":1,"2032":1,"2033":1,"2034":1,"2035":1,"2036":1,"2037":1,"2038":1,"2039":1,"2040":1},{"TechId":"TEC_jtz6a","CommId":"COM_yr5og","MoId":1,"2020":1,"2021":1,"2022":1,"2023":1,"2024":1,"2025":1,"2026":1,"2027":1,"2028":1,"2029":1,"2030":1,"2031":1,"2032":1,"2033":1,"2034":1,"2035":1,"2036":1,"2037":1,"2038":1,"2039":1,"2040":1}],"SC_x4m5e":[{"TechId":"TEC_axrko","CommId":"COM_0","MoId":1,"2020":null,"2021":null,"2022":null,"2023":null,"2024":null,"2025":null,"2026":null,"2027":null,"2028":null,"2029":null,"2030":null,"2031":null,"2032":null,"2033":null,"2034":null,"2035":null,"2036":null,"2037":null,"2038":null,"2039":null,"2040":null},{"TechId":"TEC_7mbw5","CommId":"COM_ogrgn","MoId":1,"2020":null,"2021":null,"2022":null,"2023":null,"2024":null,"2025":null,"2026":null,"2027":null,"2028":null,"2029":null,"2030":null,"2031":null,"2032":null,"2033":null,"2034":null,"2035":null,"2036":null,"2037":null,"2038":null,"2039":null,"2040":null},{"TechId":"TEC_2wkvq","CommId":"COM_ncvx3","MoId":1,"2020":null,"2021":null,"2022":null,"2023":null,"2024":null,"2025":null,"2026":null,"2027":null,"2028":null,"2029":null,"2030":null,"2031":null,"2032":null,"2033":null,"2034":null,"2035":null,"2036":null,"2037":null,"2038":null,"2039":null,"2040":null},{"TechId":"TEC_idpj2","CommId":"COM_77o3g","MoId":1,"2020":null,"2021":null,"2022":null,"2023":null,"2024":null,"2025":null,"2026":null,"2027":null,"2028":null,"2029":null,"2030":null,"2031":null,"2032":null,"2033":null,"2034":null,"2035":null,"2036":null,"2037":null,"2038":null,"2039":null,"2040":null},{"TechId":"TEC_7ffry","CommId":"COM_9voks","MoId":1,"2020":null,"2021":null,"2022":null,"2023":null,"2024":null,"2025":null,"2026":null,"2027":null,"2028":null,"2029":null,"2030":null,"2031":null,"2032":null,"2033":null,"2034":null,"2035":null,"2036":null,"2037":null,"2038":null,"2039":null,"2040":null},{"TechId":"TEC_jtz6a","CommId":"COM_yr5og","MoId":1,"2020":null,"2021":null,"2022":null,"2023":null,"2024":null,"2025":null,"2026":null,"2027":null,"2028":null,"2029":null,"2030":null,"2031":null,"2032":null,"2033":null,"2034":null,"2035":null,"2036":null,"2037":null,"2038":null,"2039":null,"2040":null}],"SC_s3fgb":[{"TechId":"TEC_axrko","CommId":"COM_0","MoId":1,"2020":null,"2021":null,"2022":null,"2023":null,"2024":null,"2025":null,"2026":null,"2027":null,"2028":null,"2029":null,"2030":null,"2031":null,"2032":null,"2033":null,"2034":null,"2035":null,"2036":null,"2037":null,"2038":null,"2039":null,"2040":null},{"TechId":"TEC_7mbw5","CommId":"COM_ogrgn","MoId":1,"2020":null,"2021":null,"2022":null,"2023":null,"2024":null,"2025":null,"2026":null,"2027":null,"2028":null,"2029":null,"2030":null,"2031":null,"2032":null,"2033":null,"2034":null,"2035":null,"2036":null,"2037":null,"2038":null,"2039":null,"2040":null},{"TechId":"TEC_2wkvq","CommId":"COM_ncvx3","MoId":1,"2020":null,"2021":null,"2022":null,"2023":null,"2024":null,"2025":null,"2026":null,"2027":null,"2028":null,"2029":null,"2030":null,"2031":null,"2032":null,"2033":null,"2034":null,"2035":null,"2036":null,"2037":null,"2038":null,"2039":null,"2040":null},{"TechId":"TEC_idpj2","CommId":"COM_77o3g","MoId":1,"2020":null,"2021":null,"2022":null,"2023":null,"2024":null,"2025":null,"2026":null,"2027":null,"2028":null,"2029":null,"2030":null,"2031":null,"2032":null,"2033":null,"2034":null,"2035":null,"2036":null,"2037":null,"2038":null,"2039":null,"2040":null},{"TechId":"TEC_7ffry","CommId":"COM_9voks","MoId":1,"2020":null,"2021":null,"2022":null,"2023":null,"2024":null,"2025":null,"2026":null,"2027":null,"2028":null,"2029":null,"2030":null,"2031":null,"2032":null,"2033":null,"2034":null,"2035":null,"2036":null,"2037":null,"2038":null,"2039":null,"2040":null},{"TechId":"TEC_jtz6a","CommId":"COM_yr5og","MoId":1,"2020":null,"2021":null,"2022":null,"2023":null,"2024":null,"2025":null,"2026":null,"2027":null,"2028":null,"2029":null,"2030":null,"2031":null,"2032":null,"2033":null,"2034":null,"2035":null,"2036":null,"2037":null,"2038":null,"2039":null,"2040":null}]},"OAR":{"SC_0":[{"TechId":"TEC_0","CommId":"COM_0","MoId":1,"2020":1,"2021":1,"2022":1,"2023":1,"2024":1,"2025":1,"2026":1,"2027":1,"2028":1,"2029":1,"2030":1,"2031":1,"2032":1,"2033":1,"2034":1,"2035":1,"2036":1,"2037":1,"2038":1,"2039":1,"2040":1},{"TechId":"TEC_lyn0w","CommId":"COM_ogrgn","MoId":1,"2020":1,"2021":1,"2022":1,"2023":1,"2024":1,"2025":1,"2026":1,"2027":1,"2028":1,"2029":1,"2030":1,"2031":1,"2032":1,"2033":1,"2034":1,"2035":1,"2036":1,"2037":1,"2038":1,"2039":1,"2040":1},{"TechId":"TEC_axrko","CommId":"COM_ncvx3","MoId":1,"2020":1,"2021":1,"2022":1,"2023":1,"2024":1,"2025":1,"2026":1,"2027":1,"2028":1,"2029":1,"2030":1,"2031":1,"2032":1,"2033":1,"2034":1,"2035":1,"2036":1,"2037":1,"2038":1,"2039":1,"2040":1},{"TechId":"TEC_7mbw5","CommId":"COM_ncvx3","MoId":1,"2020":1,"2021":1,"2022":1,"2023":1,"2024":1,"2025":1,"2026":1,"2027":1,"2028":1,"2029":1,"2030":1,"2031":1,"2032":1,"2033":1,"2034":1,"2035":1,"2036":1,"2037":1,"2038":1,"2039":1,"2040":1},{"TechId":"TEC_2wkvq","CommId":"COM_1ygq2","MoId":1,"2020":1,"2021":1,"2022":1,"2023":1,"2024":1,"2025":1,"2026":1,"2027":1,"2028":1,"2029":1,"2030":1,"2031":1,"2032":1,"2033":1,"2034":1,"2035":1,"2036":1,"2037":1,"2038":1,"2039":1,"2040":1},{"TechId":"TEC_nxyx4","CommId":"COM_77o3g","MoId":1,"2020":1,"2021":1,"2022":1,"2023":1,"2024":1,"2025":1,"2026":1,"2027":1,"2028":1,"2029":1,"2030":1,"2031":1,"2032":1,"2033":1,"2034":1,"2035":1,"2036":1,"2037":1,"2038":1,"2039":1,"2040":1},{"TechId":"TEC_n5x9j","CommId":"COM_9voks","MoId":1,"2020":1,"2021":1,"2022":1,"2023":1,"2024":1,"2025":1,"2026":1,"2027":1,"2028":1,"2029":1,"2030":1,"2031":1,"2032":1,"2033":1,"2034":1,"2035":1,"2036":1,"2037":1,"2038":1,"2039":1,"2040":1},{"TechId":"TEC_idpj2","CommId":"COM_1ygq2","MoId":1,"2020":1,"2021":1,"2022":1,"2023":1,"2024":1,"2025":1,"2026":1,"2027":1,"2028":1,"2029":1,"2030":1,"2031":1,"2032":1,"2033":1,"2034":1,"2035":1,"2036":1,"2037":1,"2038":1,"2039":1,"2040":1},{"TechId":"TEC_7ffry","CommId":"COM_ncvx3","MoId":1,"2020":1,"2021":1,"2022":1,"2023":1,"2024":1,"2025":1,"2026":1,"2027":1,"2028":1,"2029":1,"2030":1,"2031":1,"2032":1,"2033":1,"2034":1,"2035":1,"2036":1,"2037":1,"2038":1,"2039":1,"2040":1},{"TechId":"TEC_k9e67","CommId":"COM_yr5og","MoId":1,"2020":1,"2021":1,"2022":1,"2023":1,"2024":1,"2025":1,"2026":1,"2027":1,"2028":1,"2029":1,"2030":1,"2031":1,"2032":1,"2033":1,"2034":1,"2035":1,"2036":1,"2037":1,"2038":1,"2039":1,"2040":1},{"TechId":"TEC_jtz6a","CommId":"COM_ncvx3","MoId":1,"2020":1,"2021":1,"2022":1,"2023":1,"2024":1,"2025":1,"2026":1,"2027":1,"2028":1,"2029":1,"2030":1,"2031":1,"2032":1,"2033":1,"2034":1,"2035":1,"2036":1,"2037":1,"2038":1,"2039":1,"2040":1}],"SC_x4m5e":[{"TechId":"TEC_0","CommId":"COM_0","MoId":1,"2020":null,"2021":null,"2022":null,"2023":null,"2024":null,"2025":null,"2026":null,"2027":null,"2028":null,"2029":null,"2030":null,"2031":null,"2032":null,"2033":null,"2034":null,"2035":null,"2036":null,"2037":null,"2038":null,"2039":null,"2040":null},{"TechId":"TEC_lyn0w","CommId":"COM_ogrgn","MoId":1,"2020":null,"2021":null,"2022":null,"2023":null,"2024":null,"2025":null,"2026":null,"2027":null,"2028":null,"2029":null,"2030":null,"2031":null,"2032":null,"2033":null,"2034":null,"2035":null,"2036":null,"2037":null,"2038":null,"2039":null,"2040":null},{"TechId":"TEC_axrko","CommId":"COM_ncvx3","MoId":1,"2020":null,"2021":null,"2022":null,"2023":null,"2024":null,"2025":null,"2026":null,"2027":null,"2028":null,"2029":null,"2030":null,"2031":null,"2032":null,"2033":null,"2034":null,"2035":null,"2036":null,"2037":null,"2038":null,"2039":null,"2040":null},{"TechId":"TEC_7mbw5","CommId":"COM_ncvx3","MoId":1,"2020":null,"2021":null,"2022":null,"2023":null,"2024":null,"2025":null,"2026":null,"2027":null,"2028":null,"2029":null,"2030":null,"2031":null,"2032":null,"2033":null,"2034":null,"2035":null,"2036":null,"2037":null,"2038":null,"2039":null,"2040":null},{"TechId":"TEC_2wkvq","CommId":"COM_1ygq2","MoId":1,"2020":null,"2021":null,"2022":null,"2023":null,"2024":null,"2025":null,"2026":null,"2027":null,"2028":null,"2029":null,"2030":null,"2031":null,"2032":null,"2033":null,"2034":null,"2035":null,"2036":null,"2037":null,"2038":null,"2039":null,"2040":null},{"TechId":"TEC_nxyx4","CommId":"COM_77o3g","MoId":1,"2020":null,"2021":null,"2022":null,"2023":null,"2024":null,"2025":null,"2026":null,"2027":null,"2028":null,"2029":null,"2030":null,"2031":null,"2032":null,"2033":null,"2034":null,"2035":null,"2036":null,"2037":null,"2038":null,"2039":null,"2040":null},{"TechId":"TEC_n5x9j","CommId":"COM_9voks","MoId":1,"2020":null,"2021":null,"2022":null,"2023":null,"2024":null,"2025":null,"2026":null,"2027":null,"2028":null,"2029":null,"2030":null,"2031":null,"2032":null,"2033":null,"2034":null,"2035":null,"2036":null,"2037":null,"2038":null,"2039":null,"2040":null},{"TechId":"TEC_idpj2","CommId":"COM_1ygq2","MoId":1,"2020":null,"2021":null,"2022":null,"2023":null,"2024":null,"2025":null,"2026":null,"2027":null,"2028":null,"2029":null,"2030":null,"2031":null,"2032":null,"2033":null,"2034":null,"2035":null,"2036":null,"2037":null,"2038":null,"2039":null,"2040":null},{"TechId":"TEC_7ffry","CommId":"COM_ncvx3","MoId":1,"2020":null,"2021":null,"2022":null,"2023":null,"2024":null,"2025":null,"2026":null,"2027":null,"2028":null,"2029":null,"2030":null,"2031":null,"2032":null,"2033":null,"2034":null,"2035":null,"2036":null,"2037":null,"2038":null,"2039":null,"2040":null},{"TechId":"TEC_k9e67","CommId":"COM_yr5og","MoId":1,"2020":null,"2021":null,"2022":null,"2023":null,"2024":null,"2025":null,"2026":null,"2027":null,"2028":null,"2029":null,"2030":null,"2031":null,"2032":null,"2033":null,"2034":null,"2035":null,"2036":null,"2037":null,"2038":null,"2039":null,"2040":null},{"TechId":"TEC_jtz6a","CommId":"COM_ncvx3","MoId":1,"2020":null,"2021":null,"2022":null,"2023":null,"2024":null,"2025":null,"2026":null,"2027":null,"2028":null,"2029":null,"2030":null,"2031":null,"2032":null,"2033":null,"2034":null,"2035":null,"2036":null,"2037":null,"2038":null,"2039":null,"2040":null}],"SC_s3fgb":[{"TechId":"TEC_0","CommId":"COM_0","MoId":1,"2020":null,"2021":null,"2022":null,"2023":null,"2024":null,"2025":null,"2026":null,"2027":null,"2028":null,"2029":null,"2030":null,"2031":null,"2032":null,"2033":null,"2034":null,"2035":null,"2036":null,"2037":null,"2038":null,"2039":null,"2040":null},{"TechId":"TEC_lyn0w","CommId":"COM_ogrgn","MoId":1,"2020":null,"2021":null,"2022":null,"2023":null,"2024":null,"2025":null,"2026":null,"2027":null,"2028":null,"2029":null,"2030":null,"2031":null,"2032":null,"2033":null,"2034":null,"2035":null,"2036":null,"2037":null,"2038":null,"2039":null,"2040":null},{"TechId":"TEC_axrko","CommId":"COM_ncvx3","MoId":1,"2020":null,"2021":null,"2022":null,"2023":null,"2024":null,"2025":null,"2026":null,"2027":null,"2028":null,"2029":null,"2030":null,"2031":null,"2032":null,"2033":null,"2034":null,"2035":null,"2036":null,"2037":null,"2038":null,"2039":null,"2040":null},{"TechId":"TEC_7mbw5","CommId":"COM_ncvx3","MoId":1,"2020":null,"2021":null,"2022":null,"2023":null,"2024":null,"2025":null,"2026":null,"2027":null,"2028":null,"2029":null,"2030":null,"2031":null,"2032":null,"2033":null,"2034":null,"2035":null,"2036":null,"2037":null,"2038":null,"2039":null,"2040":null},{"TechId":"TEC_2wkvq","CommId":"COM_1ygq2","MoId":1,"2020":null,"2021":null,"2022":null,"2023":null,"2024":null,"2025":null,"2026":null,"2027":null,"2028":null,"2029":null,"2030":null,"2031":null,"2032":null,"2033":null,"2034":null,"2035":null,"2036":null,"2037":null,"2038":null,"2039":null,"2040":null},{"TechId":"TEC_nxyx4","CommId":"COM_77o3g","MoId":1,"2020":null,"2021":null,"2022":null,"2023":null,"2024":null,"2025":null,"2026":null,"2027":null,"2028":null,"2029":null,"2030":null,"2031":null,"2032":null,"2033":null,"2034":null,"2035":null,"2036":null,"2037":null,"2038":null,"2039":null,"2040":null},{"TechId":"TEC_n5x9j","CommId":"COM_9voks","MoId":1,"2020":null,"2021":null,"2022":null,"2023":null,"2024":null,"2025":null,"2026":null,"2027":null,"2028":null,"2029":null,"2030":null,"2031":null,"2032":null,"2033":null,"2034":null,"2035":null,"2036":null,"2037":null,"2038":null,"2039":null,"2040":null},{"TechId":"TEC_idpj2","CommId":"COM_1ygq2","MoId":1,"2020":null,"2021":null,"2022":null,"2023":null,"2024":null,"2025":null,"2026":null,"2027":null,"2028":null,"2029":null,"2030":null,"2031":null,"2032":null,"2033":null,"2034":null,"2035":null,"2036":null,"2037":null,"2038":null,"2039":null,"2040":null},{"TechId":"TEC_7ffry","CommId":"COM_ncvx3","MoId":1,"2020":null,"2021":null,"2022":null,"2023":null,"2024":null,"2025":null,"2026":null,"2027":null,"2028":null,"2029":null,"2030":null,"2031":null,"2032":null,"2033":null,"2034":null,"2035":null,"2036":null,"2037":null,"2038":null,"2039":null,"2040":null},{"TechId":"TEC_k9e67","CommId":"COM_yr5og","MoId":1,"2020":null,"2021":null,"2022":null,"2023":null,"2024":null,"2025":null,"2026":null,"2027":null,"2028":null,"2029":null,"2030":null,"2031":null,"2032":null,"2033":null,"2034":null,"2035":null,"2036":null,"2037":null,"2038":null,"2039":null,"2040":null},{"TechId":"TEC_jtz6a","CommId":"COM_ncvx3","MoId":1,"2020":null,"2021":null,"2022":null,"2023":null,"2024":null,"2025":null,"2026":null,"2027":null,"2028":null,"2029":null,"2030":null,"2031":null,"2032":null,"2033":null,"2034":null,"2035":null,"2036":null,"2037":null,"2038":null,"2039":null,"2040":null}]}}