{"INCR":{"SC_0":[{"TechId":"TEC_0","CommId":"COM_0","2020":0,"2021":0,"2022":0,"2023":0,"2024":0,"2025":0,"2026":0,"2027":0,"2028":0,"2029":0,"2030":0,"2031":0,"2032":0,"2033":0,"2034":0,"2035":0,"2036":0,"2037":0,"2038":0,"2039":0,"2040":0},{"TechId":"TEC_lyn0w","CommId":"COM_0","2020":0,"2021":0,"2022":0,"2023":0,"2024":0,"2025":0,"2026":0,"2027":0,"2028":0,"2029":0,"2030":0,"2031":0,"2032":0,"2033":0,"2034":0,"2035":0,"2036":0,"2037":0,"2038":0,"2039":0,"2040":0},{"TechId":"TEC_7mbw5","CommId":"COM_0","2020":0,"2021":0,"2022":0,"2023":0,"2024":0,"2025":0,"2026":0,"2027":0,"2028":0,"2029":0,"2030":0,"2031":0,"2032":0,"2033":0,"2034":0,"2035":0,"2036":0,"2037":0,"2038":0,"2039":0,"2040":0},{"TechId":"TEC_7mbw5","CommId":"COM_ogrgn","2020":0,"2021":0,"2022":0,"2023":0,"2024":0,"2025":0,"2026":0,"2027":0,"2028":0,"2029":0,"2030":0,"2031":0,"2032":0,"2033":0,"2034":0,"2035":0,"2036":0,"2037":0,"2038":0,"2039":0,"2040":0},{"TechId":"TEC_nxyx4","CommId":"COM_77o3g","2020":0,"2021":0,"2022":0,"2023":0,"2024":0,"2025":0,"2026":0,"2027":0,"2028":0,"2029":0,"2030":0,"2031":0,"2032":0,"2033":0,"2034":0,"2035":0,"2036":0,"2037":0,"2038":0,"2039":0,"2040":0},{"TechId":"TEC_nxyx4","CommId":"COM_9voks","2020":0,"2021":0,"2022":0,"2023":0,"2024":0,"2025":0,"2026":0,"2027":0,"2028":0,"2029":0,"2030":0,"2031":0,"2032":0,"2033":0,"2034":0,"2035":0,"2036":0,"2037":0,"2038":0,"2039":0,"2040":0},{"TechId":"TEC_nxyx4","CommId":"COM_yr5og","2020":0,"2021":0,"2022":0,"2023":0,"2024":0,"2025":0,"2026":0,"2027":0,"2028":0,"2029":0,"2030":0,"2031":0,"2032":0,"2033":0,"2034":0,"2035":0,"2036":0,"2037":0,"2038":0,"2039":0,"2040":0}],"SC_x4m5e":[{"TechId":"TEC_0","CommId":"COM_0","2020":null,"2021":null,"2022":null,"2023":null,"2024":null,"2025":null,"2026":null,"2027":null,"2028":null,"2029":null,"2030":null,"2031":null,"2032":null,"2033":null,"2034":null,"2035":null,"2036":null,"2037":null,"2038":null,"2039":null,"2040":null},{"TechId":"TEC_lyn0w","CommId":"COM_0","2020":null,"2021":null,"2022":null,"2023":null,"2024":null,"2025":null,"2026":null,"2027":null,"2028":null,"2029":null,"2030":null,"2031":null,"2032":null,"2033":null,"2034":null,"2035":null,"2036":null,"2037":null,"2038":null,"2039":null,"2040":null},{"TechId":"TEC_7mbw5","CommId":"COM_0","2020":null,"2021":null,"2022":null,"2023":null,"2024":null,"2025":null,"2026":null,"2027":null,"2028":null,"2029":null,"2030":null,"2031":null,"2032":null,"2033":null,"2034":null,"2035":null,"2036":null,"2037":null,"2038":null,"2039":null,"2040":null},{"TechId":"TEC_7mbw5","CommId":"COM_ogrgn","2020":null,"2021":null,"2022":null,"2023":null,"2024":null,"2025":null,"2026":null,"2027":null,"2028":null,"2029":null,"2030":null,"2031":null,"2032":null,"2033":null,"2034":null,"2035":null,"2036":null,"2037":null,"2038":null,"2039":null,"2040":null},{"TechId":"TEC_nxyx4","CommId":"COM_77o3g","2020":null,"2021":null,"2022":null,"2023":null,"2024":null,"2025":null,"2026":null,"2027":null,"2028":null,"2029":null,"2030":null,"2031":null,"2032":null,"2033":null,"2034":null,"2035":null,"2036":null,"2037":null,"2038":null,"2039":null,"2040":null},{"TechId":"TEC_nxyx4","CommId":"COM_9voks","2020":null,"2021":null,"2022":null,"2023":null,"2024":null,"2025":null,"2026":null,"2027":null,"2028":null,"2029":null,"2030":null,"2031":null,"2032":null,"2033":null,"2034":null,"2035":null,"2036":null,"2037":null,"2038":null,"2039":null,"2040":null},{"TechId":"TEC_nxyx4","CommId":"COM_yr5og","2020":null,"2021":null,"2022":null,"2023":null,"2024":null,"2025":null,"2026":null,"2027":null,"2028":null,"2029":null,"2030":null,"2031":null,"2032":null,"2033":null,"2034":null,"2035":null,"2036":null,"2037":null,"2038":null,"2039":null,"2040":null}],"SC_s3fgb":[{"TechId":"TEC_0","CommId":"COM_0","2020":null,"2021":null,"2022":null,"2023":null,"2024":null,"2025":null,"2026":null,"2027":null,"2028":null,"2029":null,"2030":null,"2031":null,"2032":null,"2033":null,"2034":null,"2035":null,"2036":null,"2037":null,"2038":null,"2039":null,"2040":null},{"TechId":"TEC_lyn0w","CommId":"COM_0","2020":null,"2021":null,"2022":null,"2023":null,"2024":null,"2025":null,"2026":null,"2027":null,"2028":null,"2029":null,"2030":null,"2031":null,"2032":null,"2033":null,"2034":null,"2035":null,"2036":null,"2037":null,"2038":null,"2039":null,"2040":null},{"TechId":"TEC_7mbw5","CommId":"COM_0","2020":null,"2021":null,"2022":null,"2023":null,"2024":null,"2025":null,"2026":null,"2027":null,"2028":null,"2029":null,"2030":null,"2031":null,"2032":null,"2033":null,"2034":null,"2035":null,"2036":null,"2037":null,"2038":null,"2039":null,"2040":null},{"TechId":"TEC_7mbw5","CommId":"COM_ogrgn","2020":null,"2021":null,"2022":null,"2023":null,"2024":null,"2025":null,"2026":null,"2027":null,"2028":null,"2029":null,"2030":null,"2031":null,"2032":null,"2033":null,"2034":null,"2035":null,"2036":null,"2037":null,"2038":null,"2039":null,"2040":null},{"TechId":"TEC_nxyx4","CommId":"COM_77o3g","2020":null,"2021":null,"2022":null,"2023":null,"2024":null,"2025":null,"2026":null,"2027":null,"2028":null,"2029":null,"2030":null,"2031":null,"2032":null,"2033":null,"2034":null,"2035":null,"2036":null,"2037":null,"2038":null,"2039":null,"2040":null},{"TechId":"TEC_nxyx4","CommId":"COM_9voks","2020":null,"2021":null,"2022":null,"2023":null,"2024":null,"2025":null,"2026":null,"2027":null,"2028":null,"2029":null,"2030":null,"2031":null,"2032":null,"2033":null,"2034":null,"2035":null,"2036":null,"2037":null,"2038":null,"2039":null,"2040":null},{"TechId":"TEC_nxyx4","CommId":"COM_yr5og","2020":null,"2021":null,"2022":null,"2023":null,"2024":null,"2025":null,"2026":null,"2027":null,"2028":null,"2029":null,"2030":null,"2031":null,"2032":null,"2033":null,"2034":null,"2035":null,"2036":null,"2037":null,"2038":null,"2039":null,"2040":null}]},"ITCR":{"SC_0":[{"TechId":"TEC_0","CommId":"COM_0","2020":1,"2021":1,"2022":1,"2023":1,"2024":1,"2025":1,"2026":1,"2027":1,"2028":1,"2029":1,"2030":1,"2031":1,"2032":1,"2033":1,"2034":1,"2035":1,"2036":1,"2037":1,"2038":1,"2039":1,"2040":1},{"TechId":"TEC_lyn0w","CommId":"COM_0","2020":0,"2021":0,"2022":0,"2023":0,"2024":0,"2025":0,"2026":0,"2027":0,"2028":0,"2029":0,"2030":0,"2031":0,"2032":0,"2033":0,"2034":0,"2035":0,"2036":0,"2037":0,"2038":0,"2039":0,"2040":0},{"TechId":"TEC_7mbw5","CommId":"COM_0","2020":0,"2021":0,"2022":0,"2023":0,"2024":0,"2025":0,"2026":0,"2027":0,"2028":0,"2029":0,"2030":0,"2031":0,"2032":0,"2033":0,"2034":0,"2035":0,"2036":0,"2037":0,"2038":0,"2039":0,"2040":0},{"TechId":"TEC_7mbw5","CommId":"COM_ncvx3","2020":0,"2021":0,"2022":0,"2023":0,"2024":0,"2025":0,"2026":0,"2027":0,"2028":0,"2029":0,"2030":0,"2031":0,"2032":0,"2033":0,"2034":0,"2035":0,"2036":0,"2037":0,"2038":0,"2039":0,"2040":0},{"TechId":"TEC_nxyx4","CommId":"COM_0","2020":0,"2021":0,"2022":0,"2023":0,"2024":0,"2025":0,"2026":0,"2027":0,"2028":0,"2029":0,"2030":0,"2031":0,"2032":0,"2033":0,"2034":0,"2035":0,"2036":0,"2037":0,"2038":0,"2039":0,"2040":0},{"TechId":"TEC_nxyx4","CommId":"COM_1ygq2","2020":0,"2021":0,"2022":0,"2023":0,"2024":0,"2025":0,"2026":0,"2027":0,"2028":0,"2029":0,"2030":0,"2031":0,"2032":0,"2033":0,"2034":0,"2035":0,"2036":0,"2037":0,"2038":0,"2039":0,"2040":0}],"SC_x4m5e":[{"TechId":"TEC_0","CommId":"COM_0","2020":null,"2021":null,"2022":null,"2023":null,"2024":null,"2025":null,"2026":null,"2027":null,"2028":null,"2029":null,"2030":null,"2031":null,"2032":null,"2033":null,"2034":null,"2035":null,"2036":null,"2037":null,"2038":null,"2039":null,"2040":null},{"TechId":"TEC_lyn0w","CommId":"COM_0","2020":null,"2021":null,"2022":null,"2023":null,"2024":null,"2025":null,"2026":null,"2027":null,"2028":null,"2029":null,"2030":null,"2031":null,"2032":null,"2033":null,"2034":null,"2035":null,"2036":null,"2037":null,"2038":null,"2039":null,"2040":null},{"TechId":"TEC_7mbw5","CommId":"COM_0","2020":null,"2021":null,"2022":null,"2023":null,"2024":null,"2025":null,"2026":null,"2027":null,"2028":null,"2029":null,"2030":null,"2031":null,"2032":null,"2033":null,"2034":null,"2035":null,"2036":null,"2037":null,"2038":null,"2039":null,"2040":null},{"TechId":"TEC_7mbw5","CommId":"COM_ncvx3","2020":null,"2021":null,"2022":null,"2023":null,"2024":null,"2025":null,"2026":null,"2027":null,"2028":null,"2029":null,"2030":null,"2031":null,"2032":null,"2033":null,"2034":null,"2035":null,"2036":null,"2037":null,"2038":null,"2039":null,"2040":null},{"TechId":"TEC_nxyx4","CommId":"COM_0","2020":null,"2021":null,"2022":null,"2023":null,"2024":null,"2025":null,"2026":null,"2027":null,"2028":null,"2029":null,"2030":null,"2031":null,"2032":null,"2033":null,"2034":null,"2035":null,"2036":null,"2037":null,"2038":null,"2039":null,"2040":null},{"TechId":"TEC_nxyx4","CommId":"COM_1ygq2","2020":null,"2021":null,"2022":null,"2023":null,"2024":null,"2025":null,"2026":null,"2027":null,"2028":null,"2029":null,"2030":null,"2031":null,"2032":null,"2033":null,"2034":null,"2035":null,"2036":null,"2037":null,"2038":null,"2039":null,"2040":null}],"SC_s3fgb":[{"TechId":"TEC_0","CommId":"COM_0","2020":null,"2021":null,"2022":null,"2023":null,"2024":null,"2025":null,"2026":null,"2027":null,"2028":null,"2029":null,"2030":null,"2031":null,"2032":null,"2033":null,"2034":null,"2035":null,"2036":null,"2037":null,"2038":null,"2039":null,"2040":null},{"TechId":"TEC_lyn0w","CommId":"COM_0","2020":null,"2021":null,"2022":null,"2023":null,"2024":null,"2025":null,"2026":null,"2027":null,"2028":null,"2029":null,"2030":null,"2031":null,"2032":null,"2033":null,"2034":null,"2035":null,"2036":null,"2037":null,"2038":null,"2039":null,"2040":null},{"TechId":"TEC_7mbw5","CommId":"COM_0","2020":null,"2021":null,"2022":null,"2023":null,"2024":null,"2025":null,"2026":null,"2027":null,"2028":null,"2029":null,"2030":null,"2031":null,"2032":null,"2033":null,"2034":null,"2035":null,"2036":null,"2037":null,"2038":null,"2039":null,"2040":null},{"TechId":"TEC_7mbw5","CommId":"COM_ncvx3","2020":null,"2021":null,"2022":null,"2023":null,"2024":null,"2025":null,"2026":null,"2027":null,"2028":null,"2029":null,"2030":null,"2031":null,"2032":null,"2033":null,"2034":null,"2035":null,"2036":null,"2037":null,"2038":null,"2039":null,"2040":null},{"TechId":"TEC_nxyx4","CommId":"COM_0","2020":null,"2021":null,"2022":null,"2023":null,"2024":null,"2025":null,"2026":null,"2027":null,"2028":null,"2029":null,"2030":null,"2031":null,"2032":null,"2033":null,"2034":null,"2035":null,"2036":null,"2037":null,"2038":null,"2039":null,"2040":null},{"TechId":"TEC_nxyx4","CommId":"COM_1ygq2","2020":null,"2021":null,"2022":null,"2023":null,"2024":null,"2025":null,"2026":null,"2027":null,"2028":null,"2029":null,"2030":null,"2031":null,"2032":null,"2033":null,"2034":null,"2035":null,"2036":null,"2037":null,"2038":null,"2039":null,"2040":null}]}}