{"CCM":{"SC_0":[{"TechId":"TEC_axrko","ConId":"CO_uzy8z","2020":0,"2021":0,"2022":0,"2023":0,"2024":0,"2025":0,"2026":0,"2027":0,"2028":0,"2029":0,"2030":0,"2031":0,"2032":0,"2033":0,"2034":0,"2035":0,"2036":0,"2037":0,"2038":0,"2039":0,"2040":0}],"SC_x4m5e":[{"TechId":"TEC_axrko","ConId":"CO_uzy8z","2020":null,"2021":null,"2022":null,"2023":null,"2024":null,"2025":null,"2026":null,"2027":null,"2028":null,"2029":null,"2030":null,"2031":null,"2032":null,"2033":null,"2034":null,"2035":null,"2036":null,"2037":null,"2038":null,"2039":null,"2040":null}],"SC_s3fgb":[{"TechId":"TEC_axrko","ConId":"CO_uzy8z","2020":null,"2021":null,"2022":null,"2023":null,"2024":null,"2025":null,"2026":null,"2027":null,"2028":null,"2029":null,"2030":null,"2031":null,"2032":null,"2033":null,"2034":null,"2035":null,"2036":null,"2037":null,"2038":null,"2039":null,"2040":null}]},"CNCM":{"SC_0":[{"TechId":"TEC_axrko","ConId":"CO_uzy8z","2020":0,"2021":0,"2022":0,"2023":0,"2024":0,"2025":0,"2026":0,"2027":0,"2028":0,"2029":0,"2030":0,"2031":0,"2032":0,"2033":0,"2034":0,"2035":0,"2036":0,"2037":0,"2038":0,"2039":0,"2040":0}],"SC_x4m5e":[{"TechId":"TEC_axrko","ConId":"CO_uzy8z","2020":null,"2021":null,"2022":null,"2023":null,"2024":null,"2025":null,"2026":null,"2027":null,"2028":null,"2029":null,"2030":null,"2031":null,"2032":null,"2033":null,"2034":null,"2035":null,"2036":null,"2037":null,"2038":null,"2039":null,"2040":null}],"SC_s3fgb":[{"TechId":"TEC_axrko","ConId":"CO_uzy8z","2020":null,"2021":null,"2022":null,"2023":null,"2024":null,"2025":null,"2026":null,"2027":null,"2028":null,"2029":null,"2030":null,"2031":null,"2032":null,"2033":null,"2034":null,"2035":null,"2036":null,"2037":null,"2038":null,"2039":null,"2040":null}]},"CAM":{"SC_0":[{"TechId":"TEC_axrko","ConId":"CO_uzy8z","2020":0,"2021":0,"2022":0,"2023":0,"2024":0,"2025":0,"2026":0,"2027":0,"2028":0,"2029":0,"2030":0,"2031":0,"2032":0,"2033":0,"2034":0,"2035":0,"2036":0,"2037":0,"2038":0,"2039":0,"2040":0}],"SC_x4m5e":[{"TechId":"TEC_axrko","ConId":"CO_uzy8z","2020":null,"2021":null,"2022":null,"2023":null,"2024":null,"2025":null,"2026":null,"2027":null,"2028":null,"2029":null,"2030":null,"2031":null,"2032":null,"2033":null,"2034":null,"2035":null,"2036":null,"2037":null,"2038":null,"2039":null,"2040":null}],"SC_s3fgb":[{"TechId":"TEC_axrko","ConId":"CO_uzy8z","2020":null,"2021":null,"2022":null,"2023":null,"2024":null,"2025":null,"2026":null,"2027":null,"2028":null,"2029":null,"2030":null,"2031":null,"2032":null,"2033":null,"2034":null,"2035":null,"2036":null,"2037":null,"2038":null,"2039":null,"2040":null}]}}