{
    "CAU": {
        "SC_0": [
            {
                "TEC_0": 1,
                "TEC_neh7k": 1,
                "TEC_j40q1": 1,
                "TEC_x3n6k": 1,
                "TEC_ma9p9": 1,
                "TEC_0ky6x": 1,
                "TEC_v7ne2": 1,
                "TEC_vxyx8": 1,
                "TEC_q5agp": 1,
                "TEC_rsd00": 1,
                "TEC_pi7iu": 1,
                "TEC_xw2va": 1,
                "TEC_3jv83": 1,
                "TEC_8sya1": 1,
                "TEC_30y3f": 1,
                "TEC_p6mps": 1,
                "TEC_t5xpo": 1,
                "TEC_g9k1y": 1,
                "TEC_6ptnx": 1,
                "TEC_dwtag": 1,
                "TEC_fd816": 1,
                "TEC_fg6ht": 1,
                "TEC_a5en2": 1,
                "TEC_wg6ds": 1,
                "TEC_lzxuy": 1,
                "TEC_00vxx": 1,
                "TEC_3lsfz": 1,
                "TEC_23q9q": 1,
                "TEC_07yhv": 1,
                "TEC_o7b6p": 1,
                "TEC_ak9hl": 1,
                "TEC_3uiph": 1,
                "TEC_yd8ka": 1,
                "TEC_g9bss": 1,
                "TEC_dfgyk": 1,
                "TEC_v64br": 1,
                "TEC_39uf0": 1,
                "TEC_5gqn0": 1,
                "TEC_macjq": 1,
                "TEC_50npd": 1,
                "TEC_gzvo8": 1,
                "TEC_j43li": 1,
                "TEC_9pumq": 1,
                "TEC_xzin1": 1,
                "TEC_xqhlk": 1,
                "TEC_zuvr8": 1,
                "TEC_x2cyp": 1,
                "TEC_raiir": 1,
                "TEC_mgqfz": 1,
                "TEC_luawl": 1,
                "TEC_q4sjk": 1,
                "TEC_bsz5q": 1,
                "TEC_94y7i": 1,
                "TEC_unkdc": 1,
                "TEC_7tbsm": 1,
                "TEC_14l3g": 1,
                "TEC_loubv": 1,
                "TEC_hfd2j": 1,
                "TEC_720wk": 1,
                "TEC_6sstq": 1,
                "TEC_msv23": 1,
                "TEC_i3s68": 1,
                "TEC_3yur7": 1,
                "TEC_1dq1u": 1,
                "TEC_83pny": 1,
                "TEC_um5v0": 1,
                "TEC_ie26m": 1,
                "TEC_kkrev": 1,
                "TEC_3a5ft": 1,
                "TEC_okczl": 1,
                "TEC_oy3lz": 1,
                "TEC_4zv6g": 1,
                "TEC_deaj5": 1,
                "TEC_nv4iq": 1,
                "TEC_m2j55": 1,
                "TEC_90inb": 1,
                "TEC_5mlxl": 1,
                "TEC_8dis4": 1,
                "TEC_rii5a": 1,
                "TEC_tcht1": 1,
                "TEC_7fgsz": 1,
                "TEC_jxjg5": 1,
                "TEC_onhag": 1,
                "TEC_i3v5j": 1,
                "TEC_xlpin": 1,
                "TEC_0eu72": 1,
                "TEC_ho1wd": 1,
                "TEC_utwtu": 1,
                "TEC_db4sq": 1,
                "TEC_z6xey": 1,
                "TEC_yv03f": 1,
                "TEC_jgklh": 1,
                "TEC_owbqz": 1,
                "TEC_546ol": 1,
                "TEC_mi898": 1,
                "TEC_83tdv": 1,
                "TEC_1qhzl": 1,
                "TEC_76jpc": 1,
                "TEC_stq7k": 1,
                "TEC_mk7ld": 1,
                "TEC_chver": 1,
                "TEC_efyw3": 1,
                "TEC_3p7pu": 1,
                "TEC_kt1yd": 1,
                "TEC_77o6z": 1,
                "TEC_z9sfy": 1,
                "TEC_2tls4": 1,
                "TEC_1jb1s": 1,
                "TEC_oqud4": 1,
                "TEC_7q4kb": 1,
                "TEC_vjwlj": 1,
                "TEC_tts99": 1,
                "TEC_eqzvt": 1,
                "TEC_02vj8": 1,
                "TEC_4etxn": 1,
                "TEC_709er": 1,
                "TEC_lxbjo": 1,
                "TEC_mte2o": 1,
                "TEC_n9h7q": 1,
                "TEC_a7oo5": 1,
                "TEC_s8glg": 1,
                "TEC_s3fu0": 1,
                "TEC_e1xj3": 1,
                "TEC_8wghe": 1,
                "TEC_cc48r": 1,
                "TEC_9f7yv": 1,
                "TEC_za070": 1,
                "TEC_xd0ts": 1,
                "TEC_c3g4x": 1,
                "TEC_hzetm": 1,
                "TEC_xbwsa": 1,
                "TEC_sjwg2": 1,
                "TEC_xwgjx": 1,
                "TEC_jryei": 1,
                "TEC_uidsj": 1,
                "TEC_5i8l7": 1,
                "TEC_ezqc7": 1,
                "TEC_3htjd": 1,
                "TEC_idf4p": 1,
                "TEC_doabi": 1,
                "TEC_voc1m": 1,
                "TEC_5zl5t": 1,
                "TEC_c6a9r": 1,
                "TEC_oxwf0": 1,
                "TEC_bamkl": 1,
                "TEC_9nmfo": 1,
                "TEC_2x3m9": 1,
                "TEC_hkixe": 1,
                "TEC_gyy4i": 1,
                "TEC_xhwxb": 1,
                "TEC_kipk7": 1,
                "TEC_v08sr": 1,
                "TEC_9lugr": 1,
                "TEC_ekjb0": 1,
                "TEC_5p873": 1,
                "TEC_o5xwz": 1,
                "TEC_q4p09": 1,
                "TEC_8v0zc": 1,
                "TEC_swer8": 1,
                "TEC_3ncuc": 1,
                "TEC_9qxno": 1,
                "TEC_u4evu": 1,
                "TEC_8whti": 1,
                "TEC_dks5z": 1,
                "TEC_209t3": 1,
                "TEC_h6xx8": 1,
                "TEC_19z67": 1,
                "TEC_mkadz": 1,
                "TEC_twv95": 1,
                "TEC_ckn75": 1,
                "TEC_qs6cj": 1,
                "TEC_wrakb": 1,
                "TEC_isylw": 1,
                "TEC_703it": 1,
                "TEC_31ks4": 1,
                "TEC_b2lu4": 1,
                "TEC_d3054": 1,
                "TEC_28svq": 1,
                "TEC_1daus": 1,
                "TEC_8j2zz": 1,
                "TEC_uo0z3": 1,
                "TEC_bkwgw": 1,
                "TEC_db0zs": 1,
                "TEC_bi4yx": 1,
                "TEC_qh4sm": 1,
                "TEC_vbfhv": 1,
                "TEC_zss9v": 1,
                "TEC_qytll": 1,
                "TEC_52zh1": 1,
                "TEC_pogtv": 1,
                "TEC_9bw3k": 1,
                "TEC_7mx5r": 1,
                "TEC_fm1g1": 1,
                "TEC_5l70h": 1,
                "TEC_42jom": 1,
                "TEC_vq8ch": 1,
                "TEC_vpjqe": 1,
                "TEC_5mz4p": 1,
                "TEC_il4gv": 1,
                "TEC_yk5ub": 1,
                "TEC_frqex": 1,
                "TEC_aw1cf": 1,
                "TEC_pax4z": 1,
                "TEC_mds1t": 1,
                "TEC_jatmb": 1,
                "TEC_c4q64": 1,
                "TEC_6mide": 1,
                "TEC_xh9bq": 1,
                "TEC_w9ovi": 1,
                "TEC_s72e8": 1,
                "TEC_ztu1k": 1,
                "TEC_y2qv7": 1,
                "TEC_oddbt": 1,
                "TEC_c4dw6": 1,
                "TEC_ff43j": 1,
                "TEC_7nqxp": 1,
                "TEC_14uz5": 1,
                "TEC_hhdb2": 1,
                "TEC_ymowh": 1,
                "TEC_p2e08": 1,
                "TEC_urcwx": 1,
                "TEC_1n6if": 1,
                "TEC_qorue": 1,
                "TEC_i5783": 1,
                "TEC_t26p5": 1,
                "TEC_o0qfu": 1,
                "TEC_sol3x": 1,
                "TEC_a55s3": 1,
                "TEC_o8lff": 1,
                "TEC_o68vw": 1,
                "TEC_wtdfk": 1,
                "TEC_zsaqf": 1,
                "TEC_oy79l": 1,
                "TEC_2rs92": 1,
                "TEC_linab": 1,
                "TEC_fgye5": 1,
                "TEC_0dklc": 1,
                "TEC_z7iqt": 1,
                "TEC_1qylj": 1,
                "TEC_15yzf": 1,
                "TEC_u92lo": 1,
                "TEC_3ixmc": 1,
                "TEC_9fhhp": 1,
                "TEC_vhfna": 1,
                "TEC_f7rj1": 1,
                "TEC_6vj99": 1,
                "TEC_20obr": 1,
                "TEC_fgam2": 1,
                "TEC_pobqy": 1,
                "TEC_jac3v": 1,
                "TEC_3yads": 1,
                "TEC_ediqv": 1,
                "TEC_o79vl": 1,
                "TEC_31rgu": 1,
                "TEC_6e4r2": 1,
                "TEC_3gvof": 1,
                "TEC_igp19": 1,
                "TEC_ubp9h": 1,
                "TEC_8n3gd": 1,
                "TEC_7haz1": 1,
                "TEC_kyzb9": 1,
                "TEC_o0wrc": 1,
                "TEC_nfw3t": 1,
                "TEC_x9yvb": 1,
                "TEC_peg8m": 1,
                "TEC_8ylps": 1,
                "TEC_nk8qp": 1,
                "TEC_eo2xt": 1,
                "TEC_yvruv": 1,
                "TEC_n4hbq": 1,
                "TEC_09aba": 1,
                "TEC_6vp30": 1,
                "TEC_aimj2": 1,
                "TEC_an1rm": 1,
                "TEC_vbgay": 1,
                "TEC_tit3q": 1,
                "TEC_zmlu5": 1,
                "TEC_4p0xe": 1,
                "TEC_bk8u8": 1,
                "TEC_0jveh": 1,
                "TEC_g86me": 1,
                "TEC_95q5n": 1,
                "TEC_qgf8k": 1,
                "TEC_4l5bz": 1,
                "TEC_g7pru": 1,
                "TEC_9s4xo": 1,
                "TEC_mluu4": 1,
                "TEC_ql7wv": 1,
                "TEC_dhufu": 1,
                "TEC_yg2ix": 1,
                "TEC_f09tn": 1,
                "TEC_jm0ao": 1,
                "TEC_ar7wu": 1,
                "TEC_u2iy0": 1,
                "TEC_x1k23": 1,
                "TEC_l303v": 1,
                "TEC_ezzt1": 1,
                "TEC_q3s42": 1,
                "TEC_2ba8s": 1,
                "TEC_wocab": 1,
                "TEC_wm8cz": 1,
                "TEC_w2kjg": 1,
                "TEC_o7ayh": 1,
                "TEC_3w8bf": 1,
                "TEC_yb9ph": 1,
                "TEC_5jvxz": 1,
                "TEC_ixc4w": 1,
                "TEC_7aiap": 1,
                "TEC_4bq5e": 1,
                "TEC_3b464": 1,
                "TEC_eeeqd": 1,
                "TEC_h45im": 1,
                "TEC_n2z43": 1,
                "TEC_h0df3": 1,
                "TEC_mxrp2": 1,
                "TEC_qjsce": 1,
                "TEC_hrhtj": 1,
                "TEC_xwpev": 1,
                "TEC_izk2c": 1,
                "TEC_na99c": 1,
                "TEC_l7adc": 1,
                "TEC_idci9": 1,
                "TEC_qenru": 1,
                "TEC_a149v": 1,
                "TEC_314fg": 1,
                "TEC_d3rzw": 1,
                "TEC_849mw": 1,
                "TEC_1t1lf": 1,
                "TEC_ltynt": 1,
                "TEC_ly4j4": 1,
                "TEC_g5oe1": 1,
                "TEC_qu3w7": 1,
                "TEC_zrq59": 1,
                "TEC_unvw0": 1,
                "TEC_wwrvc": 1,
                "TEC_k9l6r": 1,
                "TEC_dqe89": 1,
                "TEC_f53ym": 1,
                "TEC_10is6": 1,
                "TEC_g5b0l": 1,
                "TEC_uy3dn": 1,
                "TEC_y5doe": 1,
                "TEC_ebeqj": 1,
                "TEC_unilv": 1,
                "TEC_md0dv": 1,
                "TEC_k7krv": 1,
                "TEC_viz1b": 1,
                "TEC_glh6u": 1,
                "TEC_pa4ji": 1,
                "TEC_jdasa": 1,
                "TEC_abl6g": 1,
                "TEC_s440z": 1,
                "TEC_ev0a2": 1,
                "TEC_ozipp": 1,
                "TEC_84nw9": 1,
                "TEC_nshci": 1,
                "TEC_c9cty": 1,
                "TEC_s6308": 1,
                "TEC_phmfw": 1,
                "TEC_sfeto": 1,
                "TEC_x3itb": 1,
                "TEC_pi65b": 1,
                "TEC_c1t5x": 1,
                "TEC_c5pia": 1,
                "TEC_r559a": 1,
                "TEC_l3lo2": 1,
                "TEC_7q06z": 1,
                "TEC_pl6t9": 1,
                "TEC_ac0ch": 1,
                "TEC_a1wek": 1,
                "TEC_mwckc": 1,
                "TEC_oltre": 1,
                "TEC_hcus5": 1,
                "TEC_57s00": 1,
                "TEC_7vich": 1,
                "TEC_5rul5": 1,
                "TEC_qtzh1": 1,
                "TEC_817hk": 1,
                "TEC_vmap3": 1,
                "TEC_ycb1h": 1,
                "TEC_nurvj": 1,
                "TEC_btlfv": 1,
                "TEC_mgb0h": 1,
                "TEC_r55dv": 1,
                "TEC_134u5": 1,
                "TEC_e19z1": 1,
                "TEC_tx1p2": 1,
                "TEC_qpfpt": 1,
                "TEC_jtk96": 1,
                "TEC_hr6na": 1,
                "TEC_s0zgy": 1,
                "TEC_nujaf": 1,
                "TEC_5ru4l": 1,
                "TEC_xiw08": 1,
                "TEC_qlqbc": 1,
                "TEC_v9r9a": 1,
                "TEC_9rzhi": 1,
                "TEC_czeg0": 1,
                "TEC_45sxn": 1,
                "TEC_c7qdx": 1,
                "TEC_u8wxo": 1,
                "TEC_pcv3h": 1,
                "TEC_op2f9": 1,
                "TEC_aik61": 1,
                "TEC_3vsjc": 1,
                "TEC_revb7": 1,
                "TEC_ibckd": 1,
                "TEC_ou3ct": 1,
                "TEC_4prin": 1,
                "TEC_e2s5e": 1,
                "TEC_ysmby": 1,
                "TEC_y7gwb": 1,
                "TEC_4s6ts": 1,
                "TEC_0kf3b": 1,
                "TEC_8nck7": 1,
                "TEC_4lsab": 1,
                "TEC_d80xb": 1,
                "TEC_j5wp7": 1,
                "TEC_zv7kc": 1,
                "TEC_xcxbm": 1,
                "TEC_hud3g": 1,
                "TEC_a5esv": 1,
                "TEC_hl7rs": 1,
                "TEC_9tbv6": 1,
                "TEC_85wji": 1,
                "TEC_t61e0": 1,
                "TEC_cqfsz": 1,
                "TEC_8gs3z": 1,
                "TEC_uhuh4": 1,
                "TEC_vhdob": 1,
                "TEC_vcafd": 1,
                "TEC_tuw4l": 1,
                "TEC_sivb3": 1,
                "TEC_tzrb2": 1,
                "TEC_dalx6": 1,
                "TEC_5tdmw": 1,
                "TEC_rr5gg": 1,
                "TEC_uu33c": 1,
                "TEC_wxjp6": 1,
                "TEC_ilxpw": 1,
                "TEC_y55ma": 1,
                "TEC_2qzdd": 1,
                "TEC_ngriy": 1,
                "TEC_nxczt": 1,
                "TEC_5ds6h": 1,
                "TEC_3pjfa": 1,
                "TEC_23mu2": 1,
                "TEC_e2h9m": 1,
                "TEC_d5p24": 1,
                "TEC_4ok3n": 1,
                "TEC_3ad5b": 1,
                "TEC_ah4tf": 1,
                "TEC_2i97v": 1,
                "TEC_16w51": 1,
                "TEC_0mo4j": 1,
                "TEC_28hu6": 1,
                "TEC_l4fs0": 1,
                "TEC_9bymq": 1,
                "TEC_z6kss": 1,
                "TEC_kxah9": 1,
                "TEC_8zj43": 1,
                "TEC_b6kkf": 1,
                "TEC_fa9l0": 1,
                "TEC_8nt3f": 1,
                "TEC_sl966": 1,
                "TEC_ri89w": 1,
                "TEC_auw1y": 1,
                "TEC_4dt7e": 1,
                "TEC_tdp02": 1,
                "TEC_pmpwl": 1,
                "TEC_ja1lq": 1,
                "TEC_sf335": 1,
                "TEC_4p1ns": 1,
                "TEC_7sxkc": 1,
                "TEC_zymhi": 1,
                "TEC_vff1c": 1,
                "TEC_q5qmv": 1,
                "TEC_s439e": 1,
                "TEC_yyjla": 1,
                "TEC_14ssn": 1,
                "TEC_h4q9r": 1,
                "TEC_yxxz7": 1,
                "TEC_6fdhb": 1,
                "TEC_6u542": 1,
                "TEC_5iyy0": 1,
                "TEC_2zkpe": 1,
                "TEC_swdfr": 1,
                "TEC_h5a5e": 1,
                "TEC_mduho": 1,
                "TEC_0stcd": 1,
                "TEC_qgdbc": 1,
                "TEC_10lpz": 1,
                "TEC_77nsw": 1,
                "TEC_uja0t": 1,
                "TEC_vehva": 1,
                "TEC_jvx0g": 1,
                "TEC_gsk8j": 1,
                "TEC_0yz48": 1,
                "TEC_z140h": 1,
                "TEC_f4fy6": 1,
                "TEC_4ws5b": 1,
                "TEC_eaf2d": 1,
                "TEC_g9xxm": 1,
                "TEC_f1nl5": 1,
                "TEC_vab5t": 1
            }
        ]
    },
    "OL": {
        "SC_0": [
            {
                "TEC_0": 1,
                "TEC_neh7k": 1,
                "TEC_j40q1": 1,
                "TEC_x3n6k": 1,
                "TEC_ma9p9": 1,
                "TEC_0ky6x": 1,
                "TEC_v7ne2": 1,
                "TEC_vxyx8": 1,
                "TEC_q5agp": 1,
                "TEC_rsd00": 1,
                "TEC_pi7iu": 1,
                "TEC_xw2va": 1,
                "TEC_3jv83": 1,
                "TEC_8sya1": 1,
                "TEC_30y3f": 1,
                "TEC_p6mps": 1,
                "TEC_t5xpo": 1,
                "TEC_g9k1y": 1,
                "TEC_6ptnx": 1,
                "TEC_dwtag": 1,
                "TEC_fd816": 1,
                "TEC_fg6ht": 1,
                "TEC_a5en2": 1,
                "TEC_wg6ds": 1,
                "TEC_lzxuy": 1,
                "TEC_00vxx": 1,
                "TEC_3lsfz": 1,
                "TEC_23q9q": 1,
                "TEC_07yhv": 1,
                "TEC_o7b6p": 1,
                "TEC_ak9hl": 1,
                "TEC_3uiph": 1,
                "TEC_yd8ka": 1,
                "TEC_g9bss": 1,
                "TEC_dfgyk": 1,
                "TEC_v64br": 1,
                "TEC_39uf0": 1,
                "TEC_5gqn0": 1,
                "TEC_macjq": 1,
                "TEC_50npd": 1,
                "TEC_gzvo8": 1,
                "TEC_j43li": 1,
                "TEC_9pumq": 1,
                "TEC_xzin1": 1,
                "TEC_xqhlk": 1,
                "TEC_zuvr8": 1,
                "TEC_x2cyp": 1,
                "TEC_raiir": 1,
                "TEC_mgqfz": 1,
                "TEC_luawl": 1,
                "TEC_q4sjk": 1,
                "TEC_bsz5q": 1,
                "TEC_94y7i": 1,
                "TEC_unkdc": 1,
                "TEC_7tbsm": 1,
                "TEC_14l3g": 1,
                "TEC_loubv": 1,
                "TEC_hfd2j": 1,
                "TEC_720wk": 1,
                "TEC_6sstq": 1,
                "TEC_msv23": 1,
                "TEC_i3s68": 1,
                "TEC_3yur7": 1,
                "TEC_1dq1u": 1,
                "TEC_83pny": 1,
                "TEC_um5v0": 1,
                "TEC_ie26m": 1,
                "TEC_kkrev": 1,
                "TEC_3a5ft": 1,
                "TEC_okczl": 1,
                "TEC_oy3lz": 1,
                "TEC_4zv6g": 1,
                "TEC_deaj5": 1,
                "TEC_nv4iq": 1,
                "TEC_m2j55": 1,
                "TEC_90inb": 1,
                "TEC_5mlxl": 1,
                "TEC_8dis4": 1,
                "TEC_rii5a": 1,
                "TEC_tcht1": 1,
                "TEC_7fgsz": 1,
                "TEC_jxjg5": 1,
                "TEC_onhag": 1,
                "TEC_i3v5j": 1,
                "TEC_xlpin": 1,
                "TEC_0eu72": 1,
                "TEC_ho1wd": 1,
                "TEC_utwtu": 1,
                "TEC_db4sq": 1,
                "TEC_z6xey": 1,
                "TEC_yv03f": 1,
                "TEC_jgklh": 1,
                "TEC_owbqz": 1,
                "TEC_546ol": 1,
                "TEC_mi898": 1,
                "TEC_83tdv": 1,
                "TEC_1qhzl": 1,
                "TEC_76jpc": 1,
                "TEC_stq7k": 1,
                "TEC_mk7ld": 1,
                "TEC_chver": 1,
                "TEC_efyw3": 1,
                "TEC_3p7pu": 1,
                "TEC_kt1yd": 1,
                "TEC_77o6z": 1,
                "TEC_z9sfy": 1,
                "TEC_2tls4": 1,
                "TEC_1jb1s": 1,
                "TEC_oqud4": 1,
                "TEC_7q4kb": 1,
                "TEC_vjwlj": 1,
                "TEC_tts99": 1,
                "TEC_eqzvt": 1,
                "TEC_02vj8": 1,
                "TEC_4etxn": 1,
                "TEC_709er": 1,
                "TEC_lxbjo": 1,
                "TEC_mte2o": 1,
                "TEC_n9h7q": 1,
                "TEC_a7oo5": 1,
                "TEC_s8glg": 1,
                "TEC_s3fu0": 1,
                "TEC_e1xj3": 1,
                "TEC_8wghe": 1,
                "TEC_cc48r": 1,
                "TEC_9f7yv": 1,
                "TEC_za070": 1,
                "TEC_xd0ts": 1,
                "TEC_c3g4x": 1,
                "TEC_hzetm": 1,
                "TEC_xbwsa": 1,
                "TEC_sjwg2": 1,
                "TEC_xwgjx": 1,
                "TEC_jryei": 1,
                "TEC_uidsj": 1,
                "TEC_5i8l7": 1,
                "TEC_ezqc7": 1,
                "TEC_3htjd": 1,
                "TEC_idf4p": 1,
                "TEC_doabi": 1,
                "TEC_voc1m": 1,
                "TEC_5zl5t": 1,
                "TEC_c6a9r": 1,
                "TEC_oxwf0": 1,
                "TEC_bamkl": 1,
                "TEC_9nmfo": 1,
                "TEC_2x3m9": 1,
                "TEC_hkixe": 1,
                "TEC_gyy4i": 1,
                "TEC_xhwxb": 1,
                "TEC_kipk7": 1,
                "TEC_v08sr": 1,
                "TEC_9lugr": 1,
                "TEC_ekjb0": 1,
                "TEC_5p873": 1,
                "TEC_o5xwz": 1,
                "TEC_q4p09": 1,
                "TEC_8v0zc": 1,
                "TEC_swer8": 1,
                "TEC_3ncuc": 1,
                "TEC_9qxno": 1,
                "TEC_u4evu": 1,
                "TEC_8whti": 1,
                "TEC_dks5z": 1,
                "TEC_209t3": 1,
                "TEC_h6xx8": 1,
                "TEC_19z67": 1,
                "TEC_mkadz": 1,
                "TEC_twv95": 1,
                "TEC_ckn75": 1,
                "TEC_qs6cj": 1,
                "TEC_wrakb": 1,
                "TEC_isylw": 1,
                "TEC_703it": 1,
                "TEC_31ks4": 1,
                "TEC_b2lu4": 1,
                "TEC_d3054": 1,
                "TEC_28svq": 1,
                "TEC_1daus": 1,
                "TEC_8j2zz": 1,
                "TEC_uo0z3": 1,
                "TEC_bkwgw": 1,
                "TEC_db0zs": 1,
                "TEC_bi4yx": 1,
                "TEC_qh4sm": 1,
                "TEC_vbfhv": 1,
                "TEC_zss9v": 1,
                "TEC_qytll": 1,
                "TEC_52zh1": 1,
                "TEC_pogtv": 1,
                "TEC_9bw3k": 1,
                "TEC_7mx5r": 1,
                "TEC_fm1g1": 1,
                "TEC_5l70h": 1,
                "TEC_42jom": 1,
                "TEC_vq8ch": 1,
                "TEC_vpjqe": 1,
                "TEC_5mz4p": 1,
                "TEC_il4gv": 1,
                "TEC_yk5ub": 1,
                "TEC_frqex": 1,
                "TEC_aw1cf": 1,
                "TEC_pax4z": 1,
                "TEC_mds1t": 1,
                "TEC_jatmb": 1,
                "TEC_c4q64": 1,
                "TEC_6mide": 1,
                "TEC_xh9bq": 1,
                "TEC_w9ovi": 1,
                "TEC_s72e8": 1,
                "TEC_ztu1k": 1,
                "TEC_y2qv7": 1,
                "TEC_oddbt": 1,
                "TEC_c4dw6": 1,
                "TEC_ff43j": 1,
                "TEC_7nqxp": 1,
                "TEC_14uz5": 1,
                "TEC_hhdb2": 1,
                "TEC_ymowh": 1,
                "TEC_p2e08": 1,
                "TEC_urcwx": 1,
                "TEC_1n6if": 1,
                "TEC_qorue": 1,
                "TEC_i5783": 1,
                "TEC_t26p5": 1,
                "TEC_o0qfu": 1,
                "TEC_sol3x": 1,
                "TEC_a55s3": 1,
                "TEC_o8lff": 1,
                "TEC_o68vw": 1,
                "TEC_wtdfk": 1,
                "TEC_zsaqf": 1,
                "TEC_oy79l": 1,
                "TEC_2rs92": 1,
                "TEC_linab": 1,
                "TEC_fgye5": 1,
                "TEC_0dklc": 1,
                "TEC_z7iqt": 1,
                "TEC_1qylj": 1,
                "TEC_15yzf": 1,
                "TEC_u92lo": 1,
                "TEC_3ixmc": 1,
                "TEC_9fhhp": 1,
                "TEC_vhfna": 1,
                "TEC_f7rj1": 1,
                "TEC_6vj99": 1,
                "TEC_20obr": 1,
                "TEC_fgam2": 1,
                "TEC_pobqy": 1,
                "TEC_jac3v": 1,
                "TEC_3yads": 1,
                "TEC_ediqv": 1,
                "TEC_o79vl": 1,
                "TEC_31rgu": 1,
                "TEC_6e4r2": 1,
                "TEC_3gvof": 1,
                "TEC_igp19": 1,
                "TEC_ubp9h": 1,
                "TEC_8n3gd": 1,
                "TEC_7haz1": 1,
                "TEC_kyzb9": 1,
                "TEC_o0wrc": 1,
                "TEC_nfw3t": 1,
                "TEC_x9yvb": 1,
                "TEC_peg8m": 1,
                "TEC_8ylps": 1,
                "TEC_nk8qp": 1,
                "TEC_eo2xt": 1,
                "TEC_yvruv": 1,
                "TEC_n4hbq": 1,
                "TEC_09aba": 1,
                "TEC_6vp30": 1,
                "TEC_aimj2": 1,
                "TEC_an1rm": 1,
                "TEC_vbgay": 1,
                "TEC_tit3q": 1,
                "TEC_zmlu5": 1,
                "TEC_4p0xe": 1,
                "TEC_bk8u8": 1,
                "TEC_0jveh": 1,
                "TEC_g86me": 1,
                "TEC_95q5n": 1,
                "TEC_qgf8k": 1,
                "TEC_4l5bz": 1,
                "TEC_g7pru": 1,
                "TEC_9s4xo": 1,
                "TEC_mluu4": 1,
                "TEC_ql7wv": 1,
                "TEC_dhufu": 1,
                "TEC_yg2ix": 1,
                "TEC_f09tn": 1,
                "TEC_jm0ao": 1,
                "TEC_ar7wu": 1,
                "TEC_u2iy0": 1,
                "TEC_x1k23": 1,
                "TEC_l303v": 1,
                "TEC_ezzt1": 1,
                "TEC_q3s42": 1,
                "TEC_2ba8s": 1,
                "TEC_wocab": 1,
                "TEC_wm8cz": 1,
                "TEC_w2kjg": 1,
                "TEC_o7ayh": 1,
                "TEC_3w8bf": 1,
                "TEC_yb9ph": 1,
                "TEC_5jvxz": 1,
                "TEC_ixc4w": 1,
                "TEC_7aiap": 1,
                "TEC_4bq5e": 1,
                "TEC_3b464": 1,
                "TEC_eeeqd": 1,
                "TEC_h45im": 1,
                "TEC_n2z43": 1,
                "TEC_h0df3": 1,
                "TEC_mxrp2": 1,
                "TEC_qjsce": 1,
                "TEC_hrhtj": 1,
                "TEC_xwpev": 1,
                "TEC_izk2c": 1,
                "TEC_na99c": 1,
                "TEC_l7adc": 1,
                "TEC_idci9": 1,
                "TEC_qenru": 1,
                "TEC_a149v": 1,
                "TEC_314fg": 1,
                "TEC_d3rzw": 1,
                "TEC_849mw": 1,
                "TEC_1t1lf": 1,
                "TEC_ltynt": 1,
                "TEC_ly4j4": 1,
                "TEC_g5oe1": 1,
                "TEC_qu3w7": 1,
                "TEC_zrq59": 1,
                "TEC_unvw0": 1,
                "TEC_wwrvc": 1,
                "TEC_k9l6r": 1,
                "TEC_dqe89": 1,
                "TEC_f53ym": 1,
                "TEC_10is6": 1,
                "TEC_g5b0l": 1,
                "TEC_uy3dn": 1,
                "TEC_y5doe": 1,
                "TEC_ebeqj": 1,
                "TEC_unilv": 1,
                "TEC_md0dv": 1,
                "TEC_k7krv": 1,
                "TEC_viz1b": 1,
                "TEC_glh6u": 1,
                "TEC_pa4ji": 1,
                "TEC_jdasa": 1,
                "TEC_abl6g": 1,
                "TEC_s440z": 1,
                "TEC_ev0a2": 1,
                "TEC_ozipp": 1,
                "TEC_84nw9": 1,
                "TEC_nshci": 1,
                "TEC_c9cty": 1,
                "TEC_s6308": 1,
                "TEC_phmfw": 1,
                "TEC_sfeto": 1,
                "TEC_x3itb": 1,
                "TEC_pi65b": 1,
                "TEC_c1t5x": 1,
                "TEC_c5pia": 1,
                "TEC_r559a": 1,
                "TEC_l3lo2": 1,
                "TEC_7q06z": 1,
                "TEC_pl6t9": 1,
                "TEC_ac0ch": 1,
                "TEC_a1wek": 1,
                "TEC_mwckc": 1,
                "TEC_oltre": 1,
                "TEC_hcus5": 1,
                "TEC_57s00": 1,
                "TEC_7vich": 1,
                "TEC_5rul5": 1,
                "TEC_qtzh1": 1,
                "TEC_817hk": 1,
                "TEC_vmap3": 1,
                "TEC_ycb1h": 1,
                "TEC_nurvj": 1,
                "TEC_btlfv": 1,
                "TEC_mgb0h": 1,
                "TEC_r55dv": 1,
                "TEC_134u5": 1,
                "TEC_e19z1": 1,
                "TEC_tx1p2": 1,
                "TEC_qpfpt": 1,
                "TEC_jtk96": 1,
                "TEC_hr6na": 1,
                "TEC_s0zgy": 1,
                "TEC_nujaf": 1,
                "TEC_5ru4l": 1,
                "TEC_xiw08": 1,
                "TEC_qlqbc": 1,
                "TEC_v9r9a": 1,
                "TEC_9rzhi": 1,
                "TEC_czeg0": 1,
                "TEC_45sxn": 1,
                "TEC_c7qdx": 1,
                "TEC_u8wxo": 1,
                "TEC_pcv3h": 1,
                "TEC_op2f9": 1,
                "TEC_aik61": 1,
                "TEC_3vsjc": 1,
                "TEC_revb7": 1,
                "TEC_ibckd": 1,
                "TEC_ou3ct": 1,
                "TEC_4prin": 1,
                "TEC_e2s5e": 1,
                "TEC_ysmby": 1,
                "TEC_y7gwb": 1,
                "TEC_4s6ts": 1,
                "TEC_0kf3b": 1,
                "TEC_8nck7": 1,
                "TEC_4lsab": 1,
                "TEC_d80xb": 1,
                "TEC_j5wp7": 1,
                "TEC_zv7kc": 1,
                "TEC_xcxbm": 1,
                "TEC_hud3g": 1,
                "TEC_a5esv": 1,
                "TEC_hl7rs": 1,
                "TEC_9tbv6": 1,
                "TEC_85wji": 1,
                "TEC_t61e0": 1,
                "TEC_cqfsz": 1,
                "TEC_8gs3z": 1,
                "TEC_uhuh4": 1,
                "TEC_vhdob": 1,
                "TEC_vcafd": 1,
                "TEC_tuw4l": 1,
                "TEC_sivb3": 1,
                "TEC_tzrb2": 1,
                "TEC_dalx6": 1,
                "TEC_5tdmw": 1,
                "TEC_rr5gg": 1,
                "TEC_uu33c": 1,
                "TEC_wxjp6": 1,
                "TEC_ilxpw": 1,
                "TEC_y55ma": 1,
                "TEC_2qzdd": 1,
                "TEC_ngriy": 1,
                "TEC_nxczt": 1,
                "TEC_5ds6h": 1,
                "TEC_3pjfa": 1,
                "TEC_23mu2": 1,
                "TEC_e2h9m": 1,
                "TEC_d5p24": 1,
                "TEC_4ok3n": 1,
                "TEC_3ad5b": 1,
                "TEC_ah4tf": 1,
                "TEC_2i97v": 1,
                "TEC_16w51": 1,
                "TEC_0mo4j": 1,
                "TEC_28hu6": 1,
                "TEC_l4fs0": 1,
                "TEC_9bymq": 1,
                "TEC_z6kss": 1,
                "TEC_kxah9": 1,
                "TEC_8zj43": 1,
                "TEC_b6kkf": 1,
                "TEC_fa9l0": 1,
                "TEC_8nt3f": 1,
                "TEC_sl966": 1,
                "TEC_ri89w": 1,
                "TEC_auw1y": 1,
                "TEC_4dt7e": 1,
                "TEC_tdp02": 1,
                "TEC_pmpwl": 1,
                "TEC_ja1lq": 1,
                "TEC_sf335": 1,
                "TEC_4p1ns": 1,
                "TEC_7sxkc": 1,
                "TEC_zymhi": 1,
                "TEC_vff1c": 1,
                "TEC_q5qmv": 1,
                "TEC_s439e": 1,
                "TEC_yyjla": 1,
                "TEC_14ssn": 1,
                "TEC_h4q9r": 1,
                "TEC_yxxz7": 1,
                "TEC_6fdhb": 1,
                "TEC_6u542": 1,
                "TEC_5iyy0": 1,
                "TEC_2zkpe": 1,
                "TEC_swdfr": 1,
                "TEC_h5a5e": 1,
                "TEC_mduho": 1,
                "TEC_0stcd": 1,
                "TEC_qgdbc": 1,
                "TEC_10lpz": 1,
                "TEC_77nsw": 1,
                "TEC_uja0t": 1,
                "TEC_vehva": 1,
                "TEC_jvx0g": 1,
                "TEC_gsk8j": 1,
                "TEC_0yz48": 1,
                "TEC_z140h": 1,
                "TEC_f4fy6": 1,
                "TEC_4ws5b": 1,
                "TEC_eaf2d": 1,
                "TEC_g9xxm": 1,
                "TEC_f1nl5": 1,
                "TEC_vab5t": 1
            }
        ]
    },
    "TMPAL": {
        "SC_0": [
            {
                "TEC_0": 0,
                "TEC_neh7k": 0,
                "TEC_j40q1": 0,
                "TEC_x3n6k": 0,
                "TEC_ma9p9": 0,
                "TEC_0ky6x": 0,
                "TEC_v7ne2": 0,
                "TEC_vxyx8": 0,
                "TEC_q5agp": 0,
                "TEC_rsd00": 0,
                "TEC_pi7iu": 0,
                "TEC_xw2va": 0,
                "TEC_3jv83": 0,
                "TEC_8sya1": 0,
                "TEC_30y3f": 0,
                "TEC_p6mps": 0,
                "TEC_t5xpo": 0,
                "TEC_g9k1y": 0,
                "TEC_6ptnx": 0,
                "TEC_dwtag": 0,
                "TEC_fd816": 0,
                "TEC_fg6ht": 0,
                "TEC_a5en2": 0,
                "TEC_wg6ds": 0,
                "TEC_lzxuy": 0,
                "TEC_00vxx": 0,
                "TEC_3lsfz": 0,
                "TEC_23q9q": 0,
                "TEC_07yhv": 0,
                "TEC_o7b6p": 0,
                "TEC_ak9hl": 0,
                "TEC_3uiph": 0,
                "TEC_yd8ka": 0,
                "TEC_g9bss": 0,
                "TEC_dfgyk": 0,
                "TEC_v64br": 0,
                "TEC_39uf0": 0,
                "TEC_5gqn0": 0,
                "TEC_macjq": 0,
                "TEC_50npd": 0,
                "TEC_gzvo8": 0,
                "TEC_j43li": 0,
                "TEC_9pumq": 0,
                "TEC_xzin1": 0,
                "TEC_xqhlk": 0,
                "TEC_zuvr8": 0,
                "TEC_x2cyp": 0,
                "TEC_raiir": 0,
                "TEC_mgqfz": 0,
                "TEC_luawl": 0,
                "TEC_q4sjk": 0,
                "TEC_bsz5q": 0,
                "TEC_94y7i": 0,
                "TEC_unkdc": 0,
                "TEC_7tbsm": 0,
                "TEC_14l3g": 0,
                "TEC_loubv": 0,
                "TEC_hfd2j": 0,
                "TEC_720wk": 0,
                "TEC_6sstq": 0,
                "TEC_msv23": 0,
                "TEC_i3s68": 0,
                "TEC_3yur7": 0,
                "TEC_1dq1u": 0,
                "TEC_83pny": 0,
                "TEC_um5v0": 0,
                "TEC_ie26m": 0,
                "TEC_kkrev": 0,
                "TEC_3a5ft": 0,
                "TEC_okczl": 0,
                "TEC_oy3lz": 0,
                "TEC_4zv6g": 0,
                "TEC_deaj5": 0,
                "TEC_nv4iq": 0,
                "TEC_m2j55": 0,
                "TEC_90inb": 0,
                "TEC_5mlxl": 0,
                "TEC_8dis4": 0,
                "TEC_rii5a": 0,
                "TEC_tcht1": 0,
                "TEC_7fgsz": 0,
                "TEC_jxjg5": 0,
                "TEC_onhag": 0,
                "TEC_i3v5j": 0,
                "TEC_xlpin": 0,
                "TEC_0eu72": 0,
                "TEC_ho1wd": 0,
                "TEC_utwtu": 0,
                "TEC_db4sq": 0,
                "TEC_z6xey": 0,
                "TEC_yv03f": 0,
                "TEC_jgklh": 0,
                "TEC_owbqz": 0,
                "TEC_546ol": 0,
                "TEC_mi898": 0,
                "TEC_83tdv": 0,
                "TEC_1qhzl": 0,
                "TEC_76jpc": 0,
                "TEC_stq7k": 0,
                "TEC_mk7ld": 0,
                "TEC_chver": 0,
                "TEC_efyw3": 0,
                "TEC_3p7pu": 0,
                "TEC_kt1yd": 0,
                "TEC_77o6z": 0,
                "TEC_z9sfy": 0,
                "TEC_2tls4": 0,
                "TEC_1jb1s": 0,
                "TEC_oqud4": 0,
                "TEC_7q4kb": 0,
                "TEC_vjwlj": 0,
                "TEC_tts99": 0,
                "TEC_eqzvt": 0,
                "TEC_02vj8": 0,
                "TEC_4etxn": 0,
                "TEC_709er": 0,
                "TEC_lxbjo": 0,
                "TEC_mte2o": 0,
                "TEC_n9h7q": 0,
                "TEC_a7oo5": 0,
                "TEC_s8glg": 0,
                "TEC_s3fu0": 0,
                "TEC_e1xj3": 0,
                "TEC_8wghe": 0,
                "TEC_cc48r": 0,
                "TEC_9f7yv": 0,
                "TEC_za070": 0,
                "TEC_xd0ts": 0,
                "TEC_c3g4x": 0,
                "TEC_hzetm": 0,
                "TEC_xbwsa": 0,
                "TEC_sjwg2": 0,
                "TEC_xwgjx": 0,
                "TEC_jryei": 0,
                "TEC_uidsj": 0,
                "TEC_5i8l7": 0,
                "TEC_ezqc7": 0,
                "TEC_3htjd": 0,
                "TEC_idf4p": 0,
                "TEC_doabi": 0,
                "TEC_voc1m": 0,
                "TEC_5zl5t": 0,
                "TEC_c6a9r": 0,
                "TEC_oxwf0": 0,
                "TEC_bamkl": 0,
                "TEC_9nmfo": 0,
                "TEC_2x3m9": 0,
                "TEC_hkixe": 0,
                "TEC_gyy4i": 0,
                "TEC_xhwxb": 0,
                "TEC_kipk7": 0,
                "TEC_v08sr": 0,
                "TEC_9lugr": 0,
                "TEC_ekjb0": 0,
                "TEC_5p873": 0,
                "TEC_o5xwz": 0,
                "TEC_q4p09": 0,
                "TEC_8v0zc": 0,
                "TEC_swer8": 0,
                "TEC_3ncuc": 0,
                "TEC_9qxno": 0,
                "TEC_u4evu": 0,
                "TEC_8whti": 0,
                "TEC_dks5z": 0,
                "TEC_209t3": 0,
                "TEC_h6xx8": 0,
                "TEC_19z67": 0,
                "TEC_mkadz": 0,
                "TEC_twv95": 0,
                "TEC_ckn75": 0,
                "TEC_qs6cj": 0,
                "TEC_wrakb": 0,
                "TEC_isylw": 0,
                "TEC_703it": 0,
                "TEC_31ks4": 0,
                "TEC_b2lu4": 0,
                "TEC_d3054": 0,
                "TEC_28svq": 0,
                "TEC_1daus": 0,
                "TEC_8j2zz": 0,
                "TEC_uo0z3": 0,
                "TEC_bkwgw": 0,
                "TEC_db0zs": 0,
                "TEC_bi4yx": 0,
                "TEC_qh4sm": 0,
                "TEC_vbfhv": 0,
                "TEC_zss9v": 0,
                "TEC_qytll": 0,
                "TEC_52zh1": 0,
                "TEC_pogtv": 0,
                "TEC_9bw3k": 0,
                "TEC_7mx5r": 0,
                "TEC_fm1g1": 0,
                "TEC_5l70h": 0,
                "TEC_42jom": 0,
                "TEC_vq8ch": 0,
                "TEC_vpjqe": 0,
                "TEC_5mz4p": 0,
                "TEC_il4gv": 0,
                "TEC_yk5ub": 0,
                "TEC_frqex": 0,
                "TEC_aw1cf": 0,
                "TEC_pax4z": 0,
                "TEC_mds1t": 0,
                "TEC_jatmb": 0,
                "TEC_c4q64": 0,
                "TEC_6mide": 0,
                "TEC_xh9bq": 0,
                "TEC_w9ovi": 0,
                "TEC_s72e8": 0,
                "TEC_ztu1k": 0,
                "TEC_y2qv7": 0,
                "TEC_oddbt": 0,
                "TEC_c4dw6": 0,
                "TEC_ff43j": 0,
                "TEC_7nqxp": 0,
                "TEC_14uz5": 0,
                "TEC_hhdb2": 0,
                "TEC_ymowh": 0,
                "TEC_p2e08": 0,
                "TEC_urcwx": 0,
                "TEC_1n6if": 0,
                "TEC_qorue": 0,
                "TEC_i5783": 0,
                "TEC_t26p5": 0,
                "TEC_o0qfu": 0,
                "TEC_sol3x": 0,
                "TEC_a55s3": 0,
                "TEC_o8lff": 0,
                "TEC_o68vw": 0,
                "TEC_wtdfk": 0,
                "TEC_zsaqf": 0,
                "TEC_oy79l": 0,
                "TEC_2rs92": 0,
                "TEC_linab": 0,
                "TEC_fgye5": 0,
                "TEC_0dklc": 0,
                "TEC_z7iqt": 0,
                "TEC_1qylj": 0,
                "TEC_15yzf": 0,
                "TEC_u92lo": 0,
                "TEC_3ixmc": 0,
                "TEC_9fhhp": 0,
                "TEC_vhfna": 0,
                "TEC_f7rj1": 0,
                "TEC_6vj99": 0,
                "TEC_20obr": 0,
                "TEC_fgam2": 0,
                "TEC_pobqy": 0,
                "TEC_jac3v": 0,
                "TEC_3yads": 0,
                "TEC_ediqv": 0,
                "TEC_o79vl": 0,
                "TEC_31rgu": 0,
                "TEC_6e4r2": 0,
                "TEC_3gvof": 0,
                "TEC_igp19": 0,
                "TEC_ubp9h": 0,
                "TEC_8n3gd": 0,
                "TEC_7haz1": 0,
                "TEC_kyzb9": 0,
                "TEC_o0wrc": 0,
                "TEC_nfw3t": 0,
                "TEC_x9yvb": 0,
                "TEC_peg8m": 0,
                "TEC_8ylps": 0,
                "TEC_nk8qp": 0,
                "TEC_eo2xt": 0,
                "TEC_yvruv": 0,
                "TEC_n4hbq": 0,
                "TEC_09aba": 0,
                "TEC_6vp30": 0,
                "TEC_aimj2": 0,
                "TEC_an1rm": 0,
                "TEC_vbgay": 0,
                "TEC_tit3q": 0,
                "TEC_zmlu5": 0,
                "TEC_4p0xe": 0,
                "TEC_bk8u8": 0,
                "TEC_0jveh": 0,
                "TEC_g86me": 0,
                "TEC_95q5n": 0,
                "TEC_qgf8k": 0,
                "TEC_4l5bz": 0,
                "TEC_g7pru": 0,
                "TEC_9s4xo": 0,
                "TEC_mluu4": 0,
                "TEC_ql7wv": 0,
                "TEC_dhufu": 0,
                "TEC_yg2ix": 0,
                "TEC_f09tn": 0,
                "TEC_jm0ao": 0,
                "TEC_ar7wu": 0,
                "TEC_u2iy0": 0,
                "TEC_x1k23": 0,
                "TEC_l303v": 0,
                "TEC_ezzt1": 0,
                "TEC_q3s42": 0,
                "TEC_2ba8s": 0,
                "TEC_wocab": 0,
                "TEC_wm8cz": 0,
                "TEC_w2kjg": 0,
                "TEC_o7ayh": 0,
                "TEC_3w8bf": 0,
                "TEC_yb9ph": 0,
                "TEC_5jvxz": 0,
                "TEC_ixc4w": 0,
                "TEC_7aiap": 0,
                "TEC_4bq5e": 0,
                "TEC_3b464": 0,
                "TEC_eeeqd": 0,
                "TEC_h45im": 0,
                "TEC_n2z43": 0,
                "TEC_h0df3": 0,
                "TEC_mxrp2": 0,
                "TEC_qjsce": 0,
                "TEC_hrhtj": 0,
                "TEC_xwpev": 0,
                "TEC_izk2c": 0,
                "TEC_na99c": 0,
                "TEC_l7adc": 0,
                "TEC_idci9": 0,
                "TEC_qenru": 0,
                "TEC_a149v": 0,
                "TEC_314fg": 0,
                "TEC_d3rzw": 0,
                "TEC_849mw": 0,
                "TEC_1t1lf": 0,
                "TEC_ltynt": 0,
                "TEC_ly4j4": 0,
                "TEC_g5oe1": 0,
                "TEC_qu3w7": 0,
                "TEC_zrq59": 0,
                "TEC_unvw0": 0,
                "TEC_wwrvc": 0,
                "TEC_k9l6r": 0,
                "TEC_dqe89": 0,
                "TEC_f53ym": 0,
                "TEC_10is6": 0,
                "TEC_g5b0l": 0,
                "TEC_uy3dn": 0,
                "TEC_y5doe": 0,
                "TEC_ebeqj": 0,
                "TEC_unilv": 0,
                "TEC_md0dv": 0,
                "TEC_k7krv": 0,
                "TEC_viz1b": 0,
                "TEC_glh6u": 0,
                "TEC_pa4ji": 0,
                "TEC_jdasa": 0,
                "TEC_abl6g": 0,
                "TEC_s440z": 0,
                "TEC_ev0a2": 0,
                "TEC_ozipp": 0,
                "TEC_84nw9": 0,
                "TEC_nshci": 0,
                "TEC_c9cty": 0,
                "TEC_s6308": 0,
                "TEC_phmfw": 0,
                "TEC_sfeto": 0,
                "TEC_x3itb": 0,
                "TEC_pi65b": 0,
                "TEC_c1t5x": 0,
                "TEC_c5pia": 0,
                "TEC_r559a": 0,
                "TEC_l3lo2": 0,
                "TEC_7q06z": 0,
                "TEC_pl6t9": 0,
                "TEC_ac0ch": 0,
                "TEC_a1wek": 0,
                "TEC_mwckc": 0,
                "TEC_oltre": 0,
                "TEC_hcus5": 0,
                "TEC_57s00": 0,
                "TEC_7vich": 0,
                "TEC_5rul5": 0,
                "TEC_qtzh1": 0,
                "TEC_817hk": 0,
                "TEC_vmap3": 0,
                "TEC_ycb1h": 0,
                "TEC_nurvj": 0,
                "TEC_btlfv": 0,
                "TEC_mgb0h": 0,
                "TEC_r55dv": 0,
                "TEC_134u5": 0,
                "TEC_e19z1": 0,
                "TEC_tx1p2": 0,
                "TEC_qpfpt": 0,
                "TEC_jtk96": 0,
                "TEC_hr6na": 0,
                "TEC_s0zgy": 0,
                "TEC_nujaf": 0,
                "TEC_5ru4l": 0,
                "TEC_xiw08": 0,
                "TEC_qlqbc": 0,
                "TEC_v9r9a": 0,
                "TEC_9rzhi": 0,
                "TEC_czeg0": 0,
                "TEC_45sxn": 0,
                "TEC_c7qdx": 0,
                "TEC_u8wxo": 0,
                "TEC_pcv3h": 0,
                "TEC_op2f9": 0,
                "TEC_aik61": 0,
                "TEC_3vsjc": 0,
                "TEC_revb7": 0,
                "TEC_ibckd": 0,
                "TEC_ou3ct": 0,
                "TEC_4prin": 0,
                "TEC_e2s5e": 0,
                "TEC_ysmby": 0,
                "TEC_y7gwb": 0,
                "TEC_4s6ts": 0,
                "TEC_0kf3b": 0,
                "TEC_8nck7": 0,
                "TEC_4lsab": 0,
                "TEC_d80xb": 0,
                "TEC_j5wp7": 0,
                "TEC_zv7kc": 0,
                "TEC_xcxbm": 0,
                "TEC_hud3g": 0,
                "TEC_a5esv": 0,
                "TEC_hl7rs": 0,
                "TEC_9tbv6": 0,
                "TEC_85wji": 0,
                "TEC_t61e0": 0,
                "TEC_cqfsz": 0,
                "TEC_8gs3z": 0,
                "TEC_uhuh4": 0,
                "TEC_vhdob": 0,
                "TEC_vcafd": 0,
                "TEC_tuw4l": 0,
                "TEC_sivb3": 0,
                "TEC_tzrb2": 0,
                "TEC_dalx6": 0,
                "TEC_5tdmw": 0,
                "TEC_rr5gg": 0,
                "TEC_uu33c": 0,
                "TEC_wxjp6": 0,
                "TEC_ilxpw": 0,
                "TEC_y55ma": 0,
                "TEC_2qzdd": 0,
                "TEC_ngriy": 0,
                "TEC_nxczt": 0,
                "TEC_5ds6h": 0,
                "TEC_3pjfa": 0,
                "TEC_23mu2": 0,
                "TEC_e2h9m": 0,
                "TEC_d5p24": 0,
                "TEC_4ok3n": 0,
                "TEC_3ad5b": 0,
                "TEC_ah4tf": 0,
                "TEC_2i97v": 0,
                "TEC_16w51": 0,
                "TEC_0mo4j": 0,
                "TEC_28hu6": 0,
                "TEC_l4fs0": 0,
                "TEC_9bymq": 0,
                "TEC_z6kss": 0,
                "TEC_kxah9": 0,
                "TEC_8zj43": 0,
                "TEC_b6kkf": 0,
                "TEC_fa9l0": 0,
                "TEC_8nt3f": 0,
                "TEC_sl966": 0,
                "TEC_ri89w": 0,
                "TEC_auw1y": 0,
                "TEC_4dt7e": 0,
                "TEC_tdp02": 0,
                "TEC_pmpwl": 0,
                "TEC_ja1lq": 0,
                "TEC_sf335": 0,
                "TEC_4p1ns": 0,
                "TEC_7sxkc": 0,
                "TEC_zymhi": 0,
                "TEC_vff1c": 0,
                "TEC_q5qmv": 0,
                "TEC_s439e": 0,
                "TEC_yyjla": 0,
                "TEC_14ssn": 0,
                "TEC_h4q9r": 0,
                "TEC_yxxz7": 0,
                "TEC_6fdhb": 0,
                "TEC_6u542": 0,
                "TEC_5iyy0": 0,
                "TEC_2zkpe": 0,
                "TEC_swdfr": 0,
                "TEC_h5a5e": 0,
                "TEC_mduho": 0,
                "TEC_0stcd": 0,
                "TEC_qgdbc": 0,
                "TEC_10lpz": 0,
                "TEC_77nsw": 0,
                "TEC_uja0t": 0,
                "TEC_vehva": 0,
                "TEC_jvx0g": 0,
                "TEC_gsk8j": 0,
                "TEC_0yz48": 0,
                "TEC_z140h": 0,
                "TEC_f4fy6": 0,
                "TEC_4ws5b": 0,
                "TEC_eaf2d": 0,
                "TEC_g9xxm": 0,
                "TEC_f1nl5": 0,
                "TEC_vab5t": 0
            }
        ]
    },
    "TMPAU": {
        "SC_0": [
            {
                "TEC_0": 999999,
                "TEC_neh7k": 999999,
                "TEC_j40q1": 999999,
                "TEC_x3n6k": 999999,
                "TEC_ma9p9": 999999,
                "TEC_0ky6x": 999999,
                "TEC_v7ne2": 999999,
                "TEC_vxyx8": 999999,
                "TEC_q5agp": 999999,
                "TEC_rsd00": 999999,
                "TEC_pi7iu": 999999,
                "TEC_xw2va": 999999,
                "TEC_3jv83": 999999,
                "TEC_8sya1": 999999,
                "TEC_30y3f": 999999,
                "TEC_p6mps": 999999,
                "TEC_t5xpo": 999999,
                "TEC_g9k1y": 999999,
                "TEC_6ptnx": 999999,
                "TEC_dwtag": 999999,
                "TEC_fd816": 999999,
                "TEC_fg6ht": 999999,
                "TEC_a5en2": 999999,
                "TEC_wg6ds": 999999,
                "TEC_lzxuy": 999999,
                "TEC_00vxx": 999999,
                "TEC_3lsfz": 999999,
                "TEC_23q9q": 999999,
                "TEC_07yhv": 999999,
                "TEC_o7b6p": 999999,
                "TEC_ak9hl": 999999,
                "TEC_3uiph": 999999,
                "TEC_yd8ka": 999999,
                "TEC_g9bss": 999999,
                "TEC_dfgyk": 999999,
                "TEC_v64br": 999999,
                "TEC_39uf0": 999999,
                "TEC_5gqn0": 999999,
                "TEC_macjq": 999999,
                "TEC_50npd": 999999,
                "TEC_gzvo8": 999999,
                "TEC_j43li": 999999,
                "TEC_9pumq": 999999,
                "TEC_xzin1": 999999,
                "TEC_xqhlk": 999999,
                "TEC_zuvr8": 999999,
                "TEC_x2cyp": 999999,
                "TEC_raiir": 999999,
                "TEC_mgqfz": 999999,
                "TEC_luawl": 999999,
                "TEC_q4sjk": 999999,
                "TEC_bsz5q": 999999,
                "TEC_94y7i": 999999,
                "TEC_unkdc": 999999,
                "TEC_7tbsm": 999999,
                "TEC_14l3g": 999999,
                "TEC_loubv": 999999,
                "TEC_hfd2j": 999999,
                "TEC_720wk": 999999,
                "TEC_6sstq": 999999,
                "TEC_msv23": 999999,
                "TEC_i3s68": 999999,
                "TEC_3yur7": 999999,
                "TEC_1dq1u": 999999,
                "TEC_83pny": 999999,
                "TEC_um5v0": 999999,
                "TEC_ie26m": 999999,
                "TEC_kkrev": 999999,
                "TEC_3a5ft": 999999,
                "TEC_okczl": 999999,
                "TEC_oy3lz": 999999,
                "TEC_4zv6g": 999999,
                "TEC_deaj5": 999999,
                "TEC_nv4iq": 999999,
                "TEC_m2j55": 999999,
                "TEC_90inb": 999999,
                "TEC_5mlxl": 999999,
                "TEC_8dis4": 999999,
                "TEC_rii5a": 999999,
                "TEC_tcht1": 999999,
                "TEC_7fgsz": 999999,
                "TEC_jxjg5": 999999,
                "TEC_onhag": 999999,
                "TEC_i3v5j": 999999,
                "TEC_xlpin": 999999,
                "TEC_0eu72": 999999,
                "TEC_ho1wd": 999999,
                "TEC_utwtu": 999999,
                "TEC_db4sq": 999999,
                "TEC_z6xey": 999999,
                "TEC_yv03f": 999999,
                "TEC_jgklh": 999999,
                "TEC_owbqz": 999999,
                "TEC_546ol": 999999,
                "TEC_mi898": 999999,
                "TEC_83tdv": 999999,
                "TEC_1qhzl": 999999,
                "TEC_76jpc": 999999,
                "TEC_stq7k": 999999,
                "TEC_mk7ld": 999999,
                "TEC_chver": 999999,
                "TEC_efyw3": 999999,
                "TEC_3p7pu": 999999,
                "TEC_kt1yd": 999999,
                "TEC_77o6z": 999999,
                "TEC_z9sfy": 999999,
                "TEC_2tls4": 999999,
                "TEC_1jb1s": 999999,
                "TEC_oqud4": 999999,
                "TEC_7q4kb": 999999,
                "TEC_vjwlj": 999999,
                "TEC_tts99": 999999,
                "TEC_eqzvt": 999999,
                "TEC_02vj8": 999999,
                "TEC_4etxn": 999999,
                "TEC_709er": 999999,
                "TEC_lxbjo": 999999,
                "TEC_mte2o": 999999,
                "TEC_n9h7q": 999999,
                "TEC_a7oo5": 999999,
                "TEC_s8glg": 999999,
                "TEC_s3fu0": 999999,
                "TEC_e1xj3": 999999,
                "TEC_8wghe": 999999,
                "TEC_cc48r": 999999,
                "TEC_9f7yv": 999999,
                "TEC_za070": 999999,
                "TEC_xd0ts": 999999,
                "TEC_c3g4x": 999999,
                "TEC_hzetm": 999999,
                "TEC_xbwsa": 999999,
                "TEC_sjwg2": 999999,
                "TEC_xwgjx": 999999,
                "TEC_jryei": 999999,
                "TEC_uidsj": 999999,
                "TEC_5i8l7": 999999,
                "TEC_ezqc7": 999999,
                "TEC_3htjd": 999999,
                "TEC_idf4p": 999999,
                "TEC_doabi": 999999,
                "TEC_voc1m": 999999,
                "TEC_5zl5t": 999999,
                "TEC_c6a9r": 999999,
                "TEC_oxwf0": 999999,
                "TEC_bamkl": 999999,
                "TEC_9nmfo": 999999,
                "TEC_2x3m9": 999999,
                "TEC_hkixe": 999999,
                "TEC_gyy4i": 999999,
                "TEC_xhwxb": 999999,
                "TEC_kipk7": 999999,
                "TEC_v08sr": 999999,
                "TEC_9lugr": 999999,
                "TEC_ekjb0": 999999,
                "TEC_5p873": 999999,
                "TEC_o5xwz": 999999,
                "TEC_q4p09": 999999,
                "TEC_8v0zc": 999999,
                "TEC_swer8": 999999,
                "TEC_3ncuc": 999999,
                "TEC_9qxno": 999999,
                "TEC_u4evu": 999999,
                "TEC_8whti": 999999,
                "TEC_dks5z": 999999,
                "TEC_209t3": 999999,
                "TEC_h6xx8": 999999,
                "TEC_19z67": 999999,
                "TEC_mkadz": 999999,
                "TEC_twv95": 999999,
                "TEC_ckn75": 999999,
                "TEC_qs6cj": 999999,
                "TEC_wrakb": 999999,
                "TEC_isylw": 999999,
                "TEC_703it": 999999,
                "TEC_31ks4": 999999,
                "TEC_b2lu4": 999999,
                "TEC_d3054": 999999,
                "TEC_28svq": 999999,
                "TEC_1daus": 999999,
                "TEC_8j2zz": 999999,
                "TEC_uo0z3": 999999,
                "TEC_bkwgw": 999999,
                "TEC_db0zs": 999999,
                "TEC_bi4yx": 999999,
                "TEC_qh4sm": 999999,
                "TEC_vbfhv": 999999,
                "TEC_zss9v": 999999,
                "TEC_qytll": 999999,
                "TEC_52zh1": 999999,
                "TEC_pogtv": 999999,
                "TEC_9bw3k": 999999,
                "TEC_7mx5r": 999999,
                "TEC_fm1g1": 999999,
                "TEC_5l70h": 999999,
                "TEC_42jom": 999999,
                "TEC_vq8ch": 999999,
                "TEC_vpjqe": 999999,
                "TEC_5mz4p": 999999,
                "TEC_il4gv": 999999,
                "TEC_yk5ub": 999999,
                "TEC_frqex": 999999,
                "TEC_aw1cf": 999999,
                "TEC_pax4z": 999999,
                "TEC_mds1t": 999999,
                "TEC_jatmb": 999999,
                "TEC_c4q64": 999999,
                "TEC_6mide": 999999,
                "TEC_xh9bq": 999999,
                "TEC_w9ovi": 999999,
                "TEC_s72e8": 999999,
                "TEC_ztu1k": 999999,
                "TEC_y2qv7": 999999,
                "TEC_oddbt": 999999,
                "TEC_c4dw6": 999999,
                "TEC_ff43j": 999999,
                "TEC_7nqxp": 999999,
                "TEC_14uz5": 999999,
                "TEC_hhdb2": 999999,
                "TEC_ymowh": 999999,
                "TEC_p2e08": 999999,
                "TEC_urcwx": 999999,
                "TEC_1n6if": 999999,
                "TEC_qorue": 999999,
                "TEC_i5783": 999999,
                "TEC_t26p5": 999999,
                "TEC_o0qfu": 999999,
                "TEC_sol3x": 999999,
                "TEC_a55s3": 999999,
                "TEC_o8lff": 999999,
                "TEC_o68vw": 999999,
                "TEC_wtdfk": 999999,
                "TEC_zsaqf": 999999,
                "TEC_oy79l": 999999,
                "TEC_2rs92": 999999,
                "TEC_linab": 999999,
                "TEC_fgye5": 999999,
                "TEC_0dklc": 999999,
                "TEC_z7iqt": 999999,
                "TEC_1qylj": 999999,
                "TEC_15yzf": 999999,
                "TEC_u92lo": 999999,
                "TEC_3ixmc": 999999,
                "TEC_9fhhp": 999999,
                "TEC_vhfna": 999999,
                "TEC_f7rj1": 999999,
                "TEC_6vj99": 999999,
                "TEC_20obr": 999999,
                "TEC_fgam2": 999999,
                "TEC_pobqy": 999999,
                "TEC_jac3v": 999999,
                "TEC_3yads": 999999,
                "TEC_ediqv": 999999,
                "TEC_o79vl": 999999,
                "TEC_31rgu": 999999,
                "TEC_6e4r2": 999999,
                "TEC_3gvof": 999999,
                "TEC_igp19": 999999,
                "TEC_ubp9h": 999999,
                "TEC_8n3gd": 999999,
                "TEC_7haz1": 999999,
                "TEC_kyzb9": 999999,
                "TEC_o0wrc": 999999,
                "TEC_nfw3t": 999999,
                "TEC_x9yvb": 999999,
                "TEC_peg8m": 999999,
                "TEC_8ylps": 999999,
                "TEC_nk8qp": 999999,
                "TEC_eo2xt": 999999,
                "TEC_yvruv": 999999,
                "TEC_n4hbq": 999999,
                "TEC_09aba": 999999,
                "TEC_6vp30": 999999,
                "TEC_aimj2": 999999,
                "TEC_an1rm": 999999,
                "TEC_vbgay": 999999,
                "TEC_tit3q": 999999,
                "TEC_zmlu5": 999999,
                "TEC_4p0xe": 999999,
                "TEC_bk8u8": 999999,
                "TEC_0jveh": 999999,
                "TEC_g86me": 999999,
                "TEC_95q5n": 999999,
                "TEC_qgf8k": 999999,
                "TEC_4l5bz": 999999,
                "TEC_g7pru": 999999,
                "TEC_9s4xo": 999999,
                "TEC_mluu4": 999999,
                "TEC_ql7wv": 999999,
                "TEC_dhufu": 999999,
                "TEC_yg2ix": 999999,
                "TEC_f09tn": 999999,
                "TEC_jm0ao": 999999,
                "TEC_ar7wu": 999999,
                "TEC_u2iy0": 999999,
                "TEC_x1k23": 999999,
                "TEC_l303v": 999999,
                "TEC_ezzt1": 999999,
                "TEC_q3s42": 999999,
                "TEC_2ba8s": 999999,
                "TEC_wocab": 999999,
                "TEC_wm8cz": 999999,
                "TEC_w2kjg": 999999,
                "TEC_o7ayh": 999999,
                "TEC_3w8bf": 999999,
                "TEC_yb9ph": 999999,
                "TEC_5jvxz": 999999,
                "TEC_ixc4w": 999999,
                "TEC_7aiap": 999999,
                "TEC_4bq5e": 999999,
                "TEC_3b464": 999999,
                "TEC_eeeqd": 999999,
                "TEC_h45im": 999999,
                "TEC_n2z43": 999999,
                "TEC_h0df3": 999999,
                "TEC_mxrp2": 999999,
                "TEC_qjsce": 999999,
                "TEC_hrhtj": 999999,
                "TEC_xwpev": 999999,
                "TEC_izk2c": 999999,
                "TEC_na99c": 999999,
                "TEC_l7adc": 999999,
                "TEC_idci9": 999999,
                "TEC_qenru": 999999,
                "TEC_a149v": 999999,
                "TEC_314fg": 999999,
                "TEC_d3rzw": 999999,
                "TEC_849mw": 999999,
                "TEC_1t1lf": 999999,
                "TEC_ltynt": 999999,
                "TEC_ly4j4": 999999,
                "TEC_g5oe1": 999999,
                "TEC_qu3w7": 999999,
                "TEC_zrq59": 999999,
                "TEC_unvw0": 999999,
                "TEC_wwrvc": 999999,
                "TEC_k9l6r": 999999,
                "TEC_dqe89": 999999,
                "TEC_f53ym": 999999,
                "TEC_10is6": 999999,
                "TEC_g5b0l": 999999,
                "TEC_uy3dn": 999999,
                "TEC_y5doe": 999999,
                "TEC_ebeqj": 999999,
                "TEC_unilv": 999999,
                "TEC_md0dv": 999999,
                "TEC_k7krv": 999999,
                "TEC_viz1b": 999999,
                "TEC_glh6u": 999999,
                "TEC_pa4ji": 999999,
                "TEC_jdasa": 999999,
                "TEC_abl6g": 999999,
                "TEC_s440z": 999999,
                "TEC_ev0a2": 999999,
                "TEC_ozipp": 999999,
                "TEC_84nw9": 999999,
                "TEC_nshci": 999999,
                "TEC_c9cty": 999999,
                "TEC_s6308": 999999,
                "TEC_phmfw": 999999,
                "TEC_sfeto": 999999,
                "TEC_x3itb": 999999,
                "TEC_pi65b": 999999,
                "TEC_c1t5x": 999999,
                "TEC_c5pia": 999999,
                "TEC_r559a": 999999,
                "TEC_l3lo2": 999999,
                "TEC_7q06z": 999999,
                "TEC_pl6t9": 999999,
                "TEC_ac0ch": 999999,
                "TEC_a1wek": 999999,
                "TEC_mwckc": 999999,
                "TEC_oltre": 999999,
                "TEC_hcus5": 999999,
                "TEC_57s00": 999999,
                "TEC_7vich": 999999,
                "TEC_5rul5": 999999,
                "TEC_qtzh1": 999999,
                "TEC_817hk": 999999,
                "TEC_vmap3": 999999,
                "TEC_ycb1h": 999999,
                "TEC_nurvj": 999999,
                "TEC_btlfv": 999999,
                "TEC_mgb0h": 999999,
                "TEC_r55dv": 999999,
                "TEC_134u5": 999999,
                "TEC_e19z1": 999999,
                "TEC_tx1p2": 999999,
                "TEC_qpfpt": 999999,
                "TEC_jtk96": 999999,
                "TEC_hr6na": 999999,
                "TEC_s0zgy": 999999,
                "TEC_nujaf": 999999,
                "TEC_5ru4l": 999999,
                "TEC_xiw08": 999999,
                "TEC_qlqbc": 999999,
                "TEC_v9r9a": 999999,
                "TEC_9rzhi": 999999,
                "TEC_czeg0": 999999,
                "TEC_45sxn": 999999,
                "TEC_c7qdx": 999999,
                "TEC_u8wxo": 999999,
                "TEC_pcv3h": 999999,
                "TEC_op2f9": 999999,
                "TEC_aik61": 999999,
                "TEC_3vsjc": 999999,
                "TEC_revb7": 999999,
                "TEC_ibckd": 999999,
                "TEC_ou3ct": 999999,
                "TEC_4prin": 999999,
                "TEC_e2s5e": 999999,
                "TEC_ysmby": 999999,
                "TEC_y7gwb": 999999,
                "TEC_4s6ts": 999999,
                "TEC_0kf3b": 999999,
                "TEC_8nck7": 999999,
                "TEC_4lsab": 999999,
                "TEC_d80xb": 999999,
                "TEC_j5wp7": 999999,
                "TEC_zv7kc": 999999,
                "TEC_xcxbm": 999999,
                "TEC_hud3g": 999999,
                "TEC_a5esv": 999999,
                "TEC_hl7rs": 999999,
                "TEC_9tbv6": 999999,
                "TEC_85wji": 999999,
                "TEC_t61e0": 999999,
                "TEC_cqfsz": 999999,
                "TEC_8gs3z": 999999,
                "TEC_uhuh4": 999999,
                "TEC_vhdob": 999999,
                "TEC_vcafd": 999999,
                "TEC_tuw4l": 999999,
                "TEC_sivb3": 999999,
                "TEC_tzrb2": 999999,
                "TEC_dalx6": 999999,
                "TEC_5tdmw": 999999,
                "TEC_rr5gg": 999999,
                "TEC_uu33c": 999999,
                "TEC_wxjp6": 999999,
                "TEC_ilxpw": 999999,
                "TEC_y55ma": 999999,
                "TEC_2qzdd": 999999,
                "TEC_ngriy": 999999,
                "TEC_nxczt": 999999,
                "TEC_5ds6h": 999999,
                "TEC_3pjfa": 999999,
                "TEC_23mu2": 999999,
                "TEC_e2h9m": 999999,
                "TEC_d5p24": 999999,
                "TEC_4ok3n": 999999,
                "TEC_3ad5b": 999999,
                "TEC_ah4tf": 999999,
                "TEC_2i97v": 999999,
                "TEC_16w51": 999999,
                "TEC_0mo4j": 999999,
                "TEC_28hu6": 999999,
                "TEC_l4fs0": 999999,
                "TEC_9bymq": 999999,
                "TEC_z6kss": 999999,
                "TEC_kxah9": 999999,
                "TEC_8zj43": 999999,
                "TEC_b6kkf": 999999,
                "TEC_fa9l0": 999999,
                "TEC_8nt3f": 999999,
                "TEC_sl966": 999999,
                "TEC_ri89w": 999999,
                "TEC_auw1y": 999999,
                "TEC_4dt7e": 999999,
                "TEC_tdp02": 999999,
                "TEC_pmpwl": 999999,
                "TEC_ja1lq": 999999,
                "TEC_sf335": 999999,
                "TEC_4p1ns": 999999,
                "TEC_7sxkc": 999999,
                "TEC_zymhi": 999999,
                "TEC_vff1c": 999999,
                "TEC_q5qmv": 999999,
                "TEC_s439e": 999999,
                "TEC_yyjla": 999999,
                "TEC_14ssn": 999999,
                "TEC_h4q9r": 999999,
                "TEC_yxxz7": 999999,
                "TEC_6fdhb": 999999,
                "TEC_6u542": 999999,
                "TEC_5iyy0": 999999,
                "TEC_2zkpe": 999999,
                "TEC_swdfr": 999999,
                "TEC_h5a5e": 999999,
                "TEC_mduho": 999999,
                "TEC_0stcd": 999999,
                "TEC_qgdbc": 999999,
                "TEC_10lpz": 999999,
                "TEC_77nsw": 999999,
                "TEC_uja0t": 999999,
                "TEC_vehva": 999999,
                "TEC_jvx0g": 999999,
                "TEC_gsk8j": 999999,
                "TEC_0yz48": 999999,
                "TEC_z140h": 999999,
                "TEC_f4fy6": 999999,
                "TEC_4ws5b": 999999,
                "TEC_eaf2d": 999999,
                "TEC_g9xxm": 999999,
                "TEC_f1nl5": 999999,
                "TEC_vab5t": 999999
            }
        ]
    }
}