{
    "CCM": {
        "SC_0": [
            {
                "TechId": "TEC_0",
                "ConId": "CO_0",
                "2020": 0
            }
        ]
    },
    "CNCM": {
        "SC_0": [
            {
                "TechId": "TEC_0",
                "ConId": "CO_0",
                "2020": 0
            }
        ]
    },
    "CAM": {
        "SC_0": [
            {
                "TechId": "TEC_0",
                "ConId": "CO_0",
                "2020": 0
            }
        ]
    }
}