{
    "TTMPA": {
        "test": [
            {
                "BSTGWTWTR": 0.0,
                "BSTSURWTR": 0.0,
                "DEMAGRDSL": 342.78,
                "DEMAGRGWTWAT": 3.689,
                "DEMAGRHFO": 13.29,
                "DEMAGRLPG": 4.76,
                "DEMAGRSURWAT": 0.6565,
                "DEMCOMHFO": 2.13,
                "DEMINDBIO": 36.12,
                "DEMINDDSL": 108.09,
                "DEMINDHFO": 2.27,
                "DEMINDLPG": 1.33,
                "DEMLVSCTL": 0.0,
                "DEMLVSGOA": 0.0,
                "DEMLVSHRS": 0.0,
                "DEMOTHDSL": 76.01,
                "DEMOTHLPG": 18.26,
                "DEMPUBGWTWAT": 0.152,
                "DEMPUBSURWAT": 4.449,
                "DEMPWRGWTWAT": 0.0,
                "DEMPWRSURWAT": 0.0,
                "DEMRESBIO": 146.45,
                "DEMRESCHC": 49.53,
                "DEMRESKER": 2.2,
                "DEMTRADSL": 360.63,
                "DEMTRAGSL": 382.14,
                "DEMTRAHFO": 1.27,
                "DEMTRALPG": 8.86,
                "EXPONI": 0.0374,
                "IMPCOA": 310.0244,
                "IMPDSL": 887.51,
                "IMPELC001": 54.2247,
                "IMPELC002": 12.0914,
                "IMPELC003": 55.5589,
                "IMPELC004": 3.2988,
                "IMPGSL": 382.14,
                "IMPHFO": 20.8971,
                "IMPKER001": 2.2,
                "IMPKER002": 0.0,
                "IMPLNG": 0.0,
                "IMPLPG": 33.21,
                "IMPMAI": 0.8,
                "IMPMTP": 0.0094,
                "IMPPTW": 0.127,
                "IMPWHE": 0.6782,
                "LNDBAR": 7471.552,
                "LNDBEAHI": 0.0,
                "LNDBEAHR": 0.0,
                "LNDBEAII": 0.0,
                "LNDBEAIR": 0.0,
                "LNDBEALR": 0.0,
                "LNDBLT": 7.012,
                "LNDCABHI": 0.0557,
                "LNDCABHR": 0.0,
                "LNDCABII": 0.0,
                "LNDCABIR": 0.0,
                "LNDCABLR": 0.0,
                "LNDFOR": 10.736,
                "LNDGRS": 461.208,
                "LNDMAIHI": 0.1107,
                "LNDMAIHR": 0.0,
                "LNDMAIII": 0.1722,
                "LNDMAIIR": 13.3032,
                "LNDMAILR": 41.341,
                "LNDMTPHI": 0.0,
                "LNDMTPHR": 0.0,
                "LNDMTPII": 10.0973,
                "LNDMTPIR": 0.0,
                "LNDMTPLR": 22.9963,
                "LNDOLIHI": 0.0,
                "LNDOLIHR": 0.0,
                "LNDOLIII": 0.0,
                "LNDOLIIR": 0.0,
                "LNDOLILR": 0.0,
                "LNDONIHI": 0.3793,
                "LNDONIHR": 0.0,
                "LNDONIII": 0.0,
                "LNDONIIR": 0.0826,
                "LNDONILR": 0.2506,
                "LNDOTH": 10062.562,
                "LNDPTSHI": 0.0,
                "LNDPTSHR": 0.0,
                "LNDPTSII": 0.0,
                "LNDPTSIR": 0.0,
                "LNDPTSLR": 0.0,
                "LNDPTWHI": 0.8332,
                "LNDPTWHR": 0.0,
                "LNDPTWII": 0.0,
                "LNDPTWIR": 0.0,
                "LNDPTWLR": 0.0,
                "LNDSORHI": 0.0,
                "LNDSORHR": 0.0,
                "LNDSORII": 0.3663,
                "LNDSORIR": 0.0,
                "LNDSORLR": 1.4566,
                "LNDWAT": 22.0,
                "LNDWHEHI": 0.035,
                "LNDWHEHR": 0.0,
                "LNDWHEII": 7.8299,
                "LNDWHEIR": 0.0,
                "LNDWHELR": 0.0,
                "MINBIO001": 241.6442,
                "MINCHC": 49.53,
                "MINHYD": 143.2923,
                "MINLND": 18134.38,
                "MINPRC": 5494.7171,
                "MINSOL": 77.0623,
                "MINWND": 55.5793,
                "PWRBIO001": 17.1727,
                "PWRCOA001": 1.4136,
                "PWRCOA002": 113.4836,
                "PWRHFO001": 0.0,
                "PWRHFO002": 0.8534,
                "PWRHFO003": 0.0,
                "PWRHYD001": 105.9354,
                "PWRHYD002": 26.35,
                "PWRHYD003": 11.0069,
                "PWRNGS001": 0.0,
                "PWRNGS002": 0.0,
                "PWRNGS003": 0.0,
                "PWRSOL001": 65.505,
                "PWRSOL002": 11.5573,
                "PWRSOL003": 0.0,
                "PWRTRN001": 522.4736,
                "PWRWND001": 55.5793
            }
        ]
    }
}