{
    "AE": {
        "test": [
            {
                "Emi": "CO2eq",
                "2019": 0.1824,
                "2020": 0.1842,
                "2021": 0.186,
                "2022": 0.1869,
                "2023": 0.1887,
                "2024": 0.1905,
                "2025": 0.1922,
                "2026": 0.194,
                "2027": 0.1958,
                "2028": 0.1976,
                "2029": 0.1994,
                "2030": 0.2011,
                "2031": 0.2029,
                "2032": 0.2047,
                "2033": 0.2065,
                "2034": 0.2083,
                "2035": 0.21,
                "2036": 0.2118,
                "2037": 0.2136,
                "2038": 0.2154,
                "2039": 0.2172,
                "2040": 0.2189
            }
        ]
    }
}