{
    "ATE": {
        "test": [
            {
                "Tech": "IMPCOA",
                "Emi": "CO2eq",
                "2019": 0.0487,
                "2020": 0.0777,
                "2021": 0.033,
                "2022": 0.0005,
                "2023": 0.1008,
                "2024": 0.1084,
                "2025": 1.0432,
                "2026": 1.7018,
                "2027": 1.7246,
                "2028": 1.7466,
                "2029": 1.7688,
                "2030": 1.7922,
                "2031": 1.8128,
                "2032": 1.9444,
                "2033": 2.0059,
                "2034": 2.0641,
                "2035": 2.1251,
                "2036": 2.1844,
                "2037": 2.2458,
                "2038": 2.3047,
                "2039": 2.3674,
                "2040": 2.4213
            },
            {
                "Tech": "IMPDSL",
                "Emi": "CO2eq",
                "2019": 2.3743,
                "2020": 2.4095,
                "2021": 2.4447,
                "2022": 2.4812,
                "2023": 2.5171,
                "2024": 2.5544,
                "2025": 2.5923,
                "2026": 2.6303,
                "2027": 2.6689,
                "2028": 2.7089,
                "2029": 2.7496,
                "2030": 2.791,
                "2031": 2.8318,
                "2032": 2.8745,
                "2033": 2.9173,
                "2034": 2.9622,
                "2035": 3.0056,
                "2036": 3.0512,
                "2037": 3.0981,
                "2038": 3.1443,
                "2039": 3.1912,
                "2040": 3.2396
            },
            {
                "Tech": "IMPGSL",
                "Emi": "CO2eq",
                "2019": 0.9641,
                "2020": 0.9809,
                "2021": 0.9983,
                "2022": 1.0157,
                "2023": 1.0331,
                "2024": 1.0512,
                "2025": 1.07,
                "2026": 1.0888,
                "2027": 1.1075,
                "2028": 1.1269,
                "2029": 1.147,
                "2030": 1.1671,
                "2031": 1.1872,
                "2032": 1.208,
                "2033": 1.2294,
                "2034": 1.2509,
                "2035": 1.2723,
                "2036": 1.2951,
                "2037": 1.3172,
                "2038": 1.3407,
                "2039": 1.3641,
                "2040": 1.3876
            },
            {
                "Tech": "IMPHFO",
                "Emi": "CO2eq",
                "2019": 0.0569,
                "2020": 0.0577,
                "2021": 0.0577,
                "2022": 0.099,
                "2023": 0.173,
                "2024": 0.0616,
                "2025": 0.0624,
                "2026": 0.0632,
                "2027": 0.064,
                "2028": 0.0647,
                "2029": 0.0671,
                "2030": 0.0679,
                "2031": 0.0686,
                "2032": 0.0694,
                "2033": 0.0702,
                "2034": 0.0718,
                "2035": 0.0733,
                "2036": 0.0741,
                "2037": 0.0749,
                "2038": 0.0757,
                "2039": 0.078,
                "2040": 0.0788
            },
            {
                "Tech": "IMPKER001",
                "Emi": "CO2eq",
                "2019": 0.0064,
                "2020": 0.0064,
                "2021": 0.0064,
                "2022": 0.0064,
                "2023": 0.0064,
                "2024": 0.0064,
                "2025": 0.0064,
                "2026": 0.0071,
                "2027": 0.0071,
                "2028": 0.0071,
                "2029": 0.0071,
                "2030": 0.0071,
                "2031": 0.0071,
                "2032": 0.0071,
                "2033": 0.0071,
                "2034": 0.0078,
                "2035": 0.0078,
                "2036": 0.0078,
                "2037": 0.0078,
                "2038": 0.0078,
                "2039": 0.0078,
                "2040": 0.0078
            },
            {
                "Tech": "IMPKER002",
                "Emi": "CO2eq",
                "2019": 0.0,
                "2020": 0.0,
                "2021": 0.0,
                "2022": 0.0,
                "2023": 0.0,
                "2024": 0.0,
                "2025": 0.0,
                "2026": 0.0,
                "2027": 0.0,
                "2028": 0.0,
                "2029": 0.0,
                "2030": 0.0,
                "2031": 0.0,
                "2032": 0.0,
                "2033": 0.0,
                "2034": 0.0,
                "2035": 0.0,
                "2036": 0.0,
                "2037": 0.0,
                "2038": 0.0,
                "2039": 0.0,
                "2040": 0.0
            },
            {
                "Tech": "IMPLNG",
                "Emi": "CO2eq",
                "2019": 0.0,
                "2020": 0.0,
                "2021": 0.0,
                "2022": 0.0,
                "2023": 0.0,
                "2024": 0.0,
                "2025": 0.0,
                "2026": 0.0,
                "2027": 0.0,
                "2028": 0.0,
                "2029": 0.0,
                "2030": 0.0,
                "2031": 0.0,
                "2032": 0.0,
                "2033": 0.0,
                "2034": 0.0,
                "2035": 0.0,
                "2036": 0.0,
                "2037": 0.0,
                "2038": 0.0,
                "2039": 0.0,
                "2040": 0.0
            },
            {
                "Tech": "IMPLPG",
                "Emi": "CO2eq",
                "2019": 0.0766,
                "2020": 0.0771,
                "2021": 0.0783,
                "2022": 0.0795,
                "2023": 0.08,
                "2024": 0.0806,
                "2025": 0.0818,
                "2026": 0.0835,
                "2027": 0.0841,
                "2028": 0.0858,
                "2029": 0.0864,
                "2030": 0.0876,
                "2031": 0.0882,
                "2032": 0.0899,
                "2033": 0.0911,
                "2034": 0.0928,
                "2035": 0.094,
                "2036": 0.0951,
                "2037": 0.0963,
                "2038": 0.0974,
                "2039": 0.0992,
                "2040": 0.1009
            },
            {
                "Tech": "MINBIO001",
                "Emi": "CO2eq",
                "2019": 0.6337,
                "2020": 0.6426,
                "2021": 0.6515,
                "2022": 0.6613,
                "2023": 0.6702,
                "2024": 0.9892,
                "2025": 0.999,
                "2026": 1.0088,
                "2027": 1.0195,
                "2028": 1.0293,
                "2029": 1.04,
                "2030": 1.0498,
                "2031": 1.0604,
                "2032": 1.0711,
                "2033": 1.0827,
                "2034": 1.0934,
                "2035": 1.1049,
                "2036": 1.1156,
                "2037": 1.1281,
                "2038": 1.1396,
                "2039": 1.1521,
                "2040": 1.1637
            },
            {
                "Tech": "MINCHC",
                "Emi": "CO2eq",
                "2019": 0.1824,
                "2020": 0.1842,
                "2021": 0.186,
                "2022": 0.1869,
                "2023": 0.1887,
                "2024": 0.1905,
                "2025": 0.1922,
                "2026": 0.194,
                "2027": 0.1958,
                "2028": 0.1976,
                "2029": 0.1994,
                "2030": 0.2011,
                "2031": 0.2029,
                "2032": 0.2047,
                "2033": 0.2065,
                "2034": 0.2083,
                "2035": 0.21,
                "2036": 0.2118,
                "2037": 0.2136,
                "2038": 0.2154,
                "2039": 0.2172,
                "2040": 0.2189
            }
        ]
    }
}