{
    "TATABM": {
        "test": [
            {
                "Tech": "BSTGWTWTR",
                "MoId": 1,
                "2019": 0.0,
                "2020": 0.0,
                "2021": 0.0,
                "2022": 0.0,
                "2023": 0.0,
                "2024": 0.0,
                "2025": 0.0,
                "2026": 0.0,
                "2027": 0.0,
                "2028": 0.0,
                "2029": 0.0,
                "2030": 0.0,
                "2031": 0.0,
                "2032": 0.0,
                "2033": 0.0,
                "2034": 0.0,
                "2035": 0.0,
                "2036": 0.0,
                "2037": 0.0,
                "2038": 0.0,
                "2039": 0.0,
                "2040": 0.0
            },
            {
                "Tech": "BSTSURWTR",
                "MoId": 1,
                "2019": 0.0,
                "2020": 0.0,
                "2021": 0.0,
                "2022": 0.0,
                "2023": 0.0,
                "2024": 0.0,
                "2025": 0.0,
                "2026": 0.0,
                "2027": 0.0,
                "2028": 0.0,
                "2029": 0.0,
                "2030": 0.0,
                "2031": 0.0,
                "2032": 0.0,
                "2033": 0.0,
                "2034": 0.0,
                "2035": 0.0,
                "2036": 0.0,
                "2037": 0.0,
                "2038": 0.0,
                "2039": 0.0,
                "2040": 0.0
            },
            {
                "Tech": "DEMAGRDSL",
                "MoId": 1,
                "2019": 13.67,
                "2020": 13.84,
                "2021": 14.01,
                "2022": 14.18,
                "2023": 14.35,
                "2024": 14.53,
                "2025": 14.71,
                "2026": 14.89,
                "2027": 15.07,
                "2028": 15.25,
                "2029": 15.44,
                "2030": 15.63,
                "2031": 15.82,
                "2032": 16.01,
                "2033": 16.21,
                "2034": 16.41,
                "2035": 16.61,
                "2036": 16.81,
                "2037": 17.02,
                "2038": 17.23,
                "2039": 17.44,
                "2040": 17.65
            },
            {
                "Tech": "DEMAGRGWTWAT",
                "MoId": 1,
                "2019": 0.0,
                "2020": 0.0734,
                "2021": 0.0734,
                "2022": 0.0832,
                "2023": 0.0938,
                "2024": 0.1054,
                "2025": 0.1182,
                "2026": 0.1318,
                "2027": 0.1473,
                "2028": 0.1641,
                "2029": 0.1819,
                "2030": 0.1899,
                "2031": 0.1974,
                "2032": 0.2043,
                "2033": 0.2122,
                "2034": 0.2197,
                "2035": 0.227,
                "2036": 0.2361,
                "2037": 0.2438,
                "2038": 0.2525,
                "2039": 0.2621,
                "2040": 0.2716
            },
            {
                "Tech": "DEMAGRHFO",
                "MoId": 1,
                "2019": 0.53,
                "2020": 0.54,
                "2021": 0.54,
                "2022": 0.55,
                "2023": 0.56,
                "2024": 0.56,
                "2025": 0.57,
                "2026": 0.58,
                "2027": 0.58,
                "2028": 0.59,
                "2029": 0.6,
                "2030": 0.61,
                "2031": 0.61,
                "2032": 0.62,
                "2033": 0.63,
                "2034": 0.64,
                "2035": 0.64,
                "2036": 0.65,
                "2037": 0.66,
                "2038": 0.67,
                "2039": 0.68,
                "2040": 0.68
            },
            {
                "Tech": "DEMAGRLPG",
                "MoId": 1,
                "2019": 0.19,
                "2020": 0.19,
                "2021": 0.19,
                "2022": 0.2,
                "2023": 0.2,
                "2024": 0.2,
                "2025": 0.2,
                "2026": 0.21,
                "2027": 0.21,
                "2028": 0.21,
                "2029": 0.21,
                "2030": 0.22,
                "2031": 0.22,
                "2032": 0.22,
                "2033": 0.23,
                "2034": 0.23,
                "2035": 0.23,
                "2036": 0.23,
                "2037": 0.24,
                "2038": 0.24,
                "2039": 0.24,
                "2040": 0.25
            },
            {
                "Tech": "DEMAGRSURWAT",
                "MoId": 1,
                "2019": 0.0265,
                "2020": 0.03,
                "2021": 0.03,
                "2022": 0.03,
                "2023": 0.03,
                "2024": 0.03,
                "2025": 0.03,
                "2026": 0.03,
                "2027": 0.03,
                "2028": 0.03,
                "2029": 0.03,
                "2030": 0.03,
                "2031": 0.03,
                "2032": 0.03,
                "2033": 0.03,
                "2034": 0.03,
                "2035": 0.03,
                "2036": 0.03,
                "2037": 0.03,
                "2038": 0.03,
                "2039": 0.03,
                "2040": 0.03
            },
            {
                "Tech": "DEMCOMHFO",
                "MoId": 1,
                "2019": 0.08,
                "2020": 0.08,
                "2021": 0.08,
                "2022": 0.08,
                "2023": 0.09,
                "2024": 0.09,
                "2025": 0.09,
                "2026": 0.09,
                "2027": 0.09,
                "2028": 0.09,
                "2029": 0.1,
                "2030": 0.1,
                "2031": 0.1,
                "2032": 0.1,
                "2033": 0.1,
                "2034": 0.1,
                "2035": 0.11,
                "2036": 0.11,
                "2037": 0.11,
                "2038": 0.11,
                "2039": 0.11,
                "2040": 0.12
            },
            {
                "Tech": "DEMINDBIO",
                "MoId": 1,
                "2019": 1.28,
                "2020": 1.31,
                "2021": 1.34,
                "2022": 1.37,
                "2023": 1.4,
                "2024": 1.43,
                "2025": 1.47,
                "2026": 1.5,
                "2027": 1.54,
                "2028": 1.57,
                "2029": 1.61,
                "2030": 1.64,
                "2031": 1.68,
                "2032": 1.72,
                "2033": 1.76,
                "2034": 1.8,
                "2035": 1.84,
                "2036": 1.88,
                "2037": 1.93,
                "2038": 1.97,
                "2039": 2.02,
                "2040": 2.06
            },
            {
                "Tech": "DEMINDDSL",
                "MoId": 1,
                "2019": 3.83,
                "2020": 3.92,
                "2021": 4.01,
                "2022": 4.1,
                "2023": 4.19,
                "2024": 4.29,
                "2025": 4.39,
                "2026": 4.49,
                "2027": 4.59,
                "2028": 4.7,
                "2029": 4.81,
                "2030": 4.92,
                "2031": 5.03,
                "2032": 5.15,
                "2033": 5.26,
                "2034": 5.39,
                "2035": 5.51,
                "2036": 5.64,
                "2037": 5.77,
                "2038": 5.9,
                "2039": 6.03,
                "2040": 6.17
            },
            {
                "Tech": "DEMINDHFO",
                "MoId": 1,
                "2019": 0.08,
                "2020": 0.08,
                "2021": 0.08,
                "2022": 0.09,
                "2023": 0.09,
                "2024": 0.09,
                "2025": 0.09,
                "2026": 0.09,
                "2027": 0.1,
                "2028": 0.1,
                "2029": 0.1,
                "2030": 0.1,
                "2031": 0.11,
                "2032": 0.11,
                "2033": 0.11,
                "2034": 0.11,
                "2035": 0.12,
                "2036": 0.12,
                "2037": 0.12,
                "2038": 0.12,
                "2039": 0.13,
                "2040": 0.13
            },
            {
                "Tech": "DEMINDLPG",
                "MoId": 1,
                "2019": 0.05,
                "2020": 0.05,
                "2021": 0.05,
                "2022": 0.05,
                "2023": 0.05,
                "2024": 0.05,
                "2025": 0.05,
                "2026": 0.06,
                "2027": 0.06,
                "2028": 0.06,
                "2029": 0.06,
                "2030": 0.06,
                "2031": 0.06,
                "2032": 0.06,
                "2033": 0.06,
                "2034": 0.07,
                "2035": 0.07,
                "2036": 0.07,
                "2037": 0.07,
                "2038": 0.07,
                "2039": 0.07,
                "2040": 0.08
            },
            {
                "Tech": "DEMLVSCTL",
                "MoId": 1,
                "2019": 0.0,
                "2020": 0.0,
                "2021": 0.0,
                "2022": 0.0,
                "2023": 0.0,
                "2024": 0.0,
                "2025": 0.0,
                "2026": 0.0,
                "2027": 0.0,
                "2028": 0.0,
                "2029": 0.0,
                "2030": 0.0,
                "2031": 0.0,
                "2032": 0.0,
                "2033": 0.0,
                "2034": 0.0,
                "2035": 0.0,
                "2036": 0.0,
                "2037": 0.0,
                "2038": 0.0,
                "2039": 0.0,
                "2040": 0.0
            },
            {
                "Tech": "DEMLVSGOA",
                "MoId": 1,
                "2019": 0.0,
                "2020": 0.0,
                "2021": 0.0,
                "2022": 0.0,
                "2023": 0.0,
                "2024": 0.0,
                "2025": 0.0,
                "2026": 0.0,
                "2027": 0.0,
                "2028": 0.0,
                "2029": 0.0,
                "2030": 0.0,
                "2031": 0.0,
                "2032": 0.0,
                "2033": 0.0,
                "2034": 0.0,
                "2035": 0.0,
                "2036": 0.0,
                "2037": 0.0,
                "2038": 0.0,
                "2039": 0.0,
                "2040": 0.0
            },
            {
                "Tech": "DEMLVSHRS",
                "MoId": 1,
                "2019": 0.0,
                "2020": 0.0,
                "2021": 0.0,
                "2022": 0.0,
                "2023": 0.0,
                "2024": 0.0,
                "2025": 0.0,
                "2026": 0.0,
                "2027": 0.0,
                "2028": 0.0,
                "2029": 0.0,
                "2030": 0.0,
                "2031": 0.0,
                "2032": 0.0,
                "2033": 0.0,
                "2034": 0.0,
                "2035": 0.0,
                "2036": 0.0,
                "2037": 0.0,
                "2038": 0.0,
                "2039": 0.0,
                "2040": 0.0
            },
            {
                "Tech": "DEMOTHDSL",
                "MoId": 1,
                "2019": 3.33,
                "2020": 3.34,
                "2021": 3.35,
                "2022": 3.37,
                "2023": 3.38,
                "2024": 3.39,
                "2025": 3.4,
                "2026": 3.41,
                "2027": 3.42,
                "2028": 3.44,
                "2029": 3.45,
                "2030": 3.46,
                "2031": 3.47,
                "2032": 3.48,
                "2033": 3.5,
                "2034": 3.51,
                "2035": 3.52,
                "2036": 3.53,
                "2037": 3.55,
                "2038": 3.56,
                "2039": 3.57,
                "2040": 3.58
            },
            {
                "Tech": "DEMOTHLPG",
                "MoId": 1,
                "2019": 0.8,
                "2020": 0.8,
                "2021": 0.81,
                "2022": 0.81,
                "2023": 0.81,
                "2024": 0.81,
                "2025": 0.82,
                "2026": 0.82,
                "2027": 0.82,
                "2028": 0.83,
                "2029": 0.83,
                "2030": 0.83,
                "2031": 0.83,
                "2032": 0.84,
                "2033": 0.84,
                "2034": 0.84,
                "2035": 0.85,
                "2036": 0.85,
                "2037": 0.85,
                "2038": 0.85,
                "2039": 0.86,
                "2040": 0.86
            },
            {
                "Tech": "DEMPUBGWTWAT",
                "MoId": 1,
                "2019": 0.152,
                "2020": 0.0,
                "2021": 0.0,
                "2022": 0.0,
                "2023": 0.0,
                "2024": 0.0,
                "2025": 0.0,
                "2026": 0.0,
                "2027": 0.0,
                "2028": 0.0,
                "2029": 0.0,
                "2030": 0.0,
                "2031": 0.0,
                "2032": 0.0,
                "2033": 0.0,
                "2034": 0.0,
                "2035": 0.0,
                "2036": 0.0,
                "2037": 0.0,
                "2038": 0.0,
                "2039": 0.0,
                "2040": 0.0
            },
            {
                "Tech": "DEMPUBSURWAT",
                "MoId": 1,
                "2019": 0.0,
                "2020": 0.156,
                "2021": 0.161,
                "2022": 0.165,
                "2023": 0.17,
                "2024": 0.175,
                "2025": 0.18,
                "2026": 0.186,
                "2027": 0.191,
                "2028": 0.197,
                "2029": 0.203,
                "2030": 0.209,
                "2031": 0.215,
                "2032": 0.221,
                "2033": 0.228,
                "2034": 0.234,
                "2035": 0.241,
                "2036": 0.248,
                "2037": 0.256,
                "2038": 0.263,
                "2039": 0.271,
                "2040": 0.279
            },
            {
                "Tech": "DEMPWRGWTWAT",
                "MoId": 1,
                "2019": 0.0,
                "2020": 0.0,
                "2021": 0.0,
                "2022": 0.0,
                "2023": 0.0,
                "2024": 0.0,
                "2025": 0.0,
                "2026": 0.0,
                "2027": 0.0,
                "2028": 0.0,
                "2029": 0.0,
                "2030": 0.0,
                "2031": 0.0,
                "2032": 0.0,
                "2033": 0.0,
                "2034": 0.0,
                "2035": 0.0,
                "2036": 0.0,
                "2037": 0.0,
                "2038": 0.0,
                "2039": 0.0,
                "2040": 0.0
            },
            {
                "Tech": "DEMPWRSURWAT",
                "MoId": 1,
                "2019": 0.0,
                "2020": 0.0,
                "2021": 0.0,
                "2022": 0.0,
                "2023": 0.0,
                "2024": 0.0,
                "2025": 0.0,
                "2026": 0.0,
                "2027": 0.0,
                "2028": 0.0,
                "2029": 0.0,
                "2030": 0.0,
                "2031": 0.0,
                "2032": 0.0,
                "2033": 0.0,
                "2034": 0.0,
                "2035": 0.0,
                "2036": 0.0,
                "2037": 0.0,
                "2038": 0.0,
                "2039": 0.0,
                "2040": 0.0
            },
            {
                "Tech": "DEMRESBIO",
                "MoId": 1,
                "2019": 5.84,
                "2020": 5.91,
                "2021": 5.98,
                "2022": 6.06,
                "2023": 6.13,
                "2024": 6.21,
                "2025": 6.28,
                "2026": 6.36,
                "2027": 6.44,
                "2028": 6.52,
                "2029": 6.6,
                "2030": 6.68,
                "2031": 6.76,
                "2032": 6.84,
                "2033": 6.93,
                "2034": 7.01,
                "2035": 7.1,
                "2036": 7.18,
                "2037": 7.27,
                "2038": 7.36,
                "2039": 7.45,
                "2040": 7.54
            },
            {
                "Tech": "DEMRESCHC",
                "MoId": 1,
                "2019": 2.05,
                "2020": 2.07,
                "2021": 2.09,
                "2022": 2.1,
                "2023": 2.12,
                "2024": 2.14,
                "2025": 2.16,
                "2026": 2.18,
                "2027": 2.2,
                "2028": 2.22,
                "2029": 2.24,
                "2030": 2.26,
                "2031": 2.28,
                "2032": 2.3,
                "2033": 2.32,
                "2034": 2.34,
                "2035": 2.36,
                "2036": 2.38,
                "2037": 2.4,
                "2038": 2.42,
                "2039": 2.44,
                "2040": 2.46
            },
            {
                "Tech": "DEMRESKER",
                "MoId": 1,
                "2019": 0.09,
                "2020": 0.09,
                "2021": 0.09,
                "2022": 0.09,
                "2023": 0.09,
                "2024": 0.09,
                "2025": 0.09,
                "2026": 0.1,
                "2027": 0.1,
                "2028": 0.1,
                "2029": 0.1,
                "2030": 0.1,
                "2031": 0.1,
                "2032": 0.1,
                "2033": 0.1,
                "2034": 0.11,
                "2035": 0.11,
                "2036": 0.11,
                "2037": 0.11,
                "2038": 0.11,
                "2039": 0.11,
                "2040": 0.11
            },
            {
                "Tech": "DEMTRADSL",
                "MoId": 1,
                "2019": 13.58,
                "2020": 13.82,
                "2021": 14.06,
                "2022": 14.31,
                "2023": 14.56,
                "2024": 14.81,
                "2025": 15.07,
                "2026": 15.33,
                "2027": 15.6,
                "2028": 15.87,
                "2029": 16.15,
                "2030": 16.44,
                "2031": 16.72,
                "2032": 17.02,
                "2033": 17.31,
                "2034": 17.62,
                "2035": 17.92,
                "2036": 18.24,
                "2037": 18.56,
                "2038": 18.88,
                "2039": 19.21,
                "2040": 19.55
            },
            {
                "Tech": "DEMTRAGSL",
                "MoId": 1,
                "2019": 14.39,
                "2020": 14.64,
                "2021": 14.9,
                "2022": 15.16,
                "2023": 15.42,
                "2024": 15.69,
                "2025": 15.97,
                "2026": 16.25,
                "2027": 16.53,
                "2028": 16.82,
                "2029": 17.12,
                "2030": 17.42,
                "2031": 17.72,
                "2032": 18.03,
                "2033": 18.35,
                "2034": 18.67,
                "2035": 18.99,
                "2036": 19.33,
                "2037": 19.66,
                "2038": 20.01,
                "2039": 20.36,
                "2040": 20.71
            },
            {
                "Tech": "DEMTRAHFO",
                "MoId": 1,
                "2019": 0.04,
                "2020": 0.04,
                "2021": 0.04,
                "2022": 0.04,
                "2023": 0.05,
                "2024": 0.05,
                "2025": 0.05,
                "2026": 0.05,
                "2027": 0.05,
                "2028": 0.05,
                "2029": 0.06,
                "2030": 0.06,
                "2031": 0.06,
                "2032": 0.06,
                "2033": 0.06,
                "2034": 0.07,
                "2035": 0.07,
                "2036": 0.07,
                "2037": 0.07,
                "2038": 0.07,
                "2039": 0.08,
                "2040": 0.08
            },
            {
                "Tech": "DEMTRALPG",
                "MoId": 1,
                "2019": 0.28,
                "2020": 0.29,
                "2021": 0.3,
                "2022": 0.31,
                "2023": 0.32,
                "2024": 0.33,
                "2025": 0.34,
                "2026": 0.35,
                "2027": 0.36,
                "2028": 0.38,
                "2029": 0.39,
                "2030": 0.4,
                "2031": 0.41,
                "2032": 0.43,
                "2033": 0.44,
                "2034": 0.46,
                "2035": 0.47,
                "2036": 0.49,
                "2037": 0.5,
                "2038": 0.52,
                "2039": 0.54,
                "2040": 0.55
            },
            {
                "Tech": "EXPONI",
                "MoId": 1,
                "2019": 0.0017,
                "2020": 0.0017,
                "2021": 0.0017,
                "2022": 0.0017,
                "2023": 0.0017,
                "2024": 0.0017,
                "2025": 0.0017,
                "2026": 0.0017,
                "2027": 0.0017,
                "2028": 0.0017,
                "2029": 0.0017,
                "2030": 0.0017,
                "2031": 0.0017,
                "2032": 0.0017,
                "2033": 0.0017,
                "2034": 0.0017,
                "2035": 0.0017,
                "2036": 0.0017,
                "2037": 0.0017,
                "2038": 0.0017,
                "2039": 0.0017,
                "2040": 0.0017
            },
            {
                "Tech": "IMPCOA",
                "MoId": 1,
                "2019": 0.4779,
                "2020": 0.7613,
                "2021": 0.3232,
                "2022": 0.0048,
                "2023": 0.9885,
                "2024": 1.063,
                "2025": 10.2279,
                "2026": 16.6846,
                "2027": 16.9078,
                "2028": 17.1237,
                "2029": 17.3413,
                "2030": 17.5709,
                "2031": 17.7729,
                "2032": 19.0631,
                "2033": 19.6661,
                "2034": 20.2364,
                "2035": 20.8343,
                "2036": 21.4156,
                "2037": 22.0173,
                "2038": 22.5954,
                "2039": 23.21,
                "2040": 23.7383
            },
            {
                "Tech": "IMPDSL",
                "MoId": 1,
                "2019": 34.41,
                "2020": 34.92,
                "2021": 35.43,
                "2022": 35.96,
                "2023": 36.48,
                "2024": 37.02,
                "2025": 37.57,
                "2026": 38.12,
                "2027": 38.68,
                "2028": 39.26,
                "2029": 39.85,
                "2030": 40.45,
                "2031": 41.04,
                "2032": 41.66,
                "2033": 42.28,
                "2034": 42.93,
                "2035": 43.56,
                "2036": 44.22,
                "2037": 44.9,
                "2038": 45.57,
                "2039": 46.25,
                "2040": 46.95
            },
            {
                "Tech": "IMPELC001",
                "MoId": 1,
                "2019": 5.8337,
                "2020": 6.0938,
                "2021": 6.0372,
                "2022": 6.1627,
                "2023": 6.0799,
                "2024": 5.673,
                "2025": 4.2318,
                "2026": 1.168,
                "2027": 1.3994,
                "2028": 1.6264,
                "2029": 1.9038,
                "2030": 0.761,
                "2031": 0.7927,
                "2032": 0.8888,
                "2033": 0.8923,
                "2034": 0.8961,
                "2035": 0.9,
                "2036": 0.903,
                "2037": 0.9066,
                "2038": 0.3485,
                "2039": 0.3513,
                "2040": 0.3748
            },
            {
                "Tech": "IMPELC002",
                "MoId": 1,
                "2019": 1.0103,
                "2020": 1.0927,
                "2021": 1.9856,
                "2022": 2.0532,
                "2023": 2.0372,
                "2024": 1.825,
                "2025": 0.4034,
                "2026": 0.0,
                "2027": 0.0,
                "2028": 0.0,
                "2029": 0.0,
                "2030": 0.0,
                "2031": 0.0,
                "2032": 0.0,
                "2033": 0.0,
                "2034": 0.0,
                "2035": 0.0,
                "2036": 0.0,
                "2037": 0.0,
                "2038": 0.5613,
                "2039": 0.5613,
                "2040": 0.5613
            },
            {
                "Tech": "IMPELC003",
                "MoId": 1,
                "2019": 2.5254,
                "2020": 2.5254,
                "2021": 2.5254,
                "2022": 2.5254,
                "2023": 2.5254,
                "2024": 2.5254,
                "2025": 2.5254,
                "2026": 2.5254,
                "2027": 2.5254,
                "2028": 2.5254,
                "2029": 2.5254,
                "2030": 2.5254,
                "2031": 2.5254,
                "2032": 2.5254,
                "2033": 2.5254,
                "2034": 2.5254,
                "2035": 2.5254,
                "2036": 2.5254,
                "2037": 2.5254,
                "2038": 2.5254,
                "2039": 2.5254,
                "2040": 2.5254
            },
            {
                "Tech": "IMPELC004",
                "MoId": 1,
                "2019": 0.7417,
                "2020": 1.0536,
                "2021": 0.6466,
                "2022": 0.8569,
                "2023": 0.0,
                "2024": 0.0,
                "2025": 0.0,
                "2026": 0.0,
                "2027": 0.0,
                "2028": 0.0,
                "2029": 0.0,
                "2030": 0.0,
                "2031": 0.0,
                "2032": 0.0,
                "2033": 0.0,
                "2034": 0.0,
                "2035": 0.0,
                "2036": 0.0,
                "2037": 0.0,
                "2038": 0.0,
                "2039": 0.0,
                "2040": 0.0
            },
            {
                "Tech": "IMPGSL",
                "MoId": 1,
                "2019": 14.39,
                "2020": 14.64,
                "2021": 14.9,
                "2022": 15.16,
                "2023": 15.42,
                "2024": 15.69,
                "2025": 15.97,
                "2026": 16.25,
                "2027": 16.53,
                "2028": 16.82,
                "2029": 17.12,
                "2030": 17.42,
                "2031": 17.72,
                "2032": 18.03,
                "2033": 18.35,
                "2034": 18.67,
                "2035": 18.99,
                "2036": 19.33,
                "2037": 19.66,
                "2038": 20.01,
                "2039": 20.36,
                "2040": 20.71
            },
            {
                "Tech": "IMPHFO",
                "MoId": 1,
                "2019": 0.73,
                "2020": 0.74,
                "2021": 0.74,
                "2022": 1.2697,
                "2023": 2.2174,
                "2024": 0.79,
                "2025": 0.8,
                "2026": 0.81,
                "2027": 0.82,
                "2028": 0.83,
                "2029": 0.86,
                "2030": 0.87,
                "2031": 0.88,
                "2032": 0.89,
                "2033": 0.9,
                "2034": 0.92,
                "2035": 0.94,
                "2036": 0.95,
                "2037": 0.96,
                "2038": 0.97,
                "2039": 1.0,
                "2040": 1.01
            },
            {
                "Tech": "IMPKER001",
                "MoId": 1,
                "2019": 0.09,
                "2020": 0.09,
                "2021": 0.09,
                "2022": 0.09,
                "2023": 0.09,
                "2024": 0.09,
                "2025": 0.09,
                "2026": 0.1,
                "2027": 0.1,
                "2028": 0.1,
                "2029": 0.1,
                "2030": 0.1,
                "2031": 0.1,
                "2032": 0.1,
                "2033": 0.1,
                "2034": 0.11,
                "2035": 0.11,
                "2036": 0.11,
                "2037": 0.11,
                "2038": 0.11,
                "2039": 0.11,
                "2040": 0.11
            },
            {
                "Tech": "IMPKER002",
                "MoId": 1,
                "2019": 0.0,
                "2020": 0.0,
                "2021": 0.0,
                "2022": 0.0,
                "2023": 0.0,
                "2024": 0.0,
                "2025": 0.0,
                "2026": 0.0,
                "2027": 0.0,
                "2028": 0.0,
                "2029": 0.0,
                "2030": 0.0,
                "2031": 0.0,
                "2032": 0.0,
                "2033": 0.0,
                "2034": 0.0,
                "2035": 0.0,
                "2036": 0.0,
                "2037": 0.0,
                "2038": 0.0,
                "2039": 0.0,
                "2040": 0.0
            },
            {
                "Tech": "IMPLNG",
                "MoId": 1,
                "2019": 0.0,
                "2020": 0.0,
                "2021": 0.0,
                "2022": 0.0,
                "2023": 0.0,
                "2024": 0.0,
                "2025": 0.0,
                "2026": 0.0,
                "2027": 0.0,
                "2028": 0.0,
                "2029": 0.0,
                "2030": 0.0,
                "2031": 0.0,
                "2032": 0.0,
                "2033": 0.0,
                "2034": 0.0,
                "2035": 0.0,
                "2036": 0.0,
                "2037": 0.0,
                "2038": 0.0,
                "2039": 0.0,
                "2040": 0.0
            },
            {
                "Tech": "IMPLPG",
                "MoId": 1,
                "2019": 1.32,
                "2020": 1.33,
                "2021": 1.35,
                "2022": 1.37,
                "2023": 1.38,
                "2024": 1.39,
                "2025": 1.41,
                "2026": 1.44,
                "2027": 1.45,
                "2028": 1.48,
                "2029": 1.49,
                "2030": 1.51,
                "2031": 1.52,
                "2032": 1.55,
                "2033": 1.57,
                "2034": 1.6,
                "2035": 1.62,
                "2036": 1.64,
                "2037": 1.66,
                "2038": 1.68,
                "2039": 1.71,
                "2040": 1.74
            },
            {
                "Tech": "IMPMAI",
                "MoId": 1,
                "2019": 0.145,
                "2020": 0.131,
                "2021": 0.116,
                "2022": 0.102,
                "2023": 0.087,
                "2024": 0.073,
                "2025": 0.058,
                "2026": 0.044,
                "2027": 0.029,
                "2028": 0.015,
                "2029": 0.0,
                "2030": 0.0,
                "2031": 0.0,
                "2032": 0.0,
                "2033": 0.0,
                "2034": 0.0,
                "2035": 0.0,
                "2036": 0.0,
                "2037": 0.0,
                "2038": 0.0,
                "2039": 0.0,
                "2040": 0.0
            },
            {
                "Tech": "IMPMTP",
                "MoId": 1,
                "2019": 0.0017,
                "2020": 0.0015,
                "2021": 0.0014,
                "2022": 0.0012,
                "2023": 0.001,
                "2024": 0.0008,
                "2025": 0.0007,
                "2026": 0.0005,
                "2027": 0.0003,
                "2028": 0.0002,
                "2029": 0.0,
                "2030": 0.0,
                "2031": 0.0,
                "2032": 0.0,
                "2033": 0.0,
                "2034": 0.0,
                "2035": 0.0,
                "2036": 0.0,
                "2037": 0.0,
                "2038": 0.0,
                "2039": 0.0,
                "2040": 0.0
            },
            {
                "Tech": "IMPPTW",
                "MoId": 1,
                "2019": 0.023,
                "2020": 0.021,
                "2021": 0.018,
                "2022": 0.016,
                "2023": 0.014,
                "2024": 0.012,
                "2025": 0.009,
                "2026": 0.007,
                "2027": 0.005,
                "2028": 0.002,
                "2029": 0.0,
                "2030": 0.0,
                "2031": 0.0,
                "2032": 0.0,
                "2033": 0.0,
                "2034": 0.0,
                "2035": 0.0,
                "2036": 0.0,
                "2037": 0.0,
                "2038": 0.0,
                "2039": 0.0,
                "2040": 0.0
            },
            {
                "Tech": "IMPWHE",
                "MoId": 1,
                "2019": 0.123,
                "2020": 0.111,
                "2021": 0.098,
                "2022": 0.086,
                "2023": 0.074,
                "2024": 0.062,
                "2025": 0.049,
                "2026": 0.037,
                "2027": 0.025,
                "2028": 0.012,
                "2029": 0.0012,
                "2030": 0.0,
                "2031": 0.0,
                "2032": 0.0,
                "2033": 0.0,
                "2034": 0.0,
                "2035": 0.0,
                "2036": 0.0,
                "2037": 0.0,
                "2038": 0.0,
                "2039": 0.0,
                "2040": 0.0
            },
            {
                "Tech": "LNDBAR",
                "MoId": 1,
                "2019": 339.616,
                "2020": 339.616,
                "2021": 339.616,
                "2022": 339.616,
                "2023": 339.616,
                "2024": 339.616,
                "2025": 339.616,
                "2026": 339.616,
                "2027": 339.616,
                "2028": 339.616,
                "2029": 339.616,
                "2030": 339.616,
                "2031": 339.616,
                "2032": 339.616,
                "2033": 339.616,
                "2034": 339.616,
                "2035": 339.616,
                "2036": 339.616,
                "2037": 339.616,
                "2038": 339.616,
                "2039": 339.616,
                "2040": 339.616
            },
            {
                "Tech": "LNDBEAHI",
                "MoId": 1,
                "2019": 0.0,
                "2020": 0.0,
                "2021": 0.0,
                "2022": 0.0,
                "2023": 0.0,
                "2024": 0.0,
                "2025": 0.0,
                "2026": 0.0,
                "2027": 0.0,
                "2028": 0.0,
                "2029": 0.0,
                "2030": 0.0,
                "2031": 0.0,
                "2032": 0.0,
                "2033": 0.0,
                "2034": 0.0,
                "2035": 0.0,
                "2036": 0.0,
                "2037": 0.0,
                "2038": 0.0,
                "2039": 0.0,
                "2040": 0.0
            },
            {
                "Tech": "LNDBEAHR",
                "MoId": 1,
                "2019": 0.0,
                "2020": 0.0,
                "2021": 0.0,
                "2022": 0.0,
                "2023": 0.0,
                "2024": 0.0,
                "2025": 0.0,
                "2026": 0.0,
                "2027": 0.0,
                "2028": 0.0,
                "2029": 0.0,
                "2030": 0.0,
                "2031": 0.0,
                "2032": 0.0,
                "2033": 0.0,
                "2034": 0.0,
                "2035": 0.0,
                "2036": 0.0,
                "2037": 0.0,
                "2038": 0.0,
                "2039": 0.0,
                "2040": 0.0
            },
            {
                "Tech": "LNDBEAII",
                "MoId": 1,
                "2019": 0.0,
                "2020": 0.0,
                "2021": 0.0,
                "2022": 0.0,
                "2023": 0.0,
                "2024": 0.0,
                "2025": 0.0,
                "2026": 0.0,
                "2027": 0.0,
                "2028": 0.0,
                "2029": 0.0,
                "2030": 0.0,
                "2031": 0.0,
                "2032": 0.0,
                "2033": 0.0,
                "2034": 0.0,
                "2035": 0.0,
                "2036": 0.0,
                "2037": 0.0,
                "2038": 0.0,
                "2039": 0.0,
                "2040": 0.0
            },
            {
                "Tech": "LNDBEAIR",
                "MoId": 1,
                "2019": 0.0,
                "2020": 0.0,
                "2021": 0.0,
                "2022": 0.0,
                "2023": 0.0,
                "2024": 0.0,
                "2025": 0.0,
                "2026": 0.0,
                "2027": 0.0,
                "2028": 0.0,
                "2029": 0.0,
                "2030": 0.0,
                "2031": 0.0,
                "2032": 0.0,
                "2033": 0.0,
                "2034": 0.0,
                "2035": 0.0,
                "2036": 0.0,
                "2037": 0.0,
                "2038": 0.0,
                "2039": 0.0,
                "2040": 0.0
            },
            {
                "Tech": "LNDBEALR",
                "MoId": 1,
                "2019": 0.0,
                "2020": 0.0,
                "2021": 0.0,
                "2022": 0.0,
                "2023": 0.0,
                "2024": 0.0,
                "2025": 0.0,
                "2026": 0.0,
                "2027": 0.0,
                "2028": 0.0,
                "2029": 0.0,
                "2030": 0.0,
                "2031": 0.0,
                "2032": 0.0,
                "2033": 0.0,
                "2034": 0.0,
                "2035": 0.0,
                "2036": 0.0,
                "2037": 0.0,
                "2038": 0.0,
                "2039": 0.0,
                "2040": 0.0
            },
            {
                "Tech": "LNDBLT",
                "MoId": 1,
                "2019": 0.264,
                "2020": 0.269,
                "2021": 0.273,
                "2022": 0.278,
                "2023": 0.283,
                "2024": 0.288,
                "2025": 0.293,
                "2026": 0.298,
                "2027": 0.303,
                "2028": 0.309,
                "2029": 0.314,
                "2030": 0.32,
                "2031": 0.325,
                "2032": 0.331,
                "2033": 0.337,
                "2034": 0.342,
                "2035": 0.348,
                "2036": 0.355,
                "2037": 0.361,
                "2038": 0.367,
                "2039": 0.374,
                "2040": 0.38
            },
            {
                "Tech": "LNDCABHI",
                "MoId": 1,
                "2019": 0.0018,
                "2020": 0.0019,
                "2021": 0.0019,
                "2022": 0.0021,
                "2023": 0.0021,
                "2024": 0.0021,
                "2025": 0.0021,
                "2026": 0.0022,
                "2027": 0.0024,
                "2028": 0.0024,
                "2029": 0.0024,
                "2030": 0.0025,
                "2031": 0.0027,
                "2032": 0.0027,
                "2033": 0.0027,
                "2034": 0.0027,
                "2035": 0.003,
                "2036": 0.003,
                "2037": 0.003,
                "2038": 0.003,
                "2039": 0.0033,
                "2040": 0.0033
            },
            {
                "Tech": "LNDCABHR",
                "MoId": 1,
                "2019": 0.0,
                "2020": 0.0,
                "2021": 0.0,
                "2022": 0.0,
                "2023": 0.0,
                "2024": 0.0,
                "2025": 0.0,
                "2026": 0.0,
                "2027": 0.0,
                "2028": 0.0,
                "2029": 0.0,
                "2030": 0.0,
                "2031": 0.0,
                "2032": 0.0,
                "2033": 0.0,
                "2034": 0.0,
                "2035": 0.0,
                "2036": 0.0,
                "2037": 0.0,
                "2038": 0.0,
                "2039": 0.0,
                "2040": 0.0
            },
            {
                "Tech": "LNDCABII",
                "MoId": 1,
                "2019": 0.0,
                "2020": 0.0,
                "2021": 0.0,
                "2022": 0.0,
                "2023": 0.0,
                "2024": 0.0,
                "2025": 0.0,
                "2026": 0.0,
                "2027": 0.0,
                "2028": 0.0,
                "2029": 0.0,
                "2030": 0.0,
                "2031": 0.0,
                "2032": 0.0,
                "2033": 0.0,
                "2034": 0.0,
                "2035": 0.0,
                "2036": 0.0,
                "2037": 0.0,
                "2038": 0.0,
                "2039": 0.0,
                "2040": 0.0
            },
            {
                "Tech": "LNDCABIR",
                "MoId": 1,
                "2019": 0.0,
                "2020": 0.0,
                "2021": 0.0,
                "2022": 0.0,
                "2023": 0.0,
                "2024": 0.0,
                "2025": 0.0,
                "2026": 0.0,
                "2027": 0.0,
                "2028": 0.0,
                "2029": 0.0,
                "2030": 0.0,
                "2031": 0.0,
                "2032": 0.0,
                "2033": 0.0,
                "2034": 0.0,
                "2035": 0.0,
                "2036": 0.0,
                "2037": 0.0,
                "2038": 0.0,
                "2039": 0.0,
                "2040": 0.0
            },
            {
                "Tech": "LNDCABLR",
                "MoId": 1,
                "2019": 0.0,
                "2020": 0.0,
                "2021": 0.0,
                "2022": 0.0,
                "2023": 0.0,
                "2024": 0.0,
                "2025": 0.0,
                "2026": 0.0,
                "2027": 0.0,
                "2028": 0.0,
                "2029": 0.0,
                "2030": 0.0,
                "2031": 0.0,
                "2032": 0.0,
                "2033": 0.0,
                "2034": 0.0,
                "2035": 0.0,
                "2036": 0.0,
                "2037": 0.0,
                "2038": 0.0,
                "2039": 0.0,
                "2040": 0.0
            },
            {
                "Tech": "LNDFOR",
                "MoId": 1,
                "2019": 0.488,
                "2020": 0.488,
                "2021": 0.488,
                "2022": 0.488,
                "2023": 0.488,
                "2024": 0.488,
                "2025": 0.488,
                "2026": 0.488,
                "2027": 0.488,
                "2028": 0.488,
                "2029": 0.488,
                "2030": 0.488,
                "2031": 0.488,
                "2032": 0.488,
                "2033": 0.488,
                "2034": 0.488,
                "2035": 0.488,
                "2036": 0.488,
                "2037": 0.488,
                "2038": 0.488,
                "2039": 0.488,
                "2040": 0.488
            },
            {
                "Tech": "LNDGRS",
                "MoId": 1,
                "2019": 20.964,
                "2020": 20.964,
                "2021": 20.964,
                "2022": 20.964,
                "2023": 20.964,
                "2024": 20.964,
                "2025": 20.964,
                "2026": 20.964,
                "2027": 20.964,
                "2028": 20.964,
                "2029": 20.964,
                "2030": 20.964,
                "2031": 20.964,
                "2032": 20.964,
                "2033": 20.964,
                "2034": 20.964,
                "2035": 20.964,
                "2036": 20.964,
                "2037": 20.964,
                "2038": 20.964,
                "2039": 20.964,
                "2040": 20.964
            },
            {
                "Tech": "LNDMAIHI",
                "MoId": 1,
                "2019": 0.0,
                "2020": 0.0019,
                "2021": 0.0019,
                "2022": 0.0021,
                "2023": 0.0023,
                "2024": 0.0025,
                "2025": 0.0028,
                "2026": 0.0031,
                "2027": 0.0034,
                "2028": 0.0037,
                "2029": 0.0041,
                "2030": 0.0045,
                "2031": 0.0049,
                "2032": 0.0054,
                "2033": 0.006,
                "2034": 0.0066,
                "2035": 0.0072,
                "2036": 0.0079,
                "2037": 0.0087,
                "2038": 0.0096,
                "2039": 0.0106,
                "2040": 0.0116
            },
            {
                "Tech": "LNDMAIHR",
                "MoId": 1,
                "2019": 0.0,
                "2020": 0.0,
                "2021": 0.0,
                "2022": 0.0,
                "2023": 0.0,
                "2024": 0.0,
                "2025": 0.0,
                "2026": 0.0,
                "2027": 0.0,
                "2028": 0.0,
                "2029": 0.0,
                "2030": 0.0,
                "2031": 0.0,
                "2032": 0.0,
                "2033": 0.0,
                "2034": 0.0,
                "2035": 0.0,
                "2036": 0.0,
                "2037": 0.0,
                "2038": 0.0,
                "2039": 0.0,
                "2040": 0.0
            },
            {
                "Tech": "LNDMAIII",
                "MoId": 1,
                "2019": 0.0032,
                "2020": 0.0029,
                "2021": 0.0029,
                "2022": 0.0032,
                "2023": 0.0035,
                "2024": 0.0039,
                "2025": 0.0042,
                "2026": 0.0047,
                "2027": 0.0051,
                "2028": 0.0057,
                "2029": 0.0062,
                "2030": 0.0068,
                "2031": 0.0075,
                "2032": 0.0083,
                "2033": 0.0091,
                "2034": 0.01,
                "2035": 0.011,
                "2036": 0.0121,
                "2037": 0.0133,
                "2038": 0.0147,
                "2039": 0.0161,
                "2040": 0.0177
            },
            {
                "Tech": "LNDMAIIR",
                "MoId": 1,
                "2019": 0.3263,
                "2020": 0.2936,
                "2021": 0.2809,
                "2022": 0.309,
                "2023": 0.3399,
                "2024": 0.3738,
                "2025": 0.4112,
                "2026": 0.4524,
                "2027": 0.4976,
                "2028": 0.5455,
                "2029": 0.5844,
                "2030": 0.6181,
                "2031": 0.6528,
                "2032": 0.6886,
                "2033": 0.7254,
                "2034": 0.7633,
                "2035": 0.8023,
                "2036": 0.8425,
                "2037": 0.8838,
                "2038": 0.9264,
                "2039": 0.9702,
                "2040": 1.0153
            },
            {
                "Tech": "LNDMAILR",
                "MoId": 1,
                "2019": 0.0,
                "2020": 1.0538,
                "2021": 1.0538,
                "2022": 1.1591,
                "2023": 1.275,
                "2024": 1.4025,
                "2025": 1.5428,
                "2026": 1.6971,
                "2027": 1.8668,
                "2028": 2.0535,
                "2029": 2.2588,
                "2030": 2.2799,
                "2031": 2.2974,
                "2032": 2.3245,
                "2033": 2.3338,
                "2034": 2.3525,
                "2035": 2.3665,
                "2036": 2.3894,
                "2037": 2.3932,
                "2038": 2.4051,
                "2039": 2.4111,
                "2040": 2.4245
            },
            {
                "Tech": "LNDMTPHI",
                "MoId": 1,
                "2019": 0.0,
                "2020": 0.0,
                "2021": 0.0,
                "2022": 0.0,
                "2023": 0.0,
                "2024": 0.0,
                "2025": 0.0,
                "2026": 0.0,
                "2027": 0.0,
                "2028": 0.0,
                "2029": 0.0,
                "2030": 0.0,
                "2031": 0.0,
                "2032": 0.0,
                "2033": 0.0,
                "2034": 0.0,
                "2035": 0.0,
                "2036": 0.0,
                "2037": 0.0,
                "2038": 0.0,
                "2039": 0.0,
                "2040": 0.0
            },
            {
                "Tech": "LNDMTPHR",
                "MoId": 1,
                "2019": 0.0,
                "2020": 0.0,
                "2021": 0.0,
                "2022": 0.0,
                "2023": 0.0,
                "2024": 0.0,
                "2025": 0.0,
                "2026": 0.0,
                "2027": 0.0,
                "2028": 0.0,
                "2029": 0.0,
                "2030": 0.0,
                "2031": 0.0,
                "2032": 0.0,
                "2033": 0.0,
                "2034": 0.0,
                "2035": 0.0,
                "2036": 0.0,
                "2037": 0.0,
                "2038": 0.0,
                "2039": 0.0,
                "2040": 0.0
            },
            {
                "Tech": "LNDMTPII",
                "MoId": 1,
                "2019": 0.0,
                "2020": 0.2208,
                "2021": 0.2208,
                "2022": 0.2429,
                "2023": 0.2672,
                "2024": 0.2939,
                "2025": 0.3233,
                "2026": 0.3557,
                "2027": 0.3912,
                "2028": 0.4256,
                "2029": 0.4649,
                "2030": 0.4855,
                "2031": 0.4992,
                "2032": 0.5197,
                "2033": 0.5561,
                "2034": 0.5909,
                "2035": 0.6243,
                "2036": 0.6564,
                "2037": 0.6942,
                "2038": 0.7241,
                "2039": 0.7599,
                "2040": 0.7804
            },
            {
                "Tech": "LNDMTPIR",
                "MoId": 1,
                "2019": 0.0,
                "2020": 0.0,
                "2021": 0.0,
                "2022": 0.0,
                "2023": 0.0,
                "2024": 0.0,
                "2025": 0.0,
                "2026": 0.0,
                "2027": 0.0,
                "2028": 0.0,
                "2029": 0.0,
                "2030": 0.0,
                "2031": 0.0,
                "2032": 0.0,
                "2033": 0.0,
                "2034": 0.0,
                "2035": 0.0,
                "2036": 0.0,
                "2037": 0.0,
                "2038": 0.0,
                "2039": 0.0,
                "2040": 0.0
            },
            {
                "Tech": "LNDMTPLR",
                "MoId": 1,
                "2019": 2.3679,
                "2020": 2.1311,
                "2021": 1.918,
                "2022": 1.7262,
                "2023": 1.5536,
                "2024": 1.3982,
                "2025": 1.2584,
                "2026": 1.1325,
                "2027": 1.0193,
                "2028": 0.9174,
                "2029": 0.8256,
                "2030": 0.8256,
                "2031": 0.8256,
                "2032": 0.8256,
                "2033": 0.7431,
                "2034": 0.6688,
                "2035": 0.6019,
                "2036": 0.5417,
                "2037": 0.4875,
                "2038": 0.4388,
                "2039": 0.3949,
                "2040": 0.3949
            },
            {
                "Tech": "LNDOLIHI",
                "MoId": 1,
                "2019": 0.0,
                "2020": 0.0,
                "2021": 0.0,
                "2022": 0.0,
                "2023": 0.0,
                "2024": 0.0,
                "2025": 0.0,
                "2026": 0.0,
                "2027": 0.0,
                "2028": 0.0,
                "2029": 0.0,
                "2030": 0.0,
                "2031": 0.0,
                "2032": 0.0,
                "2033": 0.0,
                "2034": 0.0,
                "2035": 0.0,
                "2036": 0.0,
                "2037": 0.0,
                "2038": 0.0,
                "2039": 0.0,
                "2040": 0.0
            },
            {
                "Tech": "LNDOLIHR",
                "MoId": 1,
                "2019": 0.0,
                "2020": 0.0,
                "2021": 0.0,
                "2022": 0.0,
                "2023": 0.0,
                "2024": 0.0,
                "2025": 0.0,
                "2026": 0.0,
                "2027": 0.0,
                "2028": 0.0,
                "2029": 0.0,
                "2030": 0.0,
                "2031": 0.0,
                "2032": 0.0,
                "2033": 0.0,
                "2034": 0.0,
                "2035": 0.0,
                "2036": 0.0,
                "2037": 0.0,
                "2038": 0.0,
                "2039": 0.0,
                "2040": 0.0
            },
            {
                "Tech": "LNDOLIII",
                "MoId": 1,
                "2019": 0.0,
                "2020": 0.0,
                "2021": 0.0,
                "2022": 0.0,
                "2023": 0.0,
                "2024": 0.0,
                "2025": 0.0,
                "2026": 0.0,
                "2027": 0.0,
                "2028": 0.0,
                "2029": 0.0,
                "2030": 0.0,
                "2031": 0.0,
                "2032": 0.0,
                "2033": 0.0,
                "2034": 0.0,
                "2035": 0.0,
                "2036": 0.0,
                "2037": 0.0,
                "2038": 0.0,
                "2039": 0.0,
                "2040": 0.0
            },
            {
                "Tech": "LNDOLIIR",
                "MoId": 1,
                "2019": 0.0,
                "2020": 0.0,
                "2021": 0.0,
                "2022": 0.0,
                "2023": 0.0,
                "2024": 0.0,
                "2025": 0.0,
                "2026": 0.0,
                "2027": 0.0,
                "2028": 0.0,
                "2029": 0.0,
                "2030": 0.0,
                "2031": 0.0,
                "2032": 0.0,
                "2033": 0.0,
                "2034": 0.0,
                "2035": 0.0,
                "2036": 0.0,
                "2037": 0.0,
                "2038": 0.0,
                "2039": 0.0,
                "2040": 0.0
            },
            {
                "Tech": "LNDOLILR",
                "MoId": 1,
                "2019": 0.0,
                "2020": 0.0,
                "2021": 0.0,
                "2022": 0.0,
                "2023": 0.0,
                "2024": 0.0,
                "2025": 0.0,
                "2026": 0.0,
                "2027": 0.0,
                "2028": 0.0,
                "2029": 0.0,
                "2030": 0.0,
                "2031": 0.0,
                "2032": 0.0,
                "2033": 0.0,
                "2034": 0.0,
                "2035": 0.0,
                "2036": 0.0,
                "2037": 0.0,
                "2038": 0.0,
                "2039": 0.0,
                "2040": 0.0
            },
            {
                "Tech": "LNDONIHI",
                "MoId": 1,
                "2019": 0.0144,
                "2020": 0.0138,
                "2021": 0.0138,
                "2022": 0.0142,
                "2023": 0.0146,
                "2024": 0.0151,
                "2025": 0.0155,
                "2026": 0.0154,
                "2027": 0.0159,
                "2028": 0.0163,
                "2029": 0.0168,
                "2030": 0.0173,
                "2031": 0.0177,
                "2032": 0.0182,
                "2033": 0.0186,
                "2034": 0.0191,
                "2035": 0.0194,
                "2036": 0.0198,
                "2037": 0.0201,
                "2038": 0.0209,
                "2039": 0.0211,
                "2040": 0.0213
            },
            {
                "Tech": "LNDONIHR",
                "MoId": 1,
                "2019": 0.0,
                "2020": 0.0,
                "2021": 0.0,
                "2022": 0.0,
                "2023": 0.0,
                "2024": 0.0,
                "2025": 0.0,
                "2026": 0.0,
                "2027": 0.0,
                "2028": 0.0,
                "2029": 0.0,
                "2030": 0.0,
                "2031": 0.0,
                "2032": 0.0,
                "2033": 0.0,
                "2034": 0.0,
                "2035": 0.0,
                "2036": 0.0,
                "2037": 0.0,
                "2038": 0.0,
                "2039": 0.0,
                "2040": 0.0
            },
            {
                "Tech": "LNDONIII",
                "MoId": 1,
                "2019": 0.0,
                "2020": 0.0,
                "2021": 0.0,
                "2022": 0.0,
                "2023": 0.0,
                "2024": 0.0,
                "2025": 0.0,
                "2026": 0.0,
                "2027": 0.0,
                "2028": 0.0,
                "2029": 0.0,
                "2030": 0.0,
                "2031": 0.0,
                "2032": 0.0,
                "2033": 0.0,
                "2034": 0.0,
                "2035": 0.0,
                "2036": 0.0,
                "2037": 0.0,
                "2038": 0.0,
                "2039": 0.0,
                "2040": 0.0
            },
            {
                "Tech": "LNDONIIR",
                "MoId": 1,
                "2019": 0.0,
                "2020": 0.0036,
                "2021": 0.0036,
                "2022": 0.004,
                "2023": 0.0044,
                "2024": 0.0047,
                "2025": 0.0048,
                "2026": 0.0048,
                "2027": 0.0048,
                "2028": 0.0048,
                "2029": 0.0048,
                "2030": 0.0043,
                "2031": 0.0043,
                "2032": 0.004,
                "2033": 0.0036,
                "2034": 0.0032,
                "2035": 0.0031,
                "2036": 0.0031,
                "2037": 0.0031,
                "2038": 0.0031,
                "2039": 0.0031,
                "2040": 0.0034
            },
            {
                "Tech": "LNDONILR",
                "MoId": 1,
                "2019": 0.0,
                "2020": 0.0043,
                "2021": 0.0043,
                "2022": 0.0047,
                "2023": 0.0052,
                "2024": 0.0057,
                "2025": 0.0063,
                "2026": 0.0069,
                "2027": 0.0076,
                "2028": 0.0084,
                "2029": 0.0092,
                "2030": 0.0101,
                "2031": 0.0112,
                "2032": 0.0123,
                "2033": 0.0135,
                "2034": 0.0148,
                "2035": 0.0163,
                "2036": 0.018,
                "2037": 0.0198,
                "2038": 0.0217,
                "2039": 0.0239,
                "2040": 0.0263
            },
            {
                "Tech": "LNDOTH",
                "MoId": 1,
                "2019": 459.0559,
                "2020": 457.8722,
                "2021": 458.1082,
                "2022": 458.1293,
                "2023": 458.1123,
                "2024": 458.0574,
                "2025": 457.9646,
                "2026": 457.8341,
                "2027": 457.6633,
                "2028": 457.4586,
                "2029": 457.227,
                "2030": 457.1288,
                "2031": 457.0458,
                "2032": 456.9453,
                "2033": 456.925,
                "2034": 456.8878,
                "2035": 456.8472,
                "2036": 456.7851,
                "2037": 456.7346,
                "2038": 456.6752,
                "2039": 456.6061,
                "2040": 456.4983
            },
            {
                "Tech": "LNDPTSHI",
                "MoId": 1,
                "2019": 0.0,
                "2020": 0.0,
                "2021": 0.0,
                "2022": 0.0,
                "2023": 0.0,
                "2024": 0.0,
                "2025": 0.0,
                "2026": 0.0,
                "2027": 0.0,
                "2028": 0.0,
                "2029": 0.0,
                "2030": 0.0,
                "2031": 0.0,
                "2032": 0.0,
                "2033": 0.0,
                "2034": 0.0,
                "2035": 0.0,
                "2036": 0.0,
                "2037": 0.0,
                "2038": 0.0,
                "2039": 0.0,
                "2040": 0.0
            },
            {
                "Tech": "LNDPTSHR",
                "MoId": 1,
                "2019": 0.0,
                "2020": 0.0,
                "2021": 0.0,
                "2022": 0.0,
                "2023": 0.0,
                "2024": 0.0,
                "2025": 0.0,
                "2026": 0.0,
                "2027": 0.0,
                "2028": 0.0,
                "2029": 0.0,
                "2030": 0.0,
                "2031": 0.0,
                "2032": 0.0,
                "2033": 0.0,
                "2034": 0.0,
                "2035": 0.0,
                "2036": 0.0,
                "2037": 0.0,
                "2038": 0.0,
                "2039": 0.0,
                "2040": 0.0
            },
            {
                "Tech": "LNDPTSII",
                "MoId": 1,
                "2019": 0.0,
                "2020": 0.0,
                "2021": 0.0,
                "2022": 0.0,
                "2023": 0.0,
                "2024": 0.0,
                "2025": 0.0,
                "2026": 0.0,
                "2027": 0.0,
                "2028": 0.0,
                "2029": 0.0,
                "2030": 0.0,
                "2031": 0.0,
                "2032": 0.0,
                "2033": 0.0,
                "2034": 0.0,
                "2035": 0.0,
                "2036": 0.0,
                "2037": 0.0,
                "2038": 0.0,
                "2039": 0.0,
                "2040": 0.0
            },
            {
                "Tech": "LNDPTSIR",
                "MoId": 1,
                "2019": 0.0,
                "2020": 0.0,
                "2021": 0.0,
                "2022": 0.0,
                "2023": 0.0,
                "2024": 0.0,
                "2025": 0.0,
                "2026": 0.0,
                "2027": 0.0,
                "2028": 0.0,
                "2029": 0.0,
                "2030": 0.0,
                "2031": 0.0,
                "2032": 0.0,
                "2033": 0.0,
                "2034": 0.0,
                "2035": 0.0,
                "2036": 0.0,
                "2037": 0.0,
                "2038": 0.0,
                "2039": 0.0,
                "2040": 0.0
            },
            {
                "Tech": "LNDPTSLR",
                "MoId": 1,
                "2019": 0.0,
                "2020": 0.0,
                "2021": 0.0,
                "2022": 0.0,
                "2023": 0.0,
                "2024": 0.0,
                "2025": 0.0,
                "2026": 0.0,
                "2027": 0.0,
                "2028": 0.0,
                "2029": 0.0,
                "2030": 0.0,
                "2031": 0.0,
                "2032": 0.0,
                "2033": 0.0,
                "2034": 0.0,
                "2035": 0.0,
                "2036": 0.0,
                "2037": 0.0,
                "2038": 0.0,
                "2039": 0.0,
                "2040": 0.0
            },
            {
                "Tech": "LNDPTWHI",
                "MoId": 1,
                "2019": 0.0116,
                "2020": 0.0197,
                "2021": 0.0197,
                "2022": 0.0217,
                "2023": 0.0239,
                "2024": 0.0263,
                "2025": 0.0289,
                "2026": 0.0315,
                "2027": 0.0347,
                "2028": 0.038,
                "2029": 0.0405,
                "2030": 0.0421,
                "2031": 0.0429,
                "2032": 0.0446,
                "2033": 0.0462,
                "2034": 0.0471,
                "2035": 0.0487,
                "2036": 0.0504,
                "2037": 0.0512,
                "2038": 0.0528,
                "2039": 0.0545,
                "2040": 0.0562
            },
            {
                "Tech": "LNDPTWHR",
                "MoId": 1,
                "2019": 0.0,
                "2020": 0.0,
                "2021": 0.0,
                "2022": 0.0,
                "2023": 0.0,
                "2024": 0.0,
                "2025": 0.0,
                "2026": 0.0,
                "2027": 0.0,
                "2028": 0.0,
                "2029": 0.0,
                "2030": 0.0,
                "2031": 0.0,
                "2032": 0.0,
                "2033": 0.0,
                "2034": 0.0,
                "2035": 0.0,
                "2036": 0.0,
                "2037": 0.0,
                "2038": 0.0,
                "2039": 0.0,
                "2040": 0.0
            },
            {
                "Tech": "LNDPTWII",
                "MoId": 1,
                "2019": 0.0,
                "2020": 0.0,
                "2021": 0.0,
                "2022": 0.0,
                "2023": 0.0,
                "2024": 0.0,
                "2025": 0.0,
                "2026": 0.0,
                "2027": 0.0,
                "2028": 0.0,
                "2029": 0.0,
                "2030": 0.0,
                "2031": 0.0,
                "2032": 0.0,
                "2033": 0.0,
                "2034": 0.0,
                "2035": 0.0,
                "2036": 0.0,
                "2037": 0.0,
                "2038": 0.0,
                "2039": 0.0,
                "2040": 0.0
            },
            {
                "Tech": "LNDPTWIR",
                "MoId": 1,
                "2019": 0.0,
                "2020": 0.0,
                "2021": 0.0,
                "2022": 0.0,
                "2023": 0.0,
                "2024": 0.0,
                "2025": 0.0,
                "2026": 0.0,
                "2027": 0.0,
                "2028": 0.0,
                "2029": 0.0,
                "2030": 0.0,
                "2031": 0.0,
                "2032": 0.0,
                "2033": 0.0,
                "2034": 0.0,
                "2035": 0.0,
                "2036": 0.0,
                "2037": 0.0,
                "2038": 0.0,
                "2039": 0.0,
                "2040": 0.0
            },
            {
                "Tech": "LNDPTWLR",
                "MoId": 1,
                "2019": 0.0,
                "2020": 0.0,
                "2021": 0.0,
                "2022": 0.0,
                "2023": 0.0,
                "2024": 0.0,
                "2025": 0.0,
                "2026": 0.0,
                "2027": 0.0,
                "2028": 0.0,
                "2029": 0.0,
                "2030": 0.0,
                "2031": 0.0,
                "2032": 0.0,
                "2033": 0.0,
                "2034": 0.0,
                "2035": 0.0,
                "2036": 0.0,
                "2037": 0.0,
                "2038": 0.0,
                "2039": 0.0,
                "2040": 0.0
            },
            {
                "Tech": "LNDSORHI",
                "MoId": 1,
                "2019": 0.0,
                "2020": 0.0,
                "2021": 0.0,
                "2022": 0.0,
                "2023": 0.0,
                "2024": 0.0,
                "2025": 0.0,
                "2026": 0.0,
                "2027": 0.0,
                "2028": 0.0,
                "2029": 0.0,
                "2030": 0.0,
                "2031": 0.0,
                "2032": 0.0,
                "2033": 0.0,
                "2034": 0.0,
                "2035": 0.0,
                "2036": 0.0,
                "2037": 0.0,
                "2038": 0.0,
                "2039": 0.0,
                "2040": 0.0
            },
            {
                "Tech": "LNDSORHR",
                "MoId": 1,
                "2019": 0.0,
                "2020": 0.0,
                "2021": 0.0,
                "2022": 0.0,
                "2023": 0.0,
                "2024": 0.0,
                "2025": 0.0,
                "2026": 0.0,
                "2027": 0.0,
                "2028": 0.0,
                "2029": 0.0,
                "2030": 0.0,
                "2031": 0.0,
                "2032": 0.0,
                "2033": 0.0,
                "2034": 0.0,
                "2035": 0.0,
                "2036": 0.0,
                "2037": 0.0,
                "2038": 0.0,
                "2039": 0.0,
                "2040": 0.0
            },
            {
                "Tech": "LNDSORII",
                "MoId": 1,
                "2019": 0.0,
                "2020": 0.0086,
                "2021": 0.0086,
                "2022": 0.0095,
                "2023": 0.0105,
                "2024": 0.0115,
                "2025": 0.0126,
                "2026": 0.0139,
                "2027": 0.0153,
                "2028": 0.016,
                "2029": 0.0167,
                "2030": 0.0168,
                "2031": 0.0174,
                "2032": 0.0179,
                "2033": 0.0189,
                "2034": 0.0208,
                "2035": 0.0229,
                "2036": 0.0252,
                "2037": 0.0255,
                "2038": 0.0258,
                "2039": 0.026,
                "2040": 0.026
            },
            {
                "Tech": "LNDSORIR",
                "MoId": 1,
                "2019": 0.0,
                "2020": 0.0,
                "2021": 0.0,
                "2022": 0.0,
                "2023": 0.0,
                "2024": 0.0,
                "2025": 0.0,
                "2026": 0.0,
                "2027": 0.0,
                "2028": 0.0,
                "2029": 0.0,
                "2030": 0.0,
                "2031": 0.0,
                "2032": 0.0,
                "2033": 0.0,
                "2034": 0.0,
                "2035": 0.0,
                "2036": 0.0,
                "2037": 0.0,
                "2038": 0.0,
                "2039": 0.0,
                "2040": 0.0
            },
            {
                "Tech": "LNDSORLR",
                "MoId": 1,
                "2019": 0.1579,
                "2020": 0.1421,
                "2021": 0.1279,
                "2022": 0.1151,
                "2023": 0.1036,
                "2024": 0.0932,
                "2025": 0.0839,
                "2026": 0.0755,
                "2027": 0.068,
                "2028": 0.0612,
                "2029": 0.0551,
                "2030": 0.0541,
                "2031": 0.0487,
                "2032": 0.0438,
                "2033": 0.0394,
                "2034": 0.0355,
                "2035": 0.0319,
                "2036": 0.0287,
                "2037": 0.0259,
                "2038": 0.0233,
                "2039": 0.0209,
                "2040": 0.0209
            },
            {
                "Tech": "LNDWAT",
                "MoId": 1,
                "2019": 1.0,
                "2020": 1.0,
                "2021": 1.0,
                "2022": 1.0,
                "2023": 1.0,
                "2024": 1.0,
                "2025": 1.0,
                "2026": 1.0,
                "2027": 1.0,
                "2028": 1.0,
                "2029": 1.0,
                "2030": 1.0,
                "2031": 1.0,
                "2032": 1.0,
                "2033": 1.0,
                "2034": 1.0,
                "2035": 1.0,
                "2036": 1.0,
                "2037": 1.0,
                "2038": 1.0,
                "2039": 1.0,
                "2040": 1.0
            },
            {
                "Tech": "LNDWHEHI",
                "MoId": 1,
                "2019": 0.0,
                "2020": 0.0006,
                "2021": 0.0006,
                "2022": 0.0007,
                "2023": 0.0007,
                "2024": 0.0008,
                "2025": 0.0009,
                "2026": 0.001,
                "2027": 0.0011,
                "2028": 0.0012,
                "2029": 0.0013,
                "2030": 0.0014,
                "2031": 0.0016,
                "2032": 0.0017,
                "2033": 0.0019,
                "2034": 0.0021,
                "2035": 0.0023,
                "2036": 0.0025,
                "2037": 0.0028,
                "2038": 0.003,
                "2039": 0.0033,
                "2040": 0.0037
            },
            {
                "Tech": "LNDWHEHR",
                "MoId": 1,
                "2019": 0.0,
                "2020": 0.0,
                "2021": 0.0,
                "2022": 0.0,
                "2023": 0.0,
                "2024": 0.0,
                "2025": 0.0,
                "2026": 0.0,
                "2027": 0.0,
                "2028": 0.0,
                "2029": 0.0,
                "2030": 0.0,
                "2031": 0.0,
                "2032": 0.0,
                "2033": 0.0,
                "2034": 0.0,
                "2035": 0.0,
                "2036": 0.0,
                "2037": 0.0,
                "2038": 0.0,
                "2039": 0.0,
                "2040": 0.0
            },
            {
                "Tech": "LNDWHEII",
                "MoId": 1,
                "2019": 0.019,
                "2020": 0.1821,
                "2021": 0.1821,
                "2022": 0.2003,
                "2023": 0.2203,
                "2024": 0.2423,
                "2025": 0.2666,
                "2026": 0.2932,
                "2027": 0.3225,
                "2028": 0.3548,
                "2029": 0.3903,
                "2030": 0.404,
                "2031": 0.4174,
                "2032": 0.4284,
                "2033": 0.4417,
                "2034": 0.4549,
                "2035": 0.4659,
                "2036": 0.4813,
                "2037": 0.4944,
                "2038": 0.5075,
                "2039": 0.5229,
                "2040": 0.5381
            },
            {
                "Tech": "LNDWHEIR",
                "MoId": 1,
                "2019": 0.0,
                "2020": 0.0,
                "2021": 0.0,
                "2022": 0.0,
                "2023": 0.0,
                "2024": 0.0,
                "2025": 0.0,
                "2026": 0.0,
                "2027": 0.0,
                "2028": 0.0,
                "2029": 0.0,
                "2030": 0.0,
                "2031": 0.0,
                "2032": 0.0,
                "2033": 0.0,
                "2034": 0.0,
                "2035": 0.0,
                "2036": 0.0,
                "2037": 0.0,
                "2038": 0.0,
                "2039": 0.0,
                "2040": 0.0
            },
            {
                "Tech": "LNDWHELR",
                "MoId": 1,
                "2019": 0.0,
                "2020": 0.0,
                "2021": 0.0,
                "2022": 0.0,
                "2023": 0.0,
                "2024": 0.0,
                "2025": 0.0,
                "2026": 0.0,
                "2027": 0.0,
                "2028": 0.0,
                "2029": 0.0,
                "2030": 0.0,
                "2031": 0.0,
                "2032": 0.0,
                "2033": 0.0,
                "2034": 0.0,
                "2035": 0.0,
                "2036": 0.0,
                "2037": 0.0,
                "2038": 0.0,
                "2039": 0.0,
                "2040": 0.0
            },
            {
                "Tech": "MINBIO001",
                "MoId": 1,
                "2019": 7.12,
                "2020": 7.22,
                "2021": 7.32,
                "2022": 7.43,
                "2023": 7.53,
                "2024": 11.115,
                "2025": 11.225,
                "2026": 11.335,
                "2027": 11.455,
                "2028": 11.565,
                "2029": 11.685,
                "2030": 11.795,
                "2031": 11.915,
                "2032": 12.035,
                "2033": 12.165,
                "2034": 12.285,
                "2035": 12.415,
                "2036": 12.535,
                "2037": 12.675,
                "2038": 12.805,
                "2039": 12.945,
                "2040": 13.075
            },
            {
                "Tech": "MINCHC",
                "MoId": 1,
                "2019": 2.05,
                "2020": 2.07,
                "2021": 2.09,
                "2022": 2.1,
                "2023": 2.12,
                "2024": 2.14,
                "2025": 2.16,
                "2026": 2.18,
                "2027": 2.2,
                "2028": 2.22,
                "2029": 2.24,
                "2030": 2.26,
                "2031": 2.28,
                "2032": 2.3,
                "2033": 2.32,
                "2034": 2.34,
                "2035": 2.36,
                "2036": 2.38,
                "2037": 2.4,
                "2038": 2.42,
                "2039": 2.44,
                "2040": 2.46
            },
            {
                "Tech": "MINHYD",
                "MoId": 1,
                "2019": 4.8152,
                "2020": 4.8152,
                "2021": 4.8152,
                "2022": 4.8152,
                "2023": 4.8152,
                "2024": 4.8152,
                "2025": 4.8152,
                "2026": 5.5889,
                "2027": 5.6392,
                "2028": 5.6881,
                "2029": 5.6881,
                "2030": 7.0942,
                "2031": 7.3234,
                "2032": 8.1168,
                "2033": 8.1033,
                "2034": 8.0897,
                "2035": 8.0762,
                "2036": 8.0626,
                "2037": 8.0491,
                "2038": 8.0355,
                "2039": 8.022,
                "2040": 8.0084
            },
            {
                "Tech": "MINLND",
                "MoId": 1,
                "2019": 824.29,
                "2020": 824.29,
                "2021": 824.29,
                "2022": 824.29,
                "2023": 824.29,
                "2024": 824.29,
                "2025": 824.29,
                "2026": 824.29,
                "2027": 824.29,
                "2028": 824.29,
                "2029": 824.29,
                "2030": 824.29,
                "2031": 824.29,
                "2032": 824.29,
                "2033": 824.29,
                "2034": 824.29,
                "2035": 824.29,
                "2036": 824.29,
                "2037": 824.29,
                "2038": 824.29,
                "2039": 824.29,
                "2040": 824.29
            },
            {
                "Tech": "MINPRC",
                "MoId": 1,
                "2019": 249.7599,
                "2020": 249.7599,
                "2021": 249.7599,
                "2022": 249.7599,
                "2023": 249.7599,
                "2024": 249.7599,
                "2025": 249.7599,
                "2026": 249.7599,
                "2027": 249.7599,
                "2028": 249.7599,
                "2029": 249.7599,
                "2030": 249.7599,
                "2031": 249.7599,
                "2032": 249.7599,
                "2033": 249.7599,
                "2034": 249.7599,
                "2035": 249.7599,
                "2036": 249.7599,
                "2037": 249.7599,
                "2038": 249.7599,
                "2039": 249.7599,
                "2040": 249.7599
            },
            {
                "Tech": "MINSOL",
                "MoId": 1,
                "2019": 2.263,
                "2020": 2.263,
                "2021": 2.6671,
                "2022": 2.7681,
                "2023": 2.8691,
                "2024": 2.9702,
                "2025": 3.0712,
                "2026": 3.1722,
                "2027": 3.2732,
                "2028": 3.3743,
                "2029": 3.4753,
                "2030": 3.5763,
                "2031": 3.6773,
                "2032": 3.7784,
                "2033": 3.8794,
                "2034": 3.9804,
                "2035": 4.0814,
                "2036": 4.1825,
                "2037": 4.2835,
                "2038": 4.3845,
                "2039": 4.4855,
                "2040": 4.5866
            },
            {
                "Tech": "MINWND",
                "MoId": 1,
                "2019": 0.0814,
                "2020": 0.0814,
                "2021": 0.0814,
                "2022": 0.0814,
                "2023": 0.7652,
                "2024": 1.4815,
                "2025": 1.4815,
                "2026": 2.2955,
                "2027": 2.4583,
                "2028": 2.6211,
                "2029": 2.7839,
                "2030": 2.9466,
                "2031": 3.1094,
                "2032": 3.2722,
                "2033": 3.435,
                "2034": 3.5978,
                "2035": 3.7606,
                "2036": 3.9234,
                "2037": 4.0862,
                "2038": 4.249,
                "2039": 4.4118,
                "2040": 4.5746
            },
            {
                "Tech": "PWRBIO001",
                "MoId": 1,
                "2019": 0.0,
                "2020": 0.0,
                "2021": 0.0,
                "2022": 0.0,
                "2023": 0.0,
                "2024": 1.0102,
                "2025": 1.0102,
                "2026": 1.0102,
                "2027": 1.0102,
                "2028": 1.0102,
                "2029": 1.0102,
                "2030": 1.0102,
                "2031": 1.0102,
                "2032": 1.0102,
                "2033": 1.0102,
                "2034": 1.0102,
                "2035": 1.0102,
                "2036": 1.0102,
                "2037": 1.0102,
                "2038": 1.0102,
                "2039": 1.0102,
                "2040": 1.0102
            },
            {
                "Tech": "PWRCOA001",
                "MoId": 1,
                "2019": 0.1867,
                "2020": 0.2974,
                "2021": 0.1263,
                "2022": 0.0019,
                "2023": 0.3861,
                "2024": 0.4152,
                "2025": 0.0,
                "2026": 0.0,
                "2027": 0.0,
                "2028": 0.0,
                "2029": 0.0,
                "2030": 0.0,
                "2031": 0.0,
                "2032": 0.0,
                "2033": 0.0,
                "2034": 0.0,
                "2035": 0.0,
                "2036": 0.0,
                "2037": 0.0,
                "2038": 0.0,
                "2039": 0.0,
                "2040": 0.0
            },
            {
                "Tech": "PWRCOA002",
                "MoId": 1,
                "2019": 0.0,
                "2020": 0.0,
                "2021": 0.0,
                "2022": 0.0,
                "2023": 0.0,
                "2024": 0.0,
                "2025": 3.7881,
                "2026": 6.1795,
                "2027": 6.2622,
                "2028": 6.3421,
                "2029": 6.4227,
                "2030": 6.5077,
                "2031": 6.5826,
                "2032": 7.0604,
                "2033": 7.2837,
                "2034": 7.495,
                "2035": 7.7164,
                "2036": 7.9317,
                "2037": 8.1546,
                "2038": 8.3687,
                "2039": 8.5963,
                "2040": 8.792
            },
            {
                "Tech": "PWRHFO001",
                "MoId": 1,
                "2019": 0.0,
                "2020": 0.0,
                "2021": 0.0,
                "2022": 0.0,
                "2023": 0.0,
                "2024": 0.0,
                "2025": 0.0,
                "2026": 0.0,
                "2027": 0.0,
                "2028": 0.0,
                "2029": 0.0,
                "2030": 0.0,
                "2031": 0.0,
                "2032": 0.0,
                "2033": 0.0,
                "2034": 0.0,
                "2035": 0.0,
                "2036": 0.0,
                "2037": 0.0,
                "2038": 0.0,
                "2039": 0.0,
                "2040": 0.0
            },
            {
                "Tech": "PWRHFO002",
                "MoId": 1,
                "2019": 0.0,
                "2020": 0.0,
                "2021": 0.0,
                "2022": 0.2245,
                "2023": 0.6288,
                "2024": 0.0,
                "2025": 0.0,
                "2026": 0.0,
                "2027": 0.0,
                "2028": 0.0,
                "2029": 0.0,
                "2030": 0.0,
                "2031": 0.0,
                "2032": 0.0,
                "2033": 0.0,
                "2034": 0.0,
                "2035": 0.0,
                "2036": 0.0,
                "2037": 0.0,
                "2038": 0.0,
                "2039": 0.0,
                "2040": 0.0
            },
            {
                "Tech": "PWRHFO003",
                "MoId": 1,
                "2019": 0.0,
                "2020": 0.0,
                "2021": 0.0,
                "2022": 0.0,
                "2023": 0.0,
                "2024": 0.0,
                "2025": 0.0,
                "2026": 0.0,
                "2027": 0.0,
                "2028": 0.0,
                "2029": 0.0,
                "2030": 0.0,
                "2031": 0.0,
                "2032": 0.0,
                "2033": 0.0,
                "2034": 0.0,
                "2035": 0.0,
                "2036": 0.0,
                "2037": 0.0,
                "2038": 0.0,
                "2039": 0.0,
                "2040": 0.0
            },
            {
                "Tech": "PWRHYD001",
                "MoId": 1,
                "2019": 4.8152,
                "2020": 4.8152,
                "2021": 4.8152,
                "2022": 4.8152,
                "2023": 4.8152,
                "2024": 4.8152,
                "2025": 4.8152,
                "2026": 4.8152,
                "2027": 4.8152,
                "2028": 4.8152,
                "2029": 4.8152,
                "2030": 4.8152,
                "2031": 4.8152,
                "2032": 4.8152,
                "2033": 4.8152,
                "2034": 4.8152,
                "2035": 4.8152,
                "2036": 4.8152,
                "2037": 4.8152,
                "2038": 4.8152,
                "2039": 4.8152,
                "2040": 4.8152
            },
            {
                "Tech": "PWRHYD002",
                "MoId": 1,
                "2019": 0.0,
                "2020": 0.0,
                "2021": 0.0,
                "2022": 0.0,
                "2023": 0.0,
                "2024": 0.0,
                "2025": 0.0,
                "2026": 0.0,
                "2027": 0.0,
                "2028": 0.0,
                "2029": 0.0,
                "2030": 1.5823,
                "2031": 1.8115,
                "2032": 2.6049,
                "2033": 2.5914,
                "2034": 2.5778,
                "2035": 2.5643,
                "2036": 2.5507,
                "2037": 2.5372,
                "2038": 2.5236,
                "2039": 2.5101,
                "2040": 2.4965
            },
            {
                "Tech": "PWRHYD003",
                "MoId": 1,
                "2019": 0.0,
                "2020": 0.0,
                "2021": 0.0,
                "2022": 0.0,
                "2023": 0.0,
                "2024": 0.0,
                "2025": 0.0,
                "2026": 0.7736,
                "2027": 0.8239,
                "2028": 0.8729,
                "2029": 0.8729,
                "2030": 0.6967,
                "2031": 0.6967,
                "2032": 0.6967,
                "2033": 0.6967,
                "2034": 0.6967,
                "2035": 0.6967,
                "2036": 0.6967,
                "2037": 0.6967,
                "2038": 0.6967,
                "2039": 0.6967,
                "2040": 0.6967
            },
            {
                "Tech": "PWRNGS001",
                "MoId": 1,
                "2019": 0.0,
                "2020": 0.0,
                "2021": 0.0,
                "2022": 0.0,
                "2023": 0.0,
                "2024": 0.0,
                "2025": 0.0,
                "2026": 0.0,
                "2027": 0.0,
                "2028": 0.0,
                "2029": 0.0,
                "2030": 0.0,
                "2031": 0.0,
                "2032": 0.0,
                "2033": 0.0,
                "2034": 0.0,
                "2035": 0.0,
                "2036": 0.0,
                "2037": 0.0,
                "2038": 0.0,
                "2039": 0.0,
                "2040": 0.0
            },
            {
                "Tech": "PWRNGS002",
                "MoId": 1,
                "2019": 0.0,
                "2020": 0.0,
                "2021": 0.0,
                "2022": 0.0,
                "2023": 0.0,
                "2024": 0.0,
                "2025": 0.0,
                "2026": 0.0,
                "2027": 0.0,
                "2028": 0.0,
                "2029": 0.0,
                "2030": 0.0,
                "2031": 0.0,
                "2032": 0.0,
                "2033": 0.0,
                "2034": 0.0,
                "2035": 0.0,
                "2036": 0.0,
                "2037": 0.0,
                "2038": 0.0,
                "2039": 0.0,
                "2040": 0.0
            },
            {
                "Tech": "PWRNGS003",
                "MoId": 1,
                "2019": 0.0,
                "2020": 0.0,
                "2021": 0.0,
                "2022": 0.0,
                "2023": 0.0,
                "2024": 0.0,
                "2025": 0.0,
                "2026": 0.0,
                "2027": 0.0,
                "2028": 0.0,
                "2029": 0.0,
                "2030": 0.0,
                "2031": 0.0,
                "2032": 0.0,
                "2033": 0.0,
                "2034": 0.0,
                "2035": 0.0,
                "2036": 0.0,
                "2037": 0.0,
                "2038": 0.0,
                "2039": 0.0,
                "2040": 0.0
            },
            {
                "Tech": "PWRSOL001",
                "MoId": 1,
                "2019": 1.7376,
                "2020": 1.7376,
                "2021": 2.1417,
                "2022": 2.2428,
                "2023": 2.3438,
                "2024": 2.4448,
                "2025": 2.5458,
                "2026": 2.6469,
                "2027": 2.7479,
                "2028": 2.8489,
                "2029": 2.9499,
                "2030": 3.051,
                "2031": 3.152,
                "2032": 3.253,
                "2033": 3.354,
                "2034": 3.4551,
                "2035": 3.5561,
                "2036": 3.6571,
                "2037": 3.7582,
                "2038": 3.8592,
                "2039": 3.9602,
                "2040": 4.0612
            },
            {
                "Tech": "PWRSOL002",
                "MoId": 1,
                "2019": 0.5253,
                "2020": 0.5253,
                "2021": 0.5253,
                "2022": 0.5253,
                "2023": 0.5253,
                "2024": 0.5253,
                "2025": 0.5253,
                "2026": 0.5253,
                "2027": 0.5253,
                "2028": 0.5253,
                "2029": 0.5253,
                "2030": 0.5253,
                "2031": 0.5253,
                "2032": 0.5253,
                "2033": 0.5253,
                "2034": 0.5253,
                "2035": 0.5253,
                "2036": 0.5253,
                "2037": 0.5253,
                "2038": 0.5253,
                "2039": 0.5253,
                "2040": 0.5253
            },
            {
                "Tech": "PWRSOL003",
                "MoId": 1,
                "2019": 0.0,
                "2020": 0.0,
                "2021": 0.0,
                "2022": 0.0,
                "2023": 0.0,
                "2024": 0.0,
                "2025": 0.0,
                "2026": 0.0,
                "2027": 0.0,
                "2028": 0.0,
                "2029": 0.0,
                "2030": 0.0,
                "2031": 0.0,
                "2032": 0.0,
                "2033": 0.0,
                "2034": 0.0,
                "2035": 0.0,
                "2036": 0.0,
                "2037": 0.0,
                "2038": 0.0,
                "2039": 0.0,
                "2040": 0.0
            },
            {
                "Tech": "PWRTRN001",
                "MoId": 1,
                "2019": 16.9321,
                "2020": 17.6971,
                "2021": 18.3594,
                "2022": 18.964,
                "2023": 19.5816,
                "2024": 20.1903,
                "2025": 20.8014,
                "2026": 21.4142,
                "2027": 22.0424,
                "2028": 22.6622,
                "2029": 23.284,
                "2030": 23.8961,
                "2031": 24.4957,
                "2032": 26.1268,
                "2033": 26.6041,
                "2034": 27.0692,
                "2035": 27.5449,
                "2036": 28.0134,
                "2037": 28.4902,
                "2038": 28.9578,
                "2039": 29.4386,
                "2040": 29.9079
            },
            {
                "Tech": "PWRWND001",
                "MoId": 1,
                "2019": 0.0814,
                "2020": 0.0814,
                "2021": 0.0814,
                "2022": 0.0814,
                "2023": 0.7652,
                "2024": 1.4815,
                "2025": 1.4815,
                "2026": 2.2955,
                "2027": 2.4583,
                "2028": 2.6211,
                "2029": 2.7839,
                "2030": 2.9466,
                "2031": 3.1094,
                "2032": 3.2722,
                "2033": 3.435,
                "2034": 3.5978,
                "2035": 3.7606,
                "2036": 3.9234,
                "2037": 4.0862,
                "2038": 4.249,
                "2039": 4.4118,
                "2040": 4.5746
            }
        ]
    }
}