{"osy-version": "4.0", "osy-casename": "CLEWs intro model_infesible", "osy-desc": "CLEWs exercise model", "osy-date": "03/21/2022", "osy-currency": "USD", "osy-ns": "2", "osy-dt": "2", "osy-mo": "1", "osy-tech": [{"ActUnitId": "PJ", "CapUnitId": "GW", "Desc": "Coal mine", "EAR": ["EMI_0"], "IAR": [], "INCR": [], "ITCR": [], "OAR": ["COM_0"], "Tech": "MINCOA", "TechId": "TEC_0", "TG": ["TG_9ga86"]}, {"ActUnitId": "PJ", "CapUnitId": "GW", "Desc": "Gas field", "EAR": ["EMI_0"], "IAR": [], "INCR": [], "ITCR": [], "OAR": ["COM_m7plv"], "Tech": "MINGAS", "TechId": "TEC_85h7n", "TG": ["TG_9ga86"]}, {"ActUnitId": "PJ", "CapUnitId": "GW", "Desc": "Gas power plant", "EAR": [], "IAR": ["COM_m7plv", "COM_5jtnu"], "INCR": [], "ITCR": [], "OAR": ["COM_ed9t8"], "Tech": "PWRGAS", "TechId": "TEC_m4rh5", "TG": ["TG_9ga86"]}, {"ActUnitId": "PJ", "CapUnitId": "GW", "Desc": "Coal power plant", "EAR": [], "IAR": ["COM_0", "COM_5jtnu"], "INCR": [], "ITCR": [], "OAR": ["COM_ed9t8"], "Tech": "PWRCOA", "TechId": "TEC_7af35", "TG": ["TG_9ga86"]}, {"ActUnitId": "PJ", "CapUnitId": "GW", "Desc": "Transmission network", "EAR": [], "IAR": ["COM_ed9t8"], "INCR": [], "ITCR": [], "OAR": ["COM_ks5eq"], "Tech": "PWRTRN", "TechId": "TEC_11tsb", "TG": []}, {"ActUnitId": "10<sup>3</sup>km<sup>2</sup>", "CapUnitId": "10<sup>3</sup>km<sup>2</sup>", "Desc": "Land resource", "EAR": [], "IAR": [], "INCR": [], "ITCR": [], "OAR": ["COM_e07rn"], "Tech": "MINLND", "TechId": "TEC_8qa96", "TG": []}, {"ActUnitId": "10<sup>3</sup>km<sup>2</sup>", "CapUnitId": "10<sup>3</sup>km<sup>2</sup>", "Desc": "Land equipment for rainfed maize cultivation", "EAR": [], "IAR": ["COM_e07rn", "COM_6w2ts", "COM_esxzy"], "INCR": [], "ITCR": [], "OAR": ["COM_l3yao", "COM_qdhyh", "COM_7v4uy", "COM_mt6tm"], "Tech": "LNDMAIHR", "TechId": "TEC_36ktz", "TG": []}, {"ActUnitId": "10<sup>3</sup>km<sup>2</sup>", "CapUnitId": "10<sup>3</sup>km<sup>2</sup>", "Desc": "Land equipment for rainfed rice cultivation", "EAR": [], "IAR": ["COM_e07rn", "COM_6w2ts", "COM_esxzy"], "INCR": [], "ITCR": [], "OAR": ["COM_4vqbb", "COM_qdhyh", "COM_7v4uy", "COM_mt6tm"], "Tech": "LNDRICHR", "TechId": "TEC_41bs8", "TG": []}, {"ActUnitId": "10<sup>3</sup>km<sup>2</sup>", "CapUnitId": "10<sup>3</sup>km<sup>2</sup>", "Desc": "Land equipment for irrigated maize cultivation", "EAR": [], "IAR": ["COM_ks5eq", "COM_e07rn", "COM_6w2ts", "COM_esxzy"], "INCR": [], "ITCR": [], "OAR": ["COM_l3yao", "COM_qdhyh", "COM_7v4uy", "COM_mt6tm"], "Tech": "LNDMAIHI", "TechId": "TEC_8grnw", "TG": []}, {"ActUnitId": "10<sup>3</sup>km<sup>2</sup>", "CapUnitId": "10<sup>3</sup>km<sup>2</sup>", "Desc": "Land equipment for irrigated rice cultivation", "EAR": [], "IAR": ["COM_ks5eq", "COM_e07rn", "COM_6w2ts", "COM_esxzy"], "INCR": [], "ITCR": [], "OAR": ["COM_4vqbb", "COM_qdhyh", "COM_7v4uy", "COM_mt6tm"], "Tech": "LNDRICHI", "TechId": "TEC_8qo8a", "TG": []}, {"ActUnitId": "10<sup>3</sup>km<sup>2</sup>", "CapUnitId": "10<sup>3</sup>km<sup>2</sup>", "Desc": "Forest land", "EAR": [], "IAR": ["COM_e07rn", "COM_6w2ts"], "INCR": [], "ITCR": [], "OAR": ["COM_qdhyh", "COM_7v4uy", "COM_lsdgz", "COM_mt6tm"], "Tech": "LNDFOR", "TechId": "TEC_902c0", "TG": []}, {"ActUnitId": "10<sup>3</sup>km<sup>2</sup>", "CapUnitId": "10<sup>3</sup>km<sup>2</sup>", "Desc": "Built up land", "EAR": [], "IAR": ["COM_e07rn", "COM_6w2ts"], "INCR": [], "ITCR": [], "OAR": ["COM_qdhyh", "COM_7v4uy", "COM_q8xp7", "COM_mt6tm"], "Tech": "LNDBLT", "TechId": "TEC_3dgku", "TG": []}, {"ActUnitId": "10<sup>3</sup>km<sup>2</sup>", "CapUnitId": "10<sup>3</sup>km<sup>2</sup>", "Desc": "Water bodies", "EAR": [], "IAR": ["COM_e07rn", "COM_6w2ts"], "INCR": [], "ITCR": [], "OAR": ["COM_qdhyh", "COM_7v4uy", "COM_zeipa", "COM_mt6tm"], "Tech": "LNDWAT", "TechId": "TEC_7vzgh", "TG": []}, {"ActUnitId": "PJ", "CapUnitId": "10<sup>9</sup>m<sup>3</sup>/yr", "Desc": "Precipitation (Resource)", "EAR": [], "IAR": [], "INCR": [], "ITCR": [], "OAR": ["COM_6w2ts"], "Tech": "MINPRC", "TechId": "TEC_wl8u7", "TG": []}, {"ActUnitId": "PJ", "CapUnitId": "GW", "Desc": "Hydro resource", "EAR": [], "IAR": [], "INCR": [], "ITCR": [], "OAR": ["COM_wn4bl"], "Tech": "MINHYD", "TechId": "TEC_trm9d", "TG": ["TG_q3q0d"]}, {"ActUnitId": "PJ", "CapUnitId": "GW", "Desc": "Solar resource", "EAR": [], "IAR": [], "INCR": [], "ITCR": [], "OAR": ["COM_df13z"], "Tech": "MINSOL", "TechId": "TEC_2kcjx", "TG": ["TG_q3q0d"]}, {"ActUnitId": "PJ", "CapUnitId": "GW", "Desc": "Wind resource", "EAR": [], "IAR": [], "INCR": [], "ITCR": [], "OAR": ["COM_1wabu"], "Tech": "MINWND", "TechId": "TEC_bzhfc", "TG": ["TG_q3q0d"]}, {"ActUnitId": "PJ", "CapUnitId": "GW", "Desc": "Hydroelectric power plant", "EAR": [], "IAR": ["COM_wn4bl"], "INCR": [], "ITCR": ["COM_zeipa"], "OAR": ["COM_ed9t8"], "Tech": "PWRHYD", "TechId": "TEC_lmr9o", "TG": ["TG_q3q0d"]}, {"ActUnitId": "PJ", "CapUnitId": "GW", "Desc": "Solar power plant", "EAR": [], "IAR": ["COM_df13z"], "INCR": [], "ITCR": [], "OAR": ["COM_ed9t8"], "Tech": "PWRSOL", "TechId": "TEC_jb6af", "TG": ["TG_q3q0d"]}, {"ActUnitId": "PJ", "CapUnitId": "GW", "Desc": "Wind power plant", "EAR": [], "IAR": ["COM_1wabu"], "INCR": [], "ITCR": [], "OAR": ["COM_ed9t8"], "Tech": "PWRWND", "TechId": "TEC_4gkvz", "TG": ["TG_q3q0d"]}, {"ActUnitId": "PJ", "CapUnitId": "GW", "Desc": "Diesel used in the agricutural sector", "EAR": [], "IAR": [], "INCR": [], "ITCR": [], "OAR": [], "Tech": "DEMAGRDSL", "TechId": "TEC_35264", "TG": []}, {"ActUnitId": "PJ", "CapUnitId": "GW", "Desc": "Surface water used in the agricultural sector", "EAR": [], "IAR": [], "INCR": [], "ITCR": [], "OAR": [], "Tech": "DEMAGRSURWAT", "TechId": "TEC_gugd5", "TG": []}, {"ActUnitId": "10<sup>9</sup>m<sup>3</sup>", "CapUnitId": "10<sup>9</sup>m<sup>3</sup>/yr", "Desc": "Groundwater used in the agricutural sectir", "EAR": [], "IAR": [], "INCR": [], "ITCR": [], "OAR": [], "Tech": "DEMAGRGWTWAT", "TechId": "TEC_lnt6e", "TG": []}, {"ActUnitId": "10<sup>9</sup>m<sup>3</sup>", "CapUnitId": "10<sup>9</sup>m<sup>3</sup>/yr", "Desc": "Surface water used in the power sector", "EAR": [], "IAR": ["COM_7v4uy"], "INCR": [], "ITCR": [], "OAR": ["COM_5jtnu"], "Tech": "DEMPWRSURWAT", "TechId": "TEC_mhl4t", "TG": []}, {"ActUnitId": "10<sup>9</sup>m<sup>3</sup>", "CapUnitId": "10<sup>9</sup>m<sup>3</sup>/yr", "Desc": "Surface water used for public water supply", "EAR": [], "IAR": [], "INCR": [], "ITCR": [], "OAR": [], "Tech": "DEMPUBSURWAT", "TechId": "TEC_3xz51", "TG": []}, {"ActUnitId": "10<sup>9</sup>m<sup>3</sup>", "CapUnitId": "10<sup>9</sup>m<sup>3</sup>/yr", "Desc": "Groundwater used for public water supply", "EAR": [], "IAR": [], "INCR": [], "ITCR": [], "OAR": [], "Tech": "DEMPUBGWTWAT", "TechId": "TEC_gpaae", "TG": []}, {"ActUnitId": "PJ", "CapUnitId": "GW", "Desc": "Biofuel for transportation", "EAR": [], "IAR": [], "INCR": [], "ITCR": [], "OAR": [], "Tech": "DEMTRABIO", "TechId": "TEC_svf5c", "TG": ["TG_q3q0d", "TG_9ga86"]}], "osy-techGroups": [{"TechGroupId": "TG_q3q0d", "TechGroup": "RES", "Desc": "Default technology group"}, {"TechGroupId": "TG_9ga86", "TechGroup": "FOSIL", "Desc": "Default technology group"}], "osy-comm": [{"Comm": "COA", "CommId": "COM_0", "Desc": "Coal", "UnitId": "PJ"}, {"Comm": "GAS", "CommId": "COM_m7plv", "Desc": "Naturtal gas", "UnitId": "PJ"}, {"Comm": "ELC001", "CommId": "COM_ed9t8", "Desc": "Electricity at busbar", "UnitId": "PJ"}, {"Comm": "ELC002", "CommId": "COM_ks5eq", "Desc": "Electricity delivered to end users", "UnitId": "PJ"}, {"Comm": "LND", "CommId": "COM_e07rn", "Desc": "Land", "UnitId": "10<sup>3</sup>km<sup>2</sup>"}, {"Comm": "CRPMAI", "CommId": "COM_l3yao", "Desc": "Maize", "UnitId": "MTon"}, {"Comm": "WTRPRC", "CommId": "COM_6w2ts", "Desc": "Precipitation", "UnitId": "10<sup>9</sup>m<sup>3</sup>"}, {"Comm": "AGRWAT", "CommId": "COM_g0a4u", "Desc": "Water used in the agricultural sector (Demand)", "UnitId": "10<sup>9</sup>m<sup>3</sup>"}, {"Comm": "CRPRIC", "CommId": "COM_4vqbb", "Desc": "Rice", "UnitId": "MTon"}, {"Comm": "WTREVT", "CommId": "COM_qdhyh", "Desc": "Evapotranspiration", "UnitId": "10<sup>9</sup>m<sup>3</sup>"}, {"Comm": "WTRSUR", "CommId": "COM_7v4uy", "Desc": "Surface water (runoff)", "UnitId": "10<sup>9</sup>m<sup>3</sup>"}, {"Comm": "PWRWAT", "CommId": "COM_5jtnu", "Desc": "Water used in the power sector (Demand)", "UnitId": "10<sup>9</sup>m<sup>3</sup>"}, {"Comm": "PUBWAT", "CommId": "COM_olnzz", "Desc": "Water for public water distribution (Demand)", "UnitId": "10<sup>9</sup>m<sup>3</sup>"}, {"Comm": "HYD", "CommId": "COM_wn4bl", "Desc": "Hydro energy", "UnitId": "PJ"}, {"Comm": "SOL", "CommId": "COM_df13z", "Desc": "Solar energy", "UnitId": "PJ"}, {"Comm": "WND", "CommId": "COM_1wabu", "Desc": "Wind energy", "UnitId": "PJ"}, {"Comm": "AGRDSL", "CommId": "COM_esxzy", "Desc": "Diesel used in the agricultural sector (Demand)", "UnitId": "PJ"}, {"Comm": "LFOR", "CommId": "COM_lsdgz", "Desc": "Forested land", "UnitId": "10<sup>3</sup>km<sup>2</sup>"}, {"Comm": "LBLT", "CommId": "COM_q8xp7", "Desc": "Built up land", "UnitId": "10<sup>3</sup>km<sup>2</sup>"}, {"Comm": "LWAT", "CommId": "COM_zeipa", "Desc": "Water bodies (Land cover)", "UnitId": "10<sup>3</sup>km<sup>2</sup>"}, {"Comm": "TRABIO", "CommId": "COM_01l8b", "Desc": "Biofuels used in the transportation sector", "UnitId": "PJ"}, {"Comm": "WTRGWT", "CommId": "COM_mt6tm", "Desc": "Groundwater recharge", "UnitId": "10<sup>9</sup>m<sup>3</sup>"}], "osy-emis": [{"Desc": "Carbon dioxide", "Emis": "CO2", "EmisId": "EMI_0", "UnitId": "MTon"}], "osy-scenarios": [{"ScenarioId": "SC_0", "Scenario": "SC_0", "Desc": "Base scenario", "Active": true}, {"ScenarioId": "SC_tkqum", "Scenario": "InputToCap", "Desc": "Input to capacity test", "Active": true}], "osy-constraints": [{"ConId": "CO_wfpmn", "Con": "CO_wfpmn", "Desc": "Default constraint ", "Tag": 0, "CM": ["TEC_0"]}], "osy-years": ["2020", "2021", "2022", "2023", "2024", "2025", "2026", "2027", "2028", "2029", "2030", "2031", "2032", "2033", "2034", "2035"]}