{"CAU": {"SC_0": [{"TEC_0": 31.536, "TEC_85h7n": 31.536, "TEC_m4rh5": 31.536, "TEC_7af35": 31.536, "TEC_11tsb": 31.536, "TEC_8qa96": 1, "TEC_36ktz": 1, "TEC_41bs8": 1, "TEC_8grnw": 1, "TEC_8qo8a": 1, "TEC_902c0": 1, "TEC_3dgku": 1, "TEC_7vzgh": 1, "TEC_wl8u7": 1, "TEC_trm9d": 31.536, "TEC_2kcjx": 31.536, "TEC_bzhfc": 31.536, "TEC_lmr9o": 31.536, "TEC_jb6af": 31.536, "TEC_4gkvz": 31.536, "TEC_35264": 1, "TEC_gugd5": 1, "TEC_lnt6e": 31.536, "TEC_mhl4t": 1, "TEC_3xz51": 1, "TEC_gpaae": 1, "TEC_svf5c": 31.536}], "SC_tkqum": [{"TEC_0": null, "TEC_85h7n": null, "TEC_m4rh5": null, "TEC_7af35": null, "TEC_11tsb": null, "TEC_8qa96": null, "TEC_36ktz": null, "TEC_41bs8": null, "TEC_8grnw": null, "TEC_8qo8a": null, "TEC_902c0": null, "TEC_3dgku": null, "TEC_7vzgh": null, "TEC_wl8u7": null, "TEC_trm9d": null, "TEC_2kcjx": null, "TEC_bzhfc": null, "TEC_lmr9o": null, "TEC_jb6af": null, "TEC_4gkvz": null, "TEC_35264": null, "TEC_gugd5": null, "TEC_lnt6e": null, "TEC_mhl4t": null, "TEC_3xz51": null, "TEC_gpaae": null, "TEC_svf5c": null}]}, "OL": {"SC_0": [{"TEC_0": 30, "TEC_85h7n": 30, "TEC_m4rh5": 30, "TEC_7af35": 30, "TEC_11tsb": 80, "TEC_8qa96": 1, "TEC_36ktz": 1, "TEC_41bs8": 1, "TEC_8grnw": 1, "TEC_8qo8a": 1, "TEC_902c0": 1, "TEC_3dgku": 1, "TEC_7vzgh": 1, "TEC_wl8u7": 1, "TEC_trm9d": 1, "TEC_2kcjx": 1, "TEC_bzhfc": 1, "TEC_lmr9o": 80, "TEC_jb6af": 20, "TEC_4gkvz": 20, "TEC_35264": 1, "TEC_gugd5": 1, "TEC_lnt6e": 1, "TEC_mhl4t": 1, "TEC_3xz51": 1, "TEC_gpaae": 1, "TEC_svf5c": 1}], "SC_tkqum": [{"TEC_0": null, "TEC_85h7n": null, "TEC_m4rh5": null, "TEC_7af35": null, "TEC_11tsb": null, "TEC_8qa96": null, "TEC_36ktz": null, "TEC_41bs8": null, "TEC_8grnw": null, "TEC_8qo8a": null, "TEC_902c0": null, "TEC_3dgku": null, "TEC_7vzgh": null, "TEC_wl8u7": null, "TEC_trm9d": null, "TEC_2kcjx": null, "TEC_bzhfc": null, "TEC_lmr9o": null, "TEC_jb6af": null, "TEC_4gkvz": null, "TEC_35264": null, "TEC_gugd5": null, "TEC_lnt6e": null, "TEC_mhl4t": null, "TEC_3xz51": null, "TEC_gpaae": null, "TEC_svf5c": null}]}, "TMPAL": {"SC_0": [{"TEC_0": 0, "TEC_85h7n": 0, "TEC_m4rh5": 0, "TEC_7af35": 0, "TEC_11tsb": 0, "TEC_8qa96": 0, "TEC_36ktz": 0, "TEC_41bs8": 0, "TEC_8grnw": 0, "TEC_8qo8a": 0, "TEC_902c0": 0, "TEC_3dgku": 0, "TEC_7vzgh": 0, "TEC_wl8u7": 0, "TEC_trm9d": 0, "TEC_2kcjx": 0, "TEC_bzhfc": 0, "TEC_lmr9o": 0, "TEC_jb6af": 0, "TEC_4gkvz": 0, "TEC_35264": 0, "TEC_gugd5": 0, "TEC_lnt6e": 0, "TEC_mhl4t": 0, "TEC_3xz51": 0, "TEC_gpaae": 0, "TEC_svf5c": 0}], "SC_tkqum": [{"TEC_0": null, "TEC_85h7n": null, "TEC_m4rh5": null, "TEC_7af35": null, "TEC_11tsb": null, "TEC_8qa96": null, "TEC_36ktz": null, "TEC_41bs8": null, "TEC_8grnw": null, "TEC_8qo8a": null, "TEC_902c0": null, "TEC_3dgku": null, "TEC_7vzgh": null, "TEC_wl8u7": null, "TEC_trm9d": null, "TEC_2kcjx": null, "TEC_bzhfc": null, "TEC_lmr9o": null, "TEC_jb6af": null, "TEC_4gkvz": null, "TEC_35264": null, "TEC_gugd5": null, "TEC_lnt6e": null, "TEC_mhl4t": null, "TEC_3xz51": null, "TEC_gpaae": null, "TEC_svf5c": null}]}, "TMPAU": {"SC_0": [{"TEC_0": 999999, "TEC_85h7n": 999999, "TEC_m4rh5": 999999, "TEC_7af35": 999999, "TEC_11tsb": 999999, "TEC_8qa96": 999999, "TEC_36ktz": 999999, "TEC_41bs8": 999999, "TEC_8grnw": 999999, "TEC_8qo8a": 999999, "TEC_902c0": 999999, "TEC_3dgku": 999999, "TEC_7vzgh": 999999, "TEC_wl8u7": 999999, "TEC_trm9d": 999999, "TEC_2kcjx": 999999, "TEC_bzhfc": 999999, "TEC_lmr9o": 999999, "TEC_jb6af": 999999, "TEC_4gkvz": 999999, "TEC_35264": 999999, "TEC_gugd5": 999999, "TEC_lnt6e": 999999, "TEC_mhl4t": 999999, "TEC_3xz51": 999999, "TEC_gpaae": 999999, "TEC_svf5c": 999999}], "SC_tkqum": [{"TEC_0": null, "TEC_85h7n": null, "TEC_m4rh5": null, "TEC_7af35": null, "TEC_11tsb": null, "TEC_8qa96": null, "TEC_36ktz": null, "TEC_41bs8": null, "TEC_8grnw": null, "TEC_8qo8a": null, "TEC_902c0": null, "TEC_3dgku": null, "TEC_7vzgh": null, "TEC_wl8u7": null, "TEC_trm9d": null, "TEC_2kcjx": null, "TEC_bzhfc": null, "TEC_lmr9o": null, "TEC_jb6af": null, "TEC_4gkvz": null, "TEC_35264": null, "TEC_gugd5": null, "TEC_lnt6e": null, "TEC_mhl4t": null, "TEC_3xz51": null, "TEC_gpaae": null, "TEC_svf5c": null}]}}