{"AEL": {"SC_0": [{"EmisId": "EMI_0", "2020": 999999, "2021": 999999, "2022": 999999, "2023": 999999, "2024": 999999, "2025": 999999, "2026": 999999, "2027": 999999, "2028": 999999, "2029": 999999, "2030": 999999, "2031": 999999, "2032": 999999, "2033": 999999, "2034": 999999, "2035": 999999}], "SC_tkqum": [{"EmisId": "EMI_0", "2020": null, "2021": null, "2022": null, "2023": null, "2024": null, "2025": null, "2026": null, "2027": null, "2028": null, "2029": null, "2030": null, "2031": null, "2032": null, "2033": null, "2034": null, "2035": null}]}, "EP": {"SC_0": [{"EmisId": "EMI_0", "2020": 0, "2021": 0, "2022": 0, "2023": 0, "2024": 0, "2025": 0, "2026": 0, "2027": 0, "2028": 0, "2029": 0, "2030": 0, "2031": 0, "2032": 0, "2033": 0, "2034": 0, "2035": 0}], "SC_tkqum": [{"EmisId": "EMI_0", "2020": null, "2021": null, "2022": null, "2023": null, "2024": null, "2025": null, "2026": null, "2027": null, "2028": null, "2029": null, "2030": null, "2031": null, "2032": null, "2033": null, "2034": null, "2035": null}]}, "AEE": {"SC_0": [{"EmisId": "EMI_0", "2020": 0, "2021": 0, "2022": 0, "2023": 0, "2024": 0, "2025": 0, "2026": 0, "2027": 0, "2028": 0, "2029": 0, "2030": 0, "2031": 0, "2032": 0, "2033": 0, "2034": 0, "2035": 0}], "SC_tkqum": [{"EmisId": "EMI_0", "2020": null, "2021": null, "2022": null, "2023": null, "2024": null, "2025": null, "2026": null, "2027": null, "2028": null, "2029": null, "2030": null, "2031": null, "2032": null, "2033": null, "2034": null, "2035": null}]}}