{"INCR": {"SC_0": [], "SC_tkqum": []}, "ITCR": {"SC_0": [{"TechId": "TEC_lmr9o", "CommId": "COM_zeipa", "2020": 0.5, "2021": 0.5, "2022": 0.5, "2023": 0.5, "2024": 0.5, "2025": 0.5, "2026": 0.5, "2027": 0.5, "2028": 0.5, "2029": 0.5, "2030": 0.5, "2031": 0.5, "2032": 0.5, "2033": 0.5, "2034": 0.5, "2035": 0.5}], "SC_tkqum": [{"TechId": "TEC_lmr9o", "CommId": "COM_zeipa", "2020": 10, "2021": 10, "2022": 10, "2023": 10, "2024": 10, "2025": 10, "2026": 10, "2027": 10, "2028": 10, "2029": 10, "2030": 10, "2031": 10, "2032": 10, "2033": 10, "2034": 10, "2035": 10}]}}