{"EAR": {"SC_0": [{"TechId": "TEC_0", "EmisId": "EMI_0", "MoId": 1, "2020": 92, "2021": 92, "2022": 92, "2023": 92, "2024": 92, "2025": 92, "2026": 92, "2027": 92, "2028": 92, "2029": 92, "2030": 92, "2031": 92, "2032": 92, "2033": 92, "2034": 92, "2035": 92}, {"TechId": "TEC_85h7n", "EmisId": "EMI_0", "MoId": 1, "2020": 50, "2021": 50, "2022": 50, "2023": 50, "2024": 50, "2025": 50, "2026": 50, "2027": 50, "2028": 50, "2029": 50, "2030": 50, "2031": 50, "2032": 50, "2033": 50, "2034": 50, "2035": 50}], "SC_tkqum": [{"TechId": "TEC_0", "EmisId": "EMI_0", "MoId": 1, "2020": null, "2021": null, "2022": null, "2023": null, "2024": null, "2025": null, "2026": null, "2027": null, "2028": null, "2029": null, "2030": null, "2031": null, "2032": null, "2033": null, "2034": null, "2035": null}, {"TechId": "TEC_85h7n", "EmisId": "EMI_0", "MoId": 1, "2020": null, "2021": null, "2022": null, "2023": null, "2024": null, "2025": null, "2026": null, "2027": null, "2028": null, "2029": null, "2030": null, "2031": null, "2032": null, "2033": null, "2034": null, "2035": null}]}, "EACR": {"SC_0": [{"TechId": "TEC_0", "EmisId": "EMI_0", "MoId": 1, "2020": 0, "2021": 0, "2022": 0, "2023": 0, "2024": 0, "2025": 0, "2026": 0, "2027": 0, "2028": 0, "2029": 0, "2030": 0, "2031": 0, "2032": 0, "2033": 0, "2034": 0, "2035": 0}, {"TechId": "TEC_85h7n", "EmisId": "EMI_0", "MoId": 1, "2020": 0, "2021": 0, "2022": 0, "2023": 0, "2024": 0, "2025": 0, "2026": 0, "2027": 0, "2028": 0, "2029": 0, "2030": 0, "2031": 0, "2032": 0, "2033": 0, "2034": 0, "2035": 0}], "SC_tkqum": [{"TechId": "TEC_0", "EmisId": "EMI_0", "MoId": 1, "2020": null, "2021": null, "2022": null, "2023": null, "2024": null, "2025": null, "2026": null, "2027": null, "2028": null, "2029": null, "2030": null, "2031": null, "2032": null, "2033": null, "2034": null, "2035": null}, {"TechId": "TEC_85h7n", "EmisId": "EMI_0", "MoId": 1, "2020": null, "2021": null, "2022": null, "2023": null, "2024": null, "2025": null, "2026": null, "2027": null, "2028": null, "2029": null, "2030": null, "2031": null, "2032": null, "2033": null, "2034": null, "2035": null}]}}