{
    "osy-cases": [
        {
            "Case": "REF",
            "CaseId": "CS_0uiw0",
            "Desc": "",
            "Runtime": "Sun Aug 14 2022 13:34:09 GMT-0400 (Eastern Daylight Time)",
            "Scenarios": [
                {
                    "ScenarioId": "SC_0",
                    "Scenario": "SC_0",
                    "Desc": "Base scenario",
                    "Active": true
                }
            ]
        },
        {
            "Case": "test",
            "CaseId": "CS_rmw5c",
            "Desc": "",
            "Runtime": "Tue Aug 16 2022 22:52:06 GMT+0200 (Central European Summer Time)",
            "Scenarios": [
                {
                    "ScenarioId": "SC_0",
                    "Scenario": "SC_0",
                    "Desc": "Base scenario",
                    "Active": true
                }
            ]
        }
    ]
}