{
    "osy-views": {
        "TTMPA": [],
        "ANC": [],
        "CI": [],
        "AFOC": [],
        "AVOC": [],
        "DSV": [],
        "DTEP": [],
        "NC": [],
        "NONTU": [],
        "SV": [],
        "TCA": [],
        "TTAA": [],
        "AE": [],
        "TATABM": [],
        "ITNC": [],
        "ITTC": [],
        "PBTA": [],
        "UBTA": [],
        "ATE": [],
        "ROTA": [],
        "D": [],
        "T": [],
        "ATEBM": [],
        "PBT": [],
        "ROPBT": [],
        "ROUBT": [],
        "UBT": [],
        "ROA": [],
        "ROPBTBM": [],
        "ROUBTBM": []
    }
}