{
    "osy-version": "1.0",
    "osy-casename": "DEMO CASE",
    "osy-desc": "",
    "osy-date": "06/16/2021",
    "osy-currency": "EUR",
    "osy-dr": "9",
    "osy-dm": "1",
    "osy-rmpt": "1",
    "osy-ns": "3",
    "osy-dt": "2",
    "osy-tech": [
        {
            "TechId": "TEC_0",
            "Tech": "TEC_0",
            "Desc": "Default technology",
            "IAR": [],
            "OAR": [],
            "EAR": [
                "EMI_7d7at"
            ],
            "TMPAL": 0,
            "TMPAU": 9999,
            "CAU": 0,
            "OL": 1
        },
        {
            "TechId": "TEC_pfe2r",
            "Tech": "TEC_1",
            "Desc": "Default technology",
            "IAR": [
                "COM_0"
            ],
            "OAR": [
                "COM_0"
            ],
            "EAR": [
                "EMI_0"
            ],
            "TMPAL": 0,
            "TMPAU": 9999,
            "CAU": 0,
            "OL": 1
        },
        {
            "TechId": "TEC_vkrpn",
            "Tech": "TEC_2",
            "Desc": "Default technology",
            "IAR": [],
            "OAR": [],
            "EAR": [],
            "TMPAL": 0,
            "TMPAU": 9999,
            "CAU": 0,
            "OL": 1
        },
        {
            "TechId": "TEC_gtnta",
            "Tech": "TEC_3",
            "Desc": "Default technology",
            "IAR": [
                "COM_yixga",
                "COM_brb3x"
            ],
            "OAR": [
                "COM_yixga",
                "COM_brb3x"
            ],
            "EAR": [],
            "TMPAL": 0,
            "TMPAU": 9999,
            "CAU": 0,
            "OL": 1
        },
        {
            "TechId": "TEC_0a6g8",
            "Tech": "TEC_4",
            "Desc": "Default technology",
            "IAR": [
                "COM_0",
                "COM_yixga",
                "COM_brb3x",
                "COM_mqow7"
            ],
            "OAR": [
                "COM_0",
                "COM_yixga",
                "COM_brb3x",
                "COM_mqow7"
            ],
            "EAR": [
                "EMI_0",
                "EMI_7d7at",
                "EMI_jt59g"
            ],
            "TMPAL": 0,
            "TMPAU": 9999,
            "CAU": 0,
            "OL": 1
        },
        {
            "TechId": "TEC_ab0xd",
            "Tech": "TEC_5",
            "Desc": "Default technology",
            "IAR": [],
            "OAR": [],
            "EAR": [],
            "TMPAL": 0,
            "TMPAU": 9999,
            "CAU": 0,
            "OL": 1
        }
    ],
    "osy-comm": [
        {
            "CommId": "COM_0",
            "Comm": "COM_0",
            "Desc": "Default commodity",
            "UnitId": "PJ"
        },
        {
            "CommId": "COM_yixga",
            "Comm": "COM_1",
            "Desc": "Default commodity",
            "UnitId": "PJ"
        },
        {
            "CommId": "COM_brb3x",
            "Comm": "COM_2",
            "Desc": "Default commodity",
            "UnitId": "PJ"
        },
        {
            "CommId": "COM_mqow7",
            "Comm": "COM_3",
            "Desc": "Default commodity",
            "UnitId": "PJ"
        }
    ],
    "osy-emis": [
        {
            "EmisId": "EMI_0",
            "Emis": "EMI_0",
            "Desc": "Default emission",
            "UnitId": "Ton"
        },
        {
            "EmisId": "EMI_7d7at",
            "Emis": "EMI_2",
            "Desc": "Default emission",
            "UnitId": "Ton"
        },
        {
            "EmisId": "EMI_jt59g",
            "Emis": "EMI_3",
            "Desc": "Default emission",
            "UnitId": "Ton"
        }
    ],
    "osy-scenarios": [
        {
            "ScenarioId": "SC_0",
            "Scenario": "SC_0",
            "Desc": "Base scenario"
        },
        {
            "ScenarioId": "SC_y6bg6",
            "Scenario": "SC_y6bg6",
            "Desc": "Base scenario"
        }
    ],
    "osy-years": [
        "2020",
        "2022",
        "2024",
        "2026",
        "2028",
        "2030",
        "2032",
        "2034",
        "2036",
        "2038",
        "2040",
        "2042",
        "2044",
        "2046",
        "2048",
        "2050"
    ]
}