{
    "EAR": [
        {
            "TechId": "TEC_0",
            "EmisId": "EMI_7d7at",
            "2020": 0,
            "2022": 0,
            "2024": 0,
            "2026": 0,
            "2028": 0,
            "2030": 0,
            "2032": 0,
            "2034": 0,
            "2036": 0,
            "2038": 0,
            "2040": 0,
            "2042": 0,
            "2044": 0,
            "2046": 0,
            "2048": 0,
            "2050": 0
        },
        {
            "TechId": "TEC_pfe2r",
            "EmisId": "EMI_0",
            "2020": 0,
            "2022": 0,
            "2024": 0,
            "2026": 0,
            "2028": 0,
            "2030": 0,
            "2032": 0,
            "2034": 0,
            "2036": 0,
            "2038": 0,
            "2040": 0,
            "2042": 0,
            "2044": 0,
            "2046": 0,
            "2048": 0,
            "2050": 0
        },
        {
            "TechId": "TEC_0a6g8",
            "EmisId": "EMI_0",
            "2020": 0,
            "2022": 0,
            "2024": 0,
            "2026": 0,
            "2028": 0,
            "2030": 0,
            "2032": 0,
            "2034": 0,
            "2036": 0,
            "2038": 0,
            "2040": 0,
            "2042": 0,
            "2044": 0,
            "2046": 0,
            "2048": 0,
            "2050": 0
        },
        {
            "TechId": "TEC_0a6g8",
            "EmisId": "EMI_7d7at",
            "2020": 0,
            "2022": 0,
            "2024": 0,
            "2026": 0,
            "2028": 0,
            "2030": 0,
            "2032": 0,
            "2034": 0,
            "2036": 0,
            "2038": 0,
            "2040": 0,
            "2042": 0,
            "2044": 0,
            "2046": 0,
            "2048": 0,
            "2050": 0
        },
        {
            "TechId": "TEC_0a6g8",
            "EmisId": "EMI_jt59g",
            "2020": 0,
            "2022": 0,
            "2024": 0,
            "2026": 0,
            "2028": 0,
            "2030": 0,
            "2032": 0,
            "2034": 0,
            "2036": 0,
            "2038": 0,
            "2040": 0,
            "2042": 0,
            "2044": 0,
            "2046": 0,
            "2048": 0,
            "2050": 0
        }
    ]
}