{
    "YS": [
        {
            "2020": 0.16,
            "2022": 0.16,
            "2024": 0.16,
            "2026": 0.16,
            "2028": 0.16,
            "2030": 0.16,
            "2032": 0.16,
            "2034": 0.16,
            "2036": 0.16,
            "2038": 0.16,
            "2040": 0.16,
            "2042": 0.16,
            "2044": 0.16,
            "2046": 0.16,
            "2048": 0.16,
            "2050": 0.16,
            "YearSplit": "S11"
        },
        {
            "2020": 0.16,
            "2022": 0.16,
            "2024": 0.16,
            "2026": 0.16,
            "2028": 0.16,
            "2030": 0.16,
            "2032": 0.16,
            "2034": 0.16,
            "2036": 0.16,
            "2038": 0.16,
            "2040": 0.16,
            "2042": 0.16,
            "2044": 0.16,
            "2046": 0.16,
            "2048": 0.16,
            "2050": 0.16,
            "YearSplit": "S12"
        },
        {
            "2020": 0.16,
            "2022": 0.16,
            "2024": 0.16,
            "2026": 0.16,
            "2028": 0.16,
            "2030": 0.16,
            "2032": 0.16,
            "2034": 0.16,
            "2036": 0.16,
            "2038": 0.16,
            "2040": 0.16,
            "2042": 0.16,
            "2044": 0.16,
            "2046": 0.16,
            "2048": 0.16,
            "2050": 0.16,
            "YearSplit": "S21"
        },
        {
            "2020": 0.16,
            "2022": 0.16,
            "2024": 0.16,
            "2026": 0.16,
            "2028": 0.16,
            "2030": 0.16,
            "2032": 0.16,
            "2034": 0.16,
            "2036": 0.16,
            "2038": 0.16,
            "2040": 0.16,
            "2042": 0.16,
            "2044": 0.16,
            "2046": 0.16,
            "2048": 0.16,
            "2050": 0.16,
            "YearSplit": "S22"
        },
        {
            "2020": 0.16,
            "2022": 0.16,
            "2024": 0.16,
            "2026": 0.16,
            "2028": 0.16,
            "2030": 0.16,
            "2032": 0.16,
            "2034": 0.16,
            "2036": 0.16,
            "2038": 0.16,
            "2040": 0.16,
            "2042": 0.16,
            "2044": 0.16,
            "2046": 0.16,
            "2048": 0.16,
            "2050": 0.16,
            "YearSplit": "S31"
        },
        {
            "2020": 0.16,
            "2022": 0.16,
            "2024": 0.16,
            "2026": 0.16,
            "2028": 0.16,
            "2030": 0.16,
            "2032": 0.16,
            "2034": 0.16,
            "2036": 0.16,
            "2038": 0.16,
            "2040": 0.16,
            "2042": 0.16,
            "2044": 0.16,
            "2046": 0.16,
            "2048": 0.16,
            "2050": 0.16,
            "YearSplit": "S32"
        }
    ]
}