{
    "osy-version": "3.0",
    "osy-casename": "Namibia CLEWs_complete",
    "osy-desc": "With water balances",
    "osy-date": "05/10/2022",
    "osy-currency": "USD",
    "osy-ns": "2",
    "osy-dt": "2",
    "osy-mo": "1",
    "osy-tech": [
        {
            "ActUnitId": "PJ",
            "CapUnitId": "GW",
            "Desc": "Coal imports",
            "EAR": [
                "EMI_0"
            ],
            "IAR": [],
            "INCR": [],
            "ITCR": [],
            "OAR": [
                "COM_0"
            ],
            "Tech": "IMPCOA",
            "TechId": "TEC_0"
        },
        {
            "ActUnitId": "PJ",
            "CapUnitId": "GW",
            "Desc": "Import of HFO",
            "EAR": [
                "EMI_0"
            ],
            "IAR": [],
            "INCR": [],
            "ITCR": [],
            "OAR": [
                "COM_23ub5"
            ],
            "Tech": "IMPHFO",
            "TechId": "TEC_s94gf"
        },
        {
            "ActUnitId": "PJ",
            "CapUnitId": "GW",
            "Desc": "Hydro resource",
            "EAR": [],
            "IAR": [],
            "INCR": [],
            "ITCR": [],
            "OAR": [
                "COM_ex5eb"
            ],
            "Tech": "MINHYD",
            "TechId": "TEC_cmb2h"
        },
        {
            "ActUnitId": "PJ",
            "CapUnitId": "GW",
            "Desc": "Solar resource",
            "EAR": [],
            "IAR": [],
            "INCR": [],
            "ITCR": [],
            "OAR": [
                "COM_tkt29"
            ],
            "Tech": "MINSOL",
            "TechId": "TEC_270l3"
        },
        {
            "ActUnitId": "PJ",
            "CapUnitId": "GW",
            "Desc": "Wind resource",
            "EAR": [],
            "IAR": [],
            "INCR": [],
            "ITCR": [],
            "OAR": [
                "COM_l51cl"
            ],
            "Tech": "MINWND",
            "TechId": "TEC_tyj6b"
        },
        {
            "ActUnitId": "PJ",
            "CapUnitId": "GW",
            "Desc": "Van Eck",
            "EAR": [],
            "IAR": [
                "COM_0"
            ],
            "INCR": [],
            "ITCR": [],
            "OAR": [
                "COM_ds81d"
            ],
            "Tech": "PWRCOA001",
            "TechId": "TEC_dsj6c"
        },
        {
            "ActUnitId": "PJ",
            "CapUnitId": "GW",
            "Desc": "Anixas",
            "EAR": [],
            "IAR": [
                "COM_23ub5"
            ],
            "INCR": [],
            "ITCR": [],
            "OAR": [
                "COM_ds81d"
            ],
            "Tech": "PWRHFO001",
            "TechId": "TEC_g26az"
        },
        {
            "ActUnitId": "PJ",
            "CapUnitId": "GW",
            "Desc": "Ruacana",
            "EAR": [],
            "IAR": [
                "COM_ex5eb"
            ],
            "INCR": [],
            "ITCR": [],
            "OAR": [
                "COM_ds81d"
            ],
            "Tech": "PWRHYD001",
            "TechId": "TEC_jhka2"
        },
        {
            "ActUnitId": "PJ",
            "CapUnitId": "GW",
            "Desc": "Solar PV",
            "EAR": [],
            "IAR": [
                "COM_tkt29"
            ],
            "INCR": [],
            "ITCR": [],
            "OAR": [
                "COM_ds81d"
            ],
            "Tech": "PWRSOL001",
            "TechId": "TEC_qm7g6"
        },
        {
            "ActUnitId": "PJ",
            "CapUnitId": "GW",
            "Desc": "Wind turbines",
            "EAR": [],
            "IAR": [
                "COM_l51cl"
            ],
            "INCR": [],
            "ITCR": [],
            "OAR": [
                "COM_ds81d"
            ],
            "Tech": "PWRWND001",
            "TechId": "TEC_i64as"
        },
        {
            "ActUnitId": "PJ",
            "CapUnitId": "GW",
            "Desc": "Tranmission&Distribution network",
            "EAR": [],
            "IAR": [
                "COM_ds81d"
            ],
            "INCR": [],
            "ITCR": [],
            "OAR": [
                "COM_qj523"
            ],
            "Tech": "PWRTRN001",
            "TechId": "TEC_5tbaw"
        },
        {
            "ActUnitId": "PJ",
            "CapUnitId": "GW",
            "Desc": "Biomass power plant",
            "EAR": [],
            "IAR": [
                "COM_175lg"
            ],
            "INCR": [],
            "ITCR": [],
            "OAR": [
                "COM_ds81d"
            ],
            "Tech": "PWRBIO001",
            "TechId": "TEC_ezcew"
        },
        {
            "ActUnitId": "PJ",
            "CapUnitId": "GW",
            "Desc": "Invader bush resource",
            "EAR": [
                "EMI_0"
            ],
            "IAR": [],
            "INCR": [],
            "ITCR": [],
            "OAR": [
                "COM_175lg"
            ],
            "Tech": "MINBIO001",
            "TechId": "TEC_s2uho"
        },
        {
            "ActUnitId": "PJ",
            "CapUnitId": "GW",
            "Desc": "Import of diesel",
            "EAR": [
                "EMI_0"
            ],
            "IAR": [],
            "INCR": [],
            "ITCR": [],
            "OAR": [
                "COM_g7mgy"
            ],
            "Tech": "IMPDSL",
            "TechId": "TEC_i878b"
        },
        {
            "ActUnitId": "PJ",
            "CapUnitId": "GW",
            "Desc": "Import of gasoline",
            "EAR": [
                "EMI_0"
            ],
            "IAR": [],
            "INCR": [],
            "ITCR": [],
            "OAR": [
                "COM_iasyy"
            ],
            "Tech": "IMPGSL",
            "TechId": "TEC_gdac5"
        },
        {
            "ActUnitId": "PJ",
            "CapUnitId": "GW",
            "Desc": "Import of kerosene",
            "EAR": [
                "EMI_0"
            ],
            "IAR": [],
            "INCR": [],
            "ITCR": [],
            "OAR": [
                "COM_3y0kt"
            ],
            "Tech": "IMPKER001",
            "TechId": "TEC_eif72"
        },
        {
            "ActUnitId": "PJ",
            "CapUnitId": "GW",
            "Desc": "Import of LPG",
            "EAR": [
                "EMI_0"
            ],
            "IAR": [],
            "INCR": [],
            "ITCR": [],
            "OAR": [
                "COM_fb1ub"
            ],
            "Tech": "IMPLPG",
            "TechId": "TEC_7vdqi"
        },
        {
            "ActUnitId": "PJ",
            "CapUnitId": "GW",
            "Desc": "Import of aviation fuel",
            "EAR": [
                "EMI_0"
            ],
            "IAR": [],
            "INCR": [],
            "ITCR": [],
            "OAR": [
                "COM_0ikzc"
            ],
            "Tech": "IMPKER002",
            "TechId": "TEC_eajh2"
        },
        {
            "ActUnitId": "PJ",
            "CapUnitId": "GW",
            "Desc": "Import of LNG",
            "EAR": [
                "EMI_0"
            ],
            "IAR": [],
            "INCR": [],
            "ITCR": [],
            "OAR": [
                "COM_ewlql"
            ],
            "Tech": "IMPLNG",
            "TechId": "TEC_44tbl"
        },
        {
            "ActUnitId": "PJ",
            "CapUnitId": "GW",
            "Desc": "New coal power plants",
            "EAR": [],
            "IAR": [
                "COM_0"
            ],
            "INCR": [],
            "ITCR": [],
            "OAR": [
                "COM_ds81d"
            ],
            "Tech": "PWRCOA002",
            "TechId": "TEC_gnp14"
        },
        {
            "ActUnitId": "PJ",
            "CapUnitId": "GW",
            "Desc": "Kudo CCGT and new CCGT",
            "EAR": [],
            "IAR": [
                "COM_ewlql"
            ],
            "INCR": [],
            "ITCR": [],
            "OAR": [
                "COM_ds81d"
            ],
            "Tech": "PWRNGS001",
            "TechId": "TEC_nz0ek"
        },
        {
            "ActUnitId": "PJ",
            "CapUnitId": "GW",
            "Desc": "Kudo NG OCGT",
            "EAR": [],
            "IAR": [
                "COM_ewlql"
            ],
            "INCR": [],
            "ITCR": [],
            "OAR": [
                "COM_ds81d"
            ],
            "Tech": "PWRNGS002",
            "TechId": "TEC_e1dpb"
        },
        {
            "ActUnitId": "PJ",
            "CapUnitId": "GW",
            "Desc": "New LNG OCGT",
            "EAR": [],
            "IAR": [
                "COM_ewlql"
            ],
            "INCR": [],
            "ITCR": [],
            "OAR": [
                "COM_ds81d"
            ],
            "Tech": "PWRNGS003",
            "TechId": "TEC_qbrrv"
        },
        {
            "ActUnitId": "PJ",
            "CapUnitId": "GW",
            "Desc": "Baynes hydro",
            "EAR": [],
            "IAR": [
                "COM_ex5eb"
            ],
            "INCR": [],
            "ITCR": [],
            "OAR": [
                "COM_ds81d"
            ],
            "Tech": "PWRHYD002",
            "TechId": "TEC_9mdeo"
        },
        {
            "ActUnitId": "PJ",
            "CapUnitId": "GW",
            "Desc": "L. Orange Hydro",
            "EAR": [],
            "IAR": [
                "COM_ex5eb"
            ],
            "INCR": [],
            "ITCR": [],
            "OAR": [
                "COM_ds81d"
            ],
            "Tech": "PWRHYD003",
            "TechId": "TEC_rrleq"
        },
        {
            "ActUnitId": "PJ",
            "CapUnitId": "GW",
            "Desc": "Solar PV distributed",
            "EAR": [],
            "IAR": [
                "COM_tkt29"
            ],
            "INCR": [],
            "ITCR": [],
            "OAR": [
                "COM_qj523"
            ],
            "Tech": "PWRSOL002",
            "TechId": "TEC_w3qbp"
        },
        {
            "ActUnitId": "PJ",
            "CapUnitId": "GW",
            "Desc": "New CSP",
            "EAR": [],
            "IAR": [
                "COM_tkt29"
            ],
            "INCR": [],
            "ITCR": [],
            "OAR": [
                "COM_ds81d"
            ],
            "Tech": "PWRSOL003",
            "TechId": "TEC_hg485"
        },
        {
            "ActUnitId": "PJ",
            "CapUnitId": "GW",
            "Desc": "New Anixas II HFO",
            "EAR": [],
            "IAR": [
                "COM_23ub5"
            ],
            "INCR": [],
            "ITCR": [],
            "OAR": [
                "COM_ds81d"
            ],
            "Tech": "PWRHFO002",
            "TechId": "TEC_tvfb0"
        },
        {
            "ActUnitId": "PJ",
            "CapUnitId": "GW",
            "Desc": "New HFO ICRE",
            "EAR": [],
            "IAR": [
                "COM_23ub5"
            ],
            "INCR": [],
            "ITCR": [],
            "OAR": [
                "COM_ds81d"
            ],
            "Tech": "PWRHFO003",
            "TechId": "TEC_curyb"
        },
        {
            "ActUnitId": "PJ",
            "CapUnitId": "GW",
            "Desc": "El import South Africa",
            "EAR": [],
            "IAR": [],
            "INCR": [],
            "ITCR": [],
            "OAR": [
                "COM_ds81d"
            ],
            "Tech": "IMPELC001",
            "TechId": "TEC_frt7y"
        },
        {
            "ActUnitId": "PJ",
            "CapUnitId": "GW",
            "Desc": "El import Zambia",
            "EAR": [],
            "IAR": [],
            "INCR": [],
            "ITCR": [],
            "OAR": [
                "COM_ds81d"
            ],
            "Tech": "IMPELC002",
            "TechId": "TEC_zbsqx"
        },
        {
            "ActUnitId": "PJ",
            "CapUnitId": "GW",
            "Desc": "El import Zimbabwe",
            "EAR": [],
            "IAR": [],
            "INCR": [],
            "ITCR": [],
            "OAR": [
                "COM_ds81d"
            ],
            "Tech": "IMPELC003",
            "TechId": "TEC_tc3wo"
        },
        {
            "ActUnitId": "PJ",
            "CapUnitId": "GW",
            "Desc": "Accounting transport gasoline",
            "EAR": [],
            "IAR": [
                "COM_iasyy"
            ],
            "INCR": [],
            "ITCR": [],
            "OAR": [
                "COM_n2oc3"
            ],
            "Tech": "DEMTRAGSL",
            "TechId": "TEC_t1h1g"
        },
        {
            "ActUnitId": "PJ",
            "CapUnitId": "GW",
            "Desc": "Accounting transport diesel",
            "EAR": [],
            "IAR": [
                "COM_g7mgy"
            ],
            "INCR": [],
            "ITCR": [],
            "OAR": [
                "COM_1rtbu"
            ],
            "Tech": "DEMTRADSL",
            "TechId": "TEC_bgej8"
        },
        {
            "ActUnitId": "PJ",
            "CapUnitId": "GW",
            "Desc": "Accounting industry diesel",
            "EAR": [],
            "IAR": [
                "COM_g7mgy"
            ],
            "INCR": [],
            "ITCR": [],
            "OAR": [
                "COM_ny1ak"
            ],
            "Tech": "DEMINDDSL",
            "TechId": "TEC_xpkp3"
        },
        {
            "ActUnitId": "PJ",
            "CapUnitId": "GW",
            "Desc": "Accounting agriculture diesel",
            "EAR": [],
            "IAR": [
                "COM_g7mgy"
            ],
            "INCR": [],
            "ITCR": [],
            "OAR": [
                "COM_b3hba"
            ],
            "Tech": "DEMAGRDSL",
            "TechId": "TEC_l4nc0"
        },
        {
            "ActUnitId": "PJ",
            "CapUnitId": "GW",
            "Desc": "Accounting other diesel",
            "EAR": [],
            "IAR": [
                "COM_g7mgy"
            ],
            "INCR": [],
            "ITCR": [],
            "OAR": [
                "COM_88so7"
            ],
            "Tech": "DEMOTHDSL",
            "TechId": "TEC_wuwrr"
        },
        {
            "ActUnitId": "PJ",
            "CapUnitId": "GW",
            "Desc": "Accounting industry HFO",
            "EAR": [],
            "IAR": [
                "COM_23ub5"
            ],
            "INCR": [],
            "ITCR": [],
            "OAR": [
                "COM_xhmr2"
            ],
            "Tech": "DEMINDHFO",
            "TechId": "TEC_dbkq9"
        },
        {
            "ActUnitId": "PJ",
            "CapUnitId": "GW",
            "Desc": "Accounting transport HFO",
            "EAR": [],
            "IAR": [
                "COM_23ub5"
            ],
            "INCR": [],
            "ITCR": [],
            "OAR": [
                "COM_omktu"
            ],
            "Tech": "DEMTRAHFO",
            "TechId": "TEC_y255t"
        },
        {
            "ActUnitId": "TJ",
            "CapUnitId": "GW",
            "Desc": "Accounting commercial HFO",
            "EAR": [],
            "IAR": [
                "COM_23ub5"
            ],
            "INCR": [],
            "ITCR": [],
            "OAR": [
                "COM_sax2w"
            ],
            "Tech": "DEMCOMHFO",
            "TechId": "TEC_adic9"
        },
        {
            "ActUnitId": "PJ",
            "CapUnitId": "GW",
            "Desc": "Accounting agriculture HFO",
            "EAR": [],
            "IAR": [
                "COM_23ub5"
            ],
            "INCR": [],
            "ITCR": [],
            "OAR": [
                "COM_0s242"
            ],
            "Tech": "DEMAGRHFO",
            "TechId": "TEC_vai8d"
        },
        {
            "ActUnitId": "PJ",
            "CapUnitId": "GW",
            "Desc": "Accounting residential kerosene",
            "EAR": [],
            "IAR": [
                "COM_3y0kt"
            ],
            "INCR": [],
            "ITCR": [],
            "OAR": [
                "COM_bd2i2"
            ],
            "Tech": "DEMRESKER",
            "TechId": "TEC_1q89q"
        },
        {
            "ActUnitId": "PJ",
            "CapUnitId": "GW",
            "Desc": "Accounting residential charcoal",
            "EAR": [],
            "IAR": [
                "COM_g9l0t"
            ],
            "INCR": [],
            "ITCR": [],
            "OAR": [
                "COM_1e5vi"
            ],
            "Tech": "DEMRESCHC",
            "TechId": "TEC_yhanf"
        },
        {
            "ActUnitId": "PJ",
            "CapUnitId": "GW",
            "Desc": "Accounting industry biomass",
            "EAR": [],
            "IAR": [
                "COM_175lg"
            ],
            "INCR": [],
            "ITCR": [],
            "OAR": [
                "COM_bo8pv"
            ],
            "Tech": "DEMINDBIO",
            "TechId": "TEC_5lrjy"
        },
        {
            "ActUnitId": "PJ",
            "CapUnitId": "GW",
            "Desc": "Accounting residential biomass",
            "EAR": [],
            "IAR": [
                "COM_175lg"
            ],
            "INCR": [],
            "ITCR": [],
            "OAR": [
                "COM_swmmi"
            ],
            "Tech": "DEMRESBIO",
            "TechId": "TEC_j7wue"
        },
        {
            "ActUnitId": "PJ",
            "CapUnitId": "GW",
            "Desc": "Accounting industry LPG",
            "EAR": [],
            "IAR": [
                "COM_fb1ub"
            ],
            "INCR": [],
            "ITCR": [],
            "OAR": [
                "COM_enfga"
            ],
            "Tech": "DEMINDLPG",
            "TechId": "TEC_c06hu"
        },
        {
            "ActUnitId": "PJ",
            "CapUnitId": "GW",
            "Desc": "Accounting transport LPG",
            "EAR": [],
            "IAR": [
                "COM_fb1ub"
            ],
            "INCR": [],
            "ITCR": [],
            "OAR": [
                "COM_mocsn"
            ],
            "Tech": "DEMTRALPG",
            "TechId": "TEC_5vk1y"
        },
        {
            "ActUnitId": "PJ",
            "CapUnitId": "GW",
            "Desc": "Accounting agriculture LPG",
            "EAR": [],
            "IAR": [
                "COM_fb1ub"
            ],
            "INCR": [],
            "ITCR": [],
            "OAR": [
                "COM_cihp6"
            ],
            "Tech": "DEMAGRLPG",
            "TechId": "TEC_lz34p"
        },
        {
            "ActUnitId": "PJ",
            "CapUnitId": "GW",
            "Desc": "Accounting other LPG",
            "EAR": [],
            "IAR": [
                "COM_fb1ub"
            ],
            "INCR": [],
            "ITCR": [],
            "OAR": [
                "COM_on500"
            ],
            "Tech": "DEMOTHLPG",
            "TechId": "TEC_wv84j"
        },
        {
            "ActUnitId": "PJ",
            "CapUnitId": "GW",
            "Desc": "Charcoal production",
            "EAR": [
                "EMI_0"
            ],
            "IAR": [],
            "INCR": [],
            "ITCR": [],
            "OAR": [
                "COM_g9l0t"
            ],
            "Tech": "MINCHC",
            "TechId": "TEC_ar4yz"
        },
        {
            "ActUnitId": "PJ",
            "CapUnitId": "GW",
            "Desc": "Other SAPP imports",
            "EAR": [],
            "IAR": [],
            "INCR": [],
            "ITCR": [],
            "OAR": [
                "COM_ds81d"
            ],
            "Tech": "IMPELC004",
            "TechId": "TEC_ug3zs"
        },
        {
            "ActUnitId": "10<sup>9</sup>m<sup>3</sup>",
            "CapUnitId": "10<sup>9</sup>m<sup>3</sup>",
            "Desc": "Precipitation resource",
            "EAR": [],
            "IAR": [],
            "INCR": [],
            "ITCR": [],
            "OAR": [
                "COM_i3mih"
            ],
            "Tech": "MINPRC",
            "TechId": "TEC_0ul5z"
        },
        {
            "ActUnitId": "10<sup>9</sup>m<sup>3</sup>",
            "CapUnitId": "10<sup>9</sup>m<sup>3</sup>",
            "Desc": "Surface water withdrawal for agriculture",
            "EAR": [],
            "IAR": [
                "COM_qj523",
                "COM_deg2g"
            ],
            "INCR": [],
            "ITCR": [],
            "OAR": [
                "COM_45nbg"
            ],
            "Tech": "DEMAGRSURWAT",
            "TechId": "TEC_455yj"
        },
        {
            "ActUnitId": "10<sup>9</sup>m<sup>3</sup>",
            "CapUnitId": "10<sup>9</sup>m<sup>3</sup>",
            "Desc": "Groundwater withdrawal for agriculture",
            "EAR": [],
            "IAR": [
                "COM_qj523",
                "COM_bcisl"
            ],
            "INCR": [],
            "ITCR": [],
            "OAR": [
                "COM_45nbg"
            ],
            "Tech": "DEMAGRGWTWAT",
            "TechId": "TEC_i3nqg"
        },
        {
            "ActUnitId": "10<sup>9</sup>m<sup>3</sup>",
            "CapUnitId": "10<sup>9</sup>m<sup>3</sup>",
            "Desc": "Surface water withdrawal for other uses",
            "EAR": [],
            "IAR": [
                "COM_deg2g"
            ],
            "INCR": [],
            "ITCR": [],
            "OAR": [
                "COM_ehocl"
            ],
            "Tech": "DEMPUBSURWAT",
            "TechId": "TEC_euv6c"
        },
        {
            "ActUnitId": "10<sup>9</sup>m<sup>3</sup>",
            "CapUnitId": "10<sup>9</sup>m<sup>3</sup>",
            "Desc": "Groundwater withdrawal for other uses",
            "EAR": [],
            "IAR": [
                "COM_bcisl"
            ],
            "INCR": [],
            "ITCR": [],
            "OAR": [
                "COM_ehocl"
            ],
            "Tech": "DEMPUBGWTWAT",
            "TechId": "TEC_sbodc"
        },
        {
            "ActUnitId": "10<sup>9</sup>m<sup>3</sup>",
            "CapUnitId": "10<sup>9</sup>m<sup>3</sup>",
            "Desc": "Surface water withdrawal for power sector",
            "EAR": [],
            "IAR": [
                "COM_deg2g"
            ],
            "INCR": [],
            "ITCR": [],
            "OAR": [
                "COM_m6lf8"
            ],
            "Tech": "DEMPWRSURWAT",
            "TechId": "TEC_2bvux"
        },
        {
            "ActUnitId": "10<sup>9</sup>m<sup>3</sup>",
            "CapUnitId": "10<sup>9</sup>m<sup>3</sup>",
            "Desc": "Groundwater withdrawal for power sector",
            "EAR": [],
            "IAR": [
                "COM_bcisl"
            ],
            "INCR": [],
            "ITCR": [],
            "OAR": [
                "COM_m6lf8"
            ],
            "Tech": "DEMPWRGWTWAT",
            "TechId": "TEC_ntyd1"
        },
        {
            "ActUnitId": "10<sup>3</sup>km<sup>2</sup>",
            "CapUnitId": "10<sup>3</sup>km<sup>2</sup>",
            "Desc": "Land resource",
            "EAR": [],
            "IAR": [],
            "INCR": [],
            "ITCR": [],
            "OAR": [
                "COM_7bsii"
            ],
            "Tech": "MINLND",
            "TechId": "TEC_ki1ip"
        },
        {
            "ActUnitId": "10<sup>3</sup>km<sup>2</sup>",
            "CapUnitId": "10<sup>3</sup>km<sup>2</sup>",
            "Desc": "Land for maize, irrigated high input",
            "EAR": [],
            "IAR": [
                "COM_i3mih",
                "COM_45nbg",
                "COM_7bsii"
            ],
            "INCR": [],
            "ITCR": [],
            "OAR": [
                "COM_f6jb9",
                "COM_bcisl",
                "COM_deg2g",
                "COM_gdpzk"
            ],
            "Tech": "LNDMAIHI",
            "TechId": "TEC_1q0ng"
        },
        {
            "ActUnitId": "10<sup>3</sup>km<sup>2</sup>",
            "CapUnitId": "10<sup>3</sup>km<sup>2</sup>",
            "Desc": "Land for maize, rainfed high input",
            "EAR": [],
            "IAR": [
                "COM_i3mih",
                "COM_45nbg",
                "COM_7bsii"
            ],
            "INCR": [],
            "ITCR": [],
            "OAR": [
                "COM_f6jb9",
                "COM_bcisl",
                "COM_deg2g",
                "COM_gdpzk"
            ],
            "Tech": "LNDMAIHR",
            "TechId": "TEC_rzsr6"
        },
        {
            "ActUnitId": "10<sup>3</sup>km<sup>2</sup>",
            "CapUnitId": "10<sup>3</sup>km<sup>2</sup>",
            "Desc": "Land for maize, irrigated intermediate input",
            "EAR": [],
            "IAR": [
                "COM_i3mih",
                "COM_45nbg",
                "COM_7bsii"
            ],
            "INCR": [],
            "ITCR": [],
            "OAR": [
                "COM_f6jb9",
                "COM_bcisl",
                "COM_deg2g",
                "COM_gdpzk"
            ],
            "Tech": "LNDMAIII",
            "TechId": "TEC_3nxlk"
        },
        {
            "ActUnitId": "10<sup>3</sup>km<sup>2</sup>",
            "CapUnitId": "10<sup>3</sup>km<sup>2</sup>",
            "Desc": "Land for maize, rainfed intermediate input",
            "EAR": [],
            "IAR": [
                "COM_i3mih",
                "COM_45nbg",
                "COM_7bsii"
            ],
            "INCR": [],
            "ITCR": [],
            "OAR": [
                "COM_f6jb9",
                "COM_bcisl",
                "COM_deg2g",
                "COM_gdpzk"
            ],
            "Tech": "LNDMAIIR",
            "TechId": "TEC_ada3c"
        },
        {
            "ActUnitId": "10<sup>3</sup>km<sup>2</sup>",
            "CapUnitId": "10<sup>3</sup>km<sup>2</sup>",
            "Desc": "Land for maize, rainfed low input",
            "EAR": [],
            "IAR": [
                "COM_i3mih",
                "COM_45nbg",
                "COM_7bsii"
            ],
            "INCR": [],
            "ITCR": [],
            "OAR": [
                "COM_f6jb9",
                "COM_bcisl",
                "COM_deg2g",
                "COM_gdpzk"
            ],
            "Tech": "LNDMAILR",
            "TechId": "TEC_4o221"
        },
        {
            "ActUnitId": "10<sup>3</sup>km<sup>2</sup>",
            "CapUnitId": "10<sup>3</sup>km<sup>2</sup>",
            "Desc": "Land for sorghum, rainfed high input",
            "EAR": [],
            "IAR": [
                "COM_i3mih",
                "COM_45nbg",
                "COM_7bsii"
            ],
            "INCR": [],
            "ITCR": [],
            "OAR": [
                "COM_f6jb9",
                "COM_bcisl",
                "COM_deg2g",
                "COM_nhc36"
            ],
            "Tech": "LNDSORHI",
            "TechId": "TEC_19gvj"
        },
        {
            "ActUnitId": "10<sup>3</sup>km<sup>2</sup>",
            "CapUnitId": "10<sup>3</sup>km<sup>2</sup>",
            "Desc": "Land for sorghum, rainfed high input",
            "EAR": [],
            "IAR": [
                "COM_i3mih",
                "COM_45nbg",
                "COM_7bsii"
            ],
            "INCR": [],
            "ITCR": [],
            "OAR": [
                "COM_f6jb9",
                "COM_bcisl",
                "COM_deg2g",
                "COM_nhc36"
            ],
            "Tech": "LNDSORHR",
            "TechId": "TEC_pgyuc"
        },
        {
            "ActUnitId": "10<sup>3</sup>km<sup>2</sup>",
            "CapUnitId": "10<sup>3</sup>km<sup>2</sup>",
            "Desc": "Land for sorghum, irrigated intermediate input",
            "EAR": [],
            "IAR": [
                "COM_i3mih",
                "COM_45nbg",
                "COM_7bsii"
            ],
            "INCR": [],
            "ITCR": [],
            "OAR": [
                "COM_f6jb9",
                "COM_bcisl",
                "COM_deg2g",
                "COM_nhc36"
            ],
            "Tech": "LNDSORII",
            "TechId": "TEC_undyl"
        },
        {
            "ActUnitId": "10<sup>3</sup>km<sup>2</sup>",
            "CapUnitId": "10<sup>3</sup>km<sup>2</sup>",
            "Desc": "Land for sorghum, rainfed intermediate input",
            "EAR": [],
            "IAR": [
                "COM_i3mih",
                "COM_45nbg",
                "COM_7bsii"
            ],
            "INCR": [],
            "ITCR": [],
            "OAR": [
                "COM_f6jb9",
                "COM_bcisl",
                "COM_deg2g",
                "COM_nhc36"
            ],
            "Tech": "LNDSORIR",
            "TechId": "TEC_5e0qf"
        },
        {
            "ActUnitId": "10<sup>3</sup>km<sup>2</sup>",
            "CapUnitId": "10<sup>3</sup>km<sup>2</sup>",
            "Desc": "Land for sorghum, rainfed low input",
            "EAR": [],
            "IAR": [
                "COM_i3mih",
                "COM_45nbg",
                "COM_7bsii"
            ],
            "INCR": [],
            "ITCR": [],
            "OAR": [
                "COM_f6jb9",
                "COM_bcisl",
                "COM_deg2g",
                "COM_nhc36"
            ],
            "Tech": "LNDSORLR",
            "TechId": "TEC_zk9l9"
        },
        {
            "ActUnitId": "10<sup>3</sup>km<sup>2</sup>",
            "CapUnitId": "10<sup>3</sup>km<sup>2</sup>",
            "Desc": "Land for millet, rainfed high input",
            "EAR": [],
            "IAR": [
                "COM_i3mih",
                "COM_45nbg",
                "COM_7bsii"
            ],
            "INCR": [],
            "ITCR": [],
            "OAR": [
                "COM_f6jb9",
                "COM_bcisl",
                "COM_deg2g",
                "COM_bvq16"
            ],
            "Tech": "LNDMTPHI",
            "TechId": "TEC_n8j31"
        },
        {
            "ActUnitId": "10<sup>3</sup>km<sup>2</sup>",
            "CapUnitId": "10<sup>3</sup>km<sup>2</sup>",
            "Desc": "Land for millet, rainfed high input",
            "EAR": [],
            "IAR": [
                "COM_i3mih",
                "COM_45nbg",
                "COM_7bsii"
            ],
            "INCR": [],
            "ITCR": [],
            "OAR": [
                "COM_f6jb9",
                "COM_bcisl",
                "COM_deg2g",
                "COM_bvq16"
            ],
            "Tech": "LNDMTPHR",
            "TechId": "TEC_pkpw4"
        },
        {
            "ActUnitId": "10<sup>3</sup>km<sup>2</sup>",
            "CapUnitId": "10<sup>3</sup>km<sup>2</sup>",
            "Desc": "Land for millet, irrigated intermediate input",
            "EAR": [],
            "IAR": [
                "COM_i3mih",
                "COM_45nbg",
                "COM_7bsii"
            ],
            "INCR": [],
            "ITCR": [],
            "OAR": [
                "COM_f6jb9",
                "COM_bcisl",
                "COM_deg2g",
                "COM_bvq16"
            ],
            "Tech": "LNDMTPII",
            "TechId": "TEC_c29vu"
        },
        {
            "ActUnitId": "10<sup>3</sup>km<sup>2</sup>",
            "CapUnitId": "10<sup>3</sup>km<sup>2</sup>",
            "Desc": "Land for millet, rainfed intermediate input",
            "EAR": [],
            "IAR": [
                "COM_i3mih",
                "COM_45nbg",
                "COM_7bsii"
            ],
            "INCR": [],
            "ITCR": [],
            "OAR": [
                "COM_f6jb9",
                "COM_bcisl",
                "COM_deg2g",
                "COM_bvq16"
            ],
            "Tech": "LNDMTPIR",
            "TechId": "TEC_9uq0p"
        },
        {
            "ActUnitId": "10<sup>3</sup>km<sup>2</sup>",
            "CapUnitId": "10<sup>3</sup>km<sup>2</sup>",
            "Desc": "Land for millet, rainfed low input",
            "EAR": [],
            "IAR": [
                "COM_i3mih",
                "COM_45nbg",
                "COM_7bsii"
            ],
            "INCR": [],
            "ITCR": [],
            "OAR": [
                "COM_f6jb9",
                "COM_bcisl",
                "COM_deg2g",
                "COM_bvq16"
            ],
            "Tech": "LNDMTPLR",
            "TechId": "TEC_vtq18"
        },
        {
            "ActUnitId": "10<sup>3</sup>km<sup>2</sup>",
            "CapUnitId": "10<sup>3</sup>km<sup>2</sup>",
            "Desc": "Land for built environment",
            "EAR": [],
            "IAR": [
                "COM_i3mih",
                "COM_45nbg",
                "COM_7bsii"
            ],
            "INCR": [],
            "ITCR": [],
            "OAR": [
                "COM_f6jb9",
                "COM_bcisl",
                "COM_deg2g"
            ],
            "Tech": "LNDBLT",
            "TechId": "TEC_rjxhf"
        },
        {
            "ActUnitId": "10<sup>3</sup>km<sup>2</sup>",
            "CapUnitId": "10<sup>3</sup>km<sup>2</sup>",
            "Desc": "Land for water bodies",
            "EAR": [],
            "IAR": [
                "COM_i3mih",
                "COM_45nbg",
                "COM_7bsii"
            ],
            "INCR": [],
            "ITCR": [],
            "OAR": [
                "COM_f6jb9",
                "COM_bcisl",
                "COM_deg2g"
            ],
            "Tech": "LNDWAT",
            "TechId": "TEC_aec4r"
        },
        {
            "ActUnitId": "10<sup>3</sup>km<sup>2</sup>",
            "CapUnitId": "10<sup>3</sup>km<sup>2</sup>",
            "Desc": "Land for pastures",
            "EAR": [],
            "IAR": [
                "COM_i3mih",
                "COM_45nbg",
                "COM_7bsii"
            ],
            "INCR": [],
            "ITCR": [],
            "OAR": [
                "COM_f6jb9",
                "COM_bcisl",
                "COM_deg2g",
                "COM_30fh3"
            ],
            "Tech": "LNDGRS",
            "TechId": "TEC_oz43d"
        },
        {
            "ActUnitId": "10<sup>3</sup>",
            "CapUnitId": "10<sup>3</sup>",
            "Desc": "Cattle",
            "EAR": [],
            "IAR": [
                "COM_30fh3"
            ],
            "INCR": [],
            "ITCR": [],
            "OAR": [
                "COM_cj19n",
                "COM_ns3p9"
            ],
            "Tech": "DEMLVSCTL",
            "TechId": "TEC_hx3n8"
        },
        {
            "ActUnitId": "10<sup>3</sup>km<sup>2</sup>",
            "CapUnitId": "10<sup>3</sup>km<sup>2</sup>",
            "Desc": "Barren, arid and savanna land",
            "EAR": [],
            "IAR": [
                "COM_i3mih",
                "COM_45nbg",
                "COM_7bsii"
            ],
            "INCR": [],
            "ITCR": [],
            "OAR": [
                "COM_f6jb9",
                "COM_bcisl",
                "COM_deg2g"
            ],
            "Tech": "LNDBAR",
            "TechId": "TEC_gmdir"
        },
        {
            "ActUnitId": "10<sup>3</sup>km<sup>2</sup>",
            "CapUnitId": "10<sup>3</sup>km<sup>2</sup>",
            "Desc": "Land for beans, irrigated high input",
            "EAR": [],
            "IAR": [
                "COM_i3mih",
                "COM_45nbg",
                "COM_7bsii"
            ],
            "INCR": [],
            "ITCR": [],
            "OAR": [
                "COM_f6jb9",
                "COM_bcisl",
                "COM_deg2g",
                "COM_nodud"
            ],
            "Tech": "LNDBEAHI",
            "TechId": "TEC_oip80"
        },
        {
            "ActUnitId": "10<sup>3</sup>km<sup>2</sup>",
            "CapUnitId": "10<sup>3</sup>km<sup>2</sup>",
            "Desc": "Land for beans, rainfed high input",
            "EAR": [],
            "IAR": [
                "COM_i3mih",
                "COM_45nbg",
                "COM_7bsii"
            ],
            "INCR": [],
            "ITCR": [],
            "OAR": [
                "COM_f6jb9",
                "COM_bcisl",
                "COM_deg2g",
                "COM_nodud"
            ],
            "Tech": "LNDBEAII",
            "TechId": "TEC_soxd3"
        },
        {
            "ActUnitId": "10<sup>3</sup>km<sup>2</sup>",
            "CapUnitId": "10<sup>3</sup>km<sup>2</sup>",
            "Desc": "Land for beans, irrigated intermediate input",
            "EAR": [],
            "IAR": [
                "COM_i3mih",
                "COM_45nbg",
                "COM_7bsii"
            ],
            "INCR": [],
            "ITCR": [],
            "OAR": [
                "COM_f6jb9",
                "COM_bcisl",
                "COM_deg2g",
                "COM_nodud"
            ],
            "Tech": "LNDBEAHR",
            "TechId": "TEC_7rdzj"
        },
        {
            "ActUnitId": "10<sup>3</sup>km<sup>2</sup>",
            "CapUnitId": "10<sup>3</sup>km<sup>2</sup>",
            "Desc": "Land for beans, rainfed intermediate input",
            "EAR": [],
            "IAR": [
                "COM_i3mih",
                "COM_45nbg",
                "COM_7bsii"
            ],
            "INCR": [],
            "ITCR": [],
            "OAR": [
                "COM_f6jb9",
                "COM_bcisl",
                "COM_deg2g",
                "COM_nodud"
            ],
            "Tech": "LNDBEAIR",
            "TechId": "TEC_im9bl"
        },
        {
            "ActUnitId": "10<sup>3</sup>km<sup>2</sup>",
            "CapUnitId": "10<sup>3</sup>km<sup>2</sup>",
            "Desc": "Land for beans, rainfed low input",
            "EAR": [],
            "IAR": [
                "COM_i3mih",
                "COM_45nbg",
                "COM_7bsii"
            ],
            "INCR": [],
            "ITCR": [],
            "OAR": [
                "COM_f6jb9",
                "COM_bcisl",
                "COM_deg2g",
                "COM_nodud"
            ],
            "Tech": "LNDBEALR",
            "TechId": "TEC_lp7es"
        },
        {
            "ActUnitId": "10<sup>3</sup>km<sup>2</sup>",
            "CapUnitId": "10<sup>3</sup>km<sup>2</sup>",
            "Desc": "Land for cabbage, irrigated high input",
            "EAR": [],
            "IAR": [
                "COM_i3mih",
                "COM_45nbg",
                "COM_7bsii"
            ],
            "INCR": [],
            "ITCR": [],
            "OAR": [
                "COM_f6jb9",
                "COM_bcisl",
                "COM_deg2g",
                "COM_zswul"
            ],
            "Tech": "LNDCABHI",
            "TechId": "TEC_w3clo"
        },
        {
            "ActUnitId": "10<sup>3</sup>km<sup>2</sup>",
            "CapUnitId": "10<sup>3</sup>km<sup>2</sup>",
            "Desc": "Land for cabbage, rainfed high input",
            "EAR": [],
            "IAR": [
                "COM_i3mih",
                "COM_45nbg",
                "COM_7bsii"
            ],
            "INCR": [],
            "ITCR": [],
            "OAR": [
                "COM_f6jb9",
                "COM_bcisl",
                "COM_deg2g",
                "COM_zswul"
            ],
            "Tech": "LNDCABHR",
            "TechId": "TEC_l61yd"
        },
        {
            "ActUnitId": "10<sup>3</sup>km<sup>2</sup>",
            "CapUnitId": "10<sup>3</sup>km<sup>2</sup>",
            "Desc": "Land for cabbage, irrigated intermediate input",
            "EAR": [],
            "IAR": [
                "COM_i3mih",
                "COM_45nbg",
                "COM_7bsii"
            ],
            "INCR": [],
            "ITCR": [],
            "OAR": [
                "COM_f6jb9",
                "COM_bcisl",
                "COM_deg2g",
                "COM_zswul"
            ],
            "Tech": "LNDCABII",
            "TechId": "TEC_wtldq"
        },
        {
            "ActUnitId": "10<sup>3</sup>km<sup>2</sup>",
            "CapUnitId": "10<sup>3</sup>km<sup>2</sup>",
            "Desc": "Land for cabbage, rainfed intermediate input",
            "EAR": [],
            "IAR": [
                "COM_i3mih",
                "COM_45nbg",
                "COM_7bsii"
            ],
            "INCR": [],
            "ITCR": [],
            "OAR": [
                "COM_f6jb9",
                "COM_bcisl",
                "COM_deg2g",
                "COM_zswul"
            ],
            "Tech": "LNDCABIR",
            "TechId": "TEC_1sk14"
        },
        {
            "ActUnitId": "10<sup>3</sup>km<sup>2</sup>",
            "CapUnitId": "10<sup>3</sup>km<sup>2</sup>",
            "Desc": "Land for cabbage, rainfed low input",
            "EAR": [],
            "IAR": [
                "COM_i3mih",
                "COM_45nbg",
                "COM_7bsii"
            ],
            "INCR": [],
            "ITCR": [],
            "OAR": [
                "COM_f6jb9",
                "COM_bcisl",
                "COM_deg2g",
                "COM_zswul"
            ],
            "Tech": "LNDCABLR",
            "TechId": "TEC_knp9a"
        },
        {
            "ActUnitId": "10<sup>3</sup>km<sup>2</sup>",
            "CapUnitId": "10<sup>3</sup>km<sup>2</sup>",
            "Desc": "Land for onions, irrigated high input",
            "EAR": [],
            "IAR": [
                "COM_i3mih",
                "COM_45nbg",
                "COM_7bsii"
            ],
            "INCR": [],
            "ITCR": [],
            "OAR": [
                "COM_f6jb9",
                "COM_bcisl",
                "COM_deg2g",
                "COM_ioi72"
            ],
            "Tech": "LNDONIHI",
            "TechId": "TEC_gcv6i"
        },
        {
            "ActUnitId": "10<sup>3</sup>km<sup>2</sup>",
            "CapUnitId": "10<sup>3</sup>km<sup>2</sup>",
            "Desc": "Land for onions, rainfed high input",
            "EAR": [],
            "IAR": [
                "COM_i3mih",
                "COM_45nbg",
                "COM_7bsii"
            ],
            "INCR": [],
            "ITCR": [],
            "OAR": [
                "COM_f6jb9",
                "COM_bcisl",
                "COM_deg2g",
                "COM_ioi72"
            ],
            "Tech": "LNDONIHR",
            "TechId": "TEC_jldad"
        },
        {
            "ActUnitId": "10<sup>3</sup>km<sup>2</sup>",
            "CapUnitId": "10<sup>3</sup>km<sup>2</sup>",
            "Desc": "Land for onions, irrigated intermediate input",
            "EAR": [],
            "IAR": [
                "COM_i3mih",
                "COM_45nbg",
                "COM_7bsii"
            ],
            "INCR": [],
            "ITCR": [],
            "OAR": [
                "COM_f6jb9",
                "COM_bcisl",
                "COM_deg2g",
                "COM_ioi72"
            ],
            "Tech": "LNDONIII",
            "TechId": "TEC_2xwor"
        },
        {
            "ActUnitId": "10<sup>3</sup>km<sup>2</sup>",
            "CapUnitId": "10<sup>3</sup>km<sup>2</sup>",
            "Desc": "Land for onions, rainfed intermediate input",
            "EAR": [],
            "IAR": [
                "COM_i3mih",
                "COM_45nbg",
                "COM_7bsii"
            ],
            "INCR": [],
            "ITCR": [],
            "OAR": [
                "COM_f6jb9",
                "COM_bcisl",
                "COM_deg2g",
                "COM_ioi72"
            ],
            "Tech": "LNDONIIR",
            "TechId": "TEC_g82li"
        },
        {
            "ActUnitId": "10<sup>3</sup>km<sup>2</sup>",
            "CapUnitId": "10<sup>3</sup>km<sup>2</sup>",
            "Desc": "Land for onions, rainfed low input",
            "EAR": [],
            "IAR": [
                "COM_i3mih",
                "COM_45nbg",
                "COM_7bsii"
            ],
            "INCR": [],
            "ITCR": [],
            "OAR": [
                "COM_f6jb9",
                "COM_bcisl",
                "COM_deg2g",
                "COM_ioi72"
            ],
            "Tech": "LNDONILR",
            "TechId": "TEC_g21ew"
        },
        {
            "ActUnitId": "10<sup>3</sup>km<sup>2</sup>",
            "CapUnitId": "10<sup>3</sup>km<sup>2</sup>",
            "Desc": "Land for sweet potatoes, irrigated high input",
            "EAR": [],
            "IAR": [
                "COM_i3mih",
                "COM_45nbg",
                "COM_7bsii"
            ],
            "INCR": [],
            "ITCR": [],
            "OAR": [
                "COM_f6jb9",
                "COM_bcisl",
                "COM_deg2g",
                "COM_sdg9n"
            ],
            "Tech": "LNDPTSHI",
            "TechId": "TEC_qfupf"
        },
        {
            "ActUnitId": "10<sup>3</sup>km<sup>2</sup>",
            "CapUnitId": "10<sup>3</sup>km<sup>2</sup>",
            "Desc": "Land for sweet potatoes, rainfed high input",
            "EAR": [],
            "IAR": [
                "COM_i3mih",
                "COM_45nbg",
                "COM_7bsii"
            ],
            "INCR": [],
            "ITCR": [],
            "OAR": [
                "COM_f6jb9",
                "COM_bcisl",
                "COM_deg2g",
                "COM_sdg9n"
            ],
            "Tech": "LNDPTSHR",
            "TechId": "TEC_97apu"
        },
        {
            "ActUnitId": "10<sup>3</sup>km<sup>2</sup>",
            "CapUnitId": "10<sup>3</sup>km<sup>2</sup>",
            "Desc": "Land for sweet potatoes, irrigated intermediate input",
            "EAR": [],
            "IAR": [
                "COM_i3mih",
                "COM_45nbg",
                "COM_7bsii"
            ],
            "INCR": [],
            "ITCR": [],
            "OAR": [
                "COM_f6jb9",
                "COM_bcisl",
                "COM_deg2g",
                "COM_sdg9n"
            ],
            "Tech": "LNDPTSII",
            "TechId": "TEC_5rg4c"
        },
        {
            "ActUnitId": "10<sup>3</sup>km<sup>2</sup>",
            "CapUnitId": "10<sup>3</sup>km<sup>2</sup>",
            "Desc": "Land for sweet potatoes, rainfed intermediate input",
            "EAR": [],
            "IAR": [
                "COM_i3mih",
                "COM_45nbg",
                "COM_7bsii"
            ],
            "INCR": [],
            "ITCR": [],
            "OAR": [
                "COM_f6jb9",
                "COM_bcisl",
                "COM_deg2g",
                "COM_sdg9n"
            ],
            "Tech": "LNDPTSIR",
            "TechId": "TEC_iks54"
        },
        {
            "ActUnitId": "10<sup>3</sup>km<sup>2</sup>",
            "CapUnitId": "10<sup>3</sup>km<sup>2</sup>",
            "Desc": "Land for sweet potatoes, rainfed low input",
            "EAR": [],
            "IAR": [
                "COM_i3mih",
                "COM_45nbg",
                "COM_7bsii"
            ],
            "INCR": [],
            "ITCR": [],
            "OAR": [
                "COM_f6jb9",
                "COM_bcisl",
                "COM_deg2g",
                "COM_sdg9n"
            ],
            "Tech": "LNDPTSLR",
            "TechId": "TEC_r29w5"
        },
        {
            "ActUnitId": "10<sup>3</sup>km<sup>2</sup>",
            "CapUnitId": "10<sup>3</sup>km<sup>2</sup>",
            "Desc": "Land for white potatoes, irrigated high input",
            "EAR": [],
            "IAR": [
                "COM_i3mih",
                "COM_45nbg",
                "COM_7bsii"
            ],
            "INCR": [],
            "ITCR": [],
            "OAR": [
                "COM_f6jb9",
                "COM_bcisl",
                "COM_deg2g",
                "COM_8clv6"
            ],
            "Tech": "LNDPTWHI",
            "TechId": "TEC_grw8z"
        },
        {
            "ActUnitId": "10<sup>3</sup>km<sup>2</sup>",
            "CapUnitId": "10<sup>3</sup>km<sup>2</sup>",
            "Desc": "Land for white potatoes, rainfed high input",
            "EAR": [],
            "IAR": [
                "COM_i3mih",
                "COM_45nbg",
                "COM_7bsii"
            ],
            "INCR": [],
            "ITCR": [],
            "OAR": [
                "COM_f6jb9",
                "COM_bcisl",
                "COM_deg2g",
                "COM_8clv6"
            ],
            "Tech": "LNDPTWHR",
            "TechId": "TEC_6xofc"
        },
        {
            "ActUnitId": "10<sup>3</sup>km<sup>2</sup>",
            "CapUnitId": "10<sup>3</sup>km<sup>2</sup>",
            "Desc": "Land for white potatoes, irrigated intermediate input",
            "EAR": [],
            "IAR": [
                "COM_i3mih",
                "COM_45nbg",
                "COM_7bsii"
            ],
            "INCR": [],
            "ITCR": [],
            "OAR": [
                "COM_f6jb9",
                "COM_bcisl",
                "COM_deg2g",
                "COM_8clv6"
            ],
            "Tech": "LNDPTWII",
            "TechId": "TEC_7wvnl"
        },
        {
            "ActUnitId": "10<sup>3</sup>km<sup>2</sup>",
            "CapUnitId": "10<sup>3</sup>km<sup>2</sup>",
            "Desc": "Land for white potatoes, rainfed intermediate input",
            "EAR": [],
            "IAR": [
                "COM_i3mih",
                "COM_45nbg",
                "COM_7bsii"
            ],
            "INCR": [],
            "ITCR": [],
            "OAR": [
                "COM_f6jb9",
                "COM_bcisl",
                "COM_deg2g",
                "COM_8clv6"
            ],
            "Tech": "LNDPTWIR",
            "TechId": "TEC_rxznz"
        },
        {
            "ActUnitId": "10<sup>3</sup>km<sup>2</sup>",
            "CapUnitId": "10<sup>3</sup>km<sup>2</sup>",
            "Desc": "Land for white potatoes, rainfed low input",
            "EAR": [],
            "IAR": [
                "COM_i3mih",
                "COM_45nbg",
                "COM_7bsii"
            ],
            "INCR": [],
            "ITCR": [],
            "OAR": [
                "COM_f6jb9",
                "COM_bcisl",
                "COM_deg2g",
                "COM_8clv6"
            ],
            "Tech": "LNDPTWLR",
            "TechId": "TEC_h9og0"
        },
        {
            "ActUnitId": "10<sup>3</sup>",
            "CapUnitId": "10<sup>3</sup>",
            "Desc": "Goats",
            "EAR": [],
            "IAR": [
                "COM_30fh3"
            ],
            "INCR": [],
            "ITCR": [],
            "OAR": [
                "COM_cm9l2",
                "COM_0dsbd"
            ],
            "Tech": "DEMLVSGOA",
            "TechId": "TEC_s97xd"
        },
        {
            "ActUnitId": "10<sup>3</sup>",
            "CapUnitId": "10<sup>3</sup>",
            "Desc": "Horses",
            "EAR": [],
            "IAR": [
                "COM_30fh3"
            ],
            "INCR": [],
            "ITCR": [],
            "OAR": [],
            "Tech": "DEMLVSHRS",
            "TechId": "TEC_urjdw"
        },
        {
            "ActUnitId": "10<sup>3</sup>km<sup>2</sup>",
            "CapUnitId": "10<sup>3</sup>km<sup>2</sup>",
            "Desc": "Forests and woody savanna",
            "EAR": [],
            "IAR": [
                "COM_i3mih",
                "COM_45nbg",
                "COM_7bsii"
            ],
            "INCR": [],
            "ITCR": [],
            "OAR": [
                "COM_f6jb9",
                "COM_bcisl",
                "COM_deg2g"
            ],
            "Tech": "LNDFOR",
            "TechId": "TEC_8asv8"
        },
        {
            "ActUnitId": "10<sup>3</sup>km<sup>2</sup>",
            "CapUnitId": "10<sup>3</sup>km<sup>2</sup>",
            "Desc": "Shrubland",
            "EAR": [],
            "IAR": [
                "COM_i3mih",
                "COM_45nbg",
                "COM_7bsii"
            ],
            "INCR": [],
            "ITCR": [],
            "OAR": [
                "COM_f6jb9",
                "COM_bcisl",
                "COM_deg2g"
            ],
            "Tech": "LNDOTH",
            "TechId": "TEC_j4alb"
        },
        {
            "ActUnitId": "10<sup>3</sup>km<sup>2</sup>",
            "CapUnitId": "10<sup>3</sup>km<sup>2</sup>",
            "Desc": "Land for olives, rainfed low input",
            "EAR": [],
            "IAR": [
                "COM_i3mih",
                "COM_45nbg",
                "COM_7bsii"
            ],
            "INCR": [],
            "ITCR": [],
            "OAR": [
                "COM_f6jb9",
                "COM_bcisl",
                "COM_deg2g",
                "COM_hdn3i"
            ],
            "Tech": "LNDOLILR",
            "TechId": "TEC_hjrtl"
        },
        {
            "ActUnitId": "10<sup>3</sup>km<sup>2</sup>",
            "CapUnitId": "10<sup>3</sup>km<sup>2</sup>",
            "Desc": "Land for olives, rainfed high input",
            "EAR": [],
            "IAR": [
                "COM_i3mih",
                "COM_45nbg",
                "COM_7bsii"
            ],
            "INCR": [],
            "ITCR": [],
            "OAR": [
                "COM_f6jb9",
                "COM_bcisl",
                "COM_deg2g",
                "COM_hdn3i"
            ],
            "Tech": "LNDOLIHR",
            "TechId": "TEC_aclue"
        },
        {
            "ActUnitId": "10<sup>3</sup>km<sup>2</sup>",
            "CapUnitId": "10<sup>3</sup>km<sup>2</sup>",
            "Desc": "Land for olives, rainfed high input",
            "EAR": [],
            "IAR": [
                "COM_i3mih",
                "COM_45nbg",
                "COM_7bsii"
            ],
            "INCR": [],
            "ITCR": [],
            "OAR": [
                "COM_f6jb9",
                "COM_bcisl",
                "COM_deg2g",
                "COM_hdn3i"
            ],
            "Tech": "LNDOLIHI",
            "TechId": "TEC_9j7sm"
        },
        {
            "ActUnitId": "10<sup>3</sup>km<sup>2</sup>",
            "CapUnitId": "10<sup>3</sup>km<sup>2</sup>",
            "Desc": "Land for olives, irrigated intermediate input",
            "EAR": [],
            "IAR": [
                "COM_i3mih",
                "COM_45nbg",
                "COM_7bsii"
            ],
            "INCR": [],
            "ITCR": [],
            "OAR": [
                "COM_f6jb9",
                "COM_bcisl",
                "COM_deg2g",
                "COM_hdn3i"
            ],
            "Tech": "LNDOLIII",
            "TechId": "TEC_fiqic"
        },
        {
            "ActUnitId": "10<sup>3</sup>km<sup>2</sup>",
            "CapUnitId": "10<sup>3</sup>km<sup>2</sup>",
            "Desc": "Land for olives, rainfed intermediate input",
            "EAR": [],
            "IAR": [
                "COM_i3mih",
                "COM_45nbg",
                "COM_7bsii"
            ],
            "INCR": [],
            "ITCR": [],
            "OAR": [
                "COM_f6jb9",
                "COM_bcisl",
                "COM_deg2g",
                "COM_hdn3i"
            ],
            "Tech": "LNDOLIIR",
            "TechId": "TEC_fqp7a"
        },
        {
            "ActUnitId": "MTon",
            "CapUnitId": "MTon",
            "Desc": "Import of maize",
            "EAR": [],
            "IAR": [],
            "INCR": [],
            "ITCR": [],
            "OAR": [
                "COM_gdpzk"
            ],
            "Tech": "IMPMAI",
            "TechId": "TEC_3za2u"
        },
        {
            "ActUnitId": "MTon",
            "CapUnitId": "MTon",
            "Desc": "Export of onions",
            "EAR": [],
            "IAR": [
                "COM_ioi72"
            ],
            "INCR": [],
            "ITCR": [],
            "OAR": [],
            "Tech": "EXPONI",
            "TechId": "TEC_v58tk"
        },
        {
            "ActUnitId": "MTon",
            "CapUnitId": "MTon",
            "Desc": "Import of pearl millet",
            "EAR": [],
            "IAR": [],
            "INCR": [],
            "ITCR": [],
            "OAR": [
                "COM_bvq16"
            ],
            "Tech": "IMPMTP",
            "TechId": "TEC_po3b3"
        },
        {
            "ActUnitId": "MTon",
            "CapUnitId": "MTon",
            "Desc": "Import of white potatoes",
            "EAR": [],
            "IAR": [],
            "INCR": [],
            "ITCR": [],
            "OAR": [
                "COM_8clv6"
            ],
            "Tech": "IMPPTW",
            "TechId": "TEC_ido9b"
        },
        {
            "ActUnitId": "MTon",
            "CapUnitId": "MTon",
            "Desc": "Import of wheat",
            "EAR": [],
            "IAR": [],
            "INCR": [],
            "ITCR": [],
            "OAR": [
                "COM_wpojm"
            ],
            "Tech": "IMPWHE",
            "TechId": "TEC_4n8sn"
        },
        {
            "ActUnitId": "10<sup>9</sup>m<sup>3</sup>",
            "CapUnitId": "10<sup>9</sup>m<sup>3</sup>",
            "Desc": "Surface water deficit",
            "EAR": [],
            "IAR": [],
            "INCR": [],
            "ITCR": [],
            "OAR": [
                "COM_deg2g"
            ],
            "Tech": "BSTSURWTR",
            "TechId": "TEC_l7zbe"
        },
        {
            "ActUnitId": "10<sup>9</sup>m<sup>3</sup>",
            "CapUnitId": "10<sup>9</sup>m<sup>3</sup>",
            "Desc": "Groundwater deficit",
            "EAR": [],
            "IAR": [],
            "INCR": [],
            "ITCR": [],
            "OAR": [
                "COM_bcisl"
            ],
            "Tech": "BSTGWTWTR",
            "TechId": "TEC_78lnq"
        },
        {
            "ActUnitId": "10<sup>3</sup>km<sup>2</sup>",
            "CapUnitId": "10<sup>3</sup>km<sup>2</sup>",
            "Desc": "Land for wheat, irrigated high input",
            "EAR": [],
            "IAR": [
                "COM_i3mih",
                "COM_45nbg",
                "COM_7bsii"
            ],
            "INCR": [],
            "ITCR": [],
            "OAR": [
                "COM_f6jb9",
                "COM_bcisl",
                "COM_deg2g",
                "COM_wpojm"
            ],
            "Tech": "LNDWHEHI",
            "TechId": "TEC_gbubw"
        },
        {
            "ActUnitId": "10<sup>3</sup>km<sup>2</sup>",
            "CapUnitId": "10<sup>3</sup>km<sup>2</sup>",
            "Desc": "Land for wheat, rainfed high input",
            "EAR": [],
            "IAR": [
                "COM_i3mih",
                "COM_7bsii"
            ],
            "INCR": [],
            "ITCR": [],
            "OAR": [
                "COM_f6jb9",
                "COM_bcisl",
                "COM_deg2g",
                "COM_wpojm"
            ],
            "Tech": "LNDWHEHR",
            "TechId": "TEC_vco37"
        },
        {
            "ActUnitId": "10<sup>3</sup>km<sup>2</sup>",
            "CapUnitId": "10<sup>3</sup>km<sup>2</sup>",
            "Desc": "Land for wheat, irrigated intermediate input",
            "EAR": [],
            "IAR": [
                "COM_i3mih",
                "COM_45nbg",
                "COM_7bsii"
            ],
            "INCR": [],
            "ITCR": [],
            "OAR": [
                "COM_f6jb9",
                "COM_bcisl",
                "COM_deg2g",
                "COM_wpojm"
            ],
            "Tech": "LNDWHEII",
            "TechId": "TEC_tgjb9"
        },
        {
            "ActUnitId": "10<sup>3</sup>km<sup>2</sup>",
            "CapUnitId": "10<sup>3</sup>km<sup>2</sup>",
            "Desc": "Land for wheat, rainfed intermediate input",
            "EAR": [],
            "IAR": [
                "COM_i3mih",
                "COM_7bsii"
            ],
            "INCR": [],
            "ITCR": [],
            "OAR": [
                "COM_f6jb9",
                "COM_bcisl",
                "COM_deg2g",
                "COM_wpojm"
            ],
            "Tech": "LNDWHEIR",
            "TechId": "TEC_sqrsy"
        },
        {
            "ActUnitId": "10<sup>3</sup>km<sup>2</sup>",
            "CapUnitId": "10<sup>3</sup>km<sup>2</sup>",
            "Desc": "Land for wheat, rainfed low input",
            "EAR": [],
            "IAR": [
                "COM_i3mih",
                "COM_7bsii"
            ],
            "INCR": [],
            "ITCR": [],
            "OAR": [
                "COM_f6jb9",
                "COM_bcisl",
                "COM_deg2g",
                "COM_wpojm"
            ],
            "Tech": "LNDWHELR",
            "TechId": "TEC_sokht"
        },
        {
            "TechId": "TEC_tmiaf",
            "Tech": "Vedran",
            "Desc": "Default technology",
            "CapUnitId": "MW",
            "ActUnitId": "PJ",
            "IAR": [
                "COM_g9l0t"
            ],
            "OAR": [
                "COM_ds81d"
            ],
            "INCR": [],
            "ITCR": [],
            "EAR": []
        }
    ],
    "osy-comm": [
        {
            "Comm": "COA",
            "CommId": "COM_0",
            "Desc": "Coal",
            "UnitId": "PJ"
        },
        {
            "Comm": "HYD",
            "CommId": "COM_ex5eb",
            "Desc": "Hydro",
            "UnitId": "PJ"
        },
        {
            "Comm": "SOL",
            "CommId": "COM_tkt29",
            "Desc": "Solar",
            "UnitId": "PJ"
        },
        {
            "Comm": "WND",
            "CommId": "COM_l51cl",
            "Desc": "Wind",
            "UnitId": "PJ"
        },
        {
            "Comm": "HFO",
            "CommId": "COM_23ub5",
            "Desc": "Heavy Fuel Oil",
            "UnitId": "PJ"
        },
        {
            "Comm": "ELC001",
            "CommId": "COM_ds81d",
            "Desc": "Electricity for Transmission",
            "UnitId": "PJ"
        },
        {
            "Comm": "ELC002",
            "CommId": "COM_qj523",
            "Desc": "Final electricity",
            "UnitId": "PJ"
        },
        {
            "Comm": "BIO",
            "CommId": "COM_175lg",
            "Desc": "Invader bush",
            "UnitId": "PJ"
        },
        {
            "Comm": "RESCHC",
            "CommId": "COM_1e5vi",
            "Desc": "Residential charcoal",
            "UnitId": "PJ"
        },
        {
            "Comm": "NGS",
            "CommId": "COM_ewlql",
            "Desc": "Natural gas",
            "UnitId": "PJ"
        },
        {
            "Comm": "TRADSL",
            "CommId": "COM_1rtbu",
            "Desc": "Diesel for transportation",
            "UnitId": "PJ"
        },
        {
            "Comm": "TRAGSL",
            "CommId": "COM_n2oc3",
            "Desc": "Gasoline for transportation",
            "UnitId": "PJ"
        },
        {
            "Comm": "TRAHFO",
            "CommId": "COM_omktu",
            "Desc": "Fuel oil for transportation",
            "UnitId": "PJ"
        },
        {
            "Comm": "INDDSL",
            "CommId": "COM_ny1ak",
            "Desc": "Diesel for industry",
            "UnitId": "TJ"
        },
        {
            "Comm": "INDHFO",
            "CommId": "COM_xhmr2",
            "Desc": "HFO for industry",
            "UnitId": "PJ"
        },
        {
            "Comm": "RESKER",
            "CommId": "COM_bd2i2",
            "Desc": "Kerosene for residential",
            "UnitId": "PJ"
        },
        {
            "Comm": "AGRDSL",
            "CommId": "COM_b3hba",
            "Desc": "Diesel for agriculture",
            "UnitId": "PJ"
        },
        {
            "Comm": "AGRHFO",
            "CommId": "COM_0s242",
            "Desc": "HFO for agriculture",
            "UnitId": "PJ"
        },
        {
            "Comm": "AGRLPG",
            "CommId": "COM_cihp6",
            "Desc": "LPG for agriculture",
            "UnitId": "PJ"
        },
        {
            "Comm": "OTHDSL",
            "CommId": "COM_88so7",
            "Desc": "Diesel for other uses",
            "UnitId": "PJ"
        },
        {
            "Comm": "OTHLPG",
            "CommId": "COM_on500",
            "Desc": "LPG for other uses",
            "UnitId": "PJ"
        },
        {
            "Comm": "COMHFO",
            "CommId": "COM_sax2w",
            "Desc": "HFO for commercial",
            "UnitId": "PJ"
        },
        {
            "Comm": "INDLPG",
            "CommId": "COM_enfga",
            "Desc": "LPG for industry",
            "UnitId": "PJ"
        },
        {
            "Comm": "TRALPG",
            "CommId": "COM_mocsn",
            "Desc": "LPG for transportation",
            "UnitId": "PJ"
        },
        {
            "Comm": "RESBIO",
            "CommId": "COM_swmmi",
            "Desc": "Biomass for residential",
            "UnitId": "PJ"
        },
        {
            "Comm": "INDBIO",
            "CommId": "COM_bo8pv",
            "Desc": "Biomass for industry",
            "UnitId": "PJ"
        },
        {
            "Comm": "KER001",
            "CommId": "COM_3y0kt",
            "Desc": "Kerosene",
            "UnitId": "PJ"
        },
        {
            "Comm": "KER002",
            "CommId": "COM_0ikzc",
            "Desc": "Aviation fuel",
            "UnitId": "PJ"
        },
        {
            "Comm": "GSL",
            "CommId": "COM_iasyy",
            "Desc": "Gasoline",
            "UnitId": "PJ"
        },
        {
            "Comm": "DSL",
            "CommId": "COM_g7mgy",
            "Desc": "Diesel",
            "UnitId": "PJ"
        },
        {
            "Comm": "LPG",
            "CommId": "COM_fb1ub",
            "Desc": "LPG",
            "UnitId": "PJ"
        },
        {
            "Comm": "CHC",
            "CommId": "COM_g9l0t",
            "Desc": "Charcoal",
            "UnitId": "PJ"
        },
        {
            "Comm": "WTRPRC",
            "CommId": "COM_i3mih",
            "Desc": "Precipitation water",
            "UnitId": "10<sup>9</sup>m<sup>3</sup>"
        },
        {
            "Comm": "WTREVT",
            "CommId": "COM_f6jb9",
            "Desc": "Evapotranspiration",
            "UnitId": "10<sup>9</sup>m<sup>3</sup>"
        },
        {
            "Comm": "WTRGWT",
            "CommId": "COM_bcisl",
            "Desc": "Groundwater",
            "UnitId": "10<sup>9</sup>m<sup>3</sup>"
        },
        {
            "Comm": "WTRSUR",
            "CommId": "COM_deg2g",
            "Desc": "Surface runoff",
            "UnitId": "10<sup>9</sup>m<sup>3</sup>"
        },
        {
            "Comm": "AGRWAT",
            "CommId": "COM_45nbg",
            "Desc": "Agricultural water",
            "UnitId": "10<sup>9</sup>m<sup>3</sup>"
        },
        {
            "Comm": "PUBWAT",
            "CommId": "COM_ehocl",
            "Desc": "Public water",
            "UnitId": "10<sup>9</sup>m<sup>3</sup>"
        },
        {
            "Comm": "PWRWAT",
            "CommId": "COM_m6lf8",
            "Desc": "Water for power plants",
            "UnitId": "10<sup>9</sup>m<sup>3</sup>"
        },
        {
            "Comm": "CRPMAI",
            "CommId": "COM_gdpzk",
            "Desc": "Maize",
            "UnitId": "MTon"
        },
        {
            "Comm": "CRPSOR",
            "CommId": "COM_nhc36",
            "Desc": "Sorghum",
            "UnitId": "MTon"
        },
        {
            "Comm": "CRPMTP",
            "CommId": "COM_bvq16",
            "Desc": "Pearl millet",
            "UnitId": "MTon"
        },
        {
            "Comm": "LND",
            "CommId": "COM_7bsii",
            "Desc": "Country land resource",
            "UnitId": "10<sup>3</sup>km<sup>2</sup>"
        },
        {
            "Comm": "LPAS",
            "CommId": "COM_30fh3",
            "Desc": "Land for pastures",
            "UnitId": "10<sup>3</sup>km<sup>2</sup>"
        },
        {
            "Comm": "CTLBEF",
            "CommId": "COM_cj19n",
            "Desc": "Meat from cattle",
            "UnitId": "MTon"
        },
        {
            "Comm": "CTLDAI",
            "CommId": "COM_ns3p9",
            "Desc": "Milk from cattle",
            "UnitId": "MTon"
        },
        {
            "Comm": "CRPCAB",
            "CommId": "COM_zswul",
            "Desc": "Cabbage",
            "UnitId": "MTon"
        },
        {
            "Comm": "CRPBEA",
            "CommId": "COM_nodud",
            "Desc": "Beans",
            "UnitId": "MTon"
        },
        {
            "Comm": "CRPWHE",
            "CommId": "COM_wpojm",
            "Desc": "Wheat",
            "UnitId": "MTon"
        },
        {
            "Comm": "CRPPTS",
            "CommId": "COM_sdg9n",
            "Desc": "Sweet potatoes",
            "UnitId": "MTon"
        },
        {
            "Comm": "CRPPTW",
            "CommId": "COM_8clv6",
            "Desc": "White potatoes",
            "UnitId": "MTon"
        },
        {
            "Comm": "CRPONI",
            "CommId": "COM_ioi72",
            "Desc": "Onions",
            "UnitId": "MTon"
        },
        {
            "Comm": "GOABEF",
            "CommId": "COM_cm9l2",
            "Desc": "Goat meat",
            "UnitId": "MTon"
        },
        {
            "Comm": "GOADAI",
            "CommId": "COM_0dsbd",
            "Desc": "Goat dairy",
            "UnitId": "MTon"
        },
        {
            "Comm": "CRPOLI",
            "CommId": "COM_hdn3i",
            "Desc": "Olives",
            "UnitId": "MTon"
        }
    ],
    "osy-emis": [
        {
            "Desc": "CO2 equivalent",
            "Emis": "CO2eq",
            "EmisId": "EMI_0",
            "UnitId": "MTon/yr"
        }
    ],
    "osy-scenarios": [
        {
            "Active": true,
            "Desc": "Base scenario",
            "Scenario": "SC_0",
            "ScenarioId": "SC_0"
        }
    ],
    "osy-constraints": [],
    "osy-years": [
        "2019",
        "2020",
        "2021",
        "2022",
        "2023",
        "2024",
        "2025",
        "2026",
        "2027",
        "2028",
        "2029",
        "2030",
        "2031",
        "2032",
        "2033",
        "2034",
        "2035",
        "2036",
        "2037",
        "2038",
        "2039",
        "2040"
    ]
}