{
    "EAR": {
        "SC_0": [
            {
                "TechId": "TEC_0",
                "EmisId": "EMI_0",
                "MoId": 1,
                "2019": 0.102,
                "2020": 0.102,
                "2021": 0.102,
                "2022": 0.102,
                "2023": 0.102,
                "2024": 0.102,
                "2025": 0.102,
                "2026": 0.102,
                "2027": 0.102,
                "2028": 0.102,
                "2029": 0.102,
                "2030": 0.102,
                "2031": 0.102,
                "2032": 0.102,
                "2033": 0.102,
                "2034": 0.102,
                "2035": 0.102,
                "2036": 0.102,
                "2037": 0.102,
                "2038": 0.102,
                "2039": 0.102,
                "2040": 0.102
            },
            {
                "TechId": "TEC_s94gf",
                "EmisId": "EMI_0",
                "MoId": 1,
                "2019": 0.078,
                "2020": 0.078,
                "2021": 0.078,
                "2022": 0.078,
                "2023": 0.078,
                "2024": 0.078,
                "2025": 0.078,
                "2026": 0.078,
                "2027": 0.078,
                "2028": 0.078,
                "2029": 0.078,
                "2030": 0.078,
                "2031": 0.078,
                "2032": 0.078,
                "2033": 0.078,
                "2034": 0.078,
                "2035": 0.078,
                "2036": 0.078,
                "2037": 0.078,
                "2038": 0.078,
                "2039": 0.078,
                "2040": 0.078
            },
            {
                "TechId": "TEC_s2uho",
                "EmisId": "EMI_0",
                "MoId": 1,
                "2019": 0.089,
                "2020": 0.089,
                "2021": 0.089,
                "2022": 0.089,
                "2023": 0.089,
                "2024": 0.089,
                "2025": 0.089,
                "2026": 0.089,
                "2027": 0.089,
                "2028": 0.089,
                "2029": 0.089,
                "2030": 0.089,
                "2031": 0.089,
                "2032": 0.089,
                "2033": 0.089,
                "2034": 0.089,
                "2035": 0.089,
                "2036": 0.089,
                "2037": 0.089,
                "2038": 0.089,
                "2039": 0.089,
                "2040": 0.089
            },
            {
                "TechId": "TEC_i878b",
                "EmisId": "EMI_0",
                "MoId": 1,
                "2019": 0.069,
                "2020": 0.069,
                "2021": 0.069,
                "2022": 0.069,
                "2023": 0.069,
                "2024": 0.069,
                "2025": 0.069,
                "2026": 0.069,
                "2027": 0.069,
                "2028": 0.069,
                "2029": 0.069,
                "2030": 0.069,
                "2031": 0.069,
                "2032": 0.069,
                "2033": 0.069,
                "2034": 0.069,
                "2035": 0.069,
                "2036": 0.069,
                "2037": 0.069,
                "2038": 0.069,
                "2039": 0.069,
                "2040": 0.069
            },
            {
                "TechId": "TEC_gdac5",
                "EmisId": "EMI_0",
                "MoId": 1,
                "2019": 0.067,
                "2020": 0.067,
                "2021": 0.067,
                "2022": 0.067,
                "2023": 0.067,
                "2024": 0.067,
                "2025": 0.067,
                "2026": 0.067,
                "2027": 0.067,
                "2028": 0.067,
                "2029": 0.067,
                "2030": 0.067,
                "2031": 0.067,
                "2032": 0.067,
                "2033": 0.067,
                "2034": 0.067,
                "2035": 0.067,
                "2036": 0.067,
                "2037": 0.067,
                "2038": 0.067,
                "2039": 0.067,
                "2040": 0.067
            },
            {
                "TechId": "TEC_eif72",
                "EmisId": "EMI_0",
                "MoId": 1,
                "2019": 0.071,
                "2020": 0.071,
                "2021": 0.071,
                "2022": 0.071,
                "2023": 0.071,
                "2024": 0.071,
                "2025": 0.071,
                "2026": 0.071,
                "2027": 0.071,
                "2028": 0.071,
                "2029": 0.071,
                "2030": 0.071,
                "2031": 0.071,
                "2032": 0.071,
                "2033": 0.071,
                "2034": 0.071,
                "2035": 0.071,
                "2036": 0.071,
                "2037": 0.071,
                "2038": 0.071,
                "2039": 0.071,
                "2040": 0.071
            },
            {
                "TechId": "TEC_7vdqi",
                "EmisId": "EMI_0",
                "MoId": 1,
                "2019": 0.058,
                "2020": 0.058,
                "2021": 0.058,
                "2022": 0.058,
                "2023": 0.058,
                "2024": 0.058,
                "2025": 0.058,
                "2026": 0.058,
                "2027": 0.058,
                "2028": 0.058,
                "2029": 0.058,
                "2030": 0.058,
                "2031": 0.058,
                "2032": 0.058,
                "2033": 0.058,
                "2034": 0.058,
                "2035": 0.058,
                "2036": 0.058,
                "2037": 0.058,
                "2038": 0.058,
                "2039": 0.058,
                "2040": 0.058
            },
            {
                "TechId": "TEC_eajh2",
                "EmisId": "EMI_0",
                "MoId": 1,
                "2019": 0,
                "2020": 0,
                "2021": 0,
                "2022": 0,
                "2023": 0,
                "2024": 0,
                "2025": 0,
                "2026": 0,
                "2027": 0,
                "2028": 0,
                "2029": 0,
                "2030": 0,
                "2031": 0,
                "2032": 0,
                "2033": 0,
                "2034": 0,
                "2035": 0,
                "2036": 0,
                "2037": 0,
                "2038": 0,
                "2039": 0,
                "2040": 0
            },
            {
                "TechId": "TEC_44tbl",
                "EmisId": "EMI_0",
                "MoId": 1,
                "2019": 0.05,
                "2020": 0.05,
                "2021": 0.05,
                "2022": 0.05,
                "2023": 0.05,
                "2024": 0.05,
                "2025": 0.05,
                "2026": 0.05,
                "2027": 0.05,
                "2028": 0.05,
                "2029": 0.05,
                "2030": 0.05,
                "2031": 0.05,
                "2032": 0.05,
                "2033": 0.05,
                "2034": 0.05,
                "2035": 0.05,
                "2036": 0.05,
                "2037": 0.05,
                "2038": 0.05,
                "2039": 0.05,
                "2040": 0.05
            },
            {
                "TechId": "TEC_ar4yz",
                "EmisId": "EMI_0",
                "MoId": 1,
                "2019": 0.089,
                "2020": 0.089,
                "2021": 0.089,
                "2022": 0.089,
                "2023": 0.089,
                "2024": 0.089,
                "2025": 0.089,
                "2026": 0.089,
                "2027": 0.089,
                "2028": 0.089,
                "2029": 0.089,
                "2030": 0.089,
                "2031": 0.089,
                "2032": 0.089,
                "2033": 0.089,
                "2034": 0.089,
                "2035": 0.089,
                "2036": 0.089,
                "2037": 0.089,
                "2038": 0.089,
                "2039": 0.089,
                "2040": 0.089
            }
        ]
    }
}