{
    "YS": {
        "SC_0": [
            {
                "YearSplit": "S11",
                "2019": 0.151,
                "2020": 0.151,
                "2021": 0.151,
                "2022": 0.151,
                "2023": 0.151,
                "2024": 0.151,
                "2025": 0.151,
                "2026": 0.151,
                "2027": 0.151,
                "2028": 0.151,
                "2029": 0.151,
                "2030": 0.151,
                "2031": 0.151,
                "2032": 0.151,
                "2033": 0.151,
                "2034": 0.151,
                "2035": 0.151,
                "2036": 0.151,
                "2037": 0.151,
                "2038": 0.151,
                "2039": 0.151,
                "2040": 0.151
            },
            {
                "YearSplit": "S12",
                "2019": 0.178,
                "2020": 0.178,
                "2021": 0.178,
                "2022": 0.178,
                "2023": 0.178,
                "2024": 0.178,
                "2025": 0.178,
                "2026": 0.178,
                "2027": 0.178,
                "2028": 0.178,
                "2029": 0.178,
                "2030": 0.178,
                "2031": 0.178,
                "2032": 0.178,
                "2033": 0.178,
                "2034": 0.178,
                "2035": 0.178,
                "2036": 0.178,
                "2037": 0.178,
                "2038": 0.178,
                "2039": 0.178,
                "2040": 0.178
            },
            {
                "YearSplit": "S21",
                "2019": 0.308,
                "2020": 0.308,
                "2021": 0.308,
                "2022": 0.308,
                "2023": 0.308,
                "2024": 0.308,
                "2025": 0.308,
                "2026": 0.308,
                "2027": 0.308,
                "2028": 0.308,
                "2029": 0.308,
                "2030": 0.308,
                "2031": 0.308,
                "2032": 0.308,
                "2033": 0.308,
                "2034": 0.308,
                "2035": 0.308,
                "2036": 0.308,
                "2037": 0.308,
                "2038": 0.308,
                "2039": 0.308,
                "2040": 0.308
            },
            {
                "YearSplit": "S22",
                "2019": 0.364,
                "2020": 0.364,
                "2021": 0.364,
                "2022": 0.364,
                "2023": 0.364,
                "2024": 0.364,
                "2025": 0.364,
                "2026": 0.364,
                "2027": 0.364,
                "2028": 0.364,
                "2029": 0.364,
                "2030": 0.364,
                "2031": 0.364,
                "2032": 0.364,
                "2033": 0.364,
                "2034": 0.364,
                "2035": 0.364,
                "2036": 0.364,
                "2037": 0.364,
                "2038": 0.364,
                "2039": 0.364,
                "2040": 0.364
            }
        ]
    }
}