{
    "TTMPA": {
        "model run": [
            {
                "DEMAGRDSL": 342.774,
                "DEMAGRHFO": 13.2897,
                "DEMAGRLPG": 4.7642,
                "DEMCOMHFO": 2.1245,
                "DEMINDBIO": 36.1204,
                "DEMINDDSL": 108.079,
                "DEMINDHFO": 2.2575,
                "DEMINDLPG": 1.3263,
                "DEMOTHDSL": 76.0162,
                "DEMOTHLPG": 18.2621,
                "DEMRESBIO": 146.4375,
                "DEMRESCHC": 49.4957,
                "DEMRESKER": 2.2066,
                "DEMTRADSL": 360.6295,
                "DEMTRAGSL": 382.141,
                "DEMTRAHFO": 1.2639,
                "DEMTRALPG": 8.8476,
                "IMPCOA": 0.4043,
                "IMPDSL": 0.0,
                "IMPELC001": 4413.2,
                "IMPELC002": 2106.3,
                "IMPELC003": 1765.28,
                "IMPGSL": 0.0,
                "IMPHFO": 21.5409,
                "IMPKER001": 0.0,
                "IMPKER002": 0.0,
                "IMPLPG": 0.0,
                "MINBIO001": 0.0,
                "MINCHC": 0.0,
                "MINHYD": 2.1953,
                "MINNGS": 3011.5279,
                "MINSOL": 1020.1574,
                "MINWND": 516725.22,
                "PWRBIO001": 0.0,
                "PWRCOA001": 0.1579,
                "PWRCOA002": 0.0,
                "PWRHFO001": 0.091,
                "PWRHFO002": 9.4,
                "PWRHFO003": 0.0,
                "PWRHYD001": 2.1953,
                "PWRHYD002": 0.0,
                "PWRHYD003": 0.0,
                "PWRNGS001": 1720.8731,
                "PWRNGS002": 0.0,
                "PWRNGS003": 0.0,
                "PWRSOL001": 6.6175,
                "PWRSOL002": 0.3628,
                "PWRSOL003": 1013.1772,
                "PWRTRN001": 527762.51,
                "PWRWND001": 516725.22
            }
        ]
    }
}