{
    "TATABM": {
        "model run": [
            {
                "Tech": "DEMAGRDSL",
                "MoId": 1,
                "2019": 13.67,
                "2020": 13.8375,
                "2021": 14.007,
                "2022": 14.1786,
                "2023": 14.3522,
                "2024": 14.528,
                "2025": 14.706,
                "2026": 14.8862,
                "2027": 15.0685,
                "2028": 15.2531,
                "2029": 15.44,
                "2030": 15.6291,
                "2031": 15.8206,
                "2032": 16.0144,
                "2033": 16.2105,
                "2034": 16.4091,
                "2035": 16.6101,
                "2036": 16.8136,
                "2037": 17.0196,
                "2038": 17.2281,
                "2039": 17.4391,
                "2040": 17.6527
            },
            {
                "Tech": "DEMAGRHFO",
                "MoId": 1,
                "2019": 0.53,
                "2020": 0.5365,
                "2021": 0.5431,
                "2022": 0.5497,
                "2023": 0.5564,
                "2024": 0.5633,
                "2025": 0.5702,
                "2026": 0.5772,
                "2027": 0.5842,
                "2028": 0.5914,
                "2029": 0.5986,
                "2030": 0.606,
                "2031": 0.6134,
                "2032": 0.6209,
                "2033": 0.6285,
                "2034": 0.6362,
                "2035": 0.644,
                "2036": 0.6519,
                "2037": 0.6599,
                "2038": 0.668,
                "2039": 0.6761,
                "2040": 0.6844
            },
            {
                "Tech": "DEMAGRLPG",
                "MoId": 1,
                "2019": 0.19,
                "2020": 0.1923,
                "2021": 0.1947,
                "2022": 0.1971,
                "2023": 0.1995,
                "2024": 0.2019,
                "2025": 0.2044,
                "2026": 0.2069,
                "2027": 0.2094,
                "2028": 0.212,
                "2029": 0.2146,
                "2030": 0.2172,
                "2031": 0.2199,
                "2032": 0.2226,
                "2033": 0.2253,
                "2034": 0.2281,
                "2035": 0.2309,
                "2036": 0.2337,
                "2037": 0.2366,
                "2038": 0.2394,
                "2039": 0.2424,
                "2040": 0.2454
            },
            {
                "Tech": "DEMCOMHFO",
                "MoId": 1,
                "2019": 0.08,
                "2020": 0.0814,
                "2021": 0.0828,
                "2022": 0.0843,
                "2023": 0.0858,
                "2024": 0.0872,
                "2025": 0.0888,
                "2026": 0.0903,
                "2027": 0.0919,
                "2028": 0.0935,
                "2029": 0.0952,
                "2030": 0.0968,
                "2031": 0.0985,
                "2032": 0.1002,
                "2033": 0.102,
                "2034": 0.1038,
                "2035": 0.1056,
                "2036": 0.1074,
                "2037": 0.1093,
                "2038": 0.1112,
                "2039": 0.1132,
                "2040": 0.1152
            },
            {
                "Tech": "DEMINDBIO",
                "MoId": 1,
                "2019": 1.28,
                "2020": 1.3094,
                "2021": 1.3395,
                "2022": 1.3703,
                "2023": 1.4018,
                "2024": 1.434,
                "2025": 1.467,
                "2026": 1.5007,
                "2027": 1.5352,
                "2028": 1.5704,
                "2029": 1.6065,
                "2030": 1.6435,
                "2031": 1.6812,
                "2032": 1.7199,
                "2033": 1.7594,
                "2034": 1.7998,
                "2035": 1.8412,
                "2036": 1.8835,
                "2037": 1.9268,
                "2038": 1.9711,
                "2039": 2.0164,
                "2040": 2.0627
            },
            {
                "Tech": "DEMINDDSL",
                "MoId": 1,
                "2019": 3.83,
                "2020": 3.918,
                "2021": 4.0081,
                "2022": 4.1002,
                "2023": 4.1944,
                "2024": 4.2908,
                "2025": 4.3894,
                "2026": 4.4903,
                "2027": 4.5935,
                "2028": 4.6991,
                "2029": 4.8071,
                "2030": 4.9176,
                "2031": 5.0306,
                "2032": 5.1462,
                "2033": 5.2645,
                "2034": 5.3855,
                "2035": 5.5092,
                "2036": 5.6358,
                "2037": 5.7654,
                "2038": 5.8979,
                "2039": 6.0334,
                "2040": 6.1721
            },
            {
                "Tech": "DEMINDHFO",
                "MoId": 1,
                "2019": 0.08,
                "2020": 0.0818,
                "2021": 0.0837,
                "2022": 0.0856,
                "2023": 0.0876,
                "2024": 0.0896,
                "2025": 0.0917,
                "2026": 0.0938,
                "2027": 0.0959,
                "2028": 0.0982,
                "2029": 0.1004,
                "2030": 0.1027,
                "2031": 0.1051,
                "2032": 0.1075,
                "2033": 0.11,
                "2034": 0.1125,
                "2035": 0.1151,
                "2036": 0.1177,
                "2037": 0.1204,
                "2038": 0.1232,
                "2039": 0.126,
                "2040": 0.1289
            },
            {
                "Tech": "DEMINDLPG",
                "MoId": 1,
                "2019": 0.047,
                "2020": 0.0481,
                "2021": 0.0492,
                "2022": 0.0503,
                "2023": 0.0515,
                "2024": 0.0526,
                "2025": 0.0539,
                "2026": 0.0551,
                "2027": 0.0564,
                "2028": 0.0577,
                "2029": 0.059,
                "2030": 0.0604,
                "2031": 0.0617,
                "2032": 0.0632,
                "2033": 0.0646,
                "2034": 0.0661,
                "2035": 0.0676,
                "2036": 0.0692,
                "2037": 0.0707,
                "2038": 0.0724,
                "2039": 0.074,
                "2040": 0.0757
            },
            {
                "Tech": "DEMOTHDSL",
                "MoId": 1,
                "2019": 3.33,
                "2020": 3.3417,
                "2021": 3.3534,
                "2022": 3.3651,
                "2023": 3.3769,
                "2024": 3.3887,
                "2025": 3.4005,
                "2026": 3.4124,
                "2027": 3.4244,
                "2028": 3.4364,
                "2029": 3.4484,
                "2030": 3.4605,
                "2031": 3.4726,
                "2032": 3.4847,
                "2033": 3.4969,
                "2034": 3.5092,
                "2035": 3.5215,
                "2036": 3.5338,
                "2037": 3.5462,
                "2038": 3.5586,
                "2039": 3.571,
                "2040": 3.5835
            },
            {
                "Tech": "DEMOTHLPG",
                "MoId": 1,
                "2019": 0.8,
                "2020": 0.8028,
                "2021": 0.8056,
                "2022": 0.8084,
                "2023": 0.8113,
                "2024": 0.8141,
                "2025": 0.8169,
                "2026": 0.8198,
                "2027": 0.8227,
                "2028": 0.8256,
                "2029": 0.8284,
                "2030": 0.8313,
                "2031": 0.8342,
                "2032": 0.8372,
                "2033": 0.8401,
                "2034": 0.843,
                "2035": 0.846,
                "2036": 0.849,
                "2037": 0.8519,
                "2038": 0.8549,
                "2039": 0.8579,
                "2040": 0.8609
            },
            {
                "Tech": "DEMRESBIO",
                "MoId": 1,
                "2019": 5.84,
                "2020": 5.9115,
                "2021": 5.984,
                "2022": 6.0573,
                "2023": 6.1315,
                "2024": 6.2066,
                "2025": 6.2826,
                "2026": 6.3596,
                "2027": 6.4375,
                "2028": 6.5163,
                "2029": 6.5962,
                "2030": 6.677,
                "2031": 6.7588,
                "2032": 6.8415,
                "2033": 6.9254,
                "2034": 7.0102,
                "2035": 7.0961,
                "2036": 7.183,
                "2037": 7.271,
                "2038": 7.36,
                "2039": 7.4502,
                "2040": 7.5415
            },
            {
                "Tech": "DEMRESCHC",
                "MoId": 1,
                "2019": 2.05,
                "2020": 2.0679,
                "2021": 2.086,
                "2022": 2.1043,
                "2023": 2.1227,
                "2024": 2.1413,
                "2025": 2.16,
                "2026": 2.1789,
                "2027": 2.198,
                "2028": 2.2172,
                "2029": 2.2366,
                "2030": 2.2562,
                "2031": 2.2759,
                "2032": 2.2958,
                "2033": 2.3159,
                "2034": 2.3362,
                "2035": 2.3566,
                "2036": 2.3772,
                "2037": 2.398,
                "2038": 2.419,
                "2039": 2.4402,
                "2040": 2.4616
            },
            {
                "Tech": "DEMRESKER",
                "MoId": 1,
                "2019": 0.088,
                "2020": 0.0891,
                "2021": 0.0902,
                "2022": 0.0913,
                "2023": 0.0924,
                "2024": 0.0935,
                "2025": 0.0947,
                "2026": 0.0958,
                "2027": 0.097,
                "2028": 0.0982,
                "2029": 0.0994,
                "2030": 0.1006,
                "2031": 0.1018,
                "2032": 0.1031,
                "2033": 0.1044,
                "2034": 0.1056,
                "2035": 0.1069,
                "2036": 0.1082,
                "2037": 0.1096,
                "2038": 0.1109,
                "2039": 0.1123,
                "2040": 0.1136
            },
            {
                "Tech": "DEMTRADSL",
                "MoId": 1,
                "2019": 13.58,
                "2020": 13.8176,
                "2021": 14.0595,
                "2022": 14.3055,
                "2023": 14.5558,
                "2024": 14.8106,
                "2025": 15.0698,
                "2026": 15.3335,
                "2027": 15.6018,
                "2028": 15.8748,
                "2029": 16.1527,
                "2030": 16.4353,
                "2031": 16.723,
                "2032": 17.0156,
                "2033": 17.3134,
                "2034": 17.6164,
                "2035": 17.9246,
                "2036": 18.2383,
                "2037": 18.5575,
                "2038": 18.8822,
                "2039": 19.2127,
                "2040": 19.5489
            },
            {
                "Tech": "DEMTRAGSL",
                "MoId": 1,
                "2019": 14.39,
                "2020": 14.642,
                "2021": 14.898,
                "2022": 15.159,
                "2023": 15.424,
                "2024": 15.694,
                "2025": 15.969,
                "2026": 16.248,
                "2027": 16.532,
                "2028": 16.822,
                "2029": 17.116,
                "2030": 17.416,
                "2031": 17.72,
                "2032": 18.031,
                "2033": 18.346,
                "2034": 18.667,
                "2035": 18.994,
                "2036": 19.326,
                "2037": 19.664,
                "2038": 20.009,
                "2039": 20.359,
                "2040": 20.715
            },
            {
                "Tech": "DEMTRAHFO",
                "MoId": 1,
                "2019": 0.04,
                "2020": 0.0413,
                "2021": 0.0427,
                "2022": 0.0441,
                "2023": 0.0456,
                "2024": 0.047,
                "2025": 0.0486,
                "2026": 0.0502,
                "2027": 0.0519,
                "2028": 0.0536,
                "2029": 0.0553,
                "2030": 0.0572,
                "2031": 0.0591,
                "2032": 0.061,
                "2033": 0.063,
                "2034": 0.0651,
                "2035": 0.0672,
                "2036": 0.0695,
                "2037": 0.0718,
                "2038": 0.0741,
                "2039": 0.0766,
                "2040": 0.0791
            },
            {
                "Tech": "DEMTRALPG",
                "MoId": 1,
                "2019": 0.28,
                "2020": 0.2892,
                "2021": 0.2988,
                "2022": 0.3086,
                "2023": 0.3188,
                "2024": 0.3294,
                "2025": 0.3402,
                "2026": 0.3514,
                "2027": 0.363,
                "2028": 0.375,
                "2029": 0.3874,
                "2030": 0.4002,
                "2031": 0.4134,
                "2032": 0.427,
                "2033": 0.4411,
                "2034": 0.4557,
                "2035": 0.4707,
                "2036": 0.4863,
                "2037": 0.5023,
                "2038": 0.5189,
                "2039": 0.536,
                "2040": 0.5537
            },
            {
                "Tech": "IMPCOA",
                "MoId": 1,
                "2019": 0.0578,
                "2020": 0.0578,
                "2021": 0.0578,
                "2022": 0.0578,
                "2023": 0.0578,
                "2024": 0.0578,
                "2025": 0.0578,
                "2026": 0.0,
                "2027": 0.0,
                "2028": 0.0,
                "2029": 0.0,
                "2030": 0.0,
                "2031": 0.0,
                "2032": 0.0,
                "2033": 0.0,
                "2034": 0.0,
                "2035": 0.0,
                "2036": 0.0,
                "2037": 0.0,
                "2038": 0.0,
                "2039": 0.0,
                "2040": 0.0
            },
            {
                "Tech": "IMPDSL",
                "MoId": 1,
                "2019": 0.0,
                "2020": 0.0,
                "2021": 0.0,
                "2022": 0.0,
                "2023": 0.0,
                "2024": 0.0,
                "2025": 0.0,
                "2026": 0.0,
                "2027": 0.0,
                "2028": 0.0,
                "2029": 0.0,
                "2030": 0.0,
                "2031": 0.0,
                "2032": 0.0,
                "2033": 0.0,
                "2034": 0.0,
                "2035": 0.0,
                "2036": 0.0,
                "2037": 0.0,
                "2038": 0.0,
                "2039": 0.0,
                "2040": 0.0
            },
            {
                "Tech": "IMPELC001",
                "MoId": 1,
                "2019": 200.6,
                "2020": 200.6,
                "2021": 200.6,
                "2022": 200.6,
                "2023": 200.6,
                "2024": 200.6,
                "2025": 200.6,
                "2026": 200.6,
                "2027": 200.6,
                "2028": 200.6,
                "2029": 200.6,
                "2030": 200.6,
                "2031": 200.6,
                "2032": 200.6,
                "2033": 200.6,
                "2034": 200.6,
                "2035": 200.6,
                "2036": 200.6,
                "2037": 200.6,
                "2038": 200.6,
                "2039": 200.6,
                "2040": 200.6
            },
            {
                "Tech": "IMPELC002",
                "MoId": 1,
                "2019": 50.15,
                "2020": 50.15,
                "2021": 100.3,
                "2022": 100.3,
                "2023": 100.3,
                "2024": 100.3,
                "2025": 100.3,
                "2026": 100.3,
                "2027": 100.3,
                "2028": 100.3,
                "2029": 100.3,
                "2030": 100.3,
                "2031": 100.3,
                "2032": 100.3,
                "2033": 100.3,
                "2034": 100.3,
                "2035": 100.3,
                "2036": 100.3,
                "2037": 100.3,
                "2038": 100.3,
                "2039": 100.3,
                "2040": 100.3
            },
            {
                "Tech": "IMPELC003",
                "MoId": 1,
                "2019": 80.24,
                "2020": 80.24,
                "2021": 80.24,
                "2022": 80.24,
                "2023": 80.24,
                "2024": 80.24,
                "2025": 80.24,
                "2026": 80.24,
                "2027": 80.24,
                "2028": 80.24,
                "2029": 80.24,
                "2030": 80.24,
                "2031": 80.24,
                "2032": 80.24,
                "2033": 80.24,
                "2034": 80.24,
                "2035": 80.24,
                "2036": 80.24,
                "2037": 80.24,
                "2038": 80.24,
                "2039": 80.24,
                "2040": 80.24
            },
            {
                "Tech": "IMPGSL",
                "MoId": 1,
                "2019": 0.0,
                "2020": 0.0,
                "2021": 0.0,
                "2022": 0.0,
                "2023": 0.0,
                "2024": 0.0,
                "2025": 0.0,
                "2026": 0.0,
                "2027": 0.0,
                "2028": 0.0,
                "2029": 0.0,
                "2030": 0.0,
                "2031": 0.0,
                "2032": 0.0,
                "2033": 0.0,
                "2034": 0.0,
                "2035": 0.0,
                "2036": 0.0,
                "2037": 0.0,
                "2038": 0.0,
                "2039": 0.0,
                "2040": 0.0
            },
            {
                "Tech": "IMPHFO",
                "MoId": 1,
                "2019": 0.0092,
                "2020": 0.0092,
                "2021": 0.0092,
                "2022": 21.3472,
                "2023": 0.0092,
                "2024": 0.0092,
                "2025": 0.0092,
                "2026": 0.0092,
                "2027": 0.0092,
                "2028": 0.0092,
                "2029": 0.0092,
                "2030": 0.0092,
                "2031": 0.0092,
                "2032": 0.0092,
                "2033": 0.0092,
                "2034": 0.0092,
                "2035": 0.0092,
                "2036": 0.0092,
                "2037": 0.0092,
                "2038": 0.0092,
                "2039": 0.0092,
                "2040": 0.0092
            },
            {
                "Tech": "IMPKER001",
                "MoId": 1,
                "2019": 0.0,
                "2020": 0.0,
                "2021": 0.0,
                "2022": 0.0,
                "2023": 0.0,
                "2024": 0.0,
                "2025": 0.0,
                "2026": 0.0,
                "2027": 0.0,
                "2028": 0.0,
                "2029": 0.0,
                "2030": 0.0,
                "2031": 0.0,
                "2032": 0.0,
                "2033": 0.0,
                "2034": 0.0,
                "2035": 0.0,
                "2036": 0.0,
                "2037": 0.0,
                "2038": 0.0,
                "2039": 0.0,
                "2040": 0.0
            },
            {
                "Tech": "IMPKER002",
                "MoId": 1,
                "2019": 0.0,
                "2020": 0.0,
                "2021": 0.0,
                "2022": 0.0,
                "2023": 0.0,
                "2024": 0.0,
                "2025": 0.0,
                "2026": 0.0,
                "2027": 0.0,
                "2028": 0.0,
                "2029": 0.0,
                "2030": 0.0,
                "2031": 0.0,
                "2032": 0.0,
                "2033": 0.0,
                "2034": 0.0,
                "2035": 0.0,
                "2036": 0.0,
                "2037": 0.0,
                "2038": 0.0,
                "2039": 0.0,
                "2040": 0.0
            },
            {
                "Tech": "IMPLPG",
                "MoId": 1,
                "2019": 0.0,
                "2020": 0.0,
                "2021": 0.0,
                "2022": 0.0,
                "2023": 0.0,
                "2024": 0.0,
                "2025": 0.0,
                "2026": 0.0,
                "2027": 0.0,
                "2028": 0.0,
                "2029": 0.0,
                "2030": 0.0,
                "2031": 0.0,
                "2032": 0.0,
                "2033": 0.0,
                "2034": 0.0,
                "2035": 0.0,
                "2036": 0.0,
                "2037": 0.0,
                "2038": 0.0,
                "2039": 0.0,
                "2040": 0.0
            },
            {
                "Tech": "MINBIO001",
                "MoId": 1,
                "2019": 0.0,
                "2020": 0.0,
                "2021": 0.0,
                "2022": 0.0,
                "2023": 0.0,
                "2024": 0.0,
                "2025": 0.0,
                "2026": 0.0,
                "2027": 0.0,
                "2028": 0.0,
                "2029": 0.0,
                "2030": 0.0,
                "2031": 0.0,
                "2032": 0.0,
                "2033": 0.0,
                "2034": 0.0,
                "2035": 0.0,
                "2036": 0.0,
                "2037": 0.0,
                "2038": 0.0,
                "2039": 0.0,
                "2040": 0.0
            },
            {
                "Tech": "MINCHC",
                "MoId": 1,
                "2019": 0.0,
                "2020": 0.0,
                "2021": 0.0,
                "2022": 0.0,
                "2023": 0.0,
                "2024": 0.0,
                "2025": 0.0,
                "2026": 0.0,
                "2027": 0.0,
                "2028": 0.0,
                "2029": 0.0,
                "2030": 0.0,
                "2031": 0.0,
                "2032": 0.0,
                "2033": 0.0,
                "2034": 0.0,
                "2035": 0.0,
                "2036": 0.0,
                "2037": 0.0,
                "2038": 0.0,
                "2039": 0.0,
                "2040": 0.0
            },
            {
                "Tech": "MINHYD",
                "MoId": 1,
                "2019": 0.1166,
                "2020": 0.1221,
                "2021": 0.1079,
                "2022": 0.1089,
                "2023": 0.0953,
                "2024": 0.1265,
                "2025": 0.0717,
                "2026": 0.0953,
                "2027": 0.0879,
                "2028": 0.1139,
                "2029": 0.087,
                "2030": 0.0953,
                "2031": 0.093,
                "2032": 0.1041,
                "2033": 0.1034,
                "2034": 0.1171,
                "2035": 0.0728,
                "2036": 0.0748,
                "2037": 0.0788,
                "2038": 0.1221,
                "2039": 0.0734,
                "2040": 0.1275
            },
            {
                "Tech": "MINNGS",
                "MoId": 1,
                "2019": 0.0,
                "2020": 0.0,
                "2021": 0.0,
                "2022": 0.0,
                "2023": 0.0,
                "2024": 183.8356,
                "2025": 184.2377,
                "2026": 183.2834,
                "2027": 182.3443,
                "2028": 181.4052,
                "2029": 180.4661,
                "2030": 179.527,
                "2031": 178.5879,
                "2032": 176.0023,
                "2033": 175.275,
                "2034": 174.5478,
                "2035": 173.8206,
                "2036": 173.0934,
                "2037": 172.3662,
                "2038": 171.639,
                "2039": 170.9118,
                "2040": 170.1845
            },
            {
                "Tech": "MINSOL",
                "MoId": 1,
                "2019": 0.0521,
                "2020": 0.0521,
                "2021": 5.9542,
                "2022": 0.0402,
                "2023": 0.0332,
                "2024": 0.045,
                "2025": 66.9521,
                "2026": 57.4521,
                "2027": 69.4344,
                "2028": 64.8481,
                "2029": 57.1435,
                "2030": 66.9414,
                "2031": 57.4659,
                "2032": 78.5521,
                "2033": 55.3414,
                "2034": 69.0521,
                "2035": 49.7588,
                "2036": 66.945,
                "2037": 64.8414,
                "2038": 66.945,
                "2039": 55.3414,
                "2040": 66.9659
            },
            {
                "Tech": "MINWND",
                "MoId": 1,
                "2019": 17195.779,
                "2020": 17802.515,
                "2021": 18409.398,
                "2022": 18993.552,
                "2023": 19590.613,
                "2024": 20073.161,
                "2025": 20594.843,
                "2026": 21192.528,
                "2027": 21768.73,
                "2028": 22361.468,
                "2029": 22957.376,
                "2030": 23535.747,
                "2031": 24133.402,
                "2032": 25731.76,
                "2033": 26210.443,
                "2034": 26652.19,
                "2035": 27127.0,
                "2036": 27565.283,
                "2037": 28022.854,
                "2038": 28476.179,
                "2039": 28943.303,
                "2040": 29387.096
            },
            {
                "Tech": "PWRBIO001",
                "MoId": 1,
                "2019": 0.0,
                "2020": 0.0,
                "2021": 0.0,
                "2022": 0.0,
                "2023": 0.0,
                "2024": 0.0,
                "2025": 0.0,
                "2026": 0.0,
                "2027": 0.0,
                "2028": 0.0,
                "2029": 0.0,
                "2030": 0.0,
                "2031": 0.0,
                "2032": 0.0,
                "2033": 0.0,
                "2034": 0.0,
                "2035": 0.0,
                "2036": 0.0,
                "2037": 0.0,
                "2038": 0.0,
                "2039": 0.0,
                "2040": 0.0
            },
            {
                "Tech": "PWRCOA001",
                "MoId": 1,
                "2019": 0.0226,
                "2020": 0.0226,
                "2021": 0.0226,
                "2022": 0.0226,
                "2023": 0.0226,
                "2024": 0.0226,
                "2025": 0.0226,
                "2026": 0.0,
                "2027": 0.0,
                "2028": 0.0,
                "2029": 0.0,
                "2030": 0.0,
                "2031": 0.0,
                "2032": 0.0,
                "2033": 0.0,
                "2034": 0.0,
                "2035": 0.0,
                "2036": 0.0,
                "2037": 0.0,
                "2038": 0.0,
                "2039": 0.0,
                "2040": 0.0
            },
            {
                "Tech": "PWRCOA002",
                "MoId": 1,
                "2019": 0.0,
                "2020": 0.0,
                "2021": 0.0,
                "2022": 0.0,
                "2023": 0.0,
                "2024": 0.0,
                "2025": 0.0,
                "2026": 0.0,
                "2027": 0.0,
                "2028": 0.0,
                "2029": 0.0,
                "2030": 0.0,
                "2031": 0.0,
                "2032": 0.0,
                "2033": 0.0,
                "2034": 0.0,
                "2035": 0.0,
                "2036": 0.0,
                "2037": 0.0,
                "2038": 0.0,
                "2039": 0.0,
                "2040": 0.0
            },
            {
                "Tech": "PWRHFO001",
                "MoId": 1,
                "2019": 0.0041,
                "2020": 0.0041,
                "2021": 0.0041,
                "2022": 0.0041,
                "2023": 0.0041,
                "2024": 0.0041,
                "2025": 0.0041,
                "2026": 0.0041,
                "2027": 0.0041,
                "2028": 0.0041,
                "2029": 0.0041,
                "2030": 0.0041,
                "2031": 0.0041,
                "2032": 0.0041,
                "2033": 0.0041,
                "2034": 0.0041,
                "2035": 0.0041,
                "2036": 0.0041,
                "2037": 0.0041,
                "2038": 0.0041,
                "2039": 0.0041,
                "2040": 0.0041
            },
            {
                "Tech": "PWRHFO002",
                "MoId": 1,
                "2019": 0.0,
                "2020": 0.0,
                "2021": 0.0,
                "2022": 9.4,
                "2023": 0.0,
                "2024": 0.0,
                "2025": 0.0,
                "2026": 0.0,
                "2027": 0.0,
                "2028": 0.0,
                "2029": 0.0,
                "2030": 0.0,
                "2031": 0.0,
                "2032": 0.0,
                "2033": 0.0,
                "2034": 0.0,
                "2035": 0.0,
                "2036": 0.0,
                "2037": 0.0,
                "2038": 0.0,
                "2039": 0.0,
                "2040": 0.0
            },
            {
                "Tech": "PWRHFO003",
                "MoId": 1,
                "2019": 0.0,
                "2020": 0.0,
                "2021": 0.0,
                "2022": 0.0,
                "2023": 0.0,
                "2024": 0.0,
                "2025": 0.0,
                "2026": 0.0,
                "2027": 0.0,
                "2028": 0.0,
                "2029": 0.0,
                "2030": 0.0,
                "2031": 0.0,
                "2032": 0.0,
                "2033": 0.0,
                "2034": 0.0,
                "2035": 0.0,
                "2036": 0.0,
                "2037": 0.0,
                "2038": 0.0,
                "2039": 0.0,
                "2040": 0.0
            },
            {
                "Tech": "PWRHYD001",
                "MoId": 1,
                "2019": 0.1166,
                "2020": 0.1221,
                "2021": 0.1079,
                "2022": 0.1089,
                "2023": 0.0953,
                "2024": 0.1265,
                "2025": 0.0717,
                "2026": 0.0953,
                "2027": 0.0879,
                "2028": 0.1139,
                "2029": 0.087,
                "2030": 0.0953,
                "2031": 0.093,
                "2032": 0.1041,
                "2033": 0.1034,
                "2034": 0.1171,
                "2035": 0.0728,
                "2036": 0.0748,
                "2037": 0.0788,
                "2038": 0.1221,
                "2039": 0.0734,
                "2040": 0.1275
            },
            {
                "Tech": "PWRHYD002",
                "MoId": 1,
                "2019": 0.0,
                "2020": 0.0,
                "2021": 0.0,
                "2022": 0.0,
                "2023": 0.0,
                "2024": 0.0,
                "2025": 0.0,
                "2026": 0.0,
                "2027": 0.0,
                "2028": 0.0,
                "2029": 0.0,
                "2030": 0.0,
                "2031": 0.0,
                "2032": 0.0,
                "2033": 0.0,
                "2034": 0.0,
                "2035": 0.0,
                "2036": 0.0,
                "2037": 0.0,
                "2038": 0.0,
                "2039": 0.0,
                "2040": 0.0
            },
            {
                "Tech": "PWRHYD003",
                "MoId": 1,
                "2019": 0.0,
                "2020": 0.0,
                "2021": 0.0,
                "2022": 0.0,
                "2023": 0.0,
                "2024": 0.0,
                "2025": 0.0,
                "2026": 0.0,
                "2027": 0.0,
                "2028": 0.0,
                "2029": 0.0,
                "2030": 0.0,
                "2031": 0.0,
                "2032": 0.0,
                "2033": 0.0,
                "2034": 0.0,
                "2035": 0.0,
                "2036": 0.0,
                "2037": 0.0,
                "2038": 0.0,
                "2039": 0.0,
                "2040": 0.0
            },
            {
                "Tech": "PWRNGS001",
                "MoId": 1,
                "2019": 0.0,
                "2020": 0.0,
                "2021": 0.0,
                "2022": 0.0,
                "2023": 0.0,
                "2024": 105.0489,
                "2025": 105.2787,
                "2026": 104.7334,
                "2027": 104.1968,
                "2028": 103.6601,
                "2029": 103.1235,
                "2030": 102.5869,
                "2031": 102.0502,
                "2032": 100.5727,
                "2033": 100.1572,
                "2034": 99.7416,
                "2035": 99.3261,
                "2036": 98.9105,
                "2037": 98.495,
                "2038": 98.0794,
                "2039": 97.6639,
                "2040": 97.2483
            },
            {
                "Tech": "PWRNGS002",
                "MoId": 1,
                "2019": 0.0,
                "2020": 0.0,
                "2021": 0.0,
                "2022": 0.0,
                "2023": 0.0,
                "2024": 0.0,
                "2025": 0.0,
                "2026": 0.0,
                "2027": 0.0,
                "2028": 0.0,
                "2029": 0.0,
                "2030": 0.0,
                "2031": 0.0,
                "2032": 0.0,
                "2033": 0.0,
                "2034": 0.0,
                "2035": 0.0,
                "2036": 0.0,
                "2037": 0.0,
                "2038": 0.0,
                "2039": 0.0,
                "2040": 0.0
            },
            {
                "Tech": "PWRNGS003",
                "MoId": 1,
                "2019": 0.0,
                "2020": 0.0,
                "2021": 0.0,
                "2022": 0.0,
                "2023": 0.0,
                "2024": 0.0,
                "2025": 0.0,
                "2026": 0.0,
                "2027": 0.0,
                "2028": 0.0,
                "2029": 0.0,
                "2030": 0.0,
                "2031": 0.0,
                "2032": 0.0,
                "2033": 0.0,
                "2034": 0.0,
                "2035": 0.0,
                "2036": 0.0,
                "2037": 0.0,
                "2038": 0.0,
                "2039": 0.0,
                "2040": 0.0
            },
            {
                "Tech": "PWRSOL001",
                "MoId": 1,
                "2019": 0.0356,
                "2020": 0.0356,
                "2021": 5.9377,
                "2022": 0.0238,
                "2023": 0.0167,
                "2024": 0.0285,
                "2025": 0.0387,
                "2026": 0.0377,
                "2027": 0.0179,
                "2028": 0.0316,
                "2029": 0.027,
                "2030": 0.0249,
                "2031": 0.0514,
                "2032": 0.0377,
                "2033": 0.027,
                "2034": 0.0387,
                "2035": 0.0423,
                "2036": 0.0316,
                "2037": 0.0249,
                "2038": 0.0285,
                "2039": 0.027,
                "2040": 0.0525
            },
            {
                "Tech": "PWRSOL002",
                "MoId": 1,
                "2019": 0.0165,
                "2020": 0.0165,
                "2021": 0.0165,
                "2022": 0.0165,
                "2023": 0.0165,
                "2024": 0.0165,
                "2025": 0.0165,
                "2026": 0.0165,
                "2027": 0.0165,
                "2028": 0.0165,
                "2029": 0.0165,
                "2030": 0.0165,
                "2031": 0.0165,
                "2032": 0.0165,
                "2033": 0.0165,
                "2034": 0.0165,
                "2035": 0.0165,
                "2036": 0.0165,
                "2037": 0.0165,
                "2038": 0.0165,
                "2039": 0.0165,
                "2040": 0.0165
            },
            {
                "Tech": "PWRSOL003",
                "MoId": 1,
                "2019": 0.0,
                "2020": 0.0,
                "2021": 0.0,
                "2022": 0.0,
                "2023": 0.0,
                "2024": 0.0,
                "2025": 66.8969,
                "2026": 57.3979,
                "2027": 69.4,
                "2028": 64.8,
                "2029": 57.1,
                "2030": 66.9,
                "2031": 57.3979,
                "2032": 78.4979,
                "2033": 55.2979,
                "2034": 68.9969,
                "2035": 49.7,
                "2036": 66.8969,
                "2037": 64.8,
                "2038": 66.9,
                "2039": 55.2979,
                "2040": 66.8969
            },
            {
                "Tech": "PWRTRN001",
                "MoId": 1,
                "2019": 17526.948,
                "2020": 18133.689,
                "2021": 18796.611,
                "2022": 19384.251,
                "2023": 19971.892,
                "2024": 20559.532,
                "2025": 21148.296,
                "2026": 21735.937,
                "2027": 22323.577,
                "2028": 22911.217,
                "2029": 23498.858,
                "2030": 24086.498,
                "2031": 24674.139,
                "2032": 26292.116,
                "2033": 26747.172,
                "2034": 27202.229,
                "2035": 27657.285,
                "2036": 28112.341,
                "2037": 28567.397,
                "2038": 29022.453,
                "2039": 29477.51,
                "2040": 29932.566
            },
            {
                "Tech": "PWRWND001",
                "MoId": 1,
                "2019": 17195.779,
                "2020": 17802.515,
                "2021": 18409.398,
                "2022": 18993.552,
                "2023": 19590.613,
                "2024": 20073.161,
                "2025": 20594.843,
                "2026": 21192.528,
                "2027": 21768.73,
                "2028": 22361.468,
                "2029": 22957.376,
                "2030": 23535.747,
                "2031": 24133.402,
                "2032": 25731.76,
                "2033": 26210.443,
                "2034": 26652.19,
                "2035": 27127.0,
                "2036": 27565.283,
                "2037": 28022.854,
                "2038": 28476.179,
                "2039": 28943.303,
                "2040": 29387.096
            }
        ]
    }
}