{
    "CAU": {
        "SC_0": [
            {
                "TEC_0": 31.536,
                "TEC_utwtu": 31.536,
                "TEC_db4sq": 31.536,
                "TEC_z6xey": 31.536,
                "TEC_yv03f": 31.536,
                "TEC_jgklh": 31.536,
                "TEC_owbqz": 31.536,
                "TEC_546ol": 31.536,
                "TEC_mi898": 31.536,
                "TEC_83tdv": 31.536,
                "TEC_1jb1s": 31.536,
                "TEC_oqud4": 31.536,
                "TEC_7q4kb": 31.536,
                "TEC_tts99": 31.536,
                "TEC_eqzvt": 31.536,
                "TEC_02vj8": 31.536,
                "TEC_4etxn": 31.536,
                "TEC_709er": 31.536,
                "TEC_lxbjo": 31.536,
                "TEC_mte2o": 31.536,
                "TEC_n9h7q": 31.536,
                "TEC_a7oo5": 31.536,
                "TEC_s8glg": 31.536,
                "TEC_s3fu0": 31.536,
                "TEC_e1xj3": 31.536,
                "TEC_8wghe": 31.536,
                "TEC_cc48r": 31.536,
                "TEC_9f7yv": 31.536,
                "TEC_2x3m9": 31.536,
                "TEC_hkixe": 31.536,
                "TEC_gyy4i": 31.536,
                "TEC_xhwxb": 31.536,
                "TEC_kipk7": 31.536,
                "TEC_v08sr": 31.536,
                "TEC_9lugr": 31.536,
                "TEC_ekjb0": 31.536,
                "TEC_6vp30": 31.536,
                "TEC_aimj2": 31.536,
                "TEC_an1rm": 31.536,
                "TEC_vbgay": 31.536,
                "TEC_tit3q": 31.536,
                "TEC_ar7wu": 31.536,
                "TEC_u2iy0": 31.536,
                "TEC_x1k23": 31.536,
                "TEC_h45im": 31.536,
                "TEC_n2z43": 31.536,
                "TEC_h0df3": 31.536,
                "TEC_mxrp2": 31.536,
                "TEC_qjsce": 31.536,
                "TEC_hrhtj": 31.536,
                "TEC_xwpev": 31.536,
                "TEC_izk2c": 31.536,
                "TEC_na99c": 31.536,
                "TEC_l7adc": 31.536,
                "TEC_idci9": 31.536,
                "TEC_qenru": 31.536,
                "TEC_a149v": 31.536,
                "TEC_314fg": 31.536,
                "TEC_d3rzw": 31.536,
                "TEC_849mw": 31.536,
                "TEC_1t1lf": 31.536,
                "TEC_ltynt": 31.536,
                "TEC_ly4j4": 31.536,
                "TEC_g5oe1": 31.536,
                "TEC_qu3w7": 31.536,
                "TEC_zrq59": 31.536,
                "TEC_unvw0": 31.536,
                "TEC_wwrvc": 31.536,
                "TEC_k9l6r": 31.536,
                "TEC_dqe89": 31.536,
                "TEC_f53ym": 31.536,
                "TEC_10is6": 31.536,
                "TEC_g5b0l": 31.536,
                "TEC_uy3dn": 31.536,
                "TEC_y5doe": 31.536,
                "TEC_ebeqj": 31.536,
                "TEC_unilv": 31.536,
                "TEC_md0dv": 31.536,
                "TEC_k7krv": 31.536,
                "TEC_viz1b": 31.536,
                "TEC_glh6u": 31.536,
                "TEC_pa4ji": 31.536,
                "TEC_jdasa": 31.536,
                "TEC_abl6g": 31.536,
                "TEC_s440z": 31.536,
                "TEC_ev0a2": 31.536,
                "TEC_ozipp": 31.536,
                "TEC_84nw9": 31.536,
                "TEC_nshci": 31.536,
                "TEC_c9cty": 31.536,
                "TEC_s6308": 31.536,
                "TEC_phmfw": 31.536,
                "TEC_sfeto": 31.536,
                "TEC_x3itb": 31.536,
                "TEC_pi65b": 31.536,
                "TEC_c1t5x": 31.536,
                "TEC_c5pia": 31.536,
                "TEC_r559a": 31.536,
                "TEC_l3lo2": 31.536,
                "TEC_7q06z": 31.536,
                "TEC_pl6t9": 31.536,
                "TEC_ac0ch": 31.536,
                "TEC_a1wek": 31.536,
                "TEC_mwckc": 31.536,
                "TEC_oltre": 31.536,
                "TEC_hcus5": 31.536,
                "TEC_57s00": 31.536,
                "TEC_7vich": 31.536,
                "TEC_5rul5": 31.536,
                "TEC_qtzh1": 31.536,
                "TEC_817hk": 31.536,
                "TEC_vmap3": 31.536,
                "TEC_ycb1h": 31.536,
                "TEC_nurvj": 31.536,
                "TEC_btlfv": 31.536,
                "TEC_mgb0h": 31.536,
                "TEC_r55dv": 31.536,
                "TEC_134u5": 31.536,
                "TEC_e19z1": 31.536,
                "TEC_tx1p2": 31.536,
                "TEC_qpfpt": 31.536,
                "TEC_jtk96": 31.536,
                "TEC_hr6na": 31.536,
                "TEC_s0zgy": 31.536,
                "TEC_nujaf": 31.536,
                "TEC_5ru4l": 31.536,
                "TEC_xiw08": 31.536,
                "TEC_qlqbc": 31.536,
                "TEC_v9r9a": 31.536,
                "TEC_9rzhi": 31.536,
                "TEC_czeg0": 31.536,
                "TEC_45sxn": 31.536,
                "TEC_c7qdx": 31.536,
                "TEC_u8wxo": 31.536,
                "TEC_pcv3h": 31.536,
                "TEC_op2f9": 31.536,
                "TEC_aik61": 31.536,
                "TEC_3vsjc": 31.536,
                "TEC_revb7": 31.536,
                "TEC_ibckd": 31.536,
                "TEC_ou3ct": 31.536,
                "TEC_4prin": 31.536,
                "TEC_e2s5e": 31.536,
                "TEC_ysmby": 31.536,
                "TEC_y7gwb": 31.536,
                "TEC_4s6ts": 31.536,
                "TEC_0kf3b": 31.536,
                "TEC_8nck7": 31.536,
                "TEC_4lsab": 31.536,
                "TEC_d80xb": 31.536,
                "TEC_j5wp7": 31.536,
                "TEC_zv7kc": 31.536,
                "TEC_xcxbm": 31.536,
                "TEC_hud3g": 31.536,
                "TEC_a5esv": 31.536,
                "TEC_hl7rs": 31.536,
                "TEC_9tbv6": 31.536,
                "TEC_85wji": 31.536,
                "TEC_t61e0": 31.536,
                "TEC_cqfsz": 31.536,
                "TEC_8gs3z": 31.536,
                "TEC_uhuh4": 31.536,
                "TEC_vhdob": 31.536,
                "TEC_vcafd": 31.536,
                "TEC_tuw4l": 31.536,
                "TEC_sivb3": 31.536,
                "TEC_tzrb2": 31.536,
                "TEC_dalx6": 31.536,
                "TEC_5tdmw": 31.536,
                "TEC_rr5gg": 31.536,
                "TEC_uu33c": 31.536,
                "TEC_wxjp6": 31.536,
                "TEC_ilxpw": 31.536,
                "TEC_y55ma": 31.536,
                "TEC_2qzdd": 31.536,
                "TEC_ngriy": 31.536,
                "TEC_nxczt": 31.536,
                "TEC_5ds6h": 31.536,
                "TEC_3pjfa": 31.536,
                "TEC_23mu2": 31.536,
                "TEC_e2h9m": 31.536,
                "TEC_d5p24": 31.536,
                "TEC_4ok3n": 31.536,
                "TEC_ah4tf": 31.536,
                "TEC_2i97v": 31.536,
                "TEC_16w51": 31.536,
                "TEC_0mo4j": 31.536,
                "TEC_28hu6": 31.536,
                "TEC_l4fs0": 31.536,
                "TEC_9bymq": 31.536,
                "TEC_z6kss": 31.536,
                "TEC_kxah9": 31.536,
                "TEC_8zj43": 31.536,
                "TEC_b6kkf": 31.536,
                "TEC_fa9l0": 31.536,
                "TEC_8nt3f": 31.536,
                "TEC_sl966": 31.536,
                "TEC_ri89w": 31.536,
                "TEC_auw1y": 31.536,
                "TEC_4dt7e": 31.536,
                "TEC_tdp02": 31.536,
                "TEC_pmpwl": 31.536,
                "TEC_ja1lq": 31.536,
                "TEC_sf335": 31.536,
                "TEC_4p1ns": 31.536,
                "TEC_7sxkc": 31.536,
                "TEC_zymhi": 31.536,
                "TEC_vff1c": 31.536,
                "TEC_q5qmv": 31.536,
                "TEC_s439e": 31.536,
                "TEC_yyjla": 31.536,
                "TEC_14ssn": 31.536,
                "TEC_h4q9r": 31.536,
                "TEC_yxxz7": 31.536,
                "TEC_6fdhb": 31.536,
                "TEC_6u542": 31.536,
                "TEC_5iyy0": 31.536,
                "TEC_2zkpe": 31.536,
                "TEC_swdfr": 31.536,
                "TEC_h5a5e": 31.536,
                "TEC_mduho": 31.536,
                "TEC_0stcd": 31.536,
                "TEC_qgdbc": 31.536,
                "TEC_10lpz": 31.536,
                "TEC_77nsw": 31.536,
                "TEC_uja0t": 31.536,
                "TEC_vehva": 31.536,
                "TEC_jvx0g": 31.536,
                "TEC_gsk8j": 31.536,
                "TEC_0yz48": 31.536,
                "TEC_z140h": 31.536,
                "TEC_f4fy6": 31.536,
                "TEC_4ws5b": 31.536,
                "TEC_eaf2d": 31.536,
                "TEC_f1nl5": 31.536,
                "TEC_vab5t": 31.536,
                "TEC_t55wh": 31.536,
                "TEC_dt8x2": 31.536,
                "TEC_cbelk": 31.536,
                "TEC_2d171": 31.536,
                "TEC_odbsd": 31.536,
                "TEC_0jgv4": 31.536,
                "TEC_ehoq5": 31.536,
                "TEC_oqy3d": 31.536,
                "TEC_ez8yh": 31.536,
                "TEC_3bcp5": 31.536,
                "TEC_le0j1": 31.536,
                "TEC_qfbmd": 31.536,
                "TEC_mocmq": 31.536,
                "TEC_k25bf": 31.536,
                "TEC_mwvkq": 31.536,
                "TEC_mmle9": 31.536
            }
        ],
        "SC_zh71e": [
            {
                "TEC_0": null,
                "TEC_utwtu": null,
                "TEC_db4sq": null,
                "TEC_z6xey": null,
                "TEC_yv03f": null,
                "TEC_jgklh": null,
                "TEC_owbqz": null,
                "TEC_546ol": null,
                "TEC_mi898": null,
                "TEC_83tdv": null,
                "TEC_1jb1s": null,
                "TEC_oqud4": null,
                "TEC_7q4kb": null,
                "TEC_tts99": null,
                "TEC_eqzvt": null,
                "TEC_02vj8": null,
                "TEC_4etxn": null,
                "TEC_709er": null,
                "TEC_lxbjo": null,
                "TEC_mte2o": null,
                "TEC_n9h7q": null,
                "TEC_a7oo5": null,
                "TEC_s8glg": null,
                "TEC_s3fu0": null,
                "TEC_e1xj3": null,
                "TEC_8wghe": null,
                "TEC_cc48r": null,
                "TEC_9f7yv": null,
                "TEC_2x3m9": null,
                "TEC_hkixe": null,
                "TEC_gyy4i": null,
                "TEC_xhwxb": null,
                "TEC_kipk7": null,
                "TEC_v08sr": null,
                "TEC_9lugr": null,
                "TEC_ekjb0": null,
                "TEC_6vp30": null,
                "TEC_aimj2": null,
                "TEC_an1rm": null,
                "TEC_vbgay": null,
                "TEC_tit3q": null,
                "TEC_ar7wu": null,
                "TEC_u2iy0": null,
                "TEC_x1k23": null,
                "TEC_h45im": null,
                "TEC_n2z43": null,
                "TEC_h0df3": null,
                "TEC_mxrp2": null,
                "TEC_qjsce": null,
                "TEC_hrhtj": null,
                "TEC_xwpev": null,
                "TEC_izk2c": null,
                "TEC_na99c": null,
                "TEC_l7adc": null,
                "TEC_idci9": null,
                "TEC_qenru": null,
                "TEC_a149v": null,
                "TEC_314fg": null,
                "TEC_d3rzw": null,
                "TEC_849mw": null,
                "TEC_1t1lf": null,
                "TEC_ltynt": null,
                "TEC_ly4j4": null,
                "TEC_g5oe1": null,
                "TEC_qu3w7": null,
                "TEC_zrq59": null,
                "TEC_unvw0": null,
                "TEC_wwrvc": null,
                "TEC_k9l6r": null,
                "TEC_dqe89": null,
                "TEC_f53ym": null,
                "TEC_10is6": null,
                "TEC_g5b0l": null,
                "TEC_uy3dn": null,
                "TEC_y5doe": null,
                "TEC_ebeqj": null,
                "TEC_unilv": null,
                "TEC_md0dv": null,
                "TEC_k7krv": null,
                "TEC_viz1b": null,
                "TEC_glh6u": null,
                "TEC_pa4ji": null,
                "TEC_jdasa": null,
                "TEC_abl6g": null,
                "TEC_s440z": null,
                "TEC_ev0a2": null,
                "TEC_ozipp": null,
                "TEC_84nw9": null,
                "TEC_nshci": null,
                "TEC_c9cty": null,
                "TEC_s6308": null,
                "TEC_phmfw": null,
                "TEC_sfeto": null,
                "TEC_x3itb": null,
                "TEC_pi65b": null,
                "TEC_c1t5x": null,
                "TEC_c5pia": null,
                "TEC_r559a": null,
                "TEC_l3lo2": null,
                "TEC_7q06z": null,
                "TEC_pl6t9": null,
                "TEC_ac0ch": null,
                "TEC_a1wek": null,
                "TEC_mwckc": null,
                "TEC_oltre": null,
                "TEC_hcus5": null,
                "TEC_57s00": null,
                "TEC_7vich": null,
                "TEC_5rul5": null,
                "TEC_qtzh1": null,
                "TEC_817hk": null,
                "TEC_vmap3": null,
                "TEC_ycb1h": null,
                "TEC_nurvj": null,
                "TEC_btlfv": null,
                "TEC_mgb0h": null,
                "TEC_r55dv": null,
                "TEC_134u5": null,
                "TEC_e19z1": null,
                "TEC_tx1p2": null,
                "TEC_qpfpt": null,
                "TEC_jtk96": null,
                "TEC_hr6na": null,
                "TEC_s0zgy": null,
                "TEC_nujaf": null,
                "TEC_5ru4l": null,
                "TEC_xiw08": null,
                "TEC_qlqbc": null,
                "TEC_v9r9a": null,
                "TEC_9rzhi": null,
                "TEC_czeg0": null,
                "TEC_45sxn": null,
                "TEC_c7qdx": null,
                "TEC_u8wxo": null,
                "TEC_pcv3h": null,
                "TEC_op2f9": null,
                "TEC_aik61": null,
                "TEC_3vsjc": null,
                "TEC_revb7": null,
                "TEC_ibckd": null,
                "TEC_ou3ct": null,
                "TEC_4prin": null,
                "TEC_e2s5e": null,
                "TEC_ysmby": null,
                "TEC_y7gwb": null,
                "TEC_4s6ts": null,
                "TEC_0kf3b": null,
                "TEC_8nck7": null,
                "TEC_4lsab": null,
                "TEC_d80xb": null,
                "TEC_j5wp7": null,
                "TEC_zv7kc": null,
                "TEC_xcxbm": null,
                "TEC_hud3g": null,
                "TEC_a5esv": null,
                "TEC_hl7rs": null,
                "TEC_9tbv6": null,
                "TEC_85wji": null,
                "TEC_t61e0": null,
                "TEC_cqfsz": null,
                "TEC_8gs3z": null,
                "TEC_uhuh4": null,
                "TEC_vhdob": null,
                "TEC_vcafd": null,
                "TEC_tuw4l": null,
                "TEC_sivb3": null,
                "TEC_tzrb2": null,
                "TEC_dalx6": null,
                "TEC_5tdmw": null,
                "TEC_rr5gg": null,
                "TEC_uu33c": null,
                "TEC_wxjp6": null,
                "TEC_ilxpw": null,
                "TEC_y55ma": null,
                "TEC_2qzdd": null,
                "TEC_ngriy": null,
                "TEC_nxczt": null,
                "TEC_5ds6h": null,
                "TEC_3pjfa": null,
                "TEC_23mu2": null,
                "TEC_e2h9m": null,
                "TEC_d5p24": null,
                "TEC_4ok3n": null,
                "TEC_ah4tf": null,
                "TEC_2i97v": null,
                "TEC_16w51": null,
                "TEC_0mo4j": null,
                "TEC_28hu6": null,
                "TEC_l4fs0": null,
                "TEC_9bymq": null,
                "TEC_z6kss": null,
                "TEC_kxah9": null,
                "TEC_8zj43": null,
                "TEC_b6kkf": null,
                "TEC_fa9l0": null,
                "TEC_8nt3f": null,
                "TEC_sl966": null,
                "TEC_ri89w": null,
                "TEC_auw1y": null,
                "TEC_4dt7e": null,
                "TEC_tdp02": null,
                "TEC_pmpwl": null,
                "TEC_ja1lq": null,
                "TEC_sf335": null,
                "TEC_4p1ns": null,
                "TEC_7sxkc": null,
                "TEC_zymhi": null,
                "TEC_vff1c": null,
                "TEC_q5qmv": null,
                "TEC_s439e": null,
                "TEC_yyjla": null,
                "TEC_14ssn": null,
                "TEC_h4q9r": null,
                "TEC_yxxz7": null,
                "TEC_6fdhb": null,
                "TEC_6u542": null,
                "TEC_5iyy0": null,
                "TEC_2zkpe": null,
                "TEC_swdfr": null,
                "TEC_h5a5e": null,
                "TEC_mduho": null,
                "TEC_0stcd": null,
                "TEC_qgdbc": null,
                "TEC_10lpz": null,
                "TEC_77nsw": null,
                "TEC_uja0t": null,
                "TEC_vehva": null,
                "TEC_jvx0g": null,
                "TEC_gsk8j": null,
                "TEC_0yz48": null,
                "TEC_z140h": null,
                "TEC_f4fy6": null,
                "TEC_4ws5b": null,
                "TEC_eaf2d": null,
                "TEC_f1nl5": null,
                "TEC_vab5t": null,
                "TEC_t55wh": null,
                "TEC_dt8x2": null,
                "TEC_cbelk": null,
                "TEC_2d171": null,
                "TEC_odbsd": null,
                "TEC_0jgv4": null,
                "TEC_ehoq5": null,
                "TEC_oqy3d": null,
                "TEC_ez8yh": null,
                "TEC_3bcp5": null,
                "TEC_le0j1": null,
                "TEC_qfbmd": null,
                "TEC_mocmq": null,
                "TEC_k25bf": null,
                "TEC_mwvkq": null,
                "TEC_mmle9": null
            }
        ]
    },
    "OL": {
        "SC_0": [
            {
                "TEC_0": 100,
                "TEC_utwtu": 100,
                "TEC_db4sq": 100,
                "TEC_z6xey": 100,
                "TEC_yv03f": 100,
                "TEC_jgklh": 100,
                "TEC_owbqz": 100,
                "TEC_546ol": 100,
                "TEC_mi898": 100,
                "TEC_83tdv": 100,
                "TEC_1jb1s": 100,
                "TEC_oqud4": 100,
                "TEC_7q4kb": 100,
                "TEC_tts99": 60,
                "TEC_eqzvt": 60,
                "TEC_02vj8": 60,
                "TEC_4etxn": 60,
                "TEC_709er": 60,
                "TEC_lxbjo": 60,
                "TEC_mte2o": 60,
                "TEC_n9h7q": 60,
                "TEC_a7oo5": 60,
                "TEC_s8glg": 60,
                "TEC_s3fu0": 60,
                "TEC_e1xj3": 60,
                "TEC_8wghe": 60,
                "TEC_cc48r": 60,
                "TEC_9f7yv": 60,
                "TEC_2x3m9": 100,
                "TEC_hkixe": 100,
                "TEC_gyy4i": 100,
                "TEC_xhwxb": 100,
                "TEC_kipk7": 100,
                "TEC_v08sr": 100,
                "TEC_9lugr": 100,
                "TEC_ekjb0": 100,
                "TEC_6vp30": 100,
                "TEC_aimj2": 100,
                "TEC_an1rm": 100,
                "TEC_vbgay": 100,
                "TEC_tit3q": 100,
                "TEC_ar7wu": 100,
                "TEC_u2iy0": 100,
                "TEC_x1k23": 100,
                "TEC_h45im": 25,
                "TEC_n2z43": 25,
                "TEC_h0df3": 25,
                "TEC_mxrp2": 25,
                "TEC_qjsce": 25,
                "TEC_hrhtj": 25,
                "TEC_xwpev": 25,
                "TEC_izk2c": 25,
                "TEC_na99c": 25,
                "TEC_l7adc": 25,
                "TEC_idci9": 25,
                "TEC_qenru": 25,
                "TEC_a149v": 30,
                "TEC_314fg": 30,
                "TEC_d3rzw": 30,
                "TEC_849mw": 30,
                "TEC_1t1lf": 30,
                "TEC_ltynt": 30,
                "TEC_ly4j4": 30,
                "TEC_g5oe1": 30,
                "TEC_qu3w7": 30,
                "TEC_zrq59": 30,
                "TEC_unvw0": 30,
                "TEC_wwrvc": 30,
                "TEC_k9l6r": 30,
                "TEC_dqe89": 30,
                "TEC_f53ym": 30,
                "TEC_10is6": 30,
                "TEC_g5b0l": 30,
                "TEC_uy3dn": 30,
                "TEC_y5doe": 30,
                "TEC_ebeqj": 30,
                "TEC_unilv": 30,
                "TEC_md0dv": 30,
                "TEC_k7krv": 30,
                "TEC_viz1b": 30,
                "TEC_glh6u": 30,
                "TEC_pa4ji": 30,
                "TEC_jdasa": 30,
                "TEC_abl6g": 30,
                "TEC_s440z": 30,
                "TEC_ev0a2": 30,
                "TEC_ozipp": 30,
                "TEC_84nw9": 30,
                "TEC_nshci": 30,
                "TEC_c9cty": 30,
                "TEC_s6308": 30,
                "TEC_phmfw": 30,
                "TEC_sfeto": 30,
                "TEC_x3itb": 80,
                "TEC_pi65b": 80,
                "TEC_c1t5x": 80,
                "TEC_c5pia": 80,
                "TEC_r559a": 80,
                "TEC_l3lo2": 80,
                "TEC_7q06z": 80,
                "TEC_pl6t9": 80,
                "TEC_ac0ch": 30,
                "TEC_a1wek": 30,
                "TEC_mwckc": 30,
                "TEC_oltre": 30,
                "TEC_hcus5": 30,
                "TEC_57s00": 30,
                "TEC_7vich": 30,
                "TEC_5rul5": 30,
                "TEC_qtzh1": 30,
                "TEC_817hk": 30,
                "TEC_vmap3": 30,
                "TEC_ycb1h": 30,
                "TEC_nurvj": 30,
                "TEC_btlfv": 30,
                "TEC_mgb0h": 30,
                "TEC_r55dv": 30,
                "TEC_134u5": 30,
                "TEC_e19z1": 30,
                "TEC_tx1p2": 30,
                "TEC_qpfpt": 30,
                "TEC_jtk96": 30,
                "TEC_hr6na": 30,
                "TEC_s0zgy": 30,
                "TEC_nujaf": 30,
                "TEC_5ru4l": 30,
                "TEC_xiw08": 30,
                "TEC_qlqbc": 30,
                "TEC_v9r9a": 30,
                "TEC_9rzhi": 30,
                "TEC_czeg0": 30,
                "TEC_45sxn": 30,
                "TEC_c7qdx": 30,
                "TEC_u8wxo": 30,
                "TEC_pcv3h": 30,
                "TEC_op2f9": 30,
                "TEC_aik61": 30,
                "TEC_3vsjc": 30,
                "TEC_revb7": 30,
                "TEC_ibckd": 30,
                "TEC_ou3ct": 30,
                "TEC_4prin": 30,
                "TEC_e2s5e": 30,
                "TEC_ysmby": 30,
                "TEC_y7gwb": 30,
                "TEC_4s6ts": 30,
                "TEC_0kf3b": 30,
                "TEC_8nck7": 25,
                "TEC_4lsab": 25,
                "TEC_d80xb": 25,
                "TEC_j5wp7": 25,
                "TEC_zv7kc": 25,
                "TEC_xcxbm": 25,
                "TEC_hud3g": 25,
                "TEC_a5esv": 25,
                "TEC_hl7rs": 25,
                "TEC_9tbv6": 25,
                "TEC_85wji": 25,
                "TEC_t61e0": 25,
                "TEC_cqfsz": 25,
                "TEC_8gs3z": 25,
                "TEC_uhuh4": 25,
                "TEC_vhdob": 25,
                "TEC_vcafd": 25,
                "TEC_tuw4l": 25,
                "TEC_sivb3": 25,
                "TEC_tzrb2": 25,
                "TEC_dalx6": 25,
                "TEC_5tdmw": 25,
                "TEC_rr5gg": 25,
                "TEC_uu33c": 25,
                "TEC_wxjp6": 25,
                "TEC_ilxpw": 25,
                "TEC_y55ma": 25,
                "TEC_2qzdd": 25,
                "TEC_ngriy": 25,
                "TEC_nxczt": 25,
                "TEC_5ds6h": 25,
                "TEC_3pjfa": 25,
                "TEC_23mu2": 25,
                "TEC_e2h9m": 25,
                "TEC_d5p24": 25,
                "TEC_4ok3n": 25,
                "TEC_ah4tf": 60,
                "TEC_2i97v": 60,
                "TEC_16w51": 60,
                "TEC_0mo4j": 60,
                "TEC_28hu6": 60,
                "TEC_l4fs0": 60,
                "TEC_9bymq": 60,
                "TEC_z6kss": 60,
                "TEC_kxah9": 60,
                "TEC_8zj43": 60,
                "TEC_b6kkf": 60,
                "TEC_fa9l0": 60,
                "TEC_8nt3f": 60,
                "TEC_sl966": 60,
                "TEC_ri89w": 60,
                "TEC_auw1y": 60,
                "TEC_4dt7e": 60,
                "TEC_tdp02": 60,
                "TEC_pmpwl": 60,
                "TEC_ja1lq": 60,
                "TEC_sf335": 60,
                "TEC_4p1ns": 60,
                "TEC_7sxkc": 60,
                "TEC_zymhi": 60,
                "TEC_vff1c": 60,
                "TEC_q5qmv": 60,
                "TEC_s439e": 60,
                "TEC_yyjla": 60,
                "TEC_14ssn": 60,
                "TEC_h4q9r": 60,
                "TEC_yxxz7": 60,
                "TEC_6fdhb": 25,
                "TEC_6u542": 25,
                "TEC_5iyy0": 25,
                "TEC_2zkpe": 25,
                "TEC_swdfr": 25,
                "TEC_h5a5e": 25,
                "TEC_mduho": 25,
                "TEC_0stcd": 25,
                "TEC_qgdbc": 25,
                "TEC_10lpz": 25,
                "TEC_77nsw": 25,
                "TEC_uja0t": 25,
                "TEC_vehva": 25,
                "TEC_jvx0g": 25,
                "TEC_gsk8j": 25,
                "TEC_0yz48": 25,
                "TEC_z140h": 25,
                "TEC_f4fy6": 25,
                "TEC_4ws5b": 100,
                "TEC_eaf2d": 100,
                "TEC_f1nl5": 100,
                "TEC_vab5t": 100,
                "TEC_t55wh": 100,
                "TEC_dt8x2": 1,
                "TEC_cbelk": 1,
                "TEC_2d171": 1,
                "TEC_odbsd": 1,
                "TEC_0jgv4": 1,
                "TEC_ehoq5": 1,
                "TEC_oqy3d": 1,
                "TEC_ez8yh": 1,
                "TEC_3bcp5": 1,
                "TEC_le0j1": 1,
                "TEC_qfbmd": 1,
                "TEC_mocmq": 1,
                "TEC_k25bf": 1,
                "TEC_mwvkq": 1,
                "TEC_mmle9": 1
            }
        ],
        "SC_zh71e": [
            {
                "TEC_0": null,
                "TEC_utwtu": null,
                "TEC_db4sq": null,
                "TEC_z6xey": null,
                "TEC_yv03f": null,
                "TEC_jgklh": null,
                "TEC_owbqz": null,
                "TEC_546ol": null,
                "TEC_mi898": null,
                "TEC_83tdv": null,
                "TEC_1jb1s": null,
                "TEC_oqud4": null,
                "TEC_7q4kb": null,
                "TEC_tts99": null,
                "TEC_eqzvt": null,
                "TEC_02vj8": null,
                "TEC_4etxn": null,
                "TEC_709er": null,
                "TEC_lxbjo": null,
                "TEC_mte2o": null,
                "TEC_n9h7q": null,
                "TEC_a7oo5": null,
                "TEC_s8glg": null,
                "TEC_s3fu0": null,
                "TEC_e1xj3": null,
                "TEC_8wghe": null,
                "TEC_cc48r": null,
                "TEC_9f7yv": null,
                "TEC_2x3m9": null,
                "TEC_hkixe": null,
                "TEC_gyy4i": null,
                "TEC_xhwxb": null,
                "TEC_kipk7": null,
                "TEC_v08sr": null,
                "TEC_9lugr": null,
                "TEC_ekjb0": null,
                "TEC_6vp30": null,
                "TEC_aimj2": null,
                "TEC_an1rm": null,
                "TEC_vbgay": null,
                "TEC_tit3q": null,
                "TEC_ar7wu": null,
                "TEC_u2iy0": null,
                "TEC_x1k23": null,
                "TEC_h45im": null,
                "TEC_n2z43": null,
                "TEC_h0df3": null,
                "TEC_mxrp2": null,
                "TEC_qjsce": null,
                "TEC_hrhtj": null,
                "TEC_xwpev": null,
                "TEC_izk2c": null,
                "TEC_na99c": null,
                "TEC_l7adc": null,
                "TEC_idci9": null,
                "TEC_qenru": null,
                "TEC_a149v": null,
                "TEC_314fg": null,
                "TEC_d3rzw": null,
                "TEC_849mw": null,
                "TEC_1t1lf": null,
                "TEC_ltynt": null,
                "TEC_ly4j4": null,
                "TEC_g5oe1": null,
                "TEC_qu3w7": null,
                "TEC_zrq59": null,
                "TEC_unvw0": null,
                "TEC_wwrvc": null,
                "TEC_k9l6r": null,
                "TEC_dqe89": null,
                "TEC_f53ym": null,
                "TEC_10is6": null,
                "TEC_g5b0l": null,
                "TEC_uy3dn": null,
                "TEC_y5doe": null,
                "TEC_ebeqj": null,
                "TEC_unilv": null,
                "TEC_md0dv": null,
                "TEC_k7krv": null,
                "TEC_viz1b": null,
                "TEC_glh6u": null,
                "TEC_pa4ji": null,
                "TEC_jdasa": null,
                "TEC_abl6g": null,
                "TEC_s440z": null,
                "TEC_ev0a2": null,
                "TEC_ozipp": null,
                "TEC_84nw9": null,
                "TEC_nshci": null,
                "TEC_c9cty": null,
                "TEC_s6308": null,
                "TEC_phmfw": null,
                "TEC_sfeto": null,
                "TEC_x3itb": null,
                "TEC_pi65b": null,
                "TEC_c1t5x": null,
                "TEC_c5pia": null,
                "TEC_r559a": null,
                "TEC_l3lo2": null,
                "TEC_7q06z": null,
                "TEC_pl6t9": null,
                "TEC_ac0ch": null,
                "TEC_a1wek": null,
                "TEC_mwckc": null,
                "TEC_oltre": null,
                "TEC_hcus5": null,
                "TEC_57s00": null,
                "TEC_7vich": null,
                "TEC_5rul5": null,
                "TEC_qtzh1": null,
                "TEC_817hk": null,
                "TEC_vmap3": null,
                "TEC_ycb1h": null,
                "TEC_nurvj": null,
                "TEC_btlfv": null,
                "TEC_mgb0h": null,
                "TEC_r55dv": null,
                "TEC_134u5": null,
                "TEC_e19z1": null,
                "TEC_tx1p2": null,
                "TEC_qpfpt": null,
                "TEC_jtk96": null,
                "TEC_hr6na": null,
                "TEC_s0zgy": null,
                "TEC_nujaf": null,
                "TEC_5ru4l": null,
                "TEC_xiw08": null,
                "TEC_qlqbc": null,
                "TEC_v9r9a": null,
                "TEC_9rzhi": null,
                "TEC_czeg0": null,
                "TEC_45sxn": null,
                "TEC_c7qdx": null,
                "TEC_u8wxo": null,
                "TEC_pcv3h": null,
                "TEC_op2f9": null,
                "TEC_aik61": null,
                "TEC_3vsjc": null,
                "TEC_revb7": null,
                "TEC_ibckd": null,
                "TEC_ou3ct": null,
                "TEC_4prin": null,
                "TEC_e2s5e": null,
                "TEC_ysmby": null,
                "TEC_y7gwb": null,
                "TEC_4s6ts": null,
                "TEC_0kf3b": null,
                "TEC_8nck7": null,
                "TEC_4lsab": null,
                "TEC_d80xb": null,
                "TEC_j5wp7": null,
                "TEC_zv7kc": null,
                "TEC_xcxbm": null,
                "TEC_hud3g": null,
                "TEC_a5esv": null,
                "TEC_hl7rs": null,
                "TEC_9tbv6": null,
                "TEC_85wji": null,
                "TEC_t61e0": null,
                "TEC_cqfsz": null,
                "TEC_8gs3z": null,
                "TEC_uhuh4": null,
                "TEC_vhdob": null,
                "TEC_vcafd": null,
                "TEC_tuw4l": null,
                "TEC_sivb3": null,
                "TEC_tzrb2": null,
                "TEC_dalx6": null,
                "TEC_5tdmw": null,
                "TEC_rr5gg": null,
                "TEC_uu33c": null,
                "TEC_wxjp6": null,
                "TEC_ilxpw": null,
                "TEC_y55ma": null,
                "TEC_2qzdd": null,
                "TEC_ngriy": null,
                "TEC_nxczt": null,
                "TEC_5ds6h": null,
                "TEC_3pjfa": null,
                "TEC_23mu2": null,
                "TEC_e2h9m": null,
                "TEC_d5p24": null,
                "TEC_4ok3n": null,
                "TEC_ah4tf": null,
                "TEC_2i97v": null,
                "TEC_16w51": null,
                "TEC_0mo4j": null,
                "TEC_28hu6": null,
                "TEC_l4fs0": null,
                "TEC_9bymq": null,
                "TEC_z6kss": null,
                "TEC_kxah9": null,
                "TEC_8zj43": null,
                "TEC_b6kkf": null,
                "TEC_fa9l0": null,
                "TEC_8nt3f": null,
                "TEC_sl966": null,
                "TEC_ri89w": null,
                "TEC_auw1y": null,
                "TEC_4dt7e": null,
                "TEC_tdp02": null,
                "TEC_pmpwl": null,
                "TEC_ja1lq": null,
                "TEC_sf335": null,
                "TEC_4p1ns": null,
                "TEC_7sxkc": null,
                "TEC_zymhi": null,
                "TEC_vff1c": null,
                "TEC_q5qmv": null,
                "TEC_s439e": null,
                "TEC_yyjla": null,
                "TEC_14ssn": null,
                "TEC_h4q9r": null,
                "TEC_yxxz7": null,
                "TEC_6fdhb": null,
                "TEC_6u542": null,
                "TEC_5iyy0": null,
                "TEC_2zkpe": null,
                "TEC_swdfr": null,
                "TEC_h5a5e": null,
                "TEC_mduho": null,
                "TEC_0stcd": null,
                "TEC_qgdbc": null,
                "TEC_10lpz": null,
                "TEC_77nsw": null,
                "TEC_uja0t": null,
                "TEC_vehva": null,
                "TEC_jvx0g": null,
                "TEC_gsk8j": null,
                "TEC_0yz48": null,
                "TEC_z140h": null,
                "TEC_f4fy6": null,
                "TEC_4ws5b": null,
                "TEC_eaf2d": null,
                "TEC_f1nl5": null,
                "TEC_vab5t": null,
                "TEC_t55wh": null,
                "TEC_dt8x2": null,
                "TEC_cbelk": null,
                "TEC_2d171": null,
                "TEC_odbsd": null,
                "TEC_0jgv4": null,
                "TEC_ehoq5": null,
                "TEC_oqy3d": null,
                "TEC_ez8yh": null,
                "TEC_3bcp5": null,
                "TEC_le0j1": null,
                "TEC_qfbmd": null,
                "TEC_mocmq": null,
                "TEC_k25bf": null,
                "TEC_mwvkq": null,
                "TEC_mmle9": null
            }
        ]
    },
    "TMPAL": {
        "SC_0": [
            {
                "TEC_0": 0,
                "TEC_utwtu": 0,
                "TEC_db4sq": 0,
                "TEC_z6xey": 0,
                "TEC_yv03f": 0,
                "TEC_jgklh": 0,
                "TEC_owbqz": 0,
                "TEC_546ol": 0,
                "TEC_mi898": 0,
                "TEC_83tdv": 0,
                "TEC_1jb1s": 0,
                "TEC_oqud4": 0,
                "TEC_7q4kb": 0,
                "TEC_tts99": 0,
                "TEC_eqzvt": 0,
                "TEC_02vj8": 0,
                "TEC_4etxn": 0,
                "TEC_709er": 0,
                "TEC_lxbjo": 0,
                "TEC_mte2o": 0,
                "TEC_n9h7q": 0,
                "TEC_a7oo5": 0,
                "TEC_s8glg": 0,
                "TEC_s3fu0": 0,
                "TEC_e1xj3": 0,
                "TEC_8wghe": 0,
                "TEC_cc48r": 0,
                "TEC_9f7yv": 0,
                "TEC_2x3m9": 0,
                "TEC_hkixe": 0,
                "TEC_gyy4i": 0,
                "TEC_xhwxb": 0,
                "TEC_kipk7": 0,
                "TEC_v08sr": 0,
                "TEC_9lugr": 0,
                "TEC_ekjb0": 0,
                "TEC_6vp30": 0,
                "TEC_aimj2": 0,
                "TEC_an1rm": 0,
                "TEC_vbgay": 0,
                "TEC_tit3q": 0,
                "TEC_ar7wu": 0,
                "TEC_u2iy0": 0,
                "TEC_x1k23": 0,
                "TEC_h45im": 0,
                "TEC_n2z43": 0,
                "TEC_h0df3": 0,
                "TEC_mxrp2": 0,
                "TEC_qjsce": 0,
                "TEC_hrhtj": 0,
                "TEC_xwpev": 0,
                "TEC_izk2c": 0,
                "TEC_na99c": 0,
                "TEC_l7adc": 0,
                "TEC_idci9": 0,
                "TEC_qenru": 0,
                "TEC_a149v": 0,
                "TEC_314fg": 0,
                "TEC_d3rzw": 0,
                "TEC_849mw": 0,
                "TEC_1t1lf": 0,
                "TEC_ltynt": 0,
                "TEC_ly4j4": 0,
                "TEC_g5oe1": 0,
                "TEC_qu3w7": 0,
                "TEC_zrq59": 0,
                "TEC_unvw0": 0,
                "TEC_wwrvc": 0,
                "TEC_k9l6r": 0,
                "TEC_dqe89": 0,
                "TEC_f53ym": 0,
                "TEC_10is6": 0,
                "TEC_g5b0l": 0,
                "TEC_uy3dn": 0,
                "TEC_y5doe": 0,
                "TEC_ebeqj": 0,
                "TEC_unilv": 0,
                "TEC_md0dv": 0,
                "TEC_k7krv": 0,
                "TEC_viz1b": 0,
                "TEC_glh6u": 0,
                "TEC_pa4ji": 0,
                "TEC_jdasa": 0,
                "TEC_abl6g": 0,
                "TEC_s440z": 0,
                "TEC_ev0a2": 0,
                "TEC_ozipp": 0,
                "TEC_84nw9": 0,
                "TEC_nshci": 0,
                "TEC_c9cty": 0,
                "TEC_s6308": 0,
                "TEC_phmfw": 0,
                "TEC_sfeto": 0,
                "TEC_x3itb": 0,
                "TEC_pi65b": 0,
                "TEC_c1t5x": 0,
                "TEC_c5pia": 0,
                "TEC_r559a": 0,
                "TEC_l3lo2": 0,
                "TEC_7q06z": 0,
                "TEC_pl6t9": 0,
                "TEC_ac0ch": 0,
                "TEC_a1wek": 0,
                "TEC_mwckc": 0,
                "TEC_oltre": 0,
                "TEC_hcus5": 0,
                "TEC_57s00": 0,
                "TEC_7vich": 0,
                "TEC_5rul5": 0,
                "TEC_qtzh1": 0,
                "TEC_817hk": 0,
                "TEC_vmap3": 0,
                "TEC_ycb1h": 0,
                "TEC_nurvj": 0,
                "TEC_btlfv": 0,
                "TEC_mgb0h": 0,
                "TEC_r55dv": 0,
                "TEC_134u5": 0,
                "TEC_e19z1": 0,
                "TEC_tx1p2": 0,
                "TEC_qpfpt": 0,
                "TEC_jtk96": 0,
                "TEC_hr6na": 0,
                "TEC_s0zgy": 0,
                "TEC_nujaf": 0,
                "TEC_5ru4l": 0,
                "TEC_xiw08": 0,
                "TEC_qlqbc": 0,
                "TEC_v9r9a": 0,
                "TEC_9rzhi": 0,
                "TEC_czeg0": 0,
                "TEC_45sxn": 0,
                "TEC_c7qdx": 0,
                "TEC_u8wxo": 0,
                "TEC_pcv3h": 0,
                "TEC_op2f9": 0,
                "TEC_aik61": 0,
                "TEC_3vsjc": 0,
                "TEC_revb7": 0,
                "TEC_ibckd": 0,
                "TEC_ou3ct": 0,
                "TEC_4prin": 0,
                "TEC_e2s5e": 0,
                "TEC_ysmby": 0,
                "TEC_y7gwb": 0,
                "TEC_4s6ts": 0,
                "TEC_0kf3b": 0,
                "TEC_8nck7": 0,
                "TEC_4lsab": 0,
                "TEC_d80xb": 0,
                "TEC_j5wp7": 0,
                "TEC_zv7kc": 0,
                "TEC_xcxbm": 0,
                "TEC_hud3g": 0,
                "TEC_a5esv": 0,
                "TEC_hl7rs": 0,
                "TEC_9tbv6": 0,
                "TEC_85wji": 0,
                "TEC_t61e0": 0,
                "TEC_cqfsz": 0,
                "TEC_8gs3z": 0,
                "TEC_uhuh4": 0,
                "TEC_vhdob": 0,
                "TEC_vcafd": 0,
                "TEC_tuw4l": 0,
                "TEC_sivb3": 0,
                "TEC_tzrb2": 0,
                "TEC_dalx6": 0,
                "TEC_5tdmw": 0,
                "TEC_rr5gg": 0,
                "TEC_uu33c": 0,
                "TEC_wxjp6": 0,
                "TEC_ilxpw": 0,
                "TEC_y55ma": 0,
                "TEC_2qzdd": 0,
                "TEC_ngriy": 0,
                "TEC_nxczt": 0,
                "TEC_5ds6h": 0,
                "TEC_3pjfa": 0,
                "TEC_23mu2": 0,
                "TEC_e2h9m": 0,
                "TEC_d5p24": 0,
                "TEC_4ok3n": 0,
                "TEC_ah4tf": 0,
                "TEC_2i97v": 0,
                "TEC_16w51": 0,
                "TEC_0mo4j": 0,
                "TEC_28hu6": 0,
                "TEC_l4fs0": 0,
                "TEC_9bymq": 0,
                "TEC_z6kss": 0,
                "TEC_kxah9": 0,
                "TEC_8zj43": 0,
                "TEC_b6kkf": 0,
                "TEC_fa9l0": 0,
                "TEC_8nt3f": 0,
                "TEC_sl966": 0,
                "TEC_ri89w": 0,
                "TEC_auw1y": 0,
                "TEC_4dt7e": 0,
                "TEC_tdp02": 0,
                "TEC_pmpwl": 0,
                "TEC_ja1lq": 0,
                "TEC_sf335": 0,
                "TEC_4p1ns": 0,
                "TEC_7sxkc": 0,
                "TEC_zymhi": 0,
                "TEC_vff1c": 0,
                "TEC_q5qmv": 0,
                "TEC_s439e": 0,
                "TEC_yyjla": 0,
                "TEC_14ssn": 0,
                "TEC_h4q9r": 0,
                "TEC_yxxz7": 0,
                "TEC_6fdhb": 0,
                "TEC_6u542": 0,
                "TEC_5iyy0": 0,
                "TEC_2zkpe": 0,
                "TEC_swdfr": 0,
                "TEC_h5a5e": 0,
                "TEC_mduho": 0,
                "TEC_0stcd": 0,
                "TEC_qgdbc": 0,
                "TEC_10lpz": 0,
                "TEC_77nsw": 0,
                "TEC_uja0t": 0,
                "TEC_vehva": 0,
                "TEC_jvx0g": 0,
                "TEC_gsk8j": 0,
                "TEC_0yz48": 0,
                "TEC_z140h": 0,
                "TEC_f4fy6": 0,
                "TEC_4ws5b": 0,
                "TEC_eaf2d": 0,
                "TEC_f1nl5": 0,
                "TEC_vab5t": 0,
                "TEC_t55wh": 0,
                "TEC_dt8x2": 0,
                "TEC_cbelk": 0,
                "TEC_2d171": 0,
                "TEC_odbsd": 0,
                "TEC_0jgv4": 0,
                "TEC_ehoq5": 0,
                "TEC_oqy3d": 0,
                "TEC_ez8yh": 0,
                "TEC_3bcp5": 0,
                "TEC_le0j1": 0,
                "TEC_qfbmd": 0,
                "TEC_mocmq": 0,
                "TEC_k25bf": 0,
                "TEC_mwvkq": 0,
                "TEC_mmle9": 0
            }
        ],
        "SC_zh71e": [
            {
                "TEC_0": null,
                "TEC_utwtu": null,
                "TEC_db4sq": null,
                "TEC_z6xey": null,
                "TEC_yv03f": null,
                "TEC_jgklh": null,
                "TEC_owbqz": null,
                "TEC_546ol": null,
                "TEC_mi898": null,
                "TEC_83tdv": null,
                "TEC_1jb1s": null,
                "TEC_oqud4": null,
                "TEC_7q4kb": null,
                "TEC_tts99": null,
                "TEC_eqzvt": null,
                "TEC_02vj8": null,
                "TEC_4etxn": null,
                "TEC_709er": null,
                "TEC_lxbjo": null,
                "TEC_mte2o": null,
                "TEC_n9h7q": null,
                "TEC_a7oo5": null,
                "TEC_s8glg": null,
                "TEC_s3fu0": null,
                "TEC_e1xj3": null,
                "TEC_8wghe": null,
                "TEC_cc48r": null,
                "TEC_9f7yv": null,
                "TEC_2x3m9": null,
                "TEC_hkixe": null,
                "TEC_gyy4i": null,
                "TEC_xhwxb": null,
                "TEC_kipk7": null,
                "TEC_v08sr": null,
                "TEC_9lugr": null,
                "TEC_ekjb0": null,
                "TEC_6vp30": null,
                "TEC_aimj2": null,
                "TEC_an1rm": null,
                "TEC_vbgay": null,
                "TEC_tit3q": null,
                "TEC_ar7wu": null,
                "TEC_u2iy0": null,
                "TEC_x1k23": null,
                "TEC_h45im": null,
                "TEC_n2z43": null,
                "TEC_h0df3": null,
                "TEC_mxrp2": null,
                "TEC_qjsce": null,
                "TEC_hrhtj": null,
                "TEC_xwpev": null,
                "TEC_izk2c": null,
                "TEC_na99c": null,
                "TEC_l7adc": null,
                "TEC_idci9": null,
                "TEC_qenru": null,
                "TEC_a149v": null,
                "TEC_314fg": null,
                "TEC_d3rzw": null,
                "TEC_849mw": null,
                "TEC_1t1lf": null,
                "TEC_ltynt": null,
                "TEC_ly4j4": null,
                "TEC_g5oe1": null,
                "TEC_qu3w7": null,
                "TEC_zrq59": null,
                "TEC_unvw0": null,
                "TEC_wwrvc": null,
                "TEC_k9l6r": null,
                "TEC_dqe89": null,
                "TEC_f53ym": null,
                "TEC_10is6": null,
                "TEC_g5b0l": null,
                "TEC_uy3dn": null,
                "TEC_y5doe": null,
                "TEC_ebeqj": null,
                "TEC_unilv": null,
                "TEC_md0dv": null,
                "TEC_k7krv": null,
                "TEC_viz1b": null,
                "TEC_glh6u": null,
                "TEC_pa4ji": null,
                "TEC_jdasa": null,
                "TEC_abl6g": null,
                "TEC_s440z": null,
                "TEC_ev0a2": null,
                "TEC_ozipp": null,
                "TEC_84nw9": null,
                "TEC_nshci": null,
                "TEC_c9cty": null,
                "TEC_s6308": null,
                "TEC_phmfw": null,
                "TEC_sfeto": null,
                "TEC_x3itb": null,
                "TEC_pi65b": null,
                "TEC_c1t5x": null,
                "TEC_c5pia": null,
                "TEC_r559a": null,
                "TEC_l3lo2": null,
                "TEC_7q06z": null,
                "TEC_pl6t9": null,
                "TEC_ac0ch": null,
                "TEC_a1wek": null,
                "TEC_mwckc": null,
                "TEC_oltre": null,
                "TEC_hcus5": null,
                "TEC_57s00": null,
                "TEC_7vich": null,
                "TEC_5rul5": null,
                "TEC_qtzh1": null,
                "TEC_817hk": null,
                "TEC_vmap3": null,
                "TEC_ycb1h": null,
                "TEC_nurvj": null,
                "TEC_btlfv": null,
                "TEC_mgb0h": null,
                "TEC_r55dv": null,
                "TEC_134u5": null,
                "TEC_e19z1": null,
                "TEC_tx1p2": null,
                "TEC_qpfpt": null,
                "TEC_jtk96": null,
                "TEC_hr6na": null,
                "TEC_s0zgy": null,
                "TEC_nujaf": null,
                "TEC_5ru4l": null,
                "TEC_xiw08": null,
                "TEC_qlqbc": null,
                "TEC_v9r9a": null,
                "TEC_9rzhi": null,
                "TEC_czeg0": null,
                "TEC_45sxn": null,
                "TEC_c7qdx": null,
                "TEC_u8wxo": null,
                "TEC_pcv3h": null,
                "TEC_op2f9": null,
                "TEC_aik61": null,
                "TEC_3vsjc": null,
                "TEC_revb7": null,
                "TEC_ibckd": null,
                "TEC_ou3ct": null,
                "TEC_4prin": null,
                "TEC_e2s5e": null,
                "TEC_ysmby": null,
                "TEC_y7gwb": null,
                "TEC_4s6ts": null,
                "TEC_0kf3b": null,
                "TEC_8nck7": null,
                "TEC_4lsab": null,
                "TEC_d80xb": null,
                "TEC_j5wp7": null,
                "TEC_zv7kc": null,
                "TEC_xcxbm": null,
                "TEC_hud3g": null,
                "TEC_a5esv": null,
                "TEC_hl7rs": null,
                "TEC_9tbv6": null,
                "TEC_85wji": null,
                "TEC_t61e0": null,
                "TEC_cqfsz": null,
                "TEC_8gs3z": null,
                "TEC_uhuh4": null,
                "TEC_vhdob": null,
                "TEC_vcafd": null,
                "TEC_tuw4l": null,
                "TEC_sivb3": null,
                "TEC_tzrb2": null,
                "TEC_dalx6": null,
                "TEC_5tdmw": null,
                "TEC_rr5gg": null,
                "TEC_uu33c": null,
                "TEC_wxjp6": null,
                "TEC_ilxpw": null,
                "TEC_y55ma": null,
                "TEC_2qzdd": null,
                "TEC_ngriy": null,
                "TEC_nxczt": null,
                "TEC_5ds6h": null,
                "TEC_3pjfa": null,
                "TEC_23mu2": null,
                "TEC_e2h9m": null,
                "TEC_d5p24": null,
                "TEC_4ok3n": null,
                "TEC_ah4tf": null,
                "TEC_2i97v": null,
                "TEC_16w51": null,
                "TEC_0mo4j": null,
                "TEC_28hu6": null,
                "TEC_l4fs0": null,
                "TEC_9bymq": null,
                "TEC_z6kss": null,
                "TEC_kxah9": null,
                "TEC_8zj43": null,
                "TEC_b6kkf": null,
                "TEC_fa9l0": null,
                "TEC_8nt3f": null,
                "TEC_sl966": null,
                "TEC_ri89w": null,
                "TEC_auw1y": null,
                "TEC_4dt7e": null,
                "TEC_tdp02": null,
                "TEC_pmpwl": null,
                "TEC_ja1lq": null,
                "TEC_sf335": null,
                "TEC_4p1ns": null,
                "TEC_7sxkc": null,
                "TEC_zymhi": null,
                "TEC_vff1c": null,
                "TEC_q5qmv": null,
                "TEC_s439e": null,
                "TEC_yyjla": null,
                "TEC_14ssn": null,
                "TEC_h4q9r": null,
                "TEC_yxxz7": null,
                "TEC_6fdhb": null,
                "TEC_6u542": null,
                "TEC_5iyy0": null,
                "TEC_2zkpe": null,
                "TEC_swdfr": null,
                "TEC_h5a5e": null,
                "TEC_mduho": null,
                "TEC_0stcd": null,
                "TEC_qgdbc": null,
                "TEC_10lpz": null,
                "TEC_77nsw": null,
                "TEC_uja0t": null,
                "TEC_vehva": null,
                "TEC_jvx0g": null,
                "TEC_gsk8j": null,
                "TEC_0yz48": null,
                "TEC_z140h": null,
                "TEC_f4fy6": null,
                "TEC_4ws5b": null,
                "TEC_eaf2d": null,
                "TEC_f1nl5": null,
                "TEC_vab5t": null,
                "TEC_t55wh": null,
                "TEC_dt8x2": null,
                "TEC_cbelk": null,
                "TEC_2d171": null,
                "TEC_odbsd": null,
                "TEC_0jgv4": null,
                "TEC_ehoq5": null,
                "TEC_oqy3d": null,
                "TEC_ez8yh": null,
                "TEC_3bcp5": null,
                "TEC_le0j1": null,
                "TEC_qfbmd": null,
                "TEC_mocmq": null,
                "TEC_k25bf": null,
                "TEC_mwvkq": null,
                "TEC_mmle9": null
            }
        ]
    },
    "TMPAU": {
        "SC_0": [
            {
                "TEC_0": 999999,
                "TEC_utwtu": 999999,
                "TEC_db4sq": 999999,
                "TEC_z6xey": 999999,
                "TEC_yv03f": 999999,
                "TEC_jgklh": 999999,
                "TEC_owbqz": 999999,
                "TEC_546ol": 999999,
                "TEC_mi898": 999999,
                "TEC_83tdv": 999999,
                "TEC_1jb1s": 999999,
                "TEC_oqud4": 999999,
                "TEC_7q4kb": 999999,
                "TEC_tts99": 999999,
                "TEC_eqzvt": 999999,
                "TEC_02vj8": 999999,
                "TEC_4etxn": 999999,
                "TEC_709er": 999999,
                "TEC_lxbjo": 999999,
                "TEC_mte2o": 999999,
                "TEC_n9h7q": 999999,
                "TEC_a7oo5": 999999,
                "TEC_s8glg": 999999,
                "TEC_s3fu0": 999999,
                "TEC_e1xj3": 999999,
                "TEC_8wghe": 999999,
                "TEC_cc48r": 999999,
                "TEC_9f7yv": 999999,
                "TEC_2x3m9": 999999,
                "TEC_hkixe": 999999,
                "TEC_gyy4i": 999999,
                "TEC_xhwxb": 999999,
                "TEC_kipk7": 999999,
                "TEC_v08sr": 999999,
                "TEC_9lugr": 999999,
                "TEC_ekjb0": 999999,
                "TEC_6vp30": 999999,
                "TEC_aimj2": 999999,
                "TEC_an1rm": 999999,
                "TEC_vbgay": 999999,
                "TEC_tit3q": 999999,
                "TEC_ar7wu": 999999,
                "TEC_u2iy0": 999999,
                "TEC_x1k23": 999999,
                "TEC_h45im": 999999,
                "TEC_n2z43": 999999,
                "TEC_h0df3": 999999,
                "TEC_mxrp2": 999999,
                "TEC_qjsce": 999999,
                "TEC_hrhtj": 999999,
                "TEC_xwpev": 999999,
                "TEC_izk2c": 999999,
                "TEC_na99c": 999999,
                "TEC_l7adc": 999999,
                "TEC_idci9": 999999,
                "TEC_qenru": 999999,
                "TEC_a149v": 999999,
                "TEC_314fg": 999999,
                "TEC_d3rzw": 999999,
                "TEC_849mw": 999999,
                "TEC_1t1lf": 999999,
                "TEC_ltynt": 999999,
                "TEC_ly4j4": 999999,
                "TEC_g5oe1": 999999,
                "TEC_qu3w7": 999999,
                "TEC_zrq59": 999999,
                "TEC_unvw0": 999999,
                "TEC_wwrvc": 999999,
                "TEC_k9l6r": 999999,
                "TEC_dqe89": 999999,
                "TEC_f53ym": 999999,
                "TEC_10is6": 999999,
                "TEC_g5b0l": 999999,
                "TEC_uy3dn": 999999,
                "TEC_y5doe": 999999,
                "TEC_ebeqj": 999999,
                "TEC_unilv": 999999,
                "TEC_md0dv": 999999,
                "TEC_k7krv": 999999,
                "TEC_viz1b": 999999,
                "TEC_glh6u": 999999,
                "TEC_pa4ji": 999999,
                "TEC_jdasa": 999999,
                "TEC_abl6g": 999999,
                "TEC_s440z": 999999,
                "TEC_ev0a2": 999999,
                "TEC_ozipp": 999999,
                "TEC_84nw9": 999999,
                "TEC_nshci": 999999,
                "TEC_c9cty": 999999,
                "TEC_s6308": 999999,
                "TEC_phmfw": 999999,
                "TEC_sfeto": 999999,
                "TEC_x3itb": 999999,
                "TEC_pi65b": 999999,
                "TEC_c1t5x": 999999,
                "TEC_c5pia": 999999,
                "TEC_r559a": 999999,
                "TEC_l3lo2": 999999,
                "TEC_7q06z": 999999,
                "TEC_pl6t9": 999999,
                "TEC_ac0ch": 999999,
                "TEC_a1wek": 999999,
                "TEC_mwckc": 999999,
                "TEC_oltre": 999999,
                "TEC_hcus5": 999999,
                "TEC_57s00": 999999,
                "TEC_7vich": 999999,
                "TEC_5rul5": 999999,
                "TEC_qtzh1": 999999,
                "TEC_817hk": 999999,
                "TEC_vmap3": 999999,
                "TEC_ycb1h": 999999,
                "TEC_nurvj": 999999,
                "TEC_btlfv": 999999,
                "TEC_mgb0h": 999999,
                "TEC_r55dv": 999999,
                "TEC_134u5": 999999,
                "TEC_e19z1": 999999,
                "TEC_tx1p2": 999999,
                "TEC_qpfpt": 999999,
                "TEC_jtk96": 999999,
                "TEC_hr6na": 999999,
                "TEC_s0zgy": 999999,
                "TEC_nujaf": 999999,
                "TEC_5ru4l": 999999,
                "TEC_xiw08": 999999,
                "TEC_qlqbc": 999999,
                "TEC_v9r9a": 999999,
                "TEC_9rzhi": 999999,
                "TEC_czeg0": 999999,
                "TEC_45sxn": 999999,
                "TEC_c7qdx": 999999,
                "TEC_u8wxo": 999999,
                "TEC_pcv3h": 999999,
                "TEC_op2f9": 999999,
                "TEC_aik61": 999999,
                "TEC_3vsjc": 999999,
                "TEC_revb7": 999999,
                "TEC_ibckd": 999999,
                "TEC_ou3ct": 999999,
                "TEC_4prin": 999999,
                "TEC_e2s5e": 999999,
                "TEC_ysmby": 999999,
                "TEC_y7gwb": 999999,
                "TEC_4s6ts": 999999,
                "TEC_0kf3b": 999999,
                "TEC_8nck7": 999999,
                "TEC_4lsab": 999999,
                "TEC_d80xb": 999999,
                "TEC_j5wp7": 999999,
                "TEC_zv7kc": 999999,
                "TEC_xcxbm": 999999,
                "TEC_hud3g": 999999,
                "TEC_a5esv": 999999,
                "TEC_hl7rs": 999999,
                "TEC_9tbv6": 999999,
                "TEC_85wji": 999999,
                "TEC_t61e0": 999999,
                "TEC_cqfsz": 999999,
                "TEC_8gs3z": 999999,
                "TEC_uhuh4": 999999,
                "TEC_vhdob": 999999,
                "TEC_vcafd": 999999,
                "TEC_tuw4l": 999999,
                "TEC_sivb3": 999999,
                "TEC_tzrb2": 999999,
                "TEC_dalx6": 999999,
                "TEC_5tdmw": 999999,
                "TEC_rr5gg": 999999,
                "TEC_uu33c": 999999,
                "TEC_wxjp6": 999999,
                "TEC_ilxpw": 999999,
                "TEC_y55ma": 999999,
                "TEC_2qzdd": 999999,
                "TEC_ngriy": 999999,
                "TEC_nxczt": 999999,
                "TEC_5ds6h": 999999,
                "TEC_3pjfa": 999999,
                "TEC_23mu2": 999999,
                "TEC_e2h9m": 999999,
                "TEC_d5p24": 999999,
                "TEC_4ok3n": 999999,
                "TEC_ah4tf": 999999,
                "TEC_2i97v": 999999,
                "TEC_16w51": 999999,
                "TEC_0mo4j": 999999,
                "TEC_28hu6": 999999,
                "TEC_l4fs0": 999999,
                "TEC_9bymq": 999999,
                "TEC_z6kss": 999999,
                "TEC_kxah9": 999999,
                "TEC_8zj43": 999999,
                "TEC_b6kkf": 999999,
                "TEC_fa9l0": 999999,
                "TEC_8nt3f": 999999,
                "TEC_sl966": 999999,
                "TEC_ri89w": 999999,
                "TEC_auw1y": 999999,
                "TEC_4dt7e": 999999,
                "TEC_tdp02": 999999,
                "TEC_pmpwl": 999999,
                "TEC_ja1lq": 999999,
                "TEC_sf335": 999999,
                "TEC_4p1ns": 999999,
                "TEC_7sxkc": 999999,
                "TEC_zymhi": 999999,
                "TEC_vff1c": 999999,
                "TEC_q5qmv": 999999,
                "TEC_s439e": 999999,
                "TEC_yyjla": 999999,
                "TEC_14ssn": 999999,
                "TEC_h4q9r": 999999,
                "TEC_yxxz7": 999999,
                "TEC_6fdhb": 999999,
                "TEC_6u542": 999999,
                "TEC_5iyy0": 999999,
                "TEC_2zkpe": 999999,
                "TEC_swdfr": 999999,
                "TEC_h5a5e": 999999,
                "TEC_mduho": 999999,
                "TEC_0stcd": 999999,
                "TEC_qgdbc": 999999,
                "TEC_10lpz": 999999,
                "TEC_77nsw": 999999,
                "TEC_uja0t": 999999,
                "TEC_vehva": 999999,
                "TEC_jvx0g": 999999,
                "TEC_gsk8j": 999999,
                "TEC_0yz48": 999999,
                "TEC_z140h": 999999,
                "TEC_f4fy6": 999999,
                "TEC_4ws5b": 999999,
                "TEC_eaf2d": 999999,
                "TEC_f1nl5": 999999,
                "TEC_vab5t": 999999,
                "TEC_t55wh": 999999,
                "TEC_dt8x2": 999999,
                "TEC_cbelk": 999999,
                "TEC_2d171": 999999,
                "TEC_odbsd": 999999,
                "TEC_0jgv4": 999999,
                "TEC_ehoq5": 999999,
                "TEC_oqy3d": 999999,
                "TEC_ez8yh": 999999,
                "TEC_3bcp5": 999999,
                "TEC_le0j1": 999999,
                "TEC_qfbmd": 999999,
                "TEC_mocmq": 999999,
                "TEC_k25bf": 999999,
                "TEC_mwvkq": 999999,
                "TEC_mmle9": 999999
            }
        ],
        "SC_zh71e": [
            {
                "TEC_0": null,
                "TEC_utwtu": null,
                "TEC_db4sq": null,
                "TEC_z6xey": null,
                "TEC_yv03f": null,
                "TEC_jgklh": null,
                "TEC_owbqz": null,
                "TEC_546ol": null,
                "TEC_mi898": null,
                "TEC_83tdv": null,
                "TEC_1jb1s": null,
                "TEC_oqud4": null,
                "TEC_7q4kb": null,
                "TEC_tts99": null,
                "TEC_eqzvt": null,
                "TEC_02vj8": null,
                "TEC_4etxn": null,
                "TEC_709er": null,
                "TEC_lxbjo": null,
                "TEC_mte2o": null,
                "TEC_n9h7q": null,
                "TEC_a7oo5": null,
                "TEC_s8glg": null,
                "TEC_s3fu0": null,
                "TEC_e1xj3": null,
                "TEC_8wghe": null,
                "TEC_cc48r": null,
                "TEC_9f7yv": null,
                "TEC_2x3m9": null,
                "TEC_hkixe": null,
                "TEC_gyy4i": null,
                "TEC_xhwxb": null,
                "TEC_kipk7": null,
                "TEC_v08sr": null,
                "TEC_9lugr": null,
                "TEC_ekjb0": null,
                "TEC_6vp30": null,
                "TEC_aimj2": null,
                "TEC_an1rm": null,
                "TEC_vbgay": null,
                "TEC_tit3q": null,
                "TEC_ar7wu": null,
                "TEC_u2iy0": null,
                "TEC_x1k23": null,
                "TEC_h45im": null,
                "TEC_n2z43": null,
                "TEC_h0df3": null,
                "TEC_mxrp2": null,
                "TEC_qjsce": null,
                "TEC_hrhtj": null,
                "TEC_xwpev": null,
                "TEC_izk2c": null,
                "TEC_na99c": null,
                "TEC_l7adc": null,
                "TEC_idci9": null,
                "TEC_qenru": null,
                "TEC_a149v": null,
                "TEC_314fg": null,
                "TEC_d3rzw": null,
                "TEC_849mw": null,
                "TEC_1t1lf": null,
                "TEC_ltynt": null,
                "TEC_ly4j4": null,
                "TEC_g5oe1": null,
                "TEC_qu3w7": null,
                "TEC_zrq59": null,
                "TEC_unvw0": null,
                "TEC_wwrvc": null,
                "TEC_k9l6r": null,
                "TEC_dqe89": null,
                "TEC_f53ym": null,
                "TEC_10is6": null,
                "TEC_g5b0l": null,
                "TEC_uy3dn": null,
                "TEC_y5doe": null,
                "TEC_ebeqj": null,
                "TEC_unilv": null,
                "TEC_md0dv": null,
                "TEC_k7krv": null,
                "TEC_viz1b": null,
                "TEC_glh6u": null,
                "TEC_pa4ji": null,
                "TEC_jdasa": null,
                "TEC_abl6g": null,
                "TEC_s440z": null,
                "TEC_ev0a2": null,
                "TEC_ozipp": null,
                "TEC_84nw9": null,
                "TEC_nshci": null,
                "TEC_c9cty": null,
                "TEC_s6308": null,
                "TEC_phmfw": null,
                "TEC_sfeto": null,
                "TEC_x3itb": null,
                "TEC_pi65b": null,
                "TEC_c1t5x": null,
                "TEC_c5pia": null,
                "TEC_r559a": null,
                "TEC_l3lo2": null,
                "TEC_7q06z": null,
                "TEC_pl6t9": null,
                "TEC_ac0ch": null,
                "TEC_a1wek": null,
                "TEC_mwckc": null,
                "TEC_oltre": null,
                "TEC_hcus5": null,
                "TEC_57s00": null,
                "TEC_7vich": null,
                "TEC_5rul5": null,
                "TEC_qtzh1": null,
                "TEC_817hk": null,
                "TEC_vmap3": null,
                "TEC_ycb1h": null,
                "TEC_nurvj": null,
                "TEC_btlfv": null,
                "TEC_mgb0h": null,
                "TEC_r55dv": null,
                "TEC_134u5": null,
                "TEC_e19z1": null,
                "TEC_tx1p2": null,
                "TEC_qpfpt": null,
                "TEC_jtk96": null,
                "TEC_hr6na": null,
                "TEC_s0zgy": null,
                "TEC_nujaf": null,
                "TEC_5ru4l": null,
                "TEC_xiw08": null,
                "TEC_qlqbc": null,
                "TEC_v9r9a": null,
                "TEC_9rzhi": null,
                "TEC_czeg0": null,
                "TEC_45sxn": null,
                "TEC_c7qdx": null,
                "TEC_u8wxo": null,
                "TEC_pcv3h": null,
                "TEC_op2f9": null,
                "TEC_aik61": null,
                "TEC_3vsjc": null,
                "TEC_revb7": null,
                "TEC_ibckd": null,
                "TEC_ou3ct": null,
                "TEC_4prin": null,
                "TEC_e2s5e": null,
                "TEC_ysmby": null,
                "TEC_y7gwb": null,
                "TEC_4s6ts": null,
                "TEC_0kf3b": null,
                "TEC_8nck7": null,
                "TEC_4lsab": null,
                "TEC_d80xb": null,
                "TEC_j5wp7": null,
                "TEC_zv7kc": null,
                "TEC_xcxbm": null,
                "TEC_hud3g": null,
                "TEC_a5esv": null,
                "TEC_hl7rs": null,
                "TEC_9tbv6": null,
                "TEC_85wji": null,
                "TEC_t61e0": null,
                "TEC_cqfsz": null,
                "TEC_8gs3z": null,
                "TEC_uhuh4": null,
                "TEC_vhdob": null,
                "TEC_vcafd": null,
                "TEC_tuw4l": null,
                "TEC_sivb3": null,
                "TEC_tzrb2": null,
                "TEC_dalx6": null,
                "TEC_5tdmw": null,
                "TEC_rr5gg": null,
                "TEC_uu33c": null,
                "TEC_wxjp6": null,
                "TEC_ilxpw": null,
                "TEC_y55ma": null,
                "TEC_2qzdd": null,
                "TEC_ngriy": null,
                "TEC_nxczt": null,
                "TEC_5ds6h": null,
                "TEC_3pjfa": null,
                "TEC_23mu2": null,
                "TEC_e2h9m": null,
                "TEC_d5p24": null,
                "TEC_4ok3n": null,
                "TEC_ah4tf": null,
                "TEC_2i97v": null,
                "TEC_16w51": null,
                "TEC_0mo4j": null,
                "TEC_28hu6": null,
                "TEC_l4fs0": null,
                "TEC_9bymq": null,
                "TEC_z6kss": null,
                "TEC_kxah9": null,
                "TEC_8zj43": null,
                "TEC_b6kkf": null,
                "TEC_fa9l0": null,
                "TEC_8nt3f": null,
                "TEC_sl966": null,
                "TEC_ri89w": null,
                "TEC_auw1y": null,
                "TEC_4dt7e": null,
                "TEC_tdp02": null,
                "TEC_pmpwl": null,
                "TEC_ja1lq": null,
                "TEC_sf335": null,
                "TEC_4p1ns": null,
                "TEC_7sxkc": null,
                "TEC_zymhi": null,
                "TEC_vff1c": null,
                "TEC_q5qmv": null,
                "TEC_s439e": null,
                "TEC_yyjla": null,
                "TEC_14ssn": null,
                "TEC_h4q9r": null,
                "TEC_yxxz7": null,
                "TEC_6fdhb": null,
                "TEC_6u542": null,
                "TEC_5iyy0": null,
                "TEC_2zkpe": null,
                "TEC_swdfr": null,
                "TEC_h5a5e": null,
                "TEC_mduho": null,
                "TEC_0stcd": null,
                "TEC_qgdbc": null,
                "TEC_10lpz": null,
                "TEC_77nsw": null,
                "TEC_uja0t": null,
                "TEC_vehva": null,
                "TEC_jvx0g": null,
                "TEC_gsk8j": null,
                "TEC_0yz48": null,
                "TEC_z140h": null,
                "TEC_f4fy6": null,
                "TEC_4ws5b": null,
                "TEC_eaf2d": null,
                "TEC_f1nl5": null,
                "TEC_vab5t": null,
                "TEC_t55wh": null,
                "TEC_dt8x2": null,
                "TEC_cbelk": null,
                "TEC_2d171": null,
                "TEC_odbsd": null,
                "TEC_0jgv4": null,
                "TEC_ehoq5": null,
                "TEC_oqy3d": null,
                "TEC_ez8yh": null,
                "TEC_3bcp5": null,
                "TEC_le0j1": null,
                "TEC_qfbmd": null,
                "TEC_mocmq": null,
                "TEC_k25bf": null,
                "TEC_mwvkq": null,
                "TEC_mmle9": null
            }
        ]
    }
}