{
    "AAD": {
        "SC_0": [
            {
                "CommId": "COM_0",
                "2017": 0
            },
            {
                "CommId": "COM_0j8nf",
                "2017": 0
            },
            {
                "CommId": "COM_x2431",
                "2017": 0
            },
            {
                "CommId": "COM_ikxv3",
                "2017": 0
            },
            {
                "CommId": "COM_gwq8y",
                "2017": 0
            },
            {
                "CommId": "COM_99r5y",
                "2017": 0
            },
            {
                "CommId": "COM_nlsq8",
                "2017": 0
            },
            {
                "CommId": "COM_ssyyh",
                "2017": 0
            },
            {
                "CommId": "COM_f8e8k",
                "2017": 0
            },
            {
                "CommId": "COM_pt9gg",
                "2017": 0
            },
            {
                "CommId": "COM_88jst",
                "2017": 0
            },
            {
                "CommId": "COM_qzuwy",
                "2017": 0
            },
            {
                "CommId": "COM_7hb4l",
                "2017": 0
            },
            {
                "CommId": "COM_cc9ra",
                "2017": 0
            },
            {
                "CommId": "COM_55n2i",
                "2017": 0
            },
            {
                "CommId": "COM_sd6lt",
                "2017": 0
            },
            {
                "CommId": "COM_e6jm1",
                "2017": 0
            },
            {
                "CommId": "COM_43vtq",
                "2017": 0
            },
            {
                "CommId": "COM_jf4h9",
                "2017": 0
            },
            {
                "CommId": "COM_03pgs",
                "2017": 0
            },
            {
                "CommId": "COM_2m9n6",
                "2017": 0
            },
            {
                "CommId": "COM_larpk",
                "2017": 0
            },
            {
                "CommId": "COM_1fldu",
                "2017": 0
            },
            {
                "CommId": "COM_g7a74",
                "2017": 0
            },
            {
                "CommId": "COM_xeyrm",
                "2017": 0
            },
            {
                "CommId": "COM_trm3t",
                "2017": 0
            },
            {
                "CommId": "COM_ompoc",
                "2017": 0
            },
            {
                "CommId": "COM_6ho1z",
                "2017": 0
            },
            {
                "CommId": "COM_gyuum",
                "2017": 0
            },
            {
                "CommId": "COM_al4e8",
                "2017": 0
            },
            {
                "CommId": "COM_be21y",
                "2017": 0
            },
            {
                "CommId": "COM_4tx0t",
                "2017": 0
            },
            {
                "CommId": "COM_5ay05",
                "2017": 0
            },
            {
                "CommId": "COM_c7rtq",
                "2017": 0
            },
            {
                "CommId": "COM_j87au",
                "2017": 0
            },
            {
                "CommId": "COM_41tyc",
                "2017": 0
            },
            {
                "CommId": "COM_n4i7c",
                "2017": 0
            },
            {
                "CommId": "COM_bb2kj",
                "2017": 0
            },
            {
                "CommId": "COM_fqeil",
                "2017": 0
            },
            {
                "CommId": "COM_abnpi",
                "2017": 0
            },
            {
                "CommId": "COM_mtpcp",
                "2017": 0
            },
            {
                "CommId": "COM_21cao",
                "2017": 0
            },
            {
                "CommId": "COM_fs52l",
                "2017": 0
            },
            {
                "CommId": "COM_bvaa2",
                "2017": 0
            },
            {
                "CommId": "COM_iar5x",
                "2017": 0
            },
            {
                "CommId": "COM_fbjet",
                "2017": 0
            },
            {
                "CommId": "COM_hgzus",
                "2017": 0
            },
            {
                "CommId": "COM_wfb24",
                "2017": 0
            },
            {
                "CommId": "COM_8tofl",
                "2017": 0
            },
            {
                "CommId": "COM_4st4k",
                "2017": 0
            },
            {
                "CommId": "COM_nfxn8",
                "2017": 0
            },
            {
                "CommId": "COM_tavqz",
                "2017": 0
            },
            {
                "CommId": "COM_nhv3b",
                "2017": 0
            },
            {
                "CommId": "COM_4chxa",
                "2017": 0
            },
            {
                "CommId": "COM_oh67v",
                "2017": 0
            },
            {
                "CommId": "COM_7iixv",
                "2017": 0
            },
            {
                "CommId": "COM_3bkyb",
                "2017": 0
            },
            {
                "CommId": "COM_ojlmw",
                "2017": 0
            },
            {
                "CommId": "COM_mew98",
                "2017": 0
            },
            {
                "CommId": "COM_dob66",
                "2017": 0
            },
            {
                "CommId": "COM_0o48a",
                "2017": 0
            },
            {
                "CommId": "COM_hscfh",
                "2017": 0
            },
            {
                "CommId": "COM_s0cqt",
                "2017": 0
            },
            {
                "CommId": "COM_q3fp8",
                "2017": 0
            },
            {
                "CommId": "COM_f7dny",
                "2017": 0
            },
            {
                "CommId": "COM_1d81j",
                "2017": 0
            },
            {
                "CommId": "COM_jt2j9",
                "2017": 0
            },
            {
                "CommId": "COM_6lojz",
                "2017": 0
            },
            {
                "CommId": "COM_ns5k5",
                "2017": 0
            },
            {
                "CommId": "COM_as9hv",
                "2017": 0
            },
            {
                "CommId": "COM_n5dwy",
                "2017": 0
            },
            {
                "CommId": "COM_8asuk",
                "2017": 0
            },
            {
                "CommId": "COM_15dbc",
                "2017": 0
            },
            {
                "CommId": "COM_vxwv6",
                "2017": 0
            },
            {
                "CommId": "COM_0cdpw",
                "2017": 0
            },
            {
                "CommId": "COM_nzvoj",
                "2017": 0
            },
            {
                "CommId": "COM_uaofz",
                "2017": 0
            },
            {
                "CommId": "COM_c8m40",
                "2017": 0
            },
            {
                "CommId": "COM_vxvl3",
                "2017": 0
            },
            {
                "CommId": "COM_bsrvq",
                "2017": 0
            },
            {
                "CommId": "COM_hm1qd",
                "2017": 0
            },
            {
                "CommId": "COM_uhqyy",
                "2017": 0
            },
            {
                "CommId": "COM_otkpv",
                "2017": 0
            },
            {
                "CommId": "COM_q78bv",
                "2017": 0
            },
            {
                "CommId": "COM_errpf",
                "2017": 0
            },
            {
                "CommId": "COM_2ia9l",
                "2017": 0
            },
            {
                "CommId": "COM_no4l1",
                "2017": 0
            },
            {
                "CommId": "COM_fg344",
                "2017": 0
            },
            {
                "CommId": "COM_73knz",
                "2017": 0
            },
            {
                "CommId": "COM_dvy6k",
                "2017": 0
            },
            {
                "CommId": "COM_gtz9w",
                "2017": 0
            }
        ],
        "SC_zh71e": [
            {
                "CommId": "COM_0",
                "2017": null
            },
            {
                "CommId": "COM_0j8nf",
                "2017": null
            },
            {
                "CommId": "COM_x2431",
                "2017": null
            },
            {
                "CommId": "COM_ikxv3",
                "2017": null
            },
            {
                "CommId": "COM_gwq8y",
                "2017": null
            },
            {
                "CommId": "COM_99r5y",
                "2017": null
            },
            {
                "CommId": "COM_nlsq8",
                "2017": null
            },
            {
                "CommId": "COM_ssyyh",
                "2017": null
            },
            {
                "CommId": "COM_f8e8k",
                "2017": null
            },
            {
                "CommId": "COM_pt9gg",
                "2017": null
            },
            {
                "CommId": "COM_88jst",
                "2017": null
            },
            {
                "CommId": "COM_qzuwy",
                "2017": null
            },
            {
                "CommId": "COM_7hb4l",
                "2017": null
            },
            {
                "CommId": "COM_cc9ra",
                "2017": null
            },
            {
                "CommId": "COM_55n2i",
                "2017": null
            },
            {
                "CommId": "COM_sd6lt",
                "2017": null
            },
            {
                "CommId": "COM_e6jm1",
                "2017": null
            },
            {
                "CommId": "COM_43vtq",
                "2017": null
            },
            {
                "CommId": "COM_jf4h9",
                "2017": null
            },
            {
                "CommId": "COM_03pgs",
                "2017": null
            },
            {
                "CommId": "COM_2m9n6",
                "2017": null
            },
            {
                "CommId": "COM_larpk",
                "2017": null
            },
            {
                "CommId": "COM_1fldu",
                "2017": null
            },
            {
                "CommId": "COM_g7a74",
                "2017": null
            },
            {
                "CommId": "COM_xeyrm",
                "2017": null
            },
            {
                "CommId": "COM_trm3t",
                "2017": null
            },
            {
                "CommId": "COM_ompoc",
                "2017": null
            },
            {
                "CommId": "COM_6ho1z",
                "2017": null
            },
            {
                "CommId": "COM_gyuum",
                "2017": null
            },
            {
                "CommId": "COM_al4e8",
                "2017": null
            },
            {
                "CommId": "COM_be21y",
                "2017": null
            },
            {
                "CommId": "COM_4tx0t",
                "2017": null
            },
            {
                "CommId": "COM_5ay05",
                "2017": null
            },
            {
                "CommId": "COM_c7rtq",
                "2017": null
            },
            {
                "CommId": "COM_j87au",
                "2017": null
            },
            {
                "CommId": "COM_41tyc",
                "2017": null
            },
            {
                "CommId": "COM_n4i7c",
                "2017": null
            },
            {
                "CommId": "COM_bb2kj",
                "2017": null
            },
            {
                "CommId": "COM_fqeil",
                "2017": null
            },
            {
                "CommId": "COM_abnpi",
                "2017": null
            },
            {
                "CommId": "COM_mtpcp",
                "2017": null
            },
            {
                "CommId": "COM_21cao",
                "2017": null
            },
            {
                "CommId": "COM_fs52l",
                "2017": null
            },
            {
                "CommId": "COM_bvaa2",
                "2017": null
            },
            {
                "CommId": "COM_iar5x",
                "2017": null
            },
            {
                "CommId": "COM_fbjet",
                "2017": null
            },
            {
                "CommId": "COM_hgzus",
                "2017": null
            },
            {
                "CommId": "COM_wfb24",
                "2017": null
            },
            {
                "CommId": "COM_8tofl",
                "2017": null
            },
            {
                "CommId": "COM_4st4k",
                "2017": null
            },
            {
                "CommId": "COM_nfxn8",
                "2017": null
            },
            {
                "CommId": "COM_tavqz",
                "2017": null
            },
            {
                "CommId": "COM_nhv3b",
                "2017": null
            },
            {
                "CommId": "COM_4chxa",
                "2017": null
            },
            {
                "CommId": "COM_oh67v",
                "2017": null
            },
            {
                "CommId": "COM_7iixv",
                "2017": null
            },
            {
                "CommId": "COM_3bkyb",
                "2017": null
            },
            {
                "CommId": "COM_ojlmw",
                "2017": null
            },
            {
                "CommId": "COM_mew98",
                "2017": null
            },
            {
                "CommId": "COM_dob66",
                "2017": null
            },
            {
                "CommId": "COM_0o48a",
                "2017": null
            },
            {
                "CommId": "COM_hscfh",
                "2017": null
            },
            {
                "CommId": "COM_s0cqt",
                "2017": null
            },
            {
                "CommId": "COM_q3fp8",
                "2017": null
            },
            {
                "CommId": "COM_f7dny",
                "2017": null
            },
            {
                "CommId": "COM_1d81j",
                "2017": null
            },
            {
                "CommId": "COM_jt2j9",
                "2017": null
            },
            {
                "CommId": "COM_6lojz",
                "2017": null
            },
            {
                "CommId": "COM_ns5k5",
                "2017": null
            },
            {
                "CommId": "COM_as9hv",
                "2017": null
            },
            {
                "CommId": "COM_n5dwy",
                "2017": null
            },
            {
                "CommId": "COM_8asuk",
                "2017": null
            },
            {
                "CommId": "COM_15dbc",
                "2017": null
            },
            {
                "CommId": "COM_vxwv6",
                "2017": null
            },
            {
                "CommId": "COM_0cdpw",
                "2017": null
            },
            {
                "CommId": "COM_nzvoj",
                "2017": null
            },
            {
                "CommId": "COM_uaofz",
                "2017": null
            },
            {
                "CommId": "COM_c8m40",
                "2017": null
            },
            {
                "CommId": "COM_vxvl3",
                "2017": null
            },
            {
                "CommId": "COM_bsrvq",
                "2017": null
            },
            {
                "CommId": "COM_hm1qd",
                "2017": null
            },
            {
                "CommId": "COM_uhqyy",
                "2017": null
            },
            {
                "CommId": "COM_otkpv",
                "2017": null
            },
            {
                "CommId": "COM_q78bv",
                "2017": null
            },
            {
                "CommId": "COM_errpf",
                "2017": null
            },
            {
                "CommId": "COM_2ia9l",
                "2017": null
            },
            {
                "CommId": "COM_no4l1",
                "2017": null
            },
            {
                "CommId": "COM_fg344",
                "2017": null
            },
            {
                "CommId": "COM_73knz",
                "2017": null
            },
            {
                "CommId": "COM_dvy6k",
                "2017": null
            },
            {
                "CommId": "COM_gtz9w",
                "2017": null
            }
        ]
    },
    "SAD": {
        "SC_0": [
            {
                "CommId": "COM_0",
                "2017": 0
            },
            {
                "CommId": "COM_0j8nf",
                "2017": 0
            },
            {
                "CommId": "COM_x2431",
                "2017": 0
            },
            {
                "CommId": "COM_ikxv3",
                "2017": 0
            },
            {
                "CommId": "COM_gwq8y",
                "2017": 0
            },
            {
                "CommId": "COM_99r5y",
                "2017": 0
            },
            {
                "CommId": "COM_nlsq8",
                "2017": 0
            },
            {
                "CommId": "COM_ssyyh",
                "2017": 0
            },
            {
                "CommId": "COM_f8e8k",
                "2017": 0
            },
            {
                "CommId": "COM_pt9gg",
                "2017": 0
            },
            {
                "CommId": "COM_88jst",
                "2017": 0
            },
            {
                "CommId": "COM_qzuwy",
                "2017": 0
            },
            {
                "CommId": "COM_7hb4l",
                "2017": 0
            },
            {
                "CommId": "COM_cc9ra",
                "2017": 0
            },
            {
                "CommId": "COM_55n2i",
                "2017": 0
            },
            {
                "CommId": "COM_sd6lt",
                "2017": 0
            },
            {
                "CommId": "COM_e6jm1",
                "2017": 0
            },
            {
                "CommId": "COM_43vtq",
                "2017": 0
            },
            {
                "CommId": "COM_jf4h9",
                "2017": 0
            },
            {
                "CommId": "COM_03pgs",
                "2017": 0
            },
            {
                "CommId": "COM_2m9n6",
                "2017": 0
            },
            {
                "CommId": "COM_larpk",
                "2017": 0
            },
            {
                "CommId": "COM_1fldu",
                "2017": 0
            },
            {
                "CommId": "COM_g7a74",
                "2017": 0
            },
            {
                "CommId": "COM_xeyrm",
                "2017": 0
            },
            {
                "CommId": "COM_trm3t",
                "2017": 0
            },
            {
                "CommId": "COM_ompoc",
                "2017": 0
            },
            {
                "CommId": "COM_6ho1z",
                "2017": 0
            },
            {
                "CommId": "COM_gyuum",
                "2017": 0
            },
            {
                "CommId": "COM_al4e8",
                "2017": 0
            },
            {
                "CommId": "COM_be21y",
                "2017": 0
            },
            {
                "CommId": "COM_4tx0t",
                "2017": 0
            },
            {
                "CommId": "COM_5ay05",
                "2017": 0
            },
            {
                "CommId": "COM_c7rtq",
                "2017": 0
            },
            {
                "CommId": "COM_j87au",
                "2017": 0
            },
            {
                "CommId": "COM_41tyc",
                "2017": 0
            },
            {
                "CommId": "COM_n4i7c",
                "2017": 0
            },
            {
                "CommId": "COM_bb2kj",
                "2017": 0
            },
            {
                "CommId": "COM_fqeil",
                "2017": 0
            },
            {
                "CommId": "COM_abnpi",
                "2017": 0
            },
            {
                "CommId": "COM_mtpcp",
                "2017": 0
            },
            {
                "CommId": "COM_21cao",
                "2017": 0
            },
            {
                "CommId": "COM_fs52l",
                "2017": 0
            },
            {
                "CommId": "COM_bvaa2",
                "2017": 0
            },
            {
                "CommId": "COM_iar5x",
                "2017": 0
            },
            {
                "CommId": "COM_fbjet",
                "2017": 0
            },
            {
                "CommId": "COM_hgzus",
                "2017": 0
            },
            {
                "CommId": "COM_wfb24",
                "2017": 0
            },
            {
                "CommId": "COM_8tofl",
                "2017": 0
            },
            {
                "CommId": "COM_4st4k",
                "2017": 0
            },
            {
                "CommId": "COM_nfxn8",
                "2017": 0
            },
            {
                "CommId": "COM_tavqz",
                "2017": 0
            },
            {
                "CommId": "COM_nhv3b",
                "2017": 0
            },
            {
                "CommId": "COM_4chxa",
                "2017": 0
            },
            {
                "CommId": "COM_oh67v",
                "2017": 0
            },
            {
                "CommId": "COM_7iixv",
                "2017": 0
            },
            {
                "CommId": "COM_3bkyb",
                "2017": 0
            },
            {
                "CommId": "COM_ojlmw",
                "2017": 0
            },
            {
                "CommId": "COM_mew98",
                "2017": 0
            },
            {
                "CommId": "COM_dob66",
                "2017": 0
            },
            {
                "CommId": "COM_0o48a",
                "2017": 0
            },
            {
                "CommId": "COM_hscfh",
                "2017": 0
            },
            {
                "CommId": "COM_s0cqt",
                "2017": 0
            },
            {
                "CommId": "COM_q3fp8",
                "2017": 0
            },
            {
                "CommId": "COM_f7dny",
                "2017": 0
            },
            {
                "CommId": "COM_1d81j",
                "2017": 0
            },
            {
                "CommId": "COM_jt2j9",
                "2017": 0
            },
            {
                "CommId": "COM_6lojz",
                "2017": 174.77
            },
            {
                "CommId": "COM_ns5k5",
                "2017": 241.11
            },
            {
                "CommId": "COM_as9hv",
                "2017": 88.27
            },
            {
                "CommId": "COM_n5dwy",
                "2017": 93.98
            },
            {
                "CommId": "COM_8asuk",
                "2017": 196.26
            },
            {
                "CommId": "COM_15dbc",
                "2017": 45.88
            },
            {
                "CommId": "COM_vxwv6",
                "2017": 50.27
            },
            {
                "CommId": "COM_0cdpw",
                "2017": 9.57
            },
            {
                "CommId": "COM_nzvoj",
                "2017": 0.57
            },
            {
                "CommId": "COM_uaofz",
                "2017": 23.68
            },
            {
                "CommId": "COM_c8m40",
                "2017": 15.54
            },
            {
                "CommId": "COM_vxvl3",
                "2017": 42.21
            },
            {
                "CommId": "COM_bsrvq",
                "2017": 61.97
            },
            {
                "CommId": "COM_hm1qd",
                "2017": 58.85
            },
            {
                "CommId": "COM_uhqyy",
                "2017": 15.54
            },
            {
                "CommId": "COM_otkpv",
                "2017": 0
            },
            {
                "CommId": "COM_q78bv",
                "2017": 0
            },
            {
                "CommId": "COM_errpf",
                "2017": 0
            },
            {
                "CommId": "COM_2ia9l",
                "2017": 0
            },
            {
                "CommId": "COM_no4l1",
                "2017": 0
            },
            {
                "CommId": "COM_fg344",
                "2017": 0
            },
            {
                "CommId": "COM_73knz",
                "2017": 0
            },
            {
                "CommId": "COM_dvy6k",
                "2017": 0
            },
            {
                "CommId": "COM_gtz9w",
                "2017": 0
            }
        ],
        "SC_zh71e": [
            {
                "CommId": "COM_0",
                "2017": null
            },
            {
                "CommId": "COM_0j8nf",
                "2017": null
            },
            {
                "CommId": "COM_x2431",
                "2017": null
            },
            {
                "CommId": "COM_ikxv3",
                "2017": null
            },
            {
                "CommId": "COM_gwq8y",
                "2017": null
            },
            {
                "CommId": "COM_99r5y",
                "2017": null
            },
            {
                "CommId": "COM_nlsq8",
                "2017": null
            },
            {
                "CommId": "COM_ssyyh",
                "2017": null
            },
            {
                "CommId": "COM_f8e8k",
                "2017": null
            },
            {
                "CommId": "COM_pt9gg",
                "2017": null
            },
            {
                "CommId": "COM_88jst",
                "2017": null
            },
            {
                "CommId": "COM_qzuwy",
                "2017": null
            },
            {
                "CommId": "COM_7hb4l",
                "2017": null
            },
            {
                "CommId": "COM_cc9ra",
                "2017": null
            },
            {
                "CommId": "COM_55n2i",
                "2017": null
            },
            {
                "CommId": "COM_sd6lt",
                "2017": null
            },
            {
                "CommId": "COM_e6jm1",
                "2017": null
            },
            {
                "CommId": "COM_43vtq",
                "2017": null
            },
            {
                "CommId": "COM_jf4h9",
                "2017": null
            },
            {
                "CommId": "COM_03pgs",
                "2017": null
            },
            {
                "CommId": "COM_2m9n6",
                "2017": null
            },
            {
                "CommId": "COM_larpk",
                "2017": null
            },
            {
                "CommId": "COM_1fldu",
                "2017": null
            },
            {
                "CommId": "COM_g7a74",
                "2017": null
            },
            {
                "CommId": "COM_xeyrm",
                "2017": null
            },
            {
                "CommId": "COM_trm3t",
                "2017": null
            },
            {
                "CommId": "COM_ompoc",
                "2017": null
            },
            {
                "CommId": "COM_6ho1z",
                "2017": null
            },
            {
                "CommId": "COM_gyuum",
                "2017": null
            },
            {
                "CommId": "COM_al4e8",
                "2017": null
            },
            {
                "CommId": "COM_be21y",
                "2017": null
            },
            {
                "CommId": "COM_4tx0t",
                "2017": null
            },
            {
                "CommId": "COM_5ay05",
                "2017": null
            },
            {
                "CommId": "COM_c7rtq",
                "2017": null
            },
            {
                "CommId": "COM_j87au",
                "2017": null
            },
            {
                "CommId": "COM_41tyc",
                "2017": null
            },
            {
                "CommId": "COM_n4i7c",
                "2017": null
            },
            {
                "CommId": "COM_bb2kj",
                "2017": null
            },
            {
                "CommId": "COM_fqeil",
                "2017": null
            },
            {
                "CommId": "COM_abnpi",
                "2017": null
            },
            {
                "CommId": "COM_mtpcp",
                "2017": null
            },
            {
                "CommId": "COM_21cao",
                "2017": null
            },
            {
                "CommId": "COM_fs52l",
                "2017": null
            },
            {
                "CommId": "COM_bvaa2",
                "2017": null
            },
            {
                "CommId": "COM_iar5x",
                "2017": null
            },
            {
                "CommId": "COM_fbjet",
                "2017": null
            },
            {
                "CommId": "COM_hgzus",
                "2017": null
            },
            {
                "CommId": "COM_wfb24",
                "2017": null
            },
            {
                "CommId": "COM_8tofl",
                "2017": null
            },
            {
                "CommId": "COM_4st4k",
                "2017": null
            },
            {
                "CommId": "COM_nfxn8",
                "2017": null
            },
            {
                "CommId": "COM_tavqz",
                "2017": null
            },
            {
                "CommId": "COM_nhv3b",
                "2017": null
            },
            {
                "CommId": "COM_4chxa",
                "2017": null
            },
            {
                "CommId": "COM_oh67v",
                "2017": null
            },
            {
                "CommId": "COM_7iixv",
                "2017": null
            },
            {
                "CommId": "COM_3bkyb",
                "2017": null
            },
            {
                "CommId": "COM_ojlmw",
                "2017": null
            },
            {
                "CommId": "COM_mew98",
                "2017": null
            },
            {
                "CommId": "COM_dob66",
                "2017": null
            },
            {
                "CommId": "COM_0o48a",
                "2017": null
            },
            {
                "CommId": "COM_hscfh",
                "2017": null
            },
            {
                "CommId": "COM_s0cqt",
                "2017": null
            },
            {
                "CommId": "COM_q3fp8",
                "2017": null
            },
            {
                "CommId": "COM_f7dny",
                "2017": null
            },
            {
                "CommId": "COM_1d81j",
                "2017": null
            },
            {
                "CommId": "COM_jt2j9",
                "2017": null
            },
            {
                "CommId": "COM_6lojz",
                "2017": null
            },
            {
                "CommId": "COM_ns5k5",
                "2017": null
            },
            {
                "CommId": "COM_as9hv",
                "2017": null
            },
            {
                "CommId": "COM_n5dwy",
                "2017": null
            },
            {
                "CommId": "COM_8asuk",
                "2017": null
            },
            {
                "CommId": "COM_15dbc",
                "2017": null
            },
            {
                "CommId": "COM_vxwv6",
                "2017": null
            },
            {
                "CommId": "COM_0cdpw",
                "2017": null
            },
            {
                "CommId": "COM_nzvoj",
                "2017": null
            },
            {
                "CommId": "COM_uaofz",
                "2017": null
            },
            {
                "CommId": "COM_c8m40",
                "2017": null
            },
            {
                "CommId": "COM_vxvl3",
                "2017": null
            },
            {
                "CommId": "COM_bsrvq",
                "2017": null
            },
            {
                "CommId": "COM_hm1qd",
                "2017": null
            },
            {
                "CommId": "COM_uhqyy",
                "2017": null
            },
            {
                "CommId": "COM_otkpv",
                "2017": null
            },
            {
                "CommId": "COM_q78bv",
                "2017": null
            },
            {
                "CommId": "COM_errpf",
                "2017": null
            },
            {
                "CommId": "COM_2ia9l",
                "2017": null
            },
            {
                "CommId": "COM_no4l1",
                "2017": null
            },
            {
                "CommId": "COM_fg344",
                "2017": null
            },
            {
                "CommId": "COM_73knz",
                "2017": null
            },
            {
                "CommId": "COM_dvy6k",
                "2017": null
            },
            {
                "CommId": "COM_gtz9w",
                "2017": null
            }
        ]
    },
    "RTF": {
        "SC_0": [
            {
                "CommId": "COM_0",
                "2017": 0
            },
            {
                "CommId": "COM_0j8nf",
                "2017": 0
            },
            {
                "CommId": "COM_x2431",
                "2017": 0
            },
            {
                "CommId": "COM_ikxv3",
                "2017": 0
            },
            {
                "CommId": "COM_gwq8y",
                "2017": 0
            },
            {
                "CommId": "COM_99r5y",
                "2017": 0
            },
            {
                "CommId": "COM_nlsq8",
                "2017": 0
            },
            {
                "CommId": "COM_ssyyh",
                "2017": 0
            },
            {
                "CommId": "COM_f8e8k",
                "2017": 0
            },
            {
                "CommId": "COM_pt9gg",
                "2017": 0
            },
            {
                "CommId": "COM_88jst",
                "2017": 0
            },
            {
                "CommId": "COM_qzuwy",
                "2017": 0
            },
            {
                "CommId": "COM_7hb4l",
                "2017": 0
            },
            {
                "CommId": "COM_cc9ra",
                "2017": 0
            },
            {
                "CommId": "COM_55n2i",
                "2017": 0
            },
            {
                "CommId": "COM_sd6lt",
                "2017": 0
            },
            {
                "CommId": "COM_e6jm1",
                "2017": 0
            },
            {
                "CommId": "COM_43vtq",
                "2017": 0
            },
            {
                "CommId": "COM_jf4h9",
                "2017": 0
            },
            {
                "CommId": "COM_03pgs",
                "2017": 0
            },
            {
                "CommId": "COM_2m9n6",
                "2017": 0
            },
            {
                "CommId": "COM_larpk",
                "2017": 0
            },
            {
                "CommId": "COM_1fldu",
                "2017": 0
            },
            {
                "CommId": "COM_g7a74",
                "2017": 0
            },
            {
                "CommId": "COM_xeyrm",
                "2017": 0
            },
            {
                "CommId": "COM_trm3t",
                "2017": 0
            },
            {
                "CommId": "COM_ompoc",
                "2017": 0
            },
            {
                "CommId": "COM_6ho1z",
                "2017": 0
            },
            {
                "CommId": "COM_gyuum",
                "2017": 0
            },
            {
                "CommId": "COM_al4e8",
                "2017": 0
            },
            {
                "CommId": "COM_be21y",
                "2017": 0
            },
            {
                "CommId": "COM_4tx0t",
                "2017": 0
            },
            {
                "CommId": "COM_5ay05",
                "2017": 0
            },
            {
                "CommId": "COM_c7rtq",
                "2017": 0
            },
            {
                "CommId": "COM_j87au",
                "2017": 0
            },
            {
                "CommId": "COM_41tyc",
                "2017": 0
            },
            {
                "CommId": "COM_n4i7c",
                "2017": 0
            },
            {
                "CommId": "COM_bb2kj",
                "2017": 0
            },
            {
                "CommId": "COM_fqeil",
                "2017": 0
            },
            {
                "CommId": "COM_abnpi",
                "2017": 0
            },
            {
                "CommId": "COM_mtpcp",
                "2017": 0
            },
            {
                "CommId": "COM_21cao",
                "2017": 0
            },
            {
                "CommId": "COM_fs52l",
                "2017": 0
            },
            {
                "CommId": "COM_bvaa2",
                "2017": 0
            },
            {
                "CommId": "COM_iar5x",
                "2017": 0
            },
            {
                "CommId": "COM_fbjet",
                "2017": 0
            },
            {
                "CommId": "COM_hgzus",
                "2017": 0
            },
            {
                "CommId": "COM_wfb24",
                "2017": 0
            },
            {
                "CommId": "COM_8tofl",
                "2017": 0
            },
            {
                "CommId": "COM_4st4k",
                "2017": 0
            },
            {
                "CommId": "COM_nfxn8",
                "2017": 0
            },
            {
                "CommId": "COM_tavqz",
                "2017": 0
            },
            {
                "CommId": "COM_nhv3b",
                "2017": 0
            },
            {
                "CommId": "COM_4chxa",
                "2017": 0
            },
            {
                "CommId": "COM_oh67v",
                "2017": 0
            },
            {
                "CommId": "COM_7iixv",
                "2017": 0
            },
            {
                "CommId": "COM_3bkyb",
                "2017": 0
            },
            {
                "CommId": "COM_ojlmw",
                "2017": 0
            },
            {
                "CommId": "COM_mew98",
                "2017": 0
            },
            {
                "CommId": "COM_dob66",
                "2017": 0
            },
            {
                "CommId": "COM_0o48a",
                "2017": 0
            },
            {
                "CommId": "COM_hscfh",
                "2017": 0
            },
            {
                "CommId": "COM_s0cqt",
                "2017": 0
            },
            {
                "CommId": "COM_q3fp8",
                "2017": 0
            },
            {
                "CommId": "COM_f7dny",
                "2017": 0
            },
            {
                "CommId": "COM_1d81j",
                "2017": 0
            },
            {
                "CommId": "COM_jt2j9",
                "2017": 0
            },
            {
                "CommId": "COM_6lojz",
                "2017": 0
            },
            {
                "CommId": "COM_ns5k5",
                "2017": 0
            },
            {
                "CommId": "COM_as9hv",
                "2017": 0
            },
            {
                "CommId": "COM_n5dwy",
                "2017": 0
            },
            {
                "CommId": "COM_8asuk",
                "2017": 0
            },
            {
                "CommId": "COM_15dbc",
                "2017": 0
            },
            {
                "CommId": "COM_vxwv6",
                "2017": 0
            },
            {
                "CommId": "COM_0cdpw",
                "2017": 0
            },
            {
                "CommId": "COM_nzvoj",
                "2017": 0
            },
            {
                "CommId": "COM_uaofz",
                "2017": 0
            },
            {
                "CommId": "COM_c8m40",
                "2017": 0
            },
            {
                "CommId": "COM_vxvl3",
                "2017": 0
            },
            {
                "CommId": "COM_bsrvq",
                "2017": 0
            },
            {
                "CommId": "COM_hm1qd",
                "2017": 0
            },
            {
                "CommId": "COM_uhqyy",
                "2017": 0
            },
            {
                "CommId": "COM_otkpv",
                "2017": 0
            },
            {
                "CommId": "COM_q78bv",
                "2017": 0
            },
            {
                "CommId": "COM_errpf",
                "2017": 0
            },
            {
                "CommId": "COM_2ia9l",
                "2017": 0
            },
            {
                "CommId": "COM_no4l1",
                "2017": 0
            },
            {
                "CommId": "COM_fg344",
                "2017": 0
            },
            {
                "CommId": "COM_73knz",
                "2017": 0
            },
            {
                "CommId": "COM_dvy6k",
                "2017": 0
            },
            {
                "CommId": "COM_gtz9w",
                "2017": 0
            }
        ],
        "SC_zh71e": [
            {
                "CommId": "COM_0",
                "2017": null
            },
            {
                "CommId": "COM_0j8nf",
                "2017": null
            },
            {
                "CommId": "COM_x2431",
                "2017": null
            },
            {
                "CommId": "COM_ikxv3",
                "2017": null
            },
            {
                "CommId": "COM_gwq8y",
                "2017": null
            },
            {
                "CommId": "COM_99r5y",
                "2017": null
            },
            {
                "CommId": "COM_nlsq8",
                "2017": null
            },
            {
                "CommId": "COM_ssyyh",
                "2017": null
            },
            {
                "CommId": "COM_f8e8k",
                "2017": null
            },
            {
                "CommId": "COM_pt9gg",
                "2017": null
            },
            {
                "CommId": "COM_88jst",
                "2017": null
            },
            {
                "CommId": "COM_qzuwy",
                "2017": null
            },
            {
                "CommId": "COM_7hb4l",
                "2017": null
            },
            {
                "CommId": "COM_cc9ra",
                "2017": null
            },
            {
                "CommId": "COM_55n2i",
                "2017": null
            },
            {
                "CommId": "COM_sd6lt",
                "2017": null
            },
            {
                "CommId": "COM_e6jm1",
                "2017": null
            },
            {
                "CommId": "COM_43vtq",
                "2017": null
            },
            {
                "CommId": "COM_jf4h9",
                "2017": null
            },
            {
                "CommId": "COM_03pgs",
                "2017": null
            },
            {
                "CommId": "COM_2m9n6",
                "2017": null
            },
            {
                "CommId": "COM_larpk",
                "2017": null
            },
            {
                "CommId": "COM_1fldu",
                "2017": null
            },
            {
                "CommId": "COM_g7a74",
                "2017": null
            },
            {
                "CommId": "COM_xeyrm",
                "2017": null
            },
            {
                "CommId": "COM_trm3t",
                "2017": null
            },
            {
                "CommId": "COM_ompoc",
                "2017": null
            },
            {
                "CommId": "COM_6ho1z",
                "2017": null
            },
            {
                "CommId": "COM_gyuum",
                "2017": null
            },
            {
                "CommId": "COM_al4e8",
                "2017": null
            },
            {
                "CommId": "COM_be21y",
                "2017": null
            },
            {
                "CommId": "COM_4tx0t",
                "2017": null
            },
            {
                "CommId": "COM_5ay05",
                "2017": null
            },
            {
                "CommId": "COM_c7rtq",
                "2017": null
            },
            {
                "CommId": "COM_j87au",
                "2017": null
            },
            {
                "CommId": "COM_41tyc",
                "2017": null
            },
            {
                "CommId": "COM_n4i7c",
                "2017": null
            },
            {
                "CommId": "COM_bb2kj",
                "2017": null
            },
            {
                "CommId": "COM_fqeil",
                "2017": null
            },
            {
                "CommId": "COM_abnpi",
                "2017": null
            },
            {
                "CommId": "COM_mtpcp",
                "2017": null
            },
            {
                "CommId": "COM_21cao",
                "2017": null
            },
            {
                "CommId": "COM_fs52l",
                "2017": null
            },
            {
                "CommId": "COM_bvaa2",
                "2017": null
            },
            {
                "CommId": "COM_iar5x",
                "2017": null
            },
            {
                "CommId": "COM_fbjet",
                "2017": null
            },
            {
                "CommId": "COM_hgzus",
                "2017": null
            },
            {
                "CommId": "COM_wfb24",
                "2017": null
            },
            {
                "CommId": "COM_8tofl",
                "2017": null
            },
            {
                "CommId": "COM_4st4k",
                "2017": null
            },
            {
                "CommId": "COM_nfxn8",
                "2017": null
            },
            {
                "CommId": "COM_tavqz",
                "2017": null
            },
            {
                "CommId": "COM_nhv3b",
                "2017": null
            },
            {
                "CommId": "COM_4chxa",
                "2017": null
            },
            {
                "CommId": "COM_oh67v",
                "2017": null
            },
            {
                "CommId": "COM_7iixv",
                "2017": null
            },
            {
                "CommId": "COM_3bkyb",
                "2017": null
            },
            {
                "CommId": "COM_ojlmw",
                "2017": null
            },
            {
                "CommId": "COM_mew98",
                "2017": null
            },
            {
                "CommId": "COM_dob66",
                "2017": null
            },
            {
                "CommId": "COM_0o48a",
                "2017": null
            },
            {
                "CommId": "COM_hscfh",
                "2017": null
            },
            {
                "CommId": "COM_s0cqt",
                "2017": null
            },
            {
                "CommId": "COM_q3fp8",
                "2017": null
            },
            {
                "CommId": "COM_f7dny",
                "2017": null
            },
            {
                "CommId": "COM_1d81j",
                "2017": null
            },
            {
                "CommId": "COM_jt2j9",
                "2017": null
            },
            {
                "CommId": "COM_6lojz",
                "2017": null
            },
            {
                "CommId": "COM_ns5k5",
                "2017": null
            },
            {
                "CommId": "COM_as9hv",
                "2017": null
            },
            {
                "CommId": "COM_n5dwy",
                "2017": null
            },
            {
                "CommId": "COM_8asuk",
                "2017": null
            },
            {
                "CommId": "COM_15dbc",
                "2017": null
            },
            {
                "CommId": "COM_vxwv6",
                "2017": null
            },
            {
                "CommId": "COM_0cdpw",
                "2017": null
            },
            {
                "CommId": "COM_nzvoj",
                "2017": null
            },
            {
                "CommId": "COM_uaofz",
                "2017": null
            },
            {
                "CommId": "COM_c8m40",
                "2017": null
            },
            {
                "CommId": "COM_vxvl3",
                "2017": null
            },
            {
                "CommId": "COM_bsrvq",
                "2017": null
            },
            {
                "CommId": "COM_hm1qd",
                "2017": null
            },
            {
                "CommId": "COM_uhqyy",
                "2017": null
            },
            {
                "CommId": "COM_otkpv",
                "2017": null
            },
            {
                "CommId": "COM_q78bv",
                "2017": null
            },
            {
                "CommId": "COM_errpf",
                "2017": null
            },
            {
                "CommId": "COM_2ia9l",
                "2017": null
            },
            {
                "CommId": "COM_no4l1",
                "2017": null
            },
            {
                "CommId": "COM_fg344",
                "2017": null
            },
            {
                "CommId": "COM_73knz",
                "2017": null
            },
            {
                "CommId": "COM_dvy6k",
                "2017": null
            },
            {
                "CommId": "COM_gtz9w",
                "2017": null
            }
        ]
    },
    "RMTF": {
        "SC_0": [
            {
                "CommId": "COM_0",
                "2017": 0
            },
            {
                "CommId": "COM_0j8nf",
                "2017": 0
            },
            {
                "CommId": "COM_x2431",
                "2017": 0
            },
            {
                "CommId": "COM_ikxv3",
                "2017": 0
            },
            {
                "CommId": "COM_gwq8y",
                "2017": 0
            },
            {
                "CommId": "COM_99r5y",
                "2017": 0
            },
            {
                "CommId": "COM_nlsq8",
                "2017": 0
            },
            {
                "CommId": "COM_ssyyh",
                "2017": 0
            },
            {
                "CommId": "COM_f8e8k",
                "2017": 0
            },
            {
                "CommId": "COM_pt9gg",
                "2017": 0
            },
            {
                "CommId": "COM_88jst",
                "2017": 0
            },
            {
                "CommId": "COM_qzuwy",
                "2017": 0
            },
            {
                "CommId": "COM_7hb4l",
                "2017": 0
            },
            {
                "CommId": "COM_cc9ra",
                "2017": 0
            },
            {
                "CommId": "COM_55n2i",
                "2017": 0
            },
            {
                "CommId": "COM_sd6lt",
                "2017": 0
            },
            {
                "CommId": "COM_e6jm1",
                "2017": 0
            },
            {
                "CommId": "COM_43vtq",
                "2017": 0
            },
            {
                "CommId": "COM_jf4h9",
                "2017": 0
            },
            {
                "CommId": "COM_03pgs",
                "2017": 0
            },
            {
                "CommId": "COM_2m9n6",
                "2017": 0
            },
            {
                "CommId": "COM_larpk",
                "2017": 0
            },
            {
                "CommId": "COM_1fldu",
                "2017": 0
            },
            {
                "CommId": "COM_g7a74",
                "2017": 0
            },
            {
                "CommId": "COM_xeyrm",
                "2017": 0
            },
            {
                "CommId": "COM_trm3t",
                "2017": 0
            },
            {
                "CommId": "COM_ompoc",
                "2017": 0
            },
            {
                "CommId": "COM_6ho1z",
                "2017": 0
            },
            {
                "CommId": "COM_gyuum",
                "2017": 0
            },
            {
                "CommId": "COM_al4e8",
                "2017": 0
            },
            {
                "CommId": "COM_be21y",
                "2017": 0
            },
            {
                "CommId": "COM_4tx0t",
                "2017": 0
            },
            {
                "CommId": "COM_5ay05",
                "2017": 0
            },
            {
                "CommId": "COM_c7rtq",
                "2017": 0
            },
            {
                "CommId": "COM_j87au",
                "2017": 0
            },
            {
                "CommId": "COM_41tyc",
                "2017": 0
            },
            {
                "CommId": "COM_n4i7c",
                "2017": 0
            },
            {
                "CommId": "COM_bb2kj",
                "2017": 0
            },
            {
                "CommId": "COM_fqeil",
                "2017": 0
            },
            {
                "CommId": "COM_abnpi",
                "2017": 0
            },
            {
                "CommId": "COM_mtpcp",
                "2017": 0
            },
            {
                "CommId": "COM_21cao",
                "2017": 0
            },
            {
                "CommId": "COM_fs52l",
                "2017": 0
            },
            {
                "CommId": "COM_bvaa2",
                "2017": 0
            },
            {
                "CommId": "COM_iar5x",
                "2017": 0
            },
            {
                "CommId": "COM_fbjet",
                "2017": 0
            },
            {
                "CommId": "COM_hgzus",
                "2017": 0
            },
            {
                "CommId": "COM_wfb24",
                "2017": 0
            },
            {
                "CommId": "COM_8tofl",
                "2017": 0
            },
            {
                "CommId": "COM_4st4k",
                "2017": 0
            },
            {
                "CommId": "COM_nfxn8",
                "2017": 0
            },
            {
                "CommId": "COM_tavqz",
                "2017": 0
            },
            {
                "CommId": "COM_nhv3b",
                "2017": 0
            },
            {
                "CommId": "COM_4chxa",
                "2017": 0
            },
            {
                "CommId": "COM_oh67v",
                "2017": 0
            },
            {
                "CommId": "COM_7iixv",
                "2017": 0
            },
            {
                "CommId": "COM_3bkyb",
                "2017": 0
            },
            {
                "CommId": "COM_ojlmw",
                "2017": 0
            },
            {
                "CommId": "COM_mew98",
                "2017": 0
            },
            {
                "CommId": "COM_dob66",
                "2017": 0
            },
            {
                "CommId": "COM_0o48a",
                "2017": 0
            },
            {
                "CommId": "COM_hscfh",
                "2017": 0
            },
            {
                "CommId": "COM_s0cqt",
                "2017": 0
            },
            {
                "CommId": "COM_q3fp8",
                "2017": 0
            },
            {
                "CommId": "COM_f7dny",
                "2017": 0
            },
            {
                "CommId": "COM_1d81j",
                "2017": 0
            },
            {
                "CommId": "COM_jt2j9",
                "2017": 0
            },
            {
                "CommId": "COM_6lojz",
                "2017": 0
            },
            {
                "CommId": "COM_ns5k5",
                "2017": 0
            },
            {
                "CommId": "COM_as9hv",
                "2017": 0
            },
            {
                "CommId": "COM_n5dwy",
                "2017": 0
            },
            {
                "CommId": "COM_8asuk",
                "2017": 0
            },
            {
                "CommId": "COM_15dbc",
                "2017": 0
            },
            {
                "CommId": "COM_vxwv6",
                "2017": 0
            },
            {
                "CommId": "COM_0cdpw",
                "2017": 0
            },
            {
                "CommId": "COM_nzvoj",
                "2017": 0
            },
            {
                "CommId": "COM_uaofz",
                "2017": 0
            },
            {
                "CommId": "COM_c8m40",
                "2017": 0
            },
            {
                "CommId": "COM_vxvl3",
                "2017": 0
            },
            {
                "CommId": "COM_bsrvq",
                "2017": 0
            },
            {
                "CommId": "COM_hm1qd",
                "2017": 0
            },
            {
                "CommId": "COM_uhqyy",
                "2017": 0
            },
            {
                "CommId": "COM_otkpv",
                "2017": 0
            },
            {
                "CommId": "COM_q78bv",
                "2017": 0
            },
            {
                "CommId": "COM_errpf",
                "2017": 0
            },
            {
                "CommId": "COM_2ia9l",
                "2017": 0
            },
            {
                "CommId": "COM_no4l1",
                "2017": 0
            },
            {
                "CommId": "COM_fg344",
                "2017": 0
            },
            {
                "CommId": "COM_73knz",
                "2017": 0
            },
            {
                "CommId": "COM_dvy6k",
                "2017": 0
            },
            {
                "CommId": "COM_gtz9w",
                "2017": 0
            }
        ],
        "SC_zh71e": [
            {
                "CommId": "COM_0",
                "2017": null
            },
            {
                "CommId": "COM_0j8nf",
                "2017": null
            },
            {
                "CommId": "COM_x2431",
                "2017": null
            },
            {
                "CommId": "COM_ikxv3",
                "2017": null
            },
            {
                "CommId": "COM_gwq8y",
                "2017": null
            },
            {
                "CommId": "COM_99r5y",
                "2017": null
            },
            {
                "CommId": "COM_nlsq8",
                "2017": null
            },
            {
                "CommId": "COM_ssyyh",
                "2017": null
            },
            {
                "CommId": "COM_f8e8k",
                "2017": null
            },
            {
                "CommId": "COM_pt9gg",
                "2017": null
            },
            {
                "CommId": "COM_88jst",
                "2017": null
            },
            {
                "CommId": "COM_qzuwy",
                "2017": null
            },
            {
                "CommId": "COM_7hb4l",
                "2017": null
            },
            {
                "CommId": "COM_cc9ra",
                "2017": null
            },
            {
                "CommId": "COM_55n2i",
                "2017": null
            },
            {
                "CommId": "COM_sd6lt",
                "2017": null
            },
            {
                "CommId": "COM_e6jm1",
                "2017": null
            },
            {
                "CommId": "COM_43vtq",
                "2017": null
            },
            {
                "CommId": "COM_jf4h9",
                "2017": null
            },
            {
                "CommId": "COM_03pgs",
                "2017": null
            },
            {
                "CommId": "COM_2m9n6",
                "2017": null
            },
            {
                "CommId": "COM_larpk",
                "2017": null
            },
            {
                "CommId": "COM_1fldu",
                "2017": null
            },
            {
                "CommId": "COM_g7a74",
                "2017": null
            },
            {
                "CommId": "COM_xeyrm",
                "2017": null
            },
            {
                "CommId": "COM_trm3t",
                "2017": null
            },
            {
                "CommId": "COM_ompoc",
                "2017": null
            },
            {
                "CommId": "COM_6ho1z",
                "2017": null
            },
            {
                "CommId": "COM_gyuum",
                "2017": null
            },
            {
                "CommId": "COM_al4e8",
                "2017": null
            },
            {
                "CommId": "COM_be21y",
                "2017": null
            },
            {
                "CommId": "COM_4tx0t",
                "2017": null
            },
            {
                "CommId": "COM_5ay05",
                "2017": null
            },
            {
                "CommId": "COM_c7rtq",
                "2017": null
            },
            {
                "CommId": "COM_j87au",
                "2017": null
            },
            {
                "CommId": "COM_41tyc",
                "2017": null
            },
            {
                "CommId": "COM_n4i7c",
                "2017": null
            },
            {
                "CommId": "COM_bb2kj",
                "2017": null
            },
            {
                "CommId": "COM_fqeil",
                "2017": null
            },
            {
                "CommId": "COM_abnpi",
                "2017": null
            },
            {
                "CommId": "COM_mtpcp",
                "2017": null
            },
            {
                "CommId": "COM_21cao",
                "2017": null
            },
            {
                "CommId": "COM_fs52l",
                "2017": null
            },
            {
                "CommId": "COM_bvaa2",
                "2017": null
            },
            {
                "CommId": "COM_iar5x",
                "2017": null
            },
            {
                "CommId": "COM_fbjet",
                "2017": null
            },
            {
                "CommId": "COM_hgzus",
                "2017": null
            },
            {
                "CommId": "COM_wfb24",
                "2017": null
            },
            {
                "CommId": "COM_8tofl",
                "2017": null
            },
            {
                "CommId": "COM_4st4k",
                "2017": null
            },
            {
                "CommId": "COM_nfxn8",
                "2017": null
            },
            {
                "CommId": "COM_tavqz",
                "2017": null
            },
            {
                "CommId": "COM_nhv3b",
                "2017": null
            },
            {
                "CommId": "COM_4chxa",
                "2017": null
            },
            {
                "CommId": "COM_oh67v",
                "2017": null
            },
            {
                "CommId": "COM_7iixv",
                "2017": null
            },
            {
                "CommId": "COM_3bkyb",
                "2017": null
            },
            {
                "CommId": "COM_ojlmw",
                "2017": null
            },
            {
                "CommId": "COM_mew98",
                "2017": null
            },
            {
                "CommId": "COM_dob66",
                "2017": null
            },
            {
                "CommId": "COM_0o48a",
                "2017": null
            },
            {
                "CommId": "COM_hscfh",
                "2017": null
            },
            {
                "CommId": "COM_s0cqt",
                "2017": null
            },
            {
                "CommId": "COM_q3fp8",
                "2017": null
            },
            {
                "CommId": "COM_f7dny",
                "2017": null
            },
            {
                "CommId": "COM_1d81j",
                "2017": null
            },
            {
                "CommId": "COM_jt2j9",
                "2017": null
            },
            {
                "CommId": "COM_6lojz",
                "2017": null
            },
            {
                "CommId": "COM_ns5k5",
                "2017": null
            },
            {
                "CommId": "COM_as9hv",
                "2017": null
            },
            {
                "CommId": "COM_n5dwy",
                "2017": null
            },
            {
                "CommId": "COM_8asuk",
                "2017": null
            },
            {
                "CommId": "COM_15dbc",
                "2017": null
            },
            {
                "CommId": "COM_vxwv6",
                "2017": null
            },
            {
                "CommId": "COM_0cdpw",
                "2017": null
            },
            {
                "CommId": "COM_nzvoj",
                "2017": null
            },
            {
                "CommId": "COM_uaofz",
                "2017": null
            },
            {
                "CommId": "COM_c8m40",
                "2017": null
            },
            {
                "CommId": "COM_vxvl3",
                "2017": null
            },
            {
                "CommId": "COM_bsrvq",
                "2017": null
            },
            {
                "CommId": "COM_hm1qd",
                "2017": null
            },
            {
                "CommId": "COM_uhqyy",
                "2017": null
            },
            {
                "CommId": "COM_otkpv",
                "2017": null
            },
            {
                "CommId": "COM_q78bv",
                "2017": null
            },
            {
                "CommId": "COM_errpf",
                "2017": null
            },
            {
                "CommId": "COM_2ia9l",
                "2017": null
            },
            {
                "CommId": "COM_no4l1",
                "2017": null
            },
            {
                "CommId": "COM_fg344",
                "2017": null
            },
            {
                "CommId": "COM_73knz",
                "2017": null
            },
            {
                "CommId": "COM_dvy6k",
                "2017": null
            },
            {
                "CommId": "COM_gtz9w",
                "2017": null
            }
        ]
    }
}