{
    "AEL": {
        "SC_0": [
            {
                "EmisId": "EMI_0",
                "2017": 999999
            }
        ],
        "SC_zh71e": [
            {
                "EmisId": "EMI_0",
                "2017": null
            }
        ]
    },
    "EP": {
        "SC_0": [
            {
                "EmisId": "EMI_0",
                "2017": 0
            }
        ],
        "SC_zh71e": [
            {
                "EmisId": "EMI_0",
                "2017": null
            }
        ]
    },
    "AEE": {
        "SC_0": [
            {
                "EmisId": "EMI_0",
                "2017": 0
            }
        ],
        "SC_zh71e": [
            {
                "EmisId": "EMI_0",
                "2017": null
            }
        ]
    }
}