{
    "YS": {
        "SC_0": [
            {
                "YearSplit": "S11",
                "2017": 0.0511
            },
            {
                "YearSplit": "S12",
                "2017": 0.0511
            },
            {
                "YearSplit": "S13",
                "2017": 0.0511
            },
            {
                "YearSplit": "S14",
                "2017": 0.0219
            },
            {
                "YearSplit": "S15",
                "2017": 0.0208
            },
            {
                "YearSplit": "S16",
                "2017": 0.0208
            },
            {
                "YearSplit": "S17",
                "2017": 0.0208
            },
            {
                "YearSplit": "S18",
                "2017": 0.0089
            },
            {
                "YearSplit": "S21",
                "2017": 0.0527
            },
            {
                "YearSplit": "S22",
                "2017": 0.0527
            },
            {
                "YearSplit": "S23",
                "2017": 0.0527
            },
            {
                "YearSplit": "S24",
                "2017": 0.0226
            },
            {
                "YearSplit": "S25",
                "2017": 0.0208
            },
            {
                "YearSplit": "S26",
                "2017": 0.0208
            },
            {
                "YearSplit": "S27",
                "2017": 0.0208
            },
            {
                "YearSplit": "S28",
                "2017": 0.0089
            },
            {
                "YearSplit": "S31",
                "2017": 0.0527
            },
            {
                "YearSplit": "S32",
                "2017": 0.0527
            },
            {
                "YearSplit": "S33",
                "2017": 0.0527
            },
            {
                "YearSplit": "S34",
                "2017": 0.0226
            },
            {
                "YearSplit": "S35",
                "2017": 0.0208
            },
            {
                "YearSplit": "S36",
                "2017": 0.0208
            },
            {
                "YearSplit": "S37",
                "2017": 0.0208
            },
            {
                "YearSplit": "S38",
                "2017": 0.0089
            },
            {
                "YearSplit": "S41",
                "2017": 0.0519
            },
            {
                "YearSplit": "S42",
                "2017": 0.0519
            },
            {
                "YearSplit": "S43",
                "2017": 0.0519
            },
            {
                "YearSplit": "S44",
                "2017": 0.0223
            },
            {
                "YearSplit": "S45",
                "2017": 0.0208
            },
            {
                "YearSplit": "S46",
                "2017": 0.0208
            },
            {
                "YearSplit": "S47",
                "2017": 0.0208
            },
            {
                "YearSplit": "S48",
                "2017": 0.0089
            }
        ],
        "SC_zh71e": [
            {
                "YearSplit": "S11",
                "2017": null
            },
            {
                "YearSplit": "S12",
                "2017": null
            },
            {
                "YearSplit": "S13",
                "2017": null
            },
            {
                "YearSplit": "S14",
                "2017": null
            },
            {
                "YearSplit": "S15",
                "2017": null
            },
            {
                "YearSplit": "S16",
                "2017": null
            },
            {
                "YearSplit": "S17",
                "2017": null
            },
            {
                "YearSplit": "S18",
                "2017": null
            },
            {
                "YearSplit": "S21",
                "2017": null
            },
            {
                "YearSplit": "S22",
                "2017": null
            },
            {
                "YearSplit": "S23",
                "2017": null
            },
            {
                "YearSplit": "S24",
                "2017": null
            },
            {
                "YearSplit": "S25",
                "2017": null
            },
            {
                "YearSplit": "S26",
                "2017": null
            },
            {
                "YearSplit": "S27",
                "2017": null
            },
            {
                "YearSplit": "S28",
                "2017": null
            },
            {
                "YearSplit": "S31",
                "2017": null
            },
            {
                "YearSplit": "S32",
                "2017": null
            },
            {
                "YearSplit": "S33",
                "2017": null
            },
            {
                "YearSplit": "S34",
                "2017": null
            },
            {
                "YearSplit": "S35",
                "2017": null
            },
            {
                "YearSplit": "S36",
                "2017": null
            },
            {
                "YearSplit": "S37",
                "2017": null
            },
            {
                "YearSplit": "S38",
                "2017": null
            },
            {
                "YearSplit": "S41",
                "2017": null
            },
            {
                "YearSplit": "S42",
                "2017": null
            },
            {
                "YearSplit": "S43",
                "2017": null
            },
            {
                "YearSplit": "S44",
                "2017": null
            },
            {
                "YearSplit": "S45",
                "2017": null
            },
            {
                "YearSplit": "S46",
                "2017": null
            },
            {
                "YearSplit": "S47",
                "2017": null
            },
            {
                "YearSplit": "S48",
                "2017": null
            }
        ]
    }
}