{
    "YS": {
        "SC_0": [
            {
                "YearSplit": "S11",
                "2017": 0.0511,
                "2018": 0.0511,
                "2019": 0.0511,
                "2020": 0.0511,
                "2021": 0.0511,
                "2022": 0.0511,
                "2023": 0.0511,
                "2024": 0.0511,
                "2025": 0.0511,
                "2026": 0.0511,
                "2027": 0.0511,
                "2028": 0.0511,
                "2029": 0.0511,
                "2030": 0.0511,
                "2031": 0.0511,
                "2032": 0.0511,
                "2033": 0.0511,
                "2034": 0.0511,
                "2035": 0.0511,
                "2036": 0.0511,
                "2037": 0.0511,
                "2038": 0.0511,
                "2039": 0.0511,
                "2040": 0.0511,
                "2041": 0.0511,
                "2042": 0.0511,
                "2043": 0.0511,
                "2044": 0.0511,
                "2045": 0.0511,
                "2046": 0.0511,
                "2047": 0.0511,
                "2048": 0.0511,
                "2049": 0.0511,
                "2050": 0.0511
            },
            {
                "YearSplit": "S12",
                "2017": 0.0511,
                "2018": 0.0511,
                "2019": 0.0511,
                "2020": 0.0511,
                "2021": 0.0511,
                "2022": 0.0511,
                "2023": 0.0511,
                "2024": 0.0511,
                "2025": 0.0511,
                "2026": 0.0511,
                "2027": 0.0511,
                "2028": 0.0511,
                "2029": 0.0511,
                "2030": 0.0511,
                "2031": 0.0511,
                "2032": 0.0511,
                "2033": 0.0511,
                "2034": 0.0511,
                "2035": 0.0511,
                "2036": 0.0511,
                "2037": 0.0511,
                "2038": 0.0511,
                "2039": 0.0511,
                "2040": 0.0511,
                "2041": 0.0511,
                "2042": 0.0511,
                "2043": 0.0511,
                "2044": 0.0511,
                "2045": 0.0511,
                "2046": 0.0511,
                "2047": 0.0511,
                "2048": 0.0511,
                "2049": 0.0511,
                "2050": 0.0511
            },
            {
                "YearSplit": "S13",
                "2017": 0.0511,
                "2018": 0.0511,
                "2019": 0.0511,
                "2020": 0.0511,
                "2021": 0.0511,
                "2022": 0.0511,
                "2023": 0.0511,
                "2024": 0.0511,
                "2025": 0.0511,
                "2026": 0.0511,
                "2027": 0.0511,
                "2028": 0.0511,
                "2029": 0.0511,
                "2030": 0.0511,
                "2031": 0.0511,
                "2032": 0.0511,
                "2033": 0.0511,
                "2034": 0.0511,
                "2035": 0.0511,
                "2036": 0.0511,
                "2037": 0.0511,
                "2038": 0.0511,
                "2039": 0.0511,
                "2040": 0.0511,
                "2041": 0.0511,
                "2042": 0.0511,
                "2043": 0.0511,
                "2044": 0.0511,
                "2045": 0.0511,
                "2046": 0.0511,
                "2047": 0.0511,
                "2048": 0.0511,
                "2049": 0.0511,
                "2050": 0.0511
            },
            {
                "YearSplit": "S14",
                "2017": 0.0219,
                "2018": 0.0219,
                "2019": 0.0219,
                "2020": 0.0219,
                "2021": 0.0219,
                "2022": 0.0219,
                "2023": 0.0219,
                "2024": 0.0219,
                "2025": 0.0219,
                "2026": 0.0219,
                "2027": 0.0219,
                "2028": 0.0219,
                "2029": 0.0219,
                "2030": 0.0219,
                "2031": 0.0219,
                "2032": 0.0219,
                "2033": 0.0219,
                "2034": 0.0219,
                "2035": 0.0219,
                "2036": 0.0219,
                "2037": 0.0219,
                "2038": 0.0219,
                "2039": 0.0219,
                "2040": 0.0219,
                "2041": 0.0219,
                "2042": 0.0219,
                "2043": 0.0219,
                "2044": 0.0219,
                "2045": 0.0219,
                "2046": 0.0219,
                "2047": 0.0219,
                "2048": 0.0219,
                "2049": 0.0219,
                "2050": 0.0219
            },
            {
                "YearSplit": "S15",
                "2017": 0.0208,
                "2018": 0.0208,
                "2019": 0.0208,
                "2020": 0.0208,
                "2021": 0.0208,
                "2022": 0.0208,
                "2023": 0.0208,
                "2024": 0.0208,
                "2025": 0.0208,
                "2026": 0.0208,
                "2027": 0.0208,
                "2028": 0.0208,
                "2029": 0.0208,
                "2030": 0.0208,
                "2031": 0.0208,
                "2032": 0.0208,
                "2033": 0.0208,
                "2034": 0.0208,
                "2035": 0.0208,
                "2036": 0.0208,
                "2037": 0.0208,
                "2038": 0.0208,
                "2039": 0.0208,
                "2040": 0.0208,
                "2041": 0.0208,
                "2042": 0.0208,
                "2043": 0.0208,
                "2044": 0.0208,
                "2045": 0.0208,
                "2046": 0.0208,
                "2047": 0.0208,
                "2048": 0.0208,
                "2049": 0.0208,
                "2050": 0.0208
            },
            {
                "YearSplit": "S16",
                "2017": 0.0208,
                "2018": 0.0208,
                "2019": 0.0208,
                "2020": 0.0208,
                "2021": 0.0208,
                "2022": 0.0208,
                "2023": 0.0208,
                "2024": 0.0208,
                "2025": 0.0208,
                "2026": 0.0208,
                "2027": 0.0208,
                "2028": 0.0208,
                "2029": 0.0208,
                "2030": 0.0208,
                "2031": 0.0208,
                "2032": 0.0208,
                "2033": 0.0208,
                "2034": 0.0208,
                "2035": 0.0208,
                "2036": 0.0208,
                "2037": 0.0208,
                "2038": 0.0208,
                "2039": 0.0208,
                "2040": 0.0208,
                "2041": 0.0208,
                "2042": 0.0208,
                "2043": 0.0208,
                "2044": 0.0208,
                "2045": 0.0208,
                "2046": 0.0208,
                "2047": 0.0208,
                "2048": 0.0208,
                "2049": 0.0208,
                "2050": 0.0208
            },
            {
                "YearSplit": "S17",
                "2017": 0.0208,
                "2018": 0.0208,
                "2019": 0.0208,
                "2020": 0.0208,
                "2021": 0.0208,
                "2022": 0.0208,
                "2023": 0.0208,
                "2024": 0.0208,
                "2025": 0.0208,
                "2026": 0.0208,
                "2027": 0.0208,
                "2028": 0.0208,
                "2029": 0.0208,
                "2030": 0.0208,
                "2031": 0.0208,
                "2032": 0.0208,
                "2033": 0.0208,
                "2034": 0.0208,
                "2035": 0.0208,
                "2036": 0.0208,
                "2037": 0.0208,
                "2038": 0.0208,
                "2039": 0.0208,
                "2040": 0.0208,
                "2041": 0.0208,
                "2042": 0.0208,
                "2043": 0.0208,
                "2044": 0.0208,
                "2045": 0.0208,
                "2046": 0.0208,
                "2047": 0.0208,
                "2048": 0.0208,
                "2049": 0.0208,
                "2050": 0.0208
            },
            {
                "YearSplit": "S18",
                "2017": 0.0089,
                "2018": 0.0089,
                "2019": 0.0089,
                "2020": 0.0089,
                "2021": 0.0089,
                "2022": 0.0089,
                "2023": 0.0089,
                "2024": 0.0089,
                "2025": 0.0089,
                "2026": 0.0089,
                "2027": 0.0089,
                "2028": 0.0089,
                "2029": 0.0089,
                "2030": 0.0089,
                "2031": 0.0089,
                "2032": 0.0089,
                "2033": 0.0089,
                "2034": 0.0089,
                "2035": 0.0089,
                "2036": 0.0089,
                "2037": 0.0089,
                "2038": 0.0089,
                "2039": 0.0089,
                "2040": 0.0089,
                "2041": 0.0089,
                "2042": 0.0089,
                "2043": 0.0089,
                "2044": 0.0089,
                "2045": 0.0089,
                "2046": 0.0089,
                "2047": 0.0089,
                "2048": 0.0089,
                "2049": 0.0089,
                "2050": 0.0089
            },
            {
                "YearSplit": "S21",
                "2017": 0.0527,
                "2018": 0.0527,
                "2019": 0.0527,
                "2020": 0.0527,
                "2021": 0.0527,
                "2022": 0.0527,
                "2023": 0.0527,
                "2024": 0.0527,
                "2025": 0.0527,
                "2026": 0.0527,
                "2027": 0.0527,
                "2028": 0.0527,
                "2029": 0.0527,
                "2030": 0.0527,
                "2031": 0.0527,
                "2032": 0.0527,
                "2033": 0.0527,
                "2034": 0.0527,
                "2035": 0.0527,
                "2036": 0.0527,
                "2037": 0.0527,
                "2038": 0.0527,
                "2039": 0.0527,
                "2040": 0.0527,
                "2041": 0.0527,
                "2042": 0.0527,
                "2043": 0.0527,
                "2044": 0.0527,
                "2045": 0.0527,
                "2046": 0.0527,
                "2047": 0.0527,
                "2048": 0.0527,
                "2049": 0.0527,
                "2050": 0.0527
            },
            {
                "YearSplit": "S22",
                "2017": 0.0527,
                "2018": 0.0527,
                "2019": 0.0527,
                "2020": 0.0527,
                "2021": 0.0527,
                "2022": 0.0527,
                "2023": 0.0527,
                "2024": 0.0527,
                "2025": 0.0527,
                "2026": 0.0527,
                "2027": 0.0527,
                "2028": 0.0527,
                "2029": 0.0527,
                "2030": 0.0527,
                "2031": 0.0527,
                "2032": 0.0527,
                "2033": 0.0527,
                "2034": 0.0527,
                "2035": 0.0527,
                "2036": 0.0527,
                "2037": 0.0527,
                "2038": 0.0527,
                "2039": 0.0527,
                "2040": 0.0527,
                "2041": 0.0527,
                "2042": 0.0527,
                "2043": 0.0527,
                "2044": 0.0527,
                "2045": 0.0527,
                "2046": 0.0527,
                "2047": 0.0527,
                "2048": 0.0527,
                "2049": 0.0527,
                "2050": 0.0527
            },
            {
                "YearSplit": "S23",
                "2017": 0.0527,
                "2018": 0.0527,
                "2019": 0.0527,
                "2020": 0.0527,
                "2021": 0.0527,
                "2022": 0.0527,
                "2023": 0.0527,
                "2024": 0.0527,
                "2025": 0.0527,
                "2026": 0.0527,
                "2027": 0.0527,
                "2028": 0.0527,
                "2029": 0.0527,
                "2030": 0.0527,
                "2031": 0.0527,
                "2032": 0.0527,
                "2033": 0.0527,
                "2034": 0.0527,
                "2035": 0.0527,
                "2036": 0.0527,
                "2037": 0.0527,
                "2038": 0.0527,
                "2039": 0.0527,
                "2040": 0.0527,
                "2041": 0.0527,
                "2042": 0.0527,
                "2043": 0.0527,
                "2044": 0.0527,
                "2045": 0.0527,
                "2046": 0.0527,
                "2047": 0.0527,
                "2048": 0.0527,
                "2049": 0.0527,
                "2050": 0.0527
            },
            {
                "YearSplit": "S24",
                "2017": 0.0226,
                "2018": 0.0226,
                "2019": 0.0226,
                "2020": 0.0226,
                "2021": 0.0226,
                "2022": 0.0226,
                "2023": 0.0226,
                "2024": 0.0226,
                "2025": 0.0226,
                "2026": 0.0226,
                "2027": 0.0226,
                "2028": 0.0226,
                "2029": 0.0226,
                "2030": 0.0226,
                "2031": 0.0226,
                "2032": 0.0226,
                "2033": 0.0226,
                "2034": 0.0226,
                "2035": 0.0226,
                "2036": 0.0226,
                "2037": 0.0226,
                "2038": 0.0226,
                "2039": 0.0226,
                "2040": 0.0226,
                "2041": 0.0226,
                "2042": 0.0226,
                "2043": 0.0226,
                "2044": 0.0226,
                "2045": 0.0226,
                "2046": 0.0226,
                "2047": 0.0226,
                "2048": 0.0226,
                "2049": 0.0226,
                "2050": 0.0226
            },
            {
                "YearSplit": "S25",
                "2017": 0.0208,
                "2018": 0.0208,
                "2019": 0.0208,
                "2020": 0.0208,
                "2021": 0.0208,
                "2022": 0.0208,
                "2023": 0.0208,
                "2024": 0.0208,
                "2025": 0.0208,
                "2026": 0.0208,
                "2027": 0.0208,
                "2028": 0.0208,
                "2029": 0.0208,
                "2030": 0.0208,
                "2031": 0.0208,
                "2032": 0.0208,
                "2033": 0.0208,
                "2034": 0.0208,
                "2035": 0.0208,
                "2036": 0.0208,
                "2037": 0.0208,
                "2038": 0.0208,
                "2039": 0.0208,
                "2040": 0.0208,
                "2041": 0.0208,
                "2042": 0.0208,
                "2043": 0.0208,
                "2044": 0.0208,
                "2045": 0.0208,
                "2046": 0.0208,
                "2047": 0.0208,
                "2048": 0.0208,
                "2049": 0.0208,
                "2050": 0.0208
            },
            {
                "YearSplit": "S26",
                "2017": 0.0208,
                "2018": 0.0208,
                "2019": 0.0208,
                "2020": 0.0208,
                "2021": 0.0208,
                "2022": 0.0208,
                "2023": 0.0208,
                "2024": 0.0208,
                "2025": 0.0208,
                "2026": 0.0208,
                "2027": 0.0208,
                "2028": 0.0208,
                "2029": 0.0208,
                "2030": 0.0208,
                "2031": 0.0208,
                "2032": 0.0208,
                "2033": 0.0208,
                "2034": 0.0208,
                "2035": 0.0208,
                "2036": 0.0208,
                "2037": 0.0208,
                "2038": 0.0208,
                "2039": 0.0208,
                "2040": 0.0208,
                "2041": 0.0208,
                "2042": 0.0208,
                "2043": 0.0208,
                "2044": 0.0208,
                "2045": 0.0208,
                "2046": 0.0208,
                "2047": 0.0208,
                "2048": 0.0208,
                "2049": 0.0208,
                "2050": 0.0208
            },
            {
                "YearSplit": "S27",
                "2017": 0.0208,
                "2018": 0.0208,
                "2019": 0.0208,
                "2020": 0.0208,
                "2021": 0.0208,
                "2022": 0.0208,
                "2023": 0.0208,
                "2024": 0.0208,
                "2025": 0.0208,
                "2026": 0.0208,
                "2027": 0.0208,
                "2028": 0.0208,
                "2029": 0.0208,
                "2030": 0.0208,
                "2031": 0.0208,
                "2032": 0.0208,
                "2033": 0.0208,
                "2034": 0.0208,
                "2035": 0.0208,
                "2036": 0.0208,
                "2037": 0.0208,
                "2038": 0.0208,
                "2039": 0.0208,
                "2040": 0.0208,
                "2041": 0.0208,
                "2042": 0.0208,
                "2043": 0.0208,
                "2044": 0.0208,
                "2045": 0.0208,
                "2046": 0.0208,
                "2047": 0.0208,
                "2048": 0.0208,
                "2049": 0.0208,
                "2050": 0.0208
            },
            {
                "YearSplit": "S28",
                "2017": 0.0089,
                "2018": 0.0089,
                "2019": 0.0089,
                "2020": 0.0089,
                "2021": 0.0089,
                "2022": 0.0089,
                "2023": 0.0089,
                "2024": 0.0089,
                "2025": 0.0089,
                "2026": 0.0089,
                "2027": 0.0089,
                "2028": 0.0089,
                "2029": 0.0089,
                "2030": 0.0089,
                "2031": 0.0089,
                "2032": 0.0089,
                "2033": 0.0089,
                "2034": 0.0089,
                "2035": 0.0089,
                "2036": 0.0089,
                "2037": 0.0089,
                "2038": 0.0089,
                "2039": 0.0089,
                "2040": 0.0089,
                "2041": 0.0089,
                "2042": 0.0089,
                "2043": 0.0089,
                "2044": 0.0089,
                "2045": 0.0089,
                "2046": 0.0089,
                "2047": 0.0089,
                "2048": 0.0089,
                "2049": 0.0089,
                "2050": 0.0089
            },
            {
                "YearSplit": "S31",
                "2017": 0.0527,
                "2018": 0.0527,
                "2019": 0.0527,
                "2020": 0.0527,
                "2021": 0.0527,
                "2022": 0.0527,
                "2023": 0.0527,
                "2024": 0.0527,
                "2025": 0.0527,
                "2026": 0.0527,
                "2027": 0.0527,
                "2028": 0.0527,
                "2029": 0.0527,
                "2030": 0.0527,
                "2031": 0.0527,
                "2032": 0.0527,
                "2033": 0.0527,
                "2034": 0.0527,
                "2035": 0.0527,
                "2036": 0.0527,
                "2037": 0.0527,
                "2038": 0.0527,
                "2039": 0.0527,
                "2040": 0.0527,
                "2041": 0.0527,
                "2042": 0.0527,
                "2043": 0.0527,
                "2044": 0.0527,
                "2045": 0.0527,
                "2046": 0.0527,
                "2047": 0.0527,
                "2048": 0.0527,
                "2049": 0.0527,
                "2050": 0.0527
            },
            {
                "YearSplit": "S32",
                "2017": 0.0527,
                "2018": 0.0527,
                "2019": 0.0527,
                "2020": 0.0527,
                "2021": 0.0527,
                "2022": 0.0527,
                "2023": 0.0527,
                "2024": 0.0527,
                "2025": 0.0527,
                "2026": 0.0527,
                "2027": 0.0527,
                "2028": 0.0527,
                "2029": 0.0527,
                "2030": 0.0527,
                "2031": 0.0527,
                "2032": 0.0527,
                "2033": 0.0527,
                "2034": 0.0527,
                "2035": 0.0527,
                "2036": 0.0527,
                "2037": 0.0527,
                "2038": 0.0527,
                "2039": 0.0527,
                "2040": 0.0527,
                "2041": 0.0527,
                "2042": 0.0527,
                "2043": 0.0527,
                "2044": 0.0527,
                "2045": 0.0527,
                "2046": 0.0527,
                "2047": 0.0527,
                "2048": 0.0527,
                "2049": 0.0527,
                "2050": 0.0527
            },
            {
                "YearSplit": "S33",
                "2017": 0.0527,
                "2018": 0.0527,
                "2019": 0.0527,
                "2020": 0.0527,
                "2021": 0.0527,
                "2022": 0.0527,
                "2023": 0.0527,
                "2024": 0.0527,
                "2025": 0.0527,
                "2026": 0.0527,
                "2027": 0.0527,
                "2028": 0.0527,
                "2029": 0.0527,
                "2030": 0.0527,
                "2031": 0.0527,
                "2032": 0.0527,
                "2033": 0.0527,
                "2034": 0.0527,
                "2035": 0.0527,
                "2036": 0.0527,
                "2037": 0.0527,
                "2038": 0.0527,
                "2039": 0.0527,
                "2040": 0.0527,
                "2041": 0.0527,
                "2042": 0.0527,
                "2043": 0.0527,
                "2044": 0.0527,
                "2045": 0.0527,
                "2046": 0.0527,
                "2047": 0.0527,
                "2048": 0.0527,
                "2049": 0.0527,
                "2050": 0.0527
            },
            {
                "YearSplit": "S34",
                "2017": 0.0226,
                "2018": 0.0226,
                "2019": 0.0226,
                "2020": 0.0226,
                "2021": 0.0226,
                "2022": 0.0226,
                "2023": 0.0226,
                "2024": 0.0226,
                "2025": 0.0226,
                "2026": 0.0226,
                "2027": 0.0226,
                "2028": 0.0226,
                "2029": 0.0226,
                "2030": 0.0226,
                "2031": 0.0226,
                "2032": 0.0226,
                "2033": 0.0226,
                "2034": 0.0226,
                "2035": 0.0226,
                "2036": 0.0226,
                "2037": 0.0226,
                "2038": 0.0226,
                "2039": 0.0226,
                "2040": 0.0226,
                "2041": 0.0226,
                "2042": 0.0226,
                "2043": 0.0226,
                "2044": 0.0226,
                "2045": 0.0226,
                "2046": 0.0226,
                "2047": 0.0226,
                "2048": 0.0226,
                "2049": 0.0226,
                "2050": 0.0226
            },
            {
                "YearSplit": "S35",
                "2017": 0.0208,
                "2018": 0.0208,
                "2019": 0.0208,
                "2020": 0.0208,
                "2021": 0.0208,
                "2022": 0.0208,
                "2023": 0.0208,
                "2024": 0.0208,
                "2025": 0.0208,
                "2026": 0.0208,
                "2027": 0.0208,
                "2028": 0.0208,
                "2029": 0.0208,
                "2030": 0.0208,
                "2031": 0.0208,
                "2032": 0.0208,
                "2033": 0.0208,
                "2034": 0.0208,
                "2035": 0.0208,
                "2036": 0.0208,
                "2037": 0.0208,
                "2038": 0.0208,
                "2039": 0.0208,
                "2040": 0.0208,
                "2041": 0.0208,
                "2042": 0.0208,
                "2043": 0.0208,
                "2044": 0.0208,
                "2045": 0.0208,
                "2046": 0.0208,
                "2047": 0.0208,
                "2048": 0.0208,
                "2049": 0.0208,
                "2050": 0.0208
            },
            {
                "YearSplit": "S36",
                "2017": 0.0208,
                "2018": 0.0208,
                "2019": 0.0208,
                "2020": 0.0208,
                "2021": 0.0208,
                "2022": 0.0208,
                "2023": 0.0208,
                "2024": 0.0208,
                "2025": 0.0208,
                "2026": 0.0208,
                "2027": 0.0208,
                "2028": 0.0208,
                "2029": 0.0208,
                "2030": 0.0208,
                "2031": 0.0208,
                "2032": 0.0208,
                "2033": 0.0208,
                "2034": 0.0208,
                "2035": 0.0208,
                "2036": 0.0208,
                "2037": 0.0208,
                "2038": 0.0208,
                "2039": 0.0208,
                "2040": 0.0208,
                "2041": 0.0208,
                "2042": 0.0208,
                "2043": 0.0208,
                "2044": 0.0208,
                "2045": 0.0208,
                "2046": 0.0208,
                "2047": 0.0208,
                "2048": 0.0208,
                "2049": 0.0208,
                "2050": 0.0208
            },
            {
                "YearSplit": "S37",
                "2017": 0.0208,
                "2018": 0.0208,
                "2019": 0.0208,
                "2020": 0.0208,
                "2021": 0.0208,
                "2022": 0.0208,
                "2023": 0.0208,
                "2024": 0.0208,
                "2025": 0.0208,
                "2026": 0.0208,
                "2027": 0.0208,
                "2028": 0.0208,
                "2029": 0.0208,
                "2030": 0.0208,
                "2031": 0.0208,
                "2032": 0.0208,
                "2033": 0.0208,
                "2034": 0.0208,
                "2035": 0.0208,
                "2036": 0.0208,
                "2037": 0.0208,
                "2038": 0.0208,
                "2039": 0.0208,
                "2040": 0.0208,
                "2041": 0.0208,
                "2042": 0.0208,
                "2043": 0.0208,
                "2044": 0.0208,
                "2045": 0.0208,
                "2046": 0.0208,
                "2047": 0.0208,
                "2048": 0.0208,
                "2049": 0.0208,
                "2050": 0.0208
            },
            {
                "YearSplit": "S38",
                "2017": 0.0089,
                "2018": 0.0089,
                "2019": 0.0089,
                "2020": 0.0089,
                "2021": 0.0089,
                "2022": 0.0089,
                "2023": 0.0089,
                "2024": 0.0089,
                "2025": 0.0089,
                "2026": 0.0089,
                "2027": 0.0089,
                "2028": 0.0089,
                "2029": 0.0089,
                "2030": 0.0089,
                "2031": 0.0089,
                "2032": 0.0089,
                "2033": 0.0089,
                "2034": 0.0089,
                "2035": 0.0089,
                "2036": 0.0089,
                "2037": 0.0089,
                "2038": 0.0089,
                "2039": 0.0089,
                "2040": 0.0089,
                "2041": 0.0089,
                "2042": 0.0089,
                "2043": 0.0089,
                "2044": 0.0089,
                "2045": 0.0089,
                "2046": 0.0089,
                "2047": 0.0089,
                "2048": 0.0089,
                "2049": 0.0089,
                "2050": 0.0089
            },
            {
                "YearSplit": "S41",
                "2017": 0.0519,
                "2018": 0.0519,
                "2019": 0.0519,
                "2020": 0.0519,
                "2021": 0.0519,
                "2022": 0.0519,
                "2023": 0.0519,
                "2024": 0.0519,
                "2025": 0.0519,
                "2026": 0.0519,
                "2027": 0.0519,
                "2028": 0.0519,
                "2029": 0.0519,
                "2030": 0.0519,
                "2031": 0.0519,
                "2032": 0.0519,
                "2033": 0.0519,
                "2034": 0.0519,
                "2035": 0.0519,
                "2036": 0.0519,
                "2037": 0.0519,
                "2038": 0.0519,
                "2039": 0.0519,
                "2040": 0.0519,
                "2041": 0.0519,
                "2042": 0.0519,
                "2043": 0.0519,
                "2044": 0.0519,
                "2045": 0.0519,
                "2046": 0.0519,
                "2047": 0.0519,
                "2048": 0.0519,
                "2049": 0.0519,
                "2050": 0.0519
            },
            {
                "YearSplit": "S42",
                "2017": 0.0519,
                "2018": 0.0519,
                "2019": 0.0519,
                "2020": 0.0519,
                "2021": 0.0519,
                "2022": 0.0519,
                "2023": 0.0519,
                "2024": 0.0519,
                "2025": 0.0519,
                "2026": 0.0519,
                "2027": 0.0519,
                "2028": 0.0519,
                "2029": 0.0519,
                "2030": 0.0519,
                "2031": 0.0519,
                "2032": 0.0519,
                "2033": 0.0519,
                "2034": 0.0519,
                "2035": 0.0519,
                "2036": 0.0519,
                "2037": 0.0519,
                "2038": 0.0519,
                "2039": 0.0519,
                "2040": 0.0519,
                "2041": 0.0519,
                "2042": 0.0519,
                "2043": 0.0519,
                "2044": 0.0519,
                "2045": 0.0519,
                "2046": 0.0519,
                "2047": 0.0519,
                "2048": 0.0519,
                "2049": 0.0519,
                "2050": 0.0519
            },
            {
                "YearSplit": "S43",
                "2017": 0.0519,
                "2018": 0.0519,
                "2019": 0.0519,
                "2020": 0.0519,
                "2021": 0.0519,
                "2022": 0.0519,
                "2023": 0.0519,
                "2024": 0.0519,
                "2025": 0.0519,
                "2026": 0.0519,
                "2027": 0.0519,
                "2028": 0.0519,
                "2029": 0.0519,
                "2030": 0.0519,
                "2031": 0.0519,
                "2032": 0.0519,
                "2033": 0.0519,
                "2034": 0.0519,
                "2035": 0.0519,
                "2036": 0.0519,
                "2037": 0.0519,
                "2038": 0.0519,
                "2039": 0.0519,
                "2040": 0.0519,
                "2041": 0.0519,
                "2042": 0.0519,
                "2043": 0.0519,
                "2044": 0.0519,
                "2045": 0.0519,
                "2046": 0.0519,
                "2047": 0.0519,
                "2048": 0.0519,
                "2049": 0.0519,
                "2050": 0.0519
            },
            {
                "YearSplit": "S44",
                "2017": 0.0223,
                "2018": 0.0223,
                "2019": 0.0223,
                "2020": 0.0223,
                "2021": 0.0223,
                "2022": 0.0223,
                "2023": 0.0223,
                "2024": 0.0223,
                "2025": 0.0223,
                "2026": 0.0223,
                "2027": 0.0223,
                "2028": 0.0223,
                "2029": 0.0223,
                "2030": 0.0223,
                "2031": 0.0223,
                "2032": 0.0223,
                "2033": 0.0223,
                "2034": 0.0223,
                "2035": 0.0223,
                "2036": 0.0223,
                "2037": 0.0223,
                "2038": 0.0223,
                "2039": 0.0223,
                "2040": 0.0223,
                "2041": 0.0223,
                "2042": 0.0223,
                "2043": 0.0223,
                "2044": 0.0223,
                "2045": 0.0223,
                "2046": 0.0223,
                "2047": 0.0223,
                "2048": 0.0223,
                "2049": 0.0223,
                "2050": 0.0223
            },
            {
                "YearSplit": "S45",
                "2017": 0.0208,
                "2018": 0.0208,
                "2019": 0.0208,
                "2020": 0.0208,
                "2021": 0.0208,
                "2022": 0.0208,
                "2023": 0.0208,
                "2024": 0.0208,
                "2025": 0.0208,
                "2026": 0.0208,
                "2027": 0.0208,
                "2028": 0.0208,
                "2029": 0.0208,
                "2030": 0.0208,
                "2031": 0.0208,
                "2032": 0.0208,
                "2033": 0.0208,
                "2034": 0.0208,
                "2035": 0.0208,
                "2036": 0.0208,
                "2037": 0.0208,
                "2038": 0.0208,
                "2039": 0.0208,
                "2040": 0.0208,
                "2041": 0.0208,
                "2042": 0.0208,
                "2043": 0.0208,
                "2044": 0.0208,
                "2045": 0.0208,
                "2046": 0.0208,
                "2047": 0.0208,
                "2048": 0.0208,
                "2049": 0.0208,
                "2050": 0.0208
            },
            {
                "YearSplit": "S46",
                "2017": 0.0208,
                "2018": 0.0208,
                "2019": 0.0208,
                "2020": 0.0208,
                "2021": 0.0208,
                "2022": 0.0208,
                "2023": 0.0208,
                "2024": 0.0208,
                "2025": 0.0208,
                "2026": 0.0208,
                "2027": 0.0208,
                "2028": 0.0208,
                "2029": 0.0208,
                "2030": 0.0208,
                "2031": 0.0208,
                "2032": 0.0208,
                "2033": 0.0208,
                "2034": 0.0208,
                "2035": 0.0208,
                "2036": 0.0208,
                "2037": 0.0208,
                "2038": 0.0208,
                "2039": 0.0208,
                "2040": 0.0208,
                "2041": 0.0208,
                "2042": 0.0208,
                "2043": 0.0208,
                "2044": 0.0208,
                "2045": 0.0208,
                "2046": 0.0208,
                "2047": 0.0208,
                "2048": 0.0208,
                "2049": 0.0208,
                "2050": 0.0208
            },
            {
                "YearSplit": "S47",
                "2017": 0.0208,
                "2018": 0.0208,
                "2019": 0.0208,
                "2020": 0.0208,
                "2021": 0.0208,
                "2022": 0.0208,
                "2023": 0.0208,
                "2024": 0.0208,
                "2025": 0.0208,
                "2026": 0.0208,
                "2027": 0.0208,
                "2028": 0.0208,
                "2029": 0.0208,
                "2030": 0.0208,
                "2031": 0.0208,
                "2032": 0.0208,
                "2033": 0.0208,
                "2034": 0.0208,
                "2035": 0.0208,
                "2036": 0.0208,
                "2037": 0.0208,
                "2038": 0.0208,
                "2039": 0.0208,
                "2040": 0.0208,
                "2041": 0.0208,
                "2042": 0.0208,
                "2043": 0.0208,
                "2044": 0.0208,
                "2045": 0.0208,
                "2046": 0.0208,
                "2047": 0.0208,
                "2048": 0.0208,
                "2049": 0.0208,
                "2050": 0.0208
            },
            {
                "YearSplit": "S48",
                "2017": 0.0089,
                "2018": 0.0089,
                "2019": 0.0089,
                "2020": 0.0089,
                "2021": 0.0089,
                "2022": 0.0089,
                "2023": 0.0089,
                "2024": 0.0089,
                "2025": 0.0089,
                "2026": 0.0089,
                "2027": 0.0089,
                "2028": 0.0089,
                "2029": 0.0089,
                "2030": 0.0089,
                "2031": 0.0089,
                "2032": 0.0089,
                "2033": 0.0089,
                "2034": 0.0089,
                "2035": 0.0089,
                "2036": 0.0089,
                "2037": 0.0089,
                "2038": 0.0089,
                "2039": 0.0089,
                "2040": 0.0089,
                "2041": 0.0089,
                "2042": 0.0089,
                "2043": 0.0089,
                "2044": 0.0089,
                "2045": 0.0089,
                "2046": 0.0089,
                "2047": 0.0089,
                "2048": 0.0089,
                "2049": 0.0089,
                "2050": 0.0089
            }
        ]
    }
}