{
    "CAU": {
        "SC_0": [
            {
                "TEC_0": 1,
                "TEC_s94gf": 1,
                "TEC_cmb2h": 1,
                "TEC_270l3": 1,
                "TEC_tyj6b": 1,
                "TEC_dsj6c": 31.536,
                "TEC_g26az": 31.536,
                "TEC_jhka2": 31.536,
                "TEC_qm7g6": 31.536,
                "TEC_i64as": 31.536,
                "TEC_5tbaw": 31.536,
                "TEC_ezcew": 31.536,
                "TEC_s2uho": 1,
                "TEC_i878b": 1,
                "TEC_gdac5": 1,
                "TEC_eif72": 1,
                "TEC_7vdqi": 1,
                "TEC_eajh2": 1,
                "TEC_44tbl": 1,
                "TEC_gnp14": 31.536,
                "TEC_nz0ek": 31.536,
                "TEC_e1dpb": 31.536,
                "TEC_qbrrv": 31.536,
                "TEC_9mdeo": 31.536,
                "TEC_rrleq": 31.536,
                "TEC_w3qbp": 31.536,
                "TEC_hg485": 31.536,
                "TEC_tvfb0": 31.536,
                "TEC_curyb": 31.536,
                "TEC_frt7y": 31.536,
                "TEC_zbsqx": 31.536,
                "TEC_tc3wo": 31.536,
                "TEC_t1h1g": 1,
                "TEC_bgej8": 1,
                "TEC_xpkp3": 1,
                "TEC_l4nc0": 1,
                "TEC_wuwrr": 1,
                "TEC_dbkq9": 1,
                "TEC_y255t": 1,
                "TEC_adic9": 1,
                "TEC_vai8d": 1,
                "TEC_1q89q": 1,
                "TEC_yhanf": 1,
                "TEC_5lrjy": 1,
                "TEC_j7wue": 1,
                "TEC_c06hu": 1,
                "TEC_5vk1y": 1,
                "TEC_lz34p": 1,
                "TEC_wv84j": 1,
                "TEC_ar4yz": 1,
                "TEC_ug3zs": 31.536,
                "TEC_0ul5z": 1,
                "TEC_455yj": 1,
                "TEC_i3nqg": 1,
                "TEC_euv6c": 1,
                "TEC_sbodc": 1,
                "TEC_2bvux": 1,
                "TEC_ntyd1": 1,
                "TEC_ki1ip": 1,
                "TEC_1q0ng": 1,
                "TEC_rzsr6": 1,
                "TEC_3nxlk": 1,
                "TEC_ada3c": 1,
                "TEC_4o221": 1,
                "TEC_19gvj": 1,
                "TEC_pgyuc": 1,
                "TEC_undyl": 1,
                "TEC_5e0qf": 1,
                "TEC_zk9l9": 1,
                "TEC_n8j31": 1,
                "TEC_pkpw4": 1,
                "TEC_c29vu": 1,
                "TEC_9uq0p": 1,
                "TEC_vtq18": 1,
                "TEC_rjxhf": 1,
                "TEC_aec4r": 1,
                "TEC_oz43d": 1,
                "TEC_hx3n8": 1
            }
        ]
    },
    "OL": {
        "SC_0": [
            {
                "TEC_0": 1,
                "TEC_s94gf": 1,
                "TEC_cmb2h": 1,
                "TEC_270l3": 1,
                "TEC_tyj6b": 1,
                "TEC_dsj6c": 35,
                "TEC_g26az": 25,
                "TEC_jhka2": 50,
                "TEC_qm7g6": 25,
                "TEC_i64as": 25,
                "TEC_5tbaw": 50,
                "TEC_ezcew": 25,
                "TEC_s2uho": 1,
                "TEC_i878b": 1,
                "TEC_gdac5": 1,
                "TEC_eif72": 1,
                "TEC_7vdqi": 1,
                "TEC_eajh2": 1,
                "TEC_44tbl": 1,
                "TEC_gnp14": 35,
                "TEC_nz0ek": 30,
                "TEC_e1dpb": 30,
                "TEC_qbrrv": 30,
                "TEC_9mdeo": 50,
                "TEC_rrleq": 50,
                "TEC_w3qbp": 25,
                "TEC_hg485": 25,
                "TEC_tvfb0": 25,
                "TEC_curyb": 25,
                "TEC_frt7y": 50,
                "TEC_zbsqx": 50,
                "TEC_tc3wo": 50,
                "TEC_t1h1g": 1,
                "TEC_bgej8": 1,
                "TEC_xpkp3": 1,
                "TEC_l4nc0": 1,
                "TEC_wuwrr": 1,
                "TEC_dbkq9": 1,
                "TEC_y255t": 1,
                "TEC_adic9": 1,
                "TEC_vai8d": 1,
                "TEC_1q89q": 1,
                "TEC_yhanf": 1,
                "TEC_5lrjy": 1,
                "TEC_j7wue": 1,
                "TEC_c06hu": 1,
                "TEC_5vk1y": 1,
                "TEC_lz34p": 1,
                "TEC_wv84j": 1,
                "TEC_ar4yz": 1,
                "TEC_ug3zs": 1,
                "TEC_0ul5z": 1,
                "TEC_455yj": 1,
                "TEC_i3nqg": 1,
                "TEC_euv6c": 1,
                "TEC_sbodc": 1,
                "TEC_2bvux": 1,
                "TEC_ntyd1": 1,
                "TEC_ki1ip": 1,
                "TEC_1q0ng": 10,
                "TEC_rzsr6": 10,
                "TEC_3nxlk": 10,
                "TEC_ada3c": 10,
                "TEC_4o221": 10,
                "TEC_19gvj": 10,
                "TEC_pgyuc": 10,
                "TEC_undyl": 10,
                "TEC_5e0qf": 10,
                "TEC_zk9l9": 10,
                "TEC_n8j31": 10,
                "TEC_pkpw4": 10,
                "TEC_c29vu": 10,
                "TEC_9uq0p": 10,
                "TEC_vtq18": 10,
                "TEC_rjxhf": 1,
                "TEC_aec4r": 1,
                "TEC_oz43d": 1,
                "TEC_hx3n8": 1
            }
        ]
    },
    "TMPAL": {
        "SC_0": [
            {
                "TEC_0": 0,
                "TEC_s94gf": 0,
                "TEC_cmb2h": 0,
                "TEC_270l3": 0,
                "TEC_tyj6b": 0,
                "TEC_dsj6c": 0,
                "TEC_g26az": 0,
                "TEC_jhka2": 0,
                "TEC_qm7g6": 0,
                "TEC_i64as": 0,
                "TEC_5tbaw": 0,
                "TEC_ezcew": 0,
                "TEC_s2uho": 0,
                "TEC_i878b": 0,
                "TEC_gdac5": 0,
                "TEC_eif72": 0,
                "TEC_7vdqi": 0,
                "TEC_eajh2": 0,
                "TEC_44tbl": 0,
                "TEC_gnp14": 0,
                "TEC_nz0ek": 0,
                "TEC_e1dpb": 0,
                "TEC_qbrrv": 0,
                "TEC_9mdeo": 0,
                "TEC_rrleq": 0,
                "TEC_w3qbp": 0,
                "TEC_hg485": 0,
                "TEC_tvfb0": 0,
                "TEC_curyb": 0,
                "TEC_frt7y": 0,
                "TEC_zbsqx": 0,
                "TEC_tc3wo": 0,
                "TEC_t1h1g": 0,
                "TEC_bgej8": 0,
                "TEC_xpkp3": 0,
                "TEC_l4nc0": 0,
                "TEC_wuwrr": 0,
                "TEC_dbkq9": 0,
                "TEC_y255t": 0,
                "TEC_adic9": 0,
                "TEC_vai8d": 0,
                "TEC_1q89q": 0,
                "TEC_yhanf": 0,
                "TEC_5lrjy": 0,
                "TEC_j7wue": 0,
                "TEC_c06hu": 0,
                "TEC_5vk1y": 0,
                "TEC_lz34p": 0,
                "TEC_wv84j": 0,
                "TEC_ar4yz": 0,
                "TEC_ug3zs": 0,
                "TEC_0ul5z": 0,
                "TEC_455yj": 0,
                "TEC_i3nqg": 0,
                "TEC_euv6c": 0,
                "TEC_sbodc": 0,
                "TEC_2bvux": 0,
                "TEC_ntyd1": 0,
                "TEC_ki1ip": 0,
                "TEC_1q0ng": 0,
                "TEC_rzsr6": 0,
                "TEC_3nxlk": 0,
                "TEC_ada3c": 0,
                "TEC_4o221": 0,
                "TEC_19gvj": 0,
                "TEC_pgyuc": 0,
                "TEC_undyl": 0,
                "TEC_5e0qf": 0,
                "TEC_zk9l9": 0,
                "TEC_n8j31": 0,
                "TEC_pkpw4": 0,
                "TEC_c29vu": 0,
                "TEC_9uq0p": 0,
                "TEC_vtq18": 0,
                "TEC_rjxhf": 0,
                "TEC_aec4r": 0,
                "TEC_oz43d": 0,
                "TEC_hx3n8": 0
            }
        ]
    },
    "TMPAU": {
        "SC_0": [
            {
                "TEC_0": 999999,
                "TEC_s94gf": 999999,
                "TEC_cmb2h": 999999,
                "TEC_270l3": 999999,
                "TEC_tyj6b": 999999,
                "TEC_dsj6c": 999999,
                "TEC_g26az": 999999,
                "TEC_jhka2": 999999,
                "TEC_qm7g6": 999999,
                "TEC_i64as": 999999,
                "TEC_5tbaw": 999999,
                "TEC_ezcew": 999999,
                "TEC_s2uho": 999999,
                "TEC_i878b": 999999,
                "TEC_gdac5": 999999,
                "TEC_eif72": 999999,
                "TEC_7vdqi": 999999,
                "TEC_eajh2": 999999,
                "TEC_44tbl": 2570.4,
                "TEC_gnp14": 999999,
                "TEC_nz0ek": 999999,
                "TEC_e1dpb": 999999,
                "TEC_qbrrv": 999999,
                "TEC_9mdeo": 999999,
                "TEC_rrleq": 999999,
                "TEC_w3qbp": 999999,
                "TEC_hg485": 999999,
                "TEC_tvfb0": 999999,
                "TEC_curyb": 999999,
                "TEC_frt7y": 999999,
                "TEC_zbsqx": 999999,
                "TEC_tc3wo": 999999,
                "TEC_t1h1g": 999999,
                "TEC_bgej8": 999999,
                "TEC_xpkp3": 999999,
                "TEC_l4nc0": 999999,
                "TEC_wuwrr": 999999,
                "TEC_dbkq9": 999999,
                "TEC_y255t": 999999,
                "TEC_adic9": 999999,
                "TEC_vai8d": 999999,
                "TEC_1q89q": 999999,
                "TEC_yhanf": 999999,
                "TEC_5lrjy": 999999,
                "TEC_j7wue": 999999,
                "TEC_c06hu": 999999,
                "TEC_5vk1y": 999999,
                "TEC_lz34p": 999999,
                "TEC_wv84j": 999999,
                "TEC_ar4yz": 999999,
                "TEC_ug3zs": 999999,
                "TEC_0ul5z": 999999,
                "TEC_455yj": 999999,
                "TEC_i3nqg": 999999,
                "TEC_euv6c": 999999,
                "TEC_sbodc": 999999,
                "TEC_2bvux": 999999,
                "TEC_ntyd1": 999999,
                "TEC_ki1ip": 999999,
                "TEC_1q0ng": 999999,
                "TEC_rzsr6": 999999,
                "TEC_3nxlk": 999999,
                "TEC_ada3c": 999999,
                "TEC_4o221": 999999,
                "TEC_19gvj": 999999,
                "TEC_pgyuc": 999999,
                "TEC_undyl": 999999,
                "TEC_5e0qf": 999999,
                "TEC_zk9l9": 999999,
                "TEC_n8j31": 999999,
                "TEC_pkpw4": 999999,
                "TEC_c29vu": 999999,
                "TEC_9uq0p": 999999,
                "TEC_vtq18": 999999,
                "TEC_rjxhf": 999999,
                "TEC_aec4r": 999999,
                "TEC_oz43d": 999999,
                "TEC_hx3n8": 999999
            }
        ]
    }
}