{
    "YS": {
        "SC_0": [
            {
                "YearSplit": "S11",
                "2019": 0.156,
                "2020": 0.156,
                "2021": 0.156,
                "2022": 0.156,
                "2023": 0.156,
                "2024": 0.156,
                "2025": 0.156,
                "2026": 0.156,
                "2027": 0.156,
                "2028": 0.156,
                "2029": 0.156,
                "2030": 0.156,
                "2031": 0.156,
                "2032": 0.156,
                "2033": 0.156,
                "2034": 0.156,
                "2035": 0.156,
                "2036": 0.156,
                "2037": 0.156,
                "2038": 0.156,
                "2039": 0.156,
                "2040": 0.156
            },
            {
                "YearSplit": "S12",
                "2019": 0.064,
                "2020": 0.064,
                "2021": 0.064,
                "2022": 0.064,
                "2023": 0.064,
                "2024": 0.064,
                "2025": 0.064,
                "2026": 0.064,
                "2027": 0.064,
                "2028": 0.064,
                "2029": 0.064,
                "2030": 0.064,
                "2031": 0.064,
                "2032": 0.064,
                "2033": 0.064,
                "2034": 0.064,
                "2035": 0.064,
                "2036": 0.064,
                "2037": 0.064,
                "2038": 0.064,
                "2039": 0.064,
                "2040": 0.064
            },
            {
                "YearSplit": "S13",
                "2019": 0.108,
                "2020": 0.108,
                "2021": 0.108,
                "2022": 0.108,
                "2023": 0.108,
                "2024": 0.108,
                "2025": 0.108,
                "2026": 0.108,
                "2027": 0.108,
                "2028": 0.108,
                "2029": 0.108,
                "2030": 0.108,
                "2031": 0.108,
                "2032": 0.108,
                "2033": 0.108,
                "2034": 0.108,
                "2035": 0.108,
                "2036": 0.108,
                "2037": 0.108,
                "2038": 0.108,
                "2039": 0.108,
                "2040": 0.108
            },
            {
                "YearSplit": "S21",
                "2019": 0.08,
                "2020": 0.08,
                "2021": 0.08,
                "2022": 0.08,
                "2023": 0.08,
                "2024": 0.08,
                "2025": 0.08,
                "2026": 0.08,
                "2027": 0.08,
                "2028": 0.08,
                "2029": 0.08,
                "2030": 0.08,
                "2031": 0.08,
                "2032": 0.08,
                "2033": 0.08,
                "2034": 0.08,
                "2035": 0.08,
                "2036": 0.08,
                "2037": 0.08,
                "2038": 0.08,
                "2039": 0.08,
                "2040": 0.08
            },
            {
                "YearSplit": "S22",
                "2019": 0.033,
                "2020": 0.033,
                "2021": 0.033,
                "2022": 0.033,
                "2023": 0.033,
                "2024": 0.033,
                "2025": 0.033,
                "2026": 0.033,
                "2027": 0.033,
                "2028": 0.033,
                "2029": 0.033,
                "2030": 0.033,
                "2031": 0.033,
                "2032": 0.033,
                "2033": 0.033,
                "2034": 0.033,
                "2035": 0.033,
                "2036": 0.033,
                "2037": 0.033,
                "2038": 0.033,
                "2039": 0.033,
                "2040": 0.033
            },
            {
                "YearSplit": "S23",
                "2019": 0.055,
                "2020": 0.055,
                "2021": 0.055,
                "2022": 0.055,
                "2023": 0.055,
                "2024": 0.055,
                "2025": 0.055,
                "2026": 0.055,
                "2027": 0.055,
                "2028": 0.055,
                "2029": 0.055,
                "2030": 0.055,
                "2031": 0.055,
                "2032": 0.055,
                "2033": 0.055,
                "2034": 0.055,
                "2035": 0.055,
                "2036": 0.055,
                "2037": 0.055,
                "2038": 0.055,
                "2039": 0.055,
                "2040": 0.055
            },
            {
                "YearSplit": "S31",
                "2019": 0.12,
                "2020": 0.12,
                "2021": 0.12,
                "2022": 0.12,
                "2023": 0.12,
                "2024": 0.12,
                "2025": 0.12,
                "2026": 0.12,
                "2027": 0.12,
                "2028": 0.12,
                "2029": 0.12,
                "2030": 0.12,
                "2031": 0.12,
                "2032": 0.12,
                "2033": 0.12,
                "2034": 0.12,
                "2035": 0.12,
                "2036": 0.12,
                "2037": 0.12,
                "2038": 0.12,
                "2039": 0.12,
                "2040": 0.12
            },
            {
                "YearSplit": "S32",
                "2019": 0.049,
                "2020": 0.049,
                "2021": 0.049,
                "2022": 0.049,
                "2023": 0.049,
                "2024": 0.049,
                "2025": 0.049,
                "2026": 0.049,
                "2027": 0.049,
                "2028": 0.049,
                "2029": 0.049,
                "2030": 0.049,
                "2031": 0.049,
                "2032": 0.049,
                "2033": 0.049,
                "2034": 0.049,
                "2035": 0.049,
                "2036": 0.049,
                "2037": 0.049,
                "2038": 0.049,
                "2039": 0.049,
                "2040": 0.049
            },
            {
                "YearSplit": "S33",
                "2019": 0.083,
                "2020": 0.083,
                "2021": 0.083,
                "2022": 0.083,
                "2023": 0.083,
                "2024": 0.083,
                "2025": 0.083,
                "2026": 0.083,
                "2027": 0.083,
                "2028": 0.083,
                "2029": 0.083,
                "2030": 0.083,
                "2031": 0.083,
                "2032": 0.083,
                "2033": 0.083,
                "2034": 0.083,
                "2035": 0.083,
                "2036": 0.083,
                "2037": 0.083,
                "2038": 0.083,
                "2039": 0.083,
                "2040": 0.083
            },
            {
                "YearSplit": "S41",
                "2019": 0.12,
                "2020": 0.12,
                "2021": 0.12,
                "2022": 0.12,
                "2023": 0.12,
                "2024": 0.12,
                "2025": 0.12,
                "2026": 0.12,
                "2027": 0.12,
                "2028": 0.12,
                "2029": 0.12,
                "2030": 0.12,
                "2031": 0.12,
                "2032": 0.12,
                "2033": 0.12,
                "2034": 0.12,
                "2035": 0.12,
                "2036": 0.12,
                "2037": 0.12,
                "2038": 0.12,
                "2039": 0.12,
                "2040": 0.12
            },
            {
                "YearSplit": "S42",
                "2019": 0.049,
                "2020": 0.049,
                "2021": 0.049,
                "2022": 0.049,
                "2023": 0.049,
                "2024": 0.049,
                "2025": 0.049,
                "2026": 0.049,
                "2027": 0.049,
                "2028": 0.049,
                "2029": 0.049,
                "2030": 0.049,
                "2031": 0.049,
                "2032": 0.049,
                "2033": 0.049,
                "2034": 0.049,
                "2035": 0.049,
                "2036": 0.049,
                "2037": 0.049,
                "2038": 0.049,
                "2039": 0.049,
                "2040": 0.049
            },
            {
                "YearSplit": "S43",
                "2019": 0.083,
                "2020": 0.083,
                "2021": 0.083,
                "2022": 0.083,
                "2023": 0.083,
                "2024": 0.083,
                "2025": 0.083,
                "2026": 0.083,
                "2027": 0.083,
                "2028": 0.083,
                "2029": 0.083,
                "2030": 0.083,
                "2031": 0.083,
                "2032": 0.083,
                "2033": 0.083,
                "2034": 0.083,
                "2035": 0.083,
                "2036": 0.083,
                "2037": 0.083,
                "2038": 0.083,
                "2039": 0.083,
                "2040": 0.083
            }
        ]
    }
}