r,t,y,AccumulatedNewCapacity
RE1,DEMAGRDSL,2019,13.6291
RE1,DEMAGRDSL,2020,13.7961
RE1,DEMAGRDSL,2021,13.9651
RE1,DEMAGRDSL,2022,14.1361
RE1,DEMAGRDSL,2023,14.3093
RE1,DEMAGRDSL,2024,14.4846
RE1,DEMAGRDSL,2025,14.662
RE1,DEMAGRDSL,2026,14.8416
RE1,DEMAGRDSL,2027,15.0235
RE1,DEMAGRDSL,2028,15.2075
RE1,DEMAGRDSL,2029,15.3938
RE1,DEMAGRDSL,2030,15.5824
RE1,DEMAGRDSL,2031,15.7732
RE1,DEMAGRDSL,2032,15.9665
RE1,DEMAGRDSL,2033,16.1621
RE1,DEMAGRDSL,2034,16.36
RE1,DEMAGRDSL,2035,16.5604
RE1,DEMAGRDSL,2036,16.7633
RE1,DEMAGRDSL,2037,16.9687
RE1,DEMAGRDSL,2038,17.1765
RE1,DEMAGRDSL,2039,17.3869
RE1,DEMAGRDSL,2040,17.5999
RE1,DEMAGRHFO,2019,0.5284
RE1,DEMAGRHFO,2020,0.5349
RE1,DEMAGRHFO,2021,0.5414
RE1,DEMAGRHFO,2022,0.5481
RE1,DEMAGRHFO,2023,0.5548
RE1,DEMAGRHFO,2024,0.5616
RE1,DEMAGRHFO,2025,0.5685
RE1,DEMAGRHFO,2026,0.5754
RE1,DEMAGRHFO,2027,0.5825
RE1,DEMAGRHFO,2028,0.5896
RE1,DEMAGRHFO,2029,0.5968
RE1,DEMAGRHFO,2030,0.6041
RE1,DEMAGRHFO,2031,0.6115
RE1,DEMAGRHFO,2032,0.619
RE1,DEMAGRHFO,2033,0.6266
RE1,DEMAGRHFO,2034,0.6343
RE1,DEMAGRHFO,2035,0.6421
RE1,DEMAGRHFO,2036,0.6499
RE1,DEMAGRHFO,2037,0.6579
RE1,DEMAGRHFO,2038,0.666
RE1,DEMAGRHFO,2039,0.6741
RE1,DEMAGRHFO,2040,0.6824
RE1,DEMAGRLPG,2019,0.1894
RE1,DEMAGRLPG,2020,0.1918
RE1,DEMAGRLPG,2021,0.1941
RE1,DEMAGRLPG,2022,0.1965
RE1,DEMAGRLPG,2023,0.1989
RE1,DEMAGRLPG,2024,0.2013
RE1,DEMAGRLPG,2025,0.2038
RE1,DEMAGRLPG,2026,0.2063
RE1,DEMAGRLPG,2027,0.2088
RE1,DEMAGRLPG,2028,0.2114
RE1,DEMAGRLPG,2029,0.214
RE1,DEMAGRLPG,2030,0.2166
RE1,DEMAGRLPG,2031,0.2192
RE1,DEMAGRLPG,2032,0.2219
RE1,DEMAGRLPG,2033,0.2246
RE1,DEMAGRLPG,2034,0.2274
RE1,DEMAGRLPG,2035,0.2302
RE1,DEMAGRLPG,2036,0.233
RE1,DEMAGRLPG,2037,0.2359
RE1,DEMAGRLPG,2038,0.2387
RE1,DEMAGRLPG,2039,0.2417
RE1,DEMAGRLPG,2040,0.2446
RE1,DEMCOMHFO,2019,0.0798
RE1,DEMCOMHFO,2020,0.0812
RE1,DEMCOMHFO,2021,0.0826
RE1,DEMCOMHFO,2022,0.084
RE1,DEMCOMHFO,2023,0.0855
RE1,DEMCOMHFO,2024,0.087
RE1,DEMCOMHFO,2025,0.0885
RE1,DEMCOMHFO,2026,0.0901
RE1,DEMCOMHFO,2027,0.0916
RE1,DEMCOMHFO,2028,0.0932
RE1,DEMCOMHFO,2029,0.0949
RE1,DEMCOMHFO,2030,0.0965
RE1,DEMCOMHFO,2031,0.0982
RE1,DEMCOMHFO,2032,0.0999
RE1,DEMCOMHFO,2033,0.1017
RE1,DEMCOMHFO,2034,0.1035
RE1,DEMCOMHFO,2035,0.1053
RE1,DEMCOMHFO,2036,0.1071
RE1,DEMCOMHFO,2037,0.109
RE1,DEMCOMHFO,2038,0.1109
RE1,DEMCOMHFO,2039,0.1128
RE1,DEMCOMHFO,2040,0.1148
RE1,DEMINDBIO,2019,1.2762
RE1,DEMINDBIO,2020,1.3055
RE1,DEMINDBIO,2021,1.3355
RE1,DEMINDBIO,2022,1.3662
RE1,DEMINDBIO,2023,1.3976
RE1,DEMINDBIO,2024,1.4297
RE1,DEMINDBIO,2025,1.4626
RE1,DEMINDBIO,2026,1.4962
RE1,DEMINDBIO,2027,1.5306
RE1,DEMINDBIO,2028,1.5658
RE1,DEMINDBIO,2029,1.6017
RE1,DEMINDBIO,2030,1.6386
RE1,DEMINDBIO,2031,1.6762
RE1,DEMINDBIO,2032,1.7147
RE1,DEMINDBIO,2033,1.7541
RE1,DEMINDBIO,2034,1.7945
RE1,DEMINDBIO,2035,1.8357
RE1,DEMINDBIO,2036,1.8779
RE1,DEMINDBIO,2037,1.921
RE1,DEMINDBIO,2038,1.9652
RE1,DEMINDBIO,2039,2.0104
RE1,DEMINDBIO,2040,2.0566
RE1,DEMINDDSL,2019,3.8185
RE1,DEMINDDSL,2020,3.9063
RE1,DEMINDDSL,2021,3.9961
RE1,DEMINDDSL,2022,4.0879
RE1,DEMINDDSL,2023,4.1819
RE1,DEMINDDSL,2024,4.278
RE1,DEMINDDSL,2025,4.3763
RE1,DEMINDDSL,2026,4.4769
RE1,DEMINDDSL,2027,4.5798
RE1,DEMINDDSL,2028,4.685
RE1,DEMINDDSL,2029,4.7927
RE1,DEMINDDSL,2030,4.9029
RE1,DEMINDDSL,2031,5.0155
RE1,DEMINDDSL,2032,5.1308
RE1,DEMINDDSL,2033,5.2487
RE1,DEMINDDSL,2034,5.3694
RE1,DEMINDDSL,2035,5.4928
RE1,DEMINDDSL,2036,5.619
RE1,DEMINDDSL,2037,5.7481
RE1,DEMINDDSL,2038,5.8802
RE1,DEMINDDSL,2039,6.0154
RE1,DEMINDDSL,2040,6.1536
RE1,DEMINDHFO,2019,0.0798
RE1,DEMINDHFO,2020,0.0816
RE1,DEMINDHFO,2021,0.0835
RE1,DEMINDHFO,2022,0.0854
RE1,DEMINDHFO,2023,0.0873
RE1,DEMINDHFO,2024,0.0894
RE1,DEMINDHFO,2025,0.0914
RE1,DEMINDHFO,2026,0.0935
RE1,DEMINDHFO,2027,0.0957
RE1,DEMINDHFO,2028,0.0979
RE1,DEMINDHFO,2029,0.1001
RE1,DEMINDHFO,2030,0.1024
RE1,DEMINDHFO,2031,0.1048
RE1,DEMINDHFO,2032,0.1072
RE1,DEMINDHFO,2033,0.1096
RE1,DEMINDHFO,2034,0.1122
RE1,DEMINDHFO,2035,0.1147
RE1,DEMINDHFO,2036,0.1174
RE1,DEMINDHFO,2037,0.1201
RE1,DEMINDHFO,2038,0.1228
RE1,DEMINDHFO,2039,0.1256
RE1,DEMINDHFO,2040,0.1285
RE1,DEMINDLPG,2019,0.0469
RE1,DEMINDLPG,2020,0.0479
RE1,DEMINDLPG,2021,0.049
RE1,DEMINDLPG,2022,0.0502
RE1,DEMINDLPG,2023,0.0513
RE1,DEMINDLPG,2024,0.0525
RE1,DEMINDLPG,2025,0.0537
RE1,DEMINDLPG,2026,0.0549
RE1,DEMINDLPG,2027,0.0562
RE1,DEMINDLPG,2028,0.0575
RE1,DEMINDLPG,2029,0.0588
RE1,DEMINDLPG,2030,0.0602
RE1,DEMINDLPG,2031,0.0615
RE1,DEMINDLPG,2032,0.063
RE1,DEMINDLPG,2033,0.0644
RE1,DEMINDLPG,2034,0.0659
RE1,DEMINDLPG,2035,0.0674
RE1,DEMINDLPG,2036,0.069
RE1,DEMINDLPG,2037,0.0705
RE1,DEMINDLPG,2038,0.0722
RE1,DEMINDLPG,2039,0.0738
RE1,DEMINDLPG,2040,0.0755
RE1,DEMOTHDSL,2019,3.32
RE1,DEMOTHDSL,2020,3.3317
RE1,DEMOTHDSL,2021,3.3433
RE1,DEMOTHDSL,2022,3.355
RE1,DEMOTHDSL,2023,3.3668
RE1,DEMOTHDSL,2024,3.3785
RE1,DEMOTHDSL,2025,3.3904
RE1,DEMOTHDSL,2026,3.4022
RE1,DEMOTHDSL,2027,3.4141
RE1,DEMOTHDSL,2028,3.4261
RE1,DEMOTHDSL,2029,3.4381
RE1,DEMOTHDSL,2030,3.4501
RE1,DEMOTHDSL,2031,3.4622
RE1,DEMOTHDSL,2032,3.4743
RE1,DEMOTHDSL,2033,3.4865
RE1,DEMOTHDSL,2034,3.4987
RE1,DEMOTHDSL,2035,3.5109
RE1,DEMOTHDSL,2036,3.5232
RE1,DEMOTHDSL,2037,3.5355
RE1,DEMOTHDSL,2038,3.5479
RE1,DEMOTHDSL,2039,3.5603
RE1,DEMOTHDSL,2040,3.5728
RE1,DEMOTHLPG,2019,0.7976
RE1,DEMOTHLPG,2020,0.8004
RE1,DEMOTHLPG,2021,0.8032
RE1,DEMOTHLPG,2022,0.806
RE1,DEMOTHLPG,2023,0.8088
RE1,DEMOTHLPG,2024,0.8117
RE1,DEMOTHLPG,2025,0.8145
RE1,DEMOTHLPG,2026,0.8174
RE1,DEMOTHLPG,2027,0.8202
RE1,DEMOTHLPG,2028,0.8231
RE1,DEMOTHLPG,2029,0.826
RE1,DEMOTHLPG,2030,0.8289
RE1,DEMOTHLPG,2031,0.8318
RE1,DEMOTHLPG,2032,0.8347
RE1,DEMOTHLPG,2033,0.8376
RE1,DEMOTHLPG,2034,0.8405
RE1,DEMOTHLPG,2035,0.8435
RE1,DEMOTHLPG,2036,0.8464
RE1,DEMOTHLPG,2037,0.8494
RE1,DEMOTHLPG,2038,0.8524
RE1,DEMOTHLPG,2039,0.8553
RE1,DEMOTHLPG,2040,0.8583
RE1,DEMRESBIO,2019,5.8225
RE1,DEMRESBIO,2020,5.8939
RE1,DEMRESBIO,2021,5.9661
RE1,DEMRESBIO,2022,6.0391
RE1,DEMRESBIO,2023,6.1131
RE1,DEMRESBIO,2024,6.188
RE1,DEMRESBIO,2025,6.2638
RE1,DEMRESBIO,2026,6.3405
RE1,DEMRESBIO,2027,6.4182
RE1,DEMRESBIO,2028,6.4968
RE1,DEMRESBIO,2029,6.5764
RE1,DEMRESBIO,2030,6.657
RE1,DEMRESBIO,2031,6.7385
RE1,DEMRESBIO,2032,6.8211
RE1,DEMRESBIO,2033,6.9046
RE1,DEMRESBIO,2034,6.9892
RE1,DEMRESBIO,2035,7.0748
RE1,DEMRESBIO,2036,7.1615
RE1,DEMRESBIO,2037,7.2492
RE1,DEMRESBIO,2038,7.338
RE1,DEMRESBIO,2039,7.4279
RE1,DEMRESBIO,2040,7.5189
RE1,DEMRESCHC,2019,2.0439
RE1,DEMRESCHC,2020,2.0618
RE1,DEMRESCHC,2021,2.0798
RE1,DEMRESCHC,2022,2.098
RE1,DEMRESCHC,2023,2.1164
RE1,DEMRESCHC,2024,2.1349
RE1,DEMRESCHC,2025,2.1535
RE1,DEMRESCHC,2026,2.1724
RE1,DEMRESCHC,2027,2.1914
RE1,DEMRESCHC,2028,2.2106
RE1,DEMRESCHC,2029,2.2299
RE1,DEMRESCHC,2030,2.2494
RE1,DEMRESCHC,2031,2.2691
RE1,DEMRESCHC,2032,2.289
RE1,DEMRESCHC,2033,2.309
RE1,DEMRESCHC,2034,2.3292
RE1,DEMRESCHC,2035,2.3496
RE1,DEMRESCHC,2036,2.3701
RE1,DEMRESCHC,2037,2.3909
RE1,DEMRESCHC,2038,2.4118
RE1,DEMRESCHC,2039,2.4329
RE1,DEMRESCHC,2040,2.4542
RE1,DEMRESKER,2019,0.0877
RE1,DEMRESKER,2020,0.0888
RE1,DEMRESKER,2021,0.0899
RE1,DEMRESKER,2022,0.091
RE1,DEMRESKER,2023,0.0921
RE1,DEMRESKER,2024,0.0932
RE1,DEMRESKER,2025,0.0944
RE1,DEMRESKER,2026,0.0955
RE1,DEMRESKER,2027,0.0967
RE1,DEMRESKER,2028,0.0979
RE1,DEMRESKER,2029,0.0991
RE1,DEMRESKER,2030,0.1003
RE1,DEMRESKER,2031,0.1015
RE1,DEMRESKER,2032,0.1028
RE1,DEMRESKER,2033,0.104
RE1,DEMRESKER,2034,0.1053
RE1,DEMRESKER,2035,0.1066
RE1,DEMRESKER,2036,0.1079
RE1,DEMRESKER,2037,0.1092
RE1,DEMRESKER,2038,0.1106
RE1,DEMRESKER,2039,0.1119
RE1,DEMRESKER,2040,0.1133
RE1,DEMTRADSL,2019,13.5394
RE1,DEMTRADSL,2020,13.7763
RE1,DEMTRADSL,2021,14.0174
RE1,DEMTRADSL,2022,14.2627
RE1,DEMTRADSL,2023,14.5123
RE1,DEMTRADSL,2024,14.7663
RE1,DEMTRADSL,2025,15.0247
RE1,DEMTRADSL,2026,15.2876
RE1,DEMTRADSL,2027,15.5551
RE1,DEMTRADSL,2028,15.8274
RE1,DEMTRADSL,2029,16.1043
RE1,DEMTRADSL,2030,16.3862
RE1,DEMTRADSL,2031,16.6729
RE1,DEMTRADSL,2032,16.9647
RE1,DEMTRADSL,2033,17.2616
RE1,DEMTRADSL,2034,17.5637
RE1,DEMTRADSL,2035,17.871
RE1,DEMTRADSL,2036,18.1838
RE1,DEMTRADSL,2037,18.502
RE1,DEMTRADSL,2038,18.8258
RE1,DEMTRADSL,2039,19.1552
RE1,DEMTRADSL,2040,19.4904
RE1,DEMTRAGSL,2019,14.347
RE1,DEMTRAGSL,2020,14.5982
RE1,DEMTRAGSL,2021,14.8534
RE1,DEMTRAGSL,2022,15.1137
RE1,DEMTRAGSL,2023,15.3779
RE1,DEMTRAGSL,2024,15.6471
RE1,DEMTRAGSL,2025,15.9212
RE1,DEMTRAGSL,2026,16.1994
RE1,DEMTRAGSL,2027,16.4826
RE1,DEMTRAGSL,2028,16.7717
RE1,DEMTRAGSL,2029,17.0648
RE1,DEMTRAGSL,2030,17.3639
RE1,DEMTRAGSL,2031,17.667
RE1,DEMTRAGSL,2032,17.9771
RE1,DEMTRAGSL,2033,18.2911
RE1,DEMTRAGSL,2034,18.6112
RE1,DEMTRAGSL,2035,18.9372
RE1,DEMTRAGSL,2036,19.2682
RE1,DEMTRAGSL,2037,19.6052
RE1,DEMTRAGSL,2038,19.9492
RE1,DEMTRAGSL,2039,20.2981
RE1,DEMTRAGSL,2040,20.653
RE1,DEMTRAHFO,2019,0.0399
RE1,DEMTRAHFO,2020,0.0412
RE1,DEMTRAHFO,2021,0.0426
RE1,DEMTRAHFO,2022,0.044
RE1,DEMTRAHFO,2023,0.0454
RE1,DEMTRAHFO,2024,0.0469
RE1,DEMTRAHFO,2025,0.0485
RE1,DEMTRAHFO,2026,0.0501
RE1,DEMTRAHFO,2027,0.0517
RE1,DEMTRAHFO,2028,0.0534
RE1,DEMTRAHFO,2029,0.0552
RE1,DEMTRAHFO,2030,0.057
RE1,DEMTRAHFO,2031,0.0589
RE1,DEMTRAHFO,2032,0.0608
RE1,DEMTRAHFO,2033,0.0628
RE1,DEMTRAHFO,2034,0.0649
RE1,DEMTRAHFO,2035,0.067
RE1,DEMTRAHFO,2036,0.0693
RE1,DEMTRAHFO,2037,0.0715
RE1,DEMTRAHFO,2038,0.0739
RE1,DEMTRAHFO,2039,0.0764
RE1,DEMTRAHFO,2040,0.0789
RE1,DEMTRALPG,2019,0.2792
RE1,DEMTRALPG,2020,0.2884
RE1,DEMTRALPG,2021,0.2979
RE1,DEMTRALPG,2022,0.3077
RE1,DEMTRALPG,2023,0.3179
RE1,DEMTRALPG,2024,0.3284
RE1,DEMTRALPG,2025,0.3392
RE1,DEMTRALPG,2026,0.3504
RE1,DEMTRALPG,2027,0.362
RE1,DEMTRALPG,2028,0.3739
RE1,DEMTRALPG,2029,0.3863
RE1,DEMTRALPG,2030,0.399
RE1,DEMTRALPG,2031,0.4122
RE1,DEMTRALPG,2032,0.4258
RE1,DEMTRALPG,2033,0.4398
RE1,DEMTRALPG,2034,0.4543
RE1,DEMTRALPG,2035,0.4693
RE1,DEMTRALPG,2036,0.4848
RE1,DEMTRALPG,2037,0.5008
RE1,DEMTRALPG,2038,0.5173
RE1,DEMTRALPG,2039,0.5344
RE1,DEMTRALPG,2040,0.5521
RE1,IMPCOA,2019,0.2458
RE1,IMPCOA,2020,0.2458
RE1,IMPCOA,2021,0.2458
RE1,IMPCOA,2022,0.2458
RE1,IMPCOA,2023,0.2458
RE1,IMPCOA,2024,0.2458
RE1,IMPCOA,2025,0.2458
RE1,IMPCOA,2026,0.0
RE1,IMPCOA,2027,0.0
RE1,IMPCOA,2028,0.0
RE1,IMPCOA,2029,0.0
RE1,IMPCOA,2030,0.0
RE1,IMPCOA,2031,0.0
RE1,IMPCOA,2032,0.0
RE1,IMPCOA,2033,0.0
RE1,IMPCOA,2034,0.0
RE1,IMPCOA,2035,0.0
RE1,IMPCOA,2036,0.0
RE1,IMPCOA,2037,0.0
RE1,IMPCOA,2038,0.0
RE1,IMPCOA,2039,0.0
RE1,IMPCOA,2040,0.0
RE1,IMPDSL,2019,0.0
RE1,IMPDSL,2020,0.0
RE1,IMPDSL,2021,0.0
RE1,IMPDSL,2022,0.0
RE1,IMPDSL,2023,0.0
RE1,IMPDSL,2024,0.0
RE1,IMPDSL,2025,0.0
RE1,IMPDSL,2026,0.0
RE1,IMPDSL,2027,0.0
RE1,IMPDSL,2028,0.0
RE1,IMPDSL,2029,0.0
RE1,IMPDSL,2030,0.0
RE1,IMPDSL,2031,0.0
RE1,IMPDSL,2032,0.0
RE1,IMPDSL,2033,0.0
RE1,IMPDSL,2034,0.0
RE1,IMPDSL,2035,0.0
RE1,IMPDSL,2036,0.0
RE1,IMPDSL,2037,0.0
RE1,IMPDSL,2038,0.0
RE1,IMPDSL,2039,0.0
RE1,IMPDSL,2040,0.0
RE1,IMPELC001,2019,199.8
RE1,IMPELC001,2020,199.8
RE1,IMPELC001,2021,199.8
RE1,IMPELC001,2022,199.8
RE1,IMPELC001,2023,199.8
RE1,IMPELC001,2024,199.8
RE1,IMPELC001,2025,199.8
RE1,IMPELC001,2026,199.8
RE1,IMPELC001,2027,199.8
RE1,IMPELC001,2028,199.8
RE1,IMPELC001,2029,199.8
RE1,IMPELC001,2030,199.8
RE1,IMPELC001,2031,199.8
RE1,IMPELC001,2032,199.8
RE1,IMPELC001,2033,199.8
RE1,IMPELC001,2034,199.8
RE1,IMPELC001,2035,199.8
RE1,IMPELC001,2036,199.8
RE1,IMPELC001,2037,199.8
RE1,IMPELC001,2038,199.8
RE1,IMPELC001,2039,199.8
RE1,IMPELC001,2040,199.8
RE1,IMPELC002,2019,49.95
RE1,IMPELC002,2020,49.95
RE1,IMPELC002,2021,99.9
RE1,IMPELC002,2022,99.9
RE1,IMPELC002,2023,99.9
RE1,IMPELC002,2024,99.9
RE1,IMPELC002,2025,99.9
RE1,IMPELC002,2026,99.9
RE1,IMPELC002,2027,99.9
RE1,IMPELC002,2028,99.9
RE1,IMPELC002,2029,99.9
RE1,IMPELC002,2030,99.9
RE1,IMPELC002,2031,99.9
RE1,IMPELC002,2032,99.9
RE1,IMPELC002,2033,99.9
RE1,IMPELC002,2034,99.9
RE1,IMPELC002,2035,99.9
RE1,IMPELC002,2036,99.9
RE1,IMPELC002,2037,99.9
RE1,IMPELC002,2038,99.9
RE1,IMPELC002,2039,99.9
RE1,IMPELC002,2040,99.9
RE1,IMPELC003,2019,79.92
RE1,IMPELC003,2020,79.92
RE1,IMPELC003,2021,79.92
RE1,IMPELC003,2022,79.92
RE1,IMPELC003,2023,79.92
RE1,IMPELC003,2024,79.92
RE1,IMPELC003,2025,79.92
RE1,IMPELC003,2026,79.92
RE1,IMPELC003,2027,79.92
RE1,IMPELC003,2028,79.92
RE1,IMPELC003,2029,79.92
RE1,IMPELC003,2030,79.92
RE1,IMPELC003,2031,79.92
RE1,IMPELC003,2032,79.92
RE1,IMPELC003,2033,79.92
RE1,IMPELC003,2034,79.92
RE1,IMPELC003,2035,79.92
RE1,IMPELC003,2036,79.92
RE1,IMPELC003,2037,79.92
RE1,IMPELC003,2038,79.92
RE1,IMPELC003,2039,79.92
RE1,IMPELC003,2040,79.92
RE1,IMPGSL,2019,0.0
RE1,IMPGSL,2020,0.0
RE1,IMPGSL,2021,0.0
RE1,IMPGSL,2022,0.0
RE1,IMPGSL,2023,0.0
RE1,IMPGSL,2024,0.0
RE1,IMPGSL,2025,0.0
RE1,IMPGSL,2026,0.0
RE1,IMPGSL,2027,0.0
RE1,IMPGSL,2028,0.0
RE1,IMPGSL,2029,0.0
RE1,IMPGSL,2030,0.0
RE1,IMPGSL,2031,0.0
RE1,IMPGSL,2032,0.0
RE1,IMPGSL,2033,0.0
RE1,IMPGSL,2034,0.0
RE1,IMPGSL,2035,0.0
RE1,IMPGSL,2036,0.0
RE1,IMPGSL,2037,0.0
RE1,IMPGSL,2038,0.0
RE1,IMPGSL,2039,0.0
RE1,IMPGSL,2040,0.0
RE1,IMPHFO,2019,0.0392
RE1,IMPHFO,2020,0.0392
RE1,IMPHFO,2021,0.0392
RE1,IMPHFO,2022,90.8392
RE1,IMPHFO,2023,0.0392
RE1,IMPHFO,2024,0.0392
RE1,IMPHFO,2025,0.0392
RE1,IMPHFO,2026,0.0392
RE1,IMPHFO,2027,0.0392
RE1,IMPHFO,2028,0.0392
RE1,IMPHFO,2029,0.0392
RE1,IMPHFO,2030,0.0392
RE1,IMPHFO,2031,0.0392
RE1,IMPHFO,2032,0.0392
RE1,IMPHFO,2033,0.0392
RE1,IMPHFO,2034,0.0392
RE1,IMPHFO,2035,0.0392
RE1,IMPHFO,2036,0.0392
RE1,IMPHFO,2037,0.0392
RE1,IMPHFO,2038,0.0392
RE1,IMPHFO,2039,0.0392
RE1,IMPHFO,2040,0.0392
RE1,IMPKER001,2019,0.0
RE1,IMPKER001,2020,0.0
RE1,IMPKER001,2021,0.0
RE1,IMPKER001,2022,0.0
RE1,IMPKER001,2023,0.0
RE1,IMPKER001,2024,0.0
RE1,IMPKER001,2025,0.0
RE1,IMPKER001,2026,0.0
RE1,IMPKER001,2027,0.0
RE1,IMPKER001,2028,0.0
RE1,IMPKER001,2029,0.0
RE1,IMPKER001,2030,0.0
RE1,IMPKER001,2031,0.0
RE1,IMPKER001,2032,0.0
RE1,IMPKER001,2033,0.0
RE1,IMPKER001,2034,0.0
RE1,IMPKER001,2035,0.0
RE1,IMPKER001,2036,0.0
RE1,IMPKER001,2037,0.0
RE1,IMPKER001,2038,0.0
RE1,IMPKER001,2039,0.0
RE1,IMPKER001,2040,0.0
RE1,IMPKER002,2019,0.0
RE1,IMPKER002,2020,0.0
RE1,IMPKER002,2021,0.0
RE1,IMPKER002,2022,0.0
RE1,IMPKER002,2023,0.0
RE1,IMPKER002,2024,0.0
RE1,IMPKER002,2025,0.0
RE1,IMPKER002,2026,0.0
RE1,IMPKER002,2027,0.0
RE1,IMPKER002,2028,0.0
RE1,IMPKER002,2029,0.0
RE1,IMPKER002,2030,0.0
RE1,IMPKER002,2031,0.0
RE1,IMPKER002,2032,0.0
RE1,IMPKER002,2033,0.0
RE1,IMPKER002,2034,0.0
RE1,IMPKER002,2035,0.0
RE1,IMPKER002,2036,0.0
RE1,IMPKER002,2037,0.0
RE1,IMPKER002,2038,0.0
RE1,IMPKER002,2039,0.0
RE1,IMPKER002,2040,0.0
RE1,IMPLPG,2019,0.0
RE1,IMPLPG,2020,0.0
RE1,IMPLPG,2021,0.0
RE1,IMPLPG,2022,0.0
RE1,IMPLPG,2023,0.0
RE1,IMPLPG,2024,0.0
RE1,IMPLPG,2025,0.0
RE1,IMPLPG,2026,0.0
RE1,IMPLPG,2027,0.0
RE1,IMPLPG,2028,0.0
RE1,IMPLPG,2029,0.0
RE1,IMPLPG,2030,0.0
RE1,IMPLPG,2031,0.0
RE1,IMPLPG,2032,0.0
RE1,IMPLPG,2033,0.0
RE1,IMPLPG,2034,0.0
RE1,IMPLPG,2035,0.0
RE1,IMPLPG,2036,0.0
RE1,IMPLPG,2037,0.0
RE1,IMPLPG,2038,0.0
RE1,IMPLPG,2039,0.0
RE1,IMPLPG,2040,0.0
RE1,MINBIO001,2019,0.0
RE1,MINBIO001,2020,0.0
RE1,MINBIO001,2021,0.0
RE1,MINBIO001,2022,0.0
RE1,MINBIO001,2023,0.0
RE1,MINBIO001,2024,0.0
RE1,MINBIO001,2025,0.0
RE1,MINBIO001,2026,0.0
RE1,MINBIO001,2027,0.0
RE1,MINBIO001,2028,0.0
RE1,MINBIO001,2029,0.0
RE1,MINBIO001,2030,0.0
RE1,MINBIO001,2031,0.0
RE1,MINBIO001,2032,0.0
RE1,MINBIO001,2033,0.0
RE1,MINBIO001,2034,0.0
RE1,MINBIO001,2035,0.0
RE1,MINBIO001,2036,0.0
RE1,MINBIO001,2037,0.0
RE1,MINBIO001,2038,0.0
RE1,MINBIO001,2039,0.0
RE1,MINBIO001,2040,0.0
RE1,MINCHC,2019,0.0
RE1,MINCHC,2020,0.0
RE1,MINCHC,2021,0.0
RE1,MINCHC,2022,0.0
RE1,MINCHC,2023,0.0
RE1,MINCHC,2024,0.0
RE1,MINCHC,2025,0.0
RE1,MINCHC,2026,0.0
RE1,MINCHC,2027,0.0
RE1,MINCHC,2028,0.0
RE1,MINCHC,2029,0.0
RE1,MINCHC,2030,0.0
RE1,MINCHC,2031,0.0
RE1,MINCHC,2032,0.0
RE1,MINCHC,2033,0.0
RE1,MINCHC,2034,0.0
RE1,MINCHC,2035,0.0
RE1,MINCHC,2036,0.0
RE1,MINCHC,2037,0.0
RE1,MINCHC,2038,0.0
RE1,MINCHC,2039,0.0
RE1,MINCHC,2040,0.0
RE1,MINHYD,2019,0.2082
RE1,MINHYD,2020,0.2082
RE1,MINHYD,2021,0.2082
RE1,MINHYD,2022,0.2082
RE1,MINHYD,2023,0.2082
RE1,MINHYD,2024,0.1839
RE1,MINHYD,2025,0.1839
RE1,MINHYD,2026,0.2082
RE1,MINHYD,2027,0.1596
RE1,MINHYD,2028,0.1839
RE1,MINHYD,2029,0.2082
RE1,MINHYD,2030,0.2082
RE1,MINHYD,2031,0.1839
RE1,MINHYD,2032,0.1596
RE1,MINHYD,2033,0.2082
RE1,MINHYD,2034,0.2082
RE1,MINHYD,2035,0.2082
RE1,MINHYD,2036,0.1596
RE1,MINHYD,2037,0.2082
RE1,MINHYD,2038,0.2082
RE1,MINHYD,2039,0.2082
RE1,MINHYD,2040,0.1839
RE1,MINNGS,2019,0.0
RE1,MINNGS,2020,0.0
RE1,MINNGS,2021,0.0
RE1,MINNGS,2022,0.0
RE1,MINNGS,2023,0.0
RE1,MINNGS,2024,649.6
RE1,MINNGS,2025,649.6
RE1,MINNGS,2026,649.6
RE1,MINNGS,2027,649.6
RE1,MINNGS,2028,649.6
RE1,MINNGS,2029,649.6
RE1,MINNGS,2030,649.6
RE1,MINNGS,2031,649.6
RE1,MINNGS,2032,649.6
RE1,MINNGS,2033,649.6
RE1,MINNGS,2034,649.6
RE1,MINNGS,2035,649.6
RE1,MINNGS,2036,649.6
RE1,MINNGS,2037,649.6
RE1,MINNGS,2038,649.6
RE1,MINNGS,2039,649.6
RE1,MINNGS,2040,649.6
RE1,MINSOL,2019,0.1277
RE1,MINSOL,2020,0.1277
RE1,MINSOL,2021,22.9277
RE1,MINSOL,2022,0.1277
RE1,MINSOL,2023,0.1277
RE1,MINSOL,2024,0.1277
RE1,MINSOL,2025,100.1277
RE1,MINSOL,2026,100.1277
RE1,MINSOL,2027,100.1277
RE1,MINSOL,2028,100.1277
RE1,MINSOL,2029,100.1277
RE1,MINSOL,2030,100.1277
RE1,MINSOL,2031,100.1277
RE1,MINSOL,2032,100.1277
RE1,MINSOL,2033,100.1277
RE1,MINSOL,2034,100.1277
RE1,MINSOL,2035,100.1277
RE1,MINSOL,2036,100.1277
RE1,MINSOL,2037,100.1277
RE1,MINSOL,2038,100.1277
RE1,MINSOL,2039,100.1277
RE1,MINSOL,2040,100.1277
RE1,MINWND,2019,20535.084
RE1,MINWND,2020,21257.396
RE1,MINWND,2021,21991.388
RE1,MINWND,2022,22656.16
RE1,MINWND,2023,23395.732
RE1,MINWND,2024,23724.128
RE1,MINWND,2025,24325.038
RE1,MINWND,2026,25024.681
RE1,MINWND,2027,25724.302
RE1,MINWND,2028,26423.849
RE1,MINWND,2029,27123.397
RE1,MINWND,2030,27822.969
RE1,MINWND,2031,28522.565
RE1,MINWND,2032,30448.753
RE1,MINWND,2033,30990.438
RE1,MINWND,2034,31532.172
RE1,MINWND,2035,32073.905
RE1,MINWND,2036,32615.688
RE1,MINWND,2037,33157.372
RE1,MINWND,2038,33699.106
RE1,MINWND,2039,34240.84
RE1,MINWND,2040,34782.597
RE1,PWRBIO001,2019,0.0
RE1,PWRBIO001,2020,0.0
RE1,PWRBIO001,2021,0.0
RE1,PWRBIO001,2022,0.0
RE1,PWRBIO001,2023,0.0
RE1,PWRBIO001,2024,40.0
RE1,PWRBIO001,2025,0.0
RE1,PWRBIO001,2026,0.0
RE1,PWRBIO001,2027,0.0
RE1,PWRBIO001,2028,0.0
RE1,PWRBIO001,2029,0.0
RE1,PWRBIO001,2030,0.0
RE1,PWRBIO001,2031,0.0
RE1,PWRBIO001,2032,0.0
RE1,PWRBIO001,2033,0.0
RE1,PWRBIO001,2034,0.0
RE1,PWRBIO001,2035,0.0
RE1,PWRBIO001,2036,0.0
RE1,PWRBIO001,2037,0.0
RE1,PWRBIO001,2038,0.0
RE1,PWRBIO001,2039,0.0
RE1,PWRBIO001,2040,0.0
RE1,PWRCOA001,2019,0.0
RE1,PWRCOA001,2020,0.0
RE1,PWRCOA001,2021,0.0
RE1,PWRCOA001,2022,0.0
RE1,PWRCOA001,2023,0.0
RE1,PWRCOA001,2024,0.0
RE1,PWRCOA001,2025,0.0
RE1,PWRCOA001,2026,0.0
RE1,PWRCOA001,2027,0.0
RE1,PWRCOA001,2028,0.0
RE1,PWRCOA001,2029,0.0
RE1,PWRCOA001,2030,0.0
RE1,PWRCOA001,2031,0.0
RE1,PWRCOA001,2032,0.0
RE1,PWRCOA001,2033,0.0
RE1,PWRCOA001,2034,0.0
RE1,PWRCOA001,2035,0.0
RE1,PWRCOA001,2036,0.0
RE1,PWRCOA001,2037,0.0
RE1,PWRCOA001,2038,0.0
RE1,PWRCOA001,2039,0.0
RE1,PWRCOA001,2040,0.0
RE1,PWRCOA002,2019,0.0
RE1,PWRCOA002,2020,0.0
RE1,PWRCOA002,2021,0.0
RE1,PWRCOA002,2022,0.0
RE1,PWRCOA002,2023,0.0
RE1,PWRCOA002,2024,0.0
RE1,PWRCOA002,2025,0.0
RE1,PWRCOA002,2026,0.0
RE1,PWRCOA002,2027,0.0
RE1,PWRCOA002,2028,0.0
RE1,PWRCOA002,2029,0.0
RE1,PWRCOA002,2030,0.0
RE1,PWRCOA002,2031,0.0
RE1,PWRCOA002,2032,0.0
RE1,PWRCOA002,2033,0.0
RE1,PWRCOA002,2034,0.0
RE1,PWRCOA002,2035,0.0
RE1,PWRCOA002,2036,0.0
RE1,PWRCOA002,2037,0.0
RE1,PWRCOA002,2038,0.0
RE1,PWRCOA002,2039,0.0
RE1,PWRCOA002,2040,0.0
RE1,PWRHFO001,2019,0.0
RE1,PWRHFO001,2020,0.0
RE1,PWRHFO001,2021,0.0
RE1,PWRHFO001,2022,0.0
RE1,PWRHFO001,2023,0.0
RE1,PWRHFO001,2024,0.0
RE1,PWRHFO001,2025,0.0
RE1,PWRHFO001,2026,0.0
RE1,PWRHFO001,2027,0.0
RE1,PWRHFO001,2028,0.0
RE1,PWRHFO001,2029,0.0
RE1,PWRHFO001,2030,0.0
RE1,PWRHFO001,2031,0.0
RE1,PWRHFO001,2032,0.0
RE1,PWRHFO001,2033,0.0
RE1,PWRHFO001,2034,0.0
RE1,PWRHFO001,2035,0.0
RE1,PWRHFO001,2036,0.0
RE1,PWRHFO001,2037,0.0
RE1,PWRHFO001,2038,0.0
RE1,PWRHFO001,2039,0.0
RE1,PWRHFO001,2040,0.0
RE1,PWRHFO002,2019,0.0
RE1,PWRHFO002,2020,0.0
RE1,PWRHFO002,2021,0.0
RE1,PWRHFO002,2022,50.0
RE1,PWRHFO002,2023,0.0
RE1,PWRHFO002,2024,0.0
RE1,PWRHFO002,2025,0.0
RE1,PWRHFO002,2026,0.0
RE1,PWRHFO002,2027,0.0
RE1,PWRHFO002,2028,0.0
RE1,PWRHFO002,2029,0.0
RE1,PWRHFO002,2030,0.0
RE1,PWRHFO002,2031,0.0
RE1,PWRHFO002,2032,0.0
RE1,PWRHFO002,2033,0.0
RE1,PWRHFO002,2034,0.0
RE1,PWRHFO002,2035,0.0
RE1,PWRHFO002,2036,0.0
RE1,PWRHFO002,2037,0.0
RE1,PWRHFO002,2038,0.0
RE1,PWRHFO002,2039,0.0
RE1,PWRHFO002,2040,0.0
RE1,PWRHFO003,2019,0.0
RE1,PWRHFO003,2020,0.0
RE1,PWRHFO003,2021,0.0
RE1,PWRHFO003,2022,0.0
RE1,PWRHFO003,2023,0.0
RE1,PWRHFO003,2024,0.0
RE1,PWRHFO003,2025,0.0
RE1,PWRHFO003,2026,0.0
RE1,PWRHFO003,2027,0.0
RE1,PWRHFO003,2028,0.0
RE1,PWRHFO003,2029,0.0
RE1,PWRHFO003,2030,0.0
RE1,PWRHFO003,2031,0.0
RE1,PWRHFO003,2032,0.0
RE1,PWRHFO003,2033,0.0
RE1,PWRHFO003,2034,0.0
RE1,PWRHFO003,2035,0.0
RE1,PWRHFO003,2036,0.0
RE1,PWRHFO003,2037,0.0
RE1,PWRHFO003,2038,0.0
RE1,PWRHFO003,2039,0.0
RE1,PWRHFO003,2040,0.0
RE1,PWRHYD001,2019,0.0
RE1,PWRHYD001,2020,0.0
RE1,PWRHYD001,2021,0.0
RE1,PWRHYD001,2022,0.0
RE1,PWRHYD001,2023,0.0
RE1,PWRHYD001,2024,0.0
RE1,PWRHYD001,2025,0.0
RE1,PWRHYD001,2026,0.0
RE1,PWRHYD001,2027,0.0
RE1,PWRHYD001,2028,0.0
RE1,PWRHYD001,2029,0.0
RE1,PWRHYD001,2030,0.0
RE1,PWRHYD001,2031,0.0
RE1,PWRHYD001,2032,0.0
RE1,PWRHYD001,2033,0.0
RE1,PWRHYD001,2034,0.0
RE1,PWRHYD001,2035,0.0
RE1,PWRHYD001,2036,0.0
RE1,PWRHYD001,2037,0.0
RE1,PWRHYD001,2038,0.0
RE1,PWRHYD001,2039,0.0
RE1,PWRHYD001,2040,0.0
RE1,PWRHYD002,2019,0.0
RE1,PWRHYD002,2020,0.0
RE1,PWRHYD002,2021,0.0
RE1,PWRHYD002,2022,0.0
RE1,PWRHYD002,2023,0.0
RE1,PWRHYD002,2024,0.0
RE1,PWRHYD002,2025,0.0
RE1,PWRHYD002,2026,0.0
RE1,PWRHYD002,2027,0.0
RE1,PWRHYD002,2028,0.0
RE1,PWRHYD002,2029,0.0
RE1,PWRHYD002,2030,0.0
RE1,PWRHYD002,2031,0.0
RE1,PWRHYD002,2032,0.0
RE1,PWRHYD002,2033,0.0
RE1,PWRHYD002,2034,0.0
RE1,PWRHYD002,2035,0.0
RE1,PWRHYD002,2036,0.0
RE1,PWRHYD002,2037,0.0
RE1,PWRHYD002,2038,0.0
RE1,PWRHYD002,2039,0.0
RE1,PWRHYD002,2040,0.0
RE1,PWRHYD003,2019,0.0
RE1,PWRHYD003,2020,0.0
RE1,PWRHYD003,2021,0.0
RE1,PWRHYD003,2022,0.0
RE1,PWRHYD003,2023,0.0
RE1,PWRHYD003,2024,0.0
RE1,PWRHYD003,2025,0.0
RE1,PWRHYD003,2026,0.0
RE1,PWRHYD003,2027,0.0
RE1,PWRHYD003,2028,0.0
RE1,PWRHYD003,2029,0.0
RE1,PWRHYD003,2030,0.0
RE1,PWRHYD003,2031,0.0
RE1,PWRHYD003,2032,0.0
RE1,PWRHYD003,2033,0.0
RE1,PWRHYD003,2034,0.0
RE1,PWRHYD003,2035,0.0
RE1,PWRHYD003,2036,0.0
RE1,PWRHYD003,2037,0.0
RE1,PWRHYD003,2038,0.0
RE1,PWRHYD003,2039,0.0
RE1,PWRHYD003,2040,0.0
RE1,PWRNGS001,2019,0.0
RE1,PWRNGS001,2020,0.0
RE1,PWRNGS001,2021,0.0
RE1,PWRNGS001,2022,0.0
RE1,PWRNGS001,2023,0.0
RE1,PWRNGS001,2024,464.0
RE1,PWRNGS001,2025,464.0
RE1,PWRNGS001,2026,464.0
RE1,PWRNGS001,2027,464.0
RE1,PWRNGS001,2028,464.0
RE1,PWRNGS001,2029,464.0
RE1,PWRNGS001,2030,464.0
RE1,PWRNGS001,2031,464.0
RE1,PWRNGS001,2032,464.0
RE1,PWRNGS001,2033,464.0
RE1,PWRNGS001,2034,464.0
RE1,PWRNGS001,2035,464.0
RE1,PWRNGS001,2036,464.0
RE1,PWRNGS001,2037,464.0
RE1,PWRNGS001,2038,464.0
RE1,PWRNGS001,2039,464.0
RE1,PWRNGS001,2040,464.0
RE1,PWRNGS002,2019,0.0
RE1,PWRNGS002,2020,0.0
RE1,PWRNGS002,2021,0.0
RE1,PWRNGS002,2022,0.0
RE1,PWRNGS002,2023,0.0
RE1,PWRNGS002,2024,0.0
RE1,PWRNGS002,2025,0.0
RE1,PWRNGS002,2026,0.0
RE1,PWRNGS002,2027,0.0
RE1,PWRNGS002,2028,0.0
RE1,PWRNGS002,2029,0.0
RE1,PWRNGS002,2030,0.0
RE1,PWRNGS002,2031,0.0
RE1,PWRNGS002,2032,0.0
RE1,PWRNGS002,2033,0.0
RE1,PWRNGS002,2034,0.0
RE1,PWRNGS002,2035,0.0
RE1,PWRNGS002,2036,0.0
RE1,PWRNGS002,2037,0.0
RE1,PWRNGS002,2038,0.0
RE1,PWRNGS002,2039,0.0
RE1,PWRNGS002,2040,0.0
RE1,PWRNGS003,2019,0.0
RE1,PWRNGS003,2020,0.0
RE1,PWRNGS003,2021,0.0
RE1,PWRNGS003,2022,0.0
RE1,PWRNGS003,2023,0.0
RE1,PWRNGS003,2024,0.0
RE1,PWRNGS003,2025,0.0
RE1,PWRNGS003,2026,0.0
RE1,PWRNGS003,2027,0.0
RE1,PWRNGS003,2028,0.0
RE1,PWRNGS003,2029,0.0
RE1,PWRNGS003,2030,0.0
RE1,PWRNGS003,2031,0.0
RE1,PWRNGS003,2032,0.0
RE1,PWRNGS003,2033,0.0
RE1,PWRNGS003,2034,0.0
RE1,PWRNGS003,2035,0.0
RE1,PWRNGS003,2036,0.0
RE1,PWRNGS003,2037,0.0
RE1,PWRNGS003,2038,0.0
RE1,PWRNGS003,2039,0.0
RE1,PWRNGS003,2040,0.0
RE1,PWRSOL001,2019,0.0
RE1,PWRSOL001,2020,0.0
RE1,PWRSOL001,2021,40.0
RE1,PWRSOL001,2022,0.0
RE1,PWRSOL001,2023,0.0
RE1,PWRSOL001,2024,0.0
RE1,PWRSOL001,2025,0.0
RE1,PWRSOL001,2026,0.0
RE1,PWRSOL001,2027,0.0
RE1,PWRSOL001,2028,0.0
RE1,PWRSOL001,2029,0.0
RE1,PWRSOL001,2030,0.0
RE1,PWRSOL001,2031,0.0
RE1,PWRSOL001,2032,0.0
RE1,PWRSOL001,2033,0.0
RE1,PWRSOL001,2034,0.0
RE1,PWRSOL001,2035,0.0
RE1,PWRSOL001,2036,0.0
RE1,PWRSOL001,2037,0.0
RE1,PWRSOL001,2038,0.0
RE1,PWRSOL001,2039,0.0
RE1,PWRSOL001,2040,0.0
RE1,PWRSOL002,2019,0.0
RE1,PWRSOL002,2020,0.0
RE1,PWRSOL002,2021,0.0
RE1,PWRSOL002,2022,0.0
RE1,PWRSOL002,2023,0.0
RE1,PWRSOL002,2024,0.0
RE1,PWRSOL002,2025,0.0
RE1,PWRSOL002,2026,0.0
RE1,PWRSOL002,2027,0.0
RE1,PWRSOL002,2028,0.0
RE1,PWRSOL002,2029,0.0
RE1,PWRSOL002,2030,0.0
RE1,PWRSOL002,2031,0.0
RE1,PWRSOL002,2032,0.0
RE1,PWRSOL002,2033,0.0
RE1,PWRSOL002,2034,0.0
RE1,PWRSOL002,2035,0.0
RE1,PWRSOL002,2036,0.0
RE1,PWRSOL002,2037,0.0
RE1,PWRSOL002,2038,0.0
RE1,PWRSOL002,2039,0.0
RE1,PWRSOL002,2040,0.0
RE1,PWRSOL003,2019,0.0
RE1,PWRSOL003,2020,0.0
RE1,PWRSOL003,2021,0.0
RE1,PWRSOL003,2022,0.0
RE1,PWRSOL003,2023,0.0
RE1,PWRSOL003,2024,0.0
RE1,PWRSOL003,2025,100.0
RE1,PWRSOL003,2026,100.0
RE1,PWRSOL003,2027,100.0
RE1,PWRSOL003,2028,100.0
RE1,PWRSOL003,2029,100.0
RE1,PWRSOL003,2030,100.0
RE1,PWRSOL003,2031,100.0
RE1,PWRSOL003,2032,100.0
RE1,PWRSOL003,2033,100.0
RE1,PWRSOL003,2034,100.0
RE1,PWRSOL003,2035,100.0
RE1,PWRSOL003,2036,100.0
RE1,PWRSOL003,2037,100.0
RE1,PWRSOL003,2038,100.0
RE1,PWRSOL003,2039,100.0
RE1,PWRSOL003,2040,100.0
RE1,PWRTRN001,2019,20865.428
RE1,PWRTRN001,2020,21587.74
RE1,PWRTRN001,2021,22376.932
RE1,PWRTRN001,2022,23076.504
RE1,PWRTRN001,2023,23776.076
RE1,PWRTRN001,2024,24475.648
RE1,PWRTRN001,2025,25176.557
RE1,PWRTRN001,2026,25876.129
RE1,PWRTRN001,2027,26575.701
RE1,PWRTRN001,2028,27275.273
RE1,PWRTRN001,2029,27974.845
RE1,PWRTRN001,2030,28674.417
RE1,PWRTRN001,2031,29373.989
RE1,PWRTRN001,2032,31300.153
RE1,PWRTRN001,2033,31841.886
RE1,PWRTRN001,2034,32383.62
RE1,PWRTRN001,2035,32925.354
RE1,PWRTRN001,2036,33467.087
RE1,PWRTRN001,2037,34008.821
RE1,PWRTRN001,2038,34550.554
RE1,PWRTRN001,2039,35092.288
RE1,PWRTRN001,2040,35634.021
RE1,PWRWND001,2019,41881.626
RE1,PWRWND001,2020,43358.065
RE1,PWRWND001,2021,44801.908
RE1,PWRWND001,2022,46191.867
RE1,PWRWND001,2023,47714.848
RE1,PWRWND001,2024,48281.551
RE1,PWRWND001,2025,49481.685
RE1,PWRWND001,2026,50911.867
RE1,PWRWND001,2027,52341.825
RE1,PWRWND001,2028,53771.783
RE1,PWRWND001,2029,55201.741
RE1,PWRWND001,2030,56631.7
RE1,PWRWND001,2031,58061.658
RE1,PWRWND001,2032,61998.828
RE1,PWRWND001,2033,63106.157
RE1,PWRWND001,2034,64213.486
RE1,PWRWND001,2035,65320.815
RE1,PWRWND001,2036,66428.144
RE1,PWRWND001,2037,67535.473
RE1,PWRWND001,2038,68642.802
RE1,PWRWND001,2039,69750.131
RE1,PWRWND001,2040,70857.461
