r,t,y,CapitalInvestment
RE1,DEMAGRDSL,2019,0.0014
RE1,DEMAGRDSL,2020,0.0014
RE1,DEMAGRDSL,2021,0.0014
RE1,DEMAGRDSL,2022,0.0014
RE1,DEMAGRDSL,2023,0.0014
RE1,DEMAGRDSL,2024,0.0014
RE1,DEMAGRDSL,2025,0.0015
RE1,DEMAGRDSL,2026,0.0015
RE1,DEMAGRDSL,2027,0.0015
RE1,DEMAGRDSL,2028,0.0015
RE1,DEMAGRDSL,2029,0.0015
RE1,DEMAGRDSL,2030,0.0016
RE1,DEMAGRDSL,2031,0.0016
RE1,DEMAGRDSL,2032,0.0016
RE1,DEMAGRDSL,2033,0.0016
RE1,DEMAGRDSL,2034,0.0016
RE1,DEMAGRDSL,2035,0.0017
RE1,DEMAGRDSL,2036,0.0017
RE1,DEMAGRDSL,2037,0.0017
RE1,DEMAGRDSL,2038,0.0017
RE1,DEMAGRDSL,2039,0.0017
RE1,DEMAGRDSL,2040,0.0018
RE1,DEMAGRHFO,2019,0.0001
RE1,DEMAGRHFO,2020,0.0001
RE1,DEMAGRHFO,2021,0.0001
RE1,DEMAGRHFO,2022,0.0001
RE1,DEMAGRHFO,2023,0.0001
RE1,DEMAGRHFO,2024,0.0001
RE1,DEMAGRHFO,2025,0.0001
RE1,DEMAGRHFO,2026,0.0001
RE1,DEMAGRHFO,2027,0.0001
RE1,DEMAGRHFO,2028,0.0001
RE1,DEMAGRHFO,2029,0.0001
RE1,DEMAGRHFO,2030,0.0001
RE1,DEMAGRHFO,2031,0.0001
RE1,DEMAGRHFO,2032,0.0001
RE1,DEMAGRHFO,2033,0.0001
RE1,DEMAGRHFO,2034,0.0001
RE1,DEMAGRHFO,2035,0.0001
RE1,DEMAGRHFO,2036,0.0001
RE1,DEMAGRHFO,2037,0.0001
RE1,DEMAGRHFO,2038,0.0001
RE1,DEMAGRHFO,2039,0.0001
RE1,DEMAGRHFO,2040,0.0001
RE1,DEMAGRLPG,2019,0.0
RE1,DEMAGRLPG,2020,0.0
RE1,DEMAGRLPG,2021,0.0
RE1,DEMAGRLPG,2022,0.0
RE1,DEMAGRLPG,2023,0.0
RE1,DEMAGRLPG,2024,0.0
RE1,DEMAGRLPG,2025,0.0
RE1,DEMAGRLPG,2026,0.0
RE1,DEMAGRLPG,2027,0.0
RE1,DEMAGRLPG,2028,0.0
RE1,DEMAGRLPG,2029,0.0
RE1,DEMAGRLPG,2030,0.0
RE1,DEMAGRLPG,2031,0.0
RE1,DEMAGRLPG,2032,0.0
RE1,DEMAGRLPG,2033,0.0
RE1,DEMAGRLPG,2034,0.0
RE1,DEMAGRLPG,2035,0.0
RE1,DEMAGRLPG,2036,0.0
RE1,DEMAGRLPG,2037,0.0
RE1,DEMAGRLPG,2038,0.0
RE1,DEMAGRLPG,2039,0.0
RE1,DEMAGRLPG,2040,0.0
RE1,DEMCOMHFO,2019,0.0
RE1,DEMCOMHFO,2020,0.0
RE1,DEMCOMHFO,2021,0.0
RE1,DEMCOMHFO,2022,0.0
RE1,DEMCOMHFO,2023,0.0
RE1,DEMCOMHFO,2024,0.0
RE1,DEMCOMHFO,2025,0.0
RE1,DEMCOMHFO,2026,0.0
RE1,DEMCOMHFO,2027,0.0
RE1,DEMCOMHFO,2028,0.0
RE1,DEMCOMHFO,2029,0.0
RE1,DEMCOMHFO,2030,0.0
RE1,DEMCOMHFO,2031,0.0
RE1,DEMCOMHFO,2032,0.0
RE1,DEMCOMHFO,2033,0.0
RE1,DEMCOMHFO,2034,0.0
RE1,DEMCOMHFO,2035,0.0
RE1,DEMCOMHFO,2036,0.0
RE1,DEMCOMHFO,2037,0.0
RE1,DEMCOMHFO,2038,0.0
RE1,DEMCOMHFO,2039,0.0
RE1,DEMCOMHFO,2040,0.0
RE1,DEMINDBIO,2019,0.0001
RE1,DEMINDBIO,2020,0.0001
RE1,DEMINDBIO,2021,0.0001
RE1,DEMINDBIO,2022,0.0001
RE1,DEMINDBIO,2023,0.0001
RE1,DEMINDBIO,2024,0.0001
RE1,DEMINDBIO,2025,0.0001
RE1,DEMINDBIO,2026,0.0001
RE1,DEMINDBIO,2027,0.0002
RE1,DEMINDBIO,2028,0.0002
RE1,DEMINDBIO,2029,0.0002
RE1,DEMINDBIO,2030,0.0002
RE1,DEMINDBIO,2031,0.0002
RE1,DEMINDBIO,2032,0.0002
RE1,DEMINDBIO,2033,0.0002
RE1,DEMINDBIO,2034,0.0002
RE1,DEMINDBIO,2035,0.0002
RE1,DEMINDBIO,2036,0.0002
RE1,DEMINDBIO,2037,0.0002
RE1,DEMINDBIO,2038,0.0002
RE1,DEMINDBIO,2039,0.0002
RE1,DEMINDBIO,2040,0.0002
RE1,DEMINDDSL,2019,0.0004
RE1,DEMINDDSL,2020,0.0004
RE1,DEMINDDSL,2021,0.0004
RE1,DEMINDDSL,2022,0.0004
RE1,DEMINDDSL,2023,0.0004
RE1,DEMINDDSL,2024,0.0004
RE1,DEMINDDSL,2025,0.0004
RE1,DEMINDDSL,2026,0.0004
RE1,DEMINDDSL,2027,0.0005
RE1,DEMINDDSL,2028,0.0005
RE1,DEMINDDSL,2029,0.0005
RE1,DEMINDDSL,2030,0.0005
RE1,DEMINDDSL,2031,0.0005
RE1,DEMINDDSL,2032,0.0005
RE1,DEMINDDSL,2033,0.0005
RE1,DEMINDDSL,2034,0.0005
RE1,DEMINDDSL,2035,0.0005
RE1,DEMINDDSL,2036,0.0006
RE1,DEMINDDSL,2037,0.0006
RE1,DEMINDDSL,2038,0.0006
RE1,DEMINDDSL,2039,0.0006
RE1,DEMINDDSL,2040,0.0006
RE1,DEMINDHFO,2019,0.0
RE1,DEMINDHFO,2020,0.0
RE1,DEMINDHFO,2021,0.0
RE1,DEMINDHFO,2022,0.0
RE1,DEMINDHFO,2023,0.0
RE1,DEMINDHFO,2024,0.0
RE1,DEMINDHFO,2025,0.0
RE1,DEMINDHFO,2026,0.0
RE1,DEMINDHFO,2027,0.0
RE1,DEMINDHFO,2028,0.0
RE1,DEMINDHFO,2029,0.0
RE1,DEMINDHFO,2030,0.0
RE1,DEMINDHFO,2031,0.0
RE1,DEMINDHFO,2032,0.0
RE1,DEMINDHFO,2033,0.0
RE1,DEMINDHFO,2034,0.0
RE1,DEMINDHFO,2035,0.0
RE1,DEMINDHFO,2036,0.0
RE1,DEMINDHFO,2037,0.0
RE1,DEMINDHFO,2038,0.0
RE1,DEMINDHFO,2039,0.0
RE1,DEMINDHFO,2040,0.0
RE1,DEMINDLPG,2019,0.0
RE1,DEMINDLPG,2020,0.0
RE1,DEMINDLPG,2021,0.0
RE1,DEMINDLPG,2022,0.0
RE1,DEMINDLPG,2023,0.0
RE1,DEMINDLPG,2024,0.0
RE1,DEMINDLPG,2025,0.0
RE1,DEMINDLPG,2026,0.0
RE1,DEMINDLPG,2027,0.0
RE1,DEMINDLPG,2028,0.0
RE1,DEMINDLPG,2029,0.0
RE1,DEMINDLPG,2030,0.0
RE1,DEMINDLPG,2031,0.0
RE1,DEMINDLPG,2032,0.0
RE1,DEMINDLPG,2033,0.0
RE1,DEMINDLPG,2034,0.0
RE1,DEMINDLPG,2035,0.0
RE1,DEMINDLPG,2036,0.0
RE1,DEMINDLPG,2037,0.0
RE1,DEMINDLPG,2038,0.0
RE1,DEMINDLPG,2039,0.0
RE1,DEMINDLPG,2040,0.0
RE1,DEMOTHDSL,2019,0.0003
RE1,DEMOTHDSL,2020,0.0003
RE1,DEMOTHDSL,2021,0.0003
RE1,DEMOTHDSL,2022,0.0003
RE1,DEMOTHDSL,2023,0.0003
RE1,DEMOTHDSL,2024,0.0003
RE1,DEMOTHDSL,2025,0.0003
RE1,DEMOTHDSL,2026,0.0003
RE1,DEMOTHDSL,2027,0.0003
RE1,DEMOTHDSL,2028,0.0003
RE1,DEMOTHDSL,2029,0.0003
RE1,DEMOTHDSL,2030,0.0003
RE1,DEMOTHDSL,2031,0.0003
RE1,DEMOTHDSL,2032,0.0003
RE1,DEMOTHDSL,2033,0.0003
RE1,DEMOTHDSL,2034,0.0003
RE1,DEMOTHDSL,2035,0.0004
RE1,DEMOTHDSL,2036,0.0004
RE1,DEMOTHDSL,2037,0.0004
RE1,DEMOTHDSL,2038,0.0004
RE1,DEMOTHDSL,2039,0.0004
RE1,DEMOTHDSL,2040,0.0004
RE1,DEMOTHLPG,2019,0.0001
RE1,DEMOTHLPG,2020,0.0001
RE1,DEMOTHLPG,2021,0.0001
RE1,DEMOTHLPG,2022,0.0001
RE1,DEMOTHLPG,2023,0.0001
RE1,DEMOTHLPG,2024,0.0001
RE1,DEMOTHLPG,2025,0.0001
RE1,DEMOTHLPG,2026,0.0001
RE1,DEMOTHLPG,2027,0.0001
RE1,DEMOTHLPG,2028,0.0001
RE1,DEMOTHLPG,2029,0.0001
RE1,DEMOTHLPG,2030,0.0001
RE1,DEMOTHLPG,2031,0.0001
RE1,DEMOTHLPG,2032,0.0001
RE1,DEMOTHLPG,2033,0.0001
RE1,DEMOTHLPG,2034,0.0001
RE1,DEMOTHLPG,2035,0.0001
RE1,DEMOTHLPG,2036,0.0001
RE1,DEMOTHLPG,2037,0.0001
RE1,DEMOTHLPG,2038,0.0001
RE1,DEMOTHLPG,2039,0.0001
RE1,DEMOTHLPG,2040,0.0001
RE1,DEMRESBIO,2019,0.0006
RE1,DEMRESBIO,2020,0.0006
RE1,DEMRESBIO,2021,0.0006
RE1,DEMRESBIO,2022,0.0006
RE1,DEMRESBIO,2023,0.0006
RE1,DEMRESBIO,2024,0.0006
RE1,DEMRESBIO,2025,0.0006
RE1,DEMRESBIO,2026,0.0006
RE1,DEMRESBIO,2027,0.0006
RE1,DEMRESBIO,2028,0.0006
RE1,DEMRESBIO,2029,0.0007
RE1,DEMRESBIO,2030,0.0007
RE1,DEMRESBIO,2031,0.0007
RE1,DEMRESBIO,2032,0.0007
RE1,DEMRESBIO,2033,0.0007
RE1,DEMRESBIO,2034,0.0007
RE1,DEMRESBIO,2035,0.0007
RE1,DEMRESBIO,2036,0.0007
RE1,DEMRESBIO,2037,0.0007
RE1,DEMRESBIO,2038,0.0007
RE1,DEMRESBIO,2039,0.0007
RE1,DEMRESBIO,2040,0.0008
RE1,DEMRESCHC,2019,0.0002
RE1,DEMRESCHC,2020,0.0002
RE1,DEMRESCHC,2021,0.0002
RE1,DEMRESCHC,2022,0.0002
RE1,DEMRESCHC,2023,0.0002
RE1,DEMRESCHC,2024,0.0002
RE1,DEMRESCHC,2025,0.0002
RE1,DEMRESCHC,2026,0.0002
RE1,DEMRESCHC,2027,0.0002
RE1,DEMRESCHC,2028,0.0002
RE1,DEMRESCHC,2029,0.0002
RE1,DEMRESCHC,2030,0.0002
RE1,DEMRESCHC,2031,0.0002
RE1,DEMRESCHC,2032,0.0002
RE1,DEMRESCHC,2033,0.0002
RE1,DEMRESCHC,2034,0.0002
RE1,DEMRESCHC,2035,0.0002
RE1,DEMRESCHC,2036,0.0002
RE1,DEMRESCHC,2037,0.0002
RE1,DEMRESCHC,2038,0.0002
RE1,DEMRESCHC,2039,0.0002
RE1,DEMRESCHC,2040,0.0002
RE1,DEMRESKER,2019,0.0
RE1,DEMRESKER,2020,0.0
RE1,DEMRESKER,2021,0.0
RE1,DEMRESKER,2022,0.0
RE1,DEMRESKER,2023,0.0
RE1,DEMRESKER,2024,0.0
RE1,DEMRESKER,2025,0.0
RE1,DEMRESKER,2026,0.0
RE1,DEMRESKER,2027,0.0
RE1,DEMRESKER,2028,0.0
RE1,DEMRESKER,2029,0.0
RE1,DEMRESKER,2030,0.0
RE1,DEMRESKER,2031,0.0
RE1,DEMRESKER,2032,0.0
RE1,DEMRESKER,2033,0.0
RE1,DEMRESKER,2034,0.0
RE1,DEMRESKER,2035,0.0
RE1,DEMRESKER,2036,0.0
RE1,DEMRESKER,2037,0.0
RE1,DEMRESKER,2038,0.0
RE1,DEMRESKER,2039,0.0
RE1,DEMRESKER,2040,0.0
RE1,DEMTRADSL,2019,0.0014
RE1,DEMTRADSL,2020,0.0014
RE1,DEMTRADSL,2021,0.0014
RE1,DEMTRADSL,2022,0.0014
RE1,DEMTRADSL,2023,0.0015
RE1,DEMTRADSL,2024,0.0015
RE1,DEMTRADSL,2025,0.0015
RE1,DEMTRADSL,2026,0.0015
RE1,DEMTRADSL,2027,0.0016
RE1,DEMTRADSL,2028,0.0016
RE1,DEMTRADSL,2029,0.0016
RE1,DEMTRADSL,2030,0.0016
RE1,DEMTRADSL,2031,0.0017
RE1,DEMTRADSL,2032,0.0017
RE1,DEMTRADSL,2033,0.0017
RE1,DEMTRADSL,2034,0.0018
RE1,DEMTRADSL,2035,0.0018
RE1,DEMTRADSL,2036,0.0018
RE1,DEMTRADSL,2037,0.0019
RE1,DEMTRADSL,2038,0.0019
RE1,DEMTRADSL,2039,0.0019
RE1,DEMTRADSL,2040,0.0019
RE1,DEMTRAGSL,2019,0.0014
RE1,DEMTRAGSL,2020,0.0015
RE1,DEMTRAGSL,2021,0.0015
RE1,DEMTRAGSL,2022,0.0015
RE1,DEMTRAGSL,2023,0.0015
RE1,DEMTRAGSL,2024,0.0016
RE1,DEMTRAGSL,2025,0.0016
RE1,DEMTRAGSL,2026,0.0016
RE1,DEMTRAGSL,2027,0.0016
RE1,DEMTRAGSL,2028,0.0017
RE1,DEMTRAGSL,2029,0.0017
RE1,DEMTRAGSL,2030,0.0017
RE1,DEMTRAGSL,2031,0.0018
RE1,DEMTRAGSL,2032,0.0018
RE1,DEMTRAGSL,2033,0.0018
RE1,DEMTRAGSL,2034,0.0019
RE1,DEMTRAGSL,2035,0.0019
RE1,DEMTRAGSL,2036,0.0019
RE1,DEMTRAGSL,2037,0.002
RE1,DEMTRAGSL,2038,0.002
RE1,DEMTRAGSL,2039,0.002
RE1,DEMTRAGSL,2040,0.0021
RE1,DEMTRAHFO,2019,0.0
RE1,DEMTRAHFO,2020,0.0
RE1,DEMTRAHFO,2021,0.0
RE1,DEMTRAHFO,2022,0.0
RE1,DEMTRAHFO,2023,0.0
RE1,DEMTRAHFO,2024,0.0
RE1,DEMTRAHFO,2025,0.0
RE1,DEMTRAHFO,2026,0.0
RE1,DEMTRAHFO,2027,0.0
RE1,DEMTRAHFO,2028,0.0
RE1,DEMTRAHFO,2029,0.0
RE1,DEMTRAHFO,2030,0.0
RE1,DEMTRAHFO,2031,0.0
RE1,DEMTRAHFO,2032,0.0
RE1,DEMTRAHFO,2033,0.0
RE1,DEMTRAHFO,2034,0.0
RE1,DEMTRAHFO,2035,0.0
RE1,DEMTRAHFO,2036,0.0
RE1,DEMTRAHFO,2037,0.0
RE1,DEMTRAHFO,2038,0.0
RE1,DEMTRAHFO,2039,0.0
RE1,DEMTRAHFO,2040,0.0
RE1,DEMTRALPG,2019,0.0
RE1,DEMTRALPG,2020,0.0
RE1,DEMTRALPG,2021,0.0
RE1,DEMTRALPG,2022,0.0
RE1,DEMTRALPG,2023,0.0
RE1,DEMTRALPG,2024,0.0
RE1,DEMTRALPG,2025,0.0
RE1,DEMTRALPG,2026,0.0
RE1,DEMTRALPG,2027,0.0
RE1,DEMTRALPG,2028,0.0
RE1,DEMTRALPG,2029,0.0
RE1,DEMTRALPG,2030,0.0
RE1,DEMTRALPG,2031,0.0
RE1,DEMTRALPG,2032,0.0
RE1,DEMTRALPG,2033,0.0
RE1,DEMTRALPG,2034,0.0
RE1,DEMTRALPG,2035,0.0
RE1,DEMTRALPG,2036,0.0
RE1,DEMTRALPG,2037,0.0001
RE1,DEMTRALPG,2038,0.0001
RE1,DEMTRALPG,2039,0.0001
RE1,DEMTRALPG,2040,0.0001
RE1,IMPCOA,2019,0.0
RE1,IMPCOA,2020,0.0
RE1,IMPCOA,2021,0.0
RE1,IMPCOA,2022,0.0
RE1,IMPCOA,2023,0.0
RE1,IMPCOA,2024,0.0
RE1,IMPCOA,2025,0.0
RE1,IMPCOA,2026,0.0
RE1,IMPCOA,2027,0.0
RE1,IMPCOA,2028,0.0
RE1,IMPCOA,2029,0.0
RE1,IMPCOA,2030,0.0
RE1,IMPCOA,2031,0.0
RE1,IMPCOA,2032,0.0
RE1,IMPCOA,2033,0.0
RE1,IMPCOA,2034,0.0
RE1,IMPCOA,2035,0.0
RE1,IMPCOA,2036,0.0
RE1,IMPCOA,2037,0.0
RE1,IMPCOA,2038,0.0
RE1,IMPCOA,2039,0.0
RE1,IMPCOA,2040,0.0
RE1,IMPDSL,2019,0.0
RE1,IMPDSL,2020,0.0
RE1,IMPDSL,2021,0.0
RE1,IMPDSL,2022,0.0
RE1,IMPDSL,2023,0.0
RE1,IMPDSL,2024,0.0
RE1,IMPDSL,2025,0.0
RE1,IMPDSL,2026,0.0
RE1,IMPDSL,2027,0.0
RE1,IMPDSL,2028,0.0
RE1,IMPDSL,2029,0.0
RE1,IMPDSL,2030,0.0
RE1,IMPDSL,2031,0.0
RE1,IMPDSL,2032,0.0
RE1,IMPDSL,2033,0.0
RE1,IMPDSL,2034,0.0
RE1,IMPDSL,2035,0.0
RE1,IMPDSL,2036,0.0
RE1,IMPDSL,2037,0.0
RE1,IMPDSL,2038,0.0
RE1,IMPDSL,2039,0.0
RE1,IMPDSL,2040,0.0
RE1,IMPELC001,2019,0.02
RE1,IMPELC001,2020,0.02
RE1,IMPELC001,2021,0.02
RE1,IMPELC001,2022,0.02
RE1,IMPELC001,2023,0.02
RE1,IMPELC001,2024,0.02
RE1,IMPELC001,2025,0.02
RE1,IMPELC001,2026,0.02
RE1,IMPELC001,2027,0.02
RE1,IMPELC001,2028,0.02
RE1,IMPELC001,2029,0.02
RE1,IMPELC001,2030,0.02
RE1,IMPELC001,2031,0.02
RE1,IMPELC001,2032,0.02
RE1,IMPELC001,2033,0.02
RE1,IMPELC001,2034,0.02
RE1,IMPELC001,2035,0.02
RE1,IMPELC001,2036,0.02
RE1,IMPELC001,2037,0.02
RE1,IMPELC001,2038,0.02
RE1,IMPELC001,2039,0.02
RE1,IMPELC001,2040,0.02
RE1,IMPELC002,2019,0.005
RE1,IMPELC002,2020,0.005
RE1,IMPELC002,2021,0.01
RE1,IMPELC002,2022,0.01
RE1,IMPELC002,2023,0.01
RE1,IMPELC002,2024,0.01
RE1,IMPELC002,2025,0.01
RE1,IMPELC002,2026,0.01
RE1,IMPELC002,2027,0.01
RE1,IMPELC002,2028,0.01
RE1,IMPELC002,2029,0.01
RE1,IMPELC002,2030,0.01
RE1,IMPELC002,2031,0.01
RE1,IMPELC002,2032,0.01
RE1,IMPELC002,2033,0.01
RE1,IMPELC002,2034,0.01
RE1,IMPELC002,2035,0.01
RE1,IMPELC002,2036,0.01
RE1,IMPELC002,2037,0.01
RE1,IMPELC002,2038,0.01
RE1,IMPELC002,2039,0.01
RE1,IMPELC002,2040,0.01
RE1,IMPELC003,2019,0.008
RE1,IMPELC003,2020,0.008
RE1,IMPELC003,2021,0.008
RE1,IMPELC003,2022,0.008
RE1,IMPELC003,2023,0.008
RE1,IMPELC003,2024,0.008
RE1,IMPELC003,2025,0.008
RE1,IMPELC003,2026,0.008
RE1,IMPELC003,2027,0.008
RE1,IMPELC003,2028,0.008
RE1,IMPELC003,2029,0.008
RE1,IMPELC003,2030,0.008
RE1,IMPELC003,2031,0.008
RE1,IMPELC003,2032,0.008
RE1,IMPELC003,2033,0.008
RE1,IMPELC003,2034,0.008
RE1,IMPELC003,2035,0.008
RE1,IMPELC003,2036,0.008
RE1,IMPELC003,2037,0.008
RE1,IMPELC003,2038,0.008
RE1,IMPELC003,2039,0.008
RE1,IMPELC003,2040,0.008
RE1,IMPGSL,2019,0.0
RE1,IMPGSL,2020,0.0
RE1,IMPGSL,2021,0.0
RE1,IMPGSL,2022,0.0
RE1,IMPGSL,2023,0.0
RE1,IMPGSL,2024,0.0
RE1,IMPGSL,2025,0.0
RE1,IMPGSL,2026,0.0
RE1,IMPGSL,2027,0.0
RE1,IMPGSL,2028,0.0
RE1,IMPGSL,2029,0.0
RE1,IMPGSL,2030,0.0
RE1,IMPGSL,2031,0.0
RE1,IMPGSL,2032,0.0
RE1,IMPGSL,2033,0.0
RE1,IMPGSL,2034,0.0
RE1,IMPGSL,2035,0.0
RE1,IMPGSL,2036,0.0
RE1,IMPGSL,2037,0.0
RE1,IMPGSL,2038,0.0
RE1,IMPGSL,2039,0.0
RE1,IMPGSL,2040,0.0
RE1,IMPHFO,2019,0.0
RE1,IMPHFO,2020,0.0
RE1,IMPHFO,2021,0.0
RE1,IMPHFO,2022,0.0091
RE1,IMPHFO,2023,0.0
RE1,IMPHFO,2024,0.0
RE1,IMPHFO,2025,0.0
RE1,IMPHFO,2026,0.0
RE1,IMPHFO,2027,0.0
RE1,IMPHFO,2028,0.0
RE1,IMPHFO,2029,0.0
RE1,IMPHFO,2030,0.0
RE1,IMPHFO,2031,0.0
RE1,IMPHFO,2032,0.0
RE1,IMPHFO,2033,0.0
RE1,IMPHFO,2034,0.0
RE1,IMPHFO,2035,0.0
RE1,IMPHFO,2036,0.0
RE1,IMPHFO,2037,0.0
RE1,IMPHFO,2038,0.0
RE1,IMPHFO,2039,0.0
RE1,IMPHFO,2040,0.0
RE1,IMPKER001,2019,0.0
RE1,IMPKER001,2020,0.0
RE1,IMPKER001,2021,0.0
RE1,IMPKER001,2022,0.0
RE1,IMPKER001,2023,0.0
RE1,IMPKER001,2024,0.0
RE1,IMPKER001,2025,0.0
RE1,IMPKER001,2026,0.0
RE1,IMPKER001,2027,0.0
RE1,IMPKER001,2028,0.0
RE1,IMPKER001,2029,0.0
RE1,IMPKER001,2030,0.0
RE1,IMPKER001,2031,0.0
RE1,IMPKER001,2032,0.0
RE1,IMPKER001,2033,0.0
RE1,IMPKER001,2034,0.0
RE1,IMPKER001,2035,0.0
RE1,IMPKER001,2036,0.0
RE1,IMPKER001,2037,0.0
RE1,IMPKER001,2038,0.0
RE1,IMPKER001,2039,0.0
RE1,IMPKER001,2040,0.0
RE1,IMPKER002,2019,0.0
RE1,IMPKER002,2020,0.0
RE1,IMPKER002,2021,0.0
RE1,IMPKER002,2022,0.0
RE1,IMPKER002,2023,0.0
RE1,IMPKER002,2024,0.0
RE1,IMPKER002,2025,0.0
RE1,IMPKER002,2026,0.0
RE1,IMPKER002,2027,0.0
RE1,IMPKER002,2028,0.0
RE1,IMPKER002,2029,0.0
RE1,IMPKER002,2030,0.0
RE1,IMPKER002,2031,0.0
RE1,IMPKER002,2032,0.0
RE1,IMPKER002,2033,0.0
RE1,IMPKER002,2034,0.0
RE1,IMPKER002,2035,0.0
RE1,IMPKER002,2036,0.0
RE1,IMPKER002,2037,0.0
RE1,IMPKER002,2038,0.0
RE1,IMPKER002,2039,0.0
RE1,IMPKER002,2040,0.0
RE1,IMPLPG,2019,0.0
RE1,IMPLPG,2020,0.0
RE1,IMPLPG,2021,0.0
RE1,IMPLPG,2022,0.0
RE1,IMPLPG,2023,0.0
RE1,IMPLPG,2024,0.0
RE1,IMPLPG,2025,0.0
RE1,IMPLPG,2026,0.0
RE1,IMPLPG,2027,0.0
RE1,IMPLPG,2028,0.0
RE1,IMPLPG,2029,0.0
RE1,IMPLPG,2030,0.0
RE1,IMPLPG,2031,0.0
RE1,IMPLPG,2032,0.0
RE1,IMPLPG,2033,0.0
RE1,IMPLPG,2034,0.0
RE1,IMPLPG,2035,0.0
RE1,IMPLPG,2036,0.0
RE1,IMPLPG,2037,0.0
RE1,IMPLPG,2038,0.0
RE1,IMPLPG,2039,0.0
RE1,IMPLPG,2040,0.0
RE1,MINBIO001,2019,0.0
RE1,MINBIO001,2020,0.0
RE1,MINBIO001,2021,0.0
RE1,MINBIO001,2022,0.0
RE1,MINBIO001,2023,0.0
RE1,MINBIO001,2024,0.0
RE1,MINBIO001,2025,0.0
RE1,MINBIO001,2026,0.0
RE1,MINBIO001,2027,0.0
RE1,MINBIO001,2028,0.0
RE1,MINBIO001,2029,0.0
RE1,MINBIO001,2030,0.0
RE1,MINBIO001,2031,0.0
RE1,MINBIO001,2032,0.0
RE1,MINBIO001,2033,0.0
RE1,MINBIO001,2034,0.0
RE1,MINBIO001,2035,0.0
RE1,MINBIO001,2036,0.0
RE1,MINBIO001,2037,0.0
RE1,MINBIO001,2038,0.0
RE1,MINBIO001,2039,0.0
RE1,MINBIO001,2040,0.0
RE1,MINCHC,2019,0.0
RE1,MINCHC,2020,0.0
RE1,MINCHC,2021,0.0
RE1,MINCHC,2022,0.0
RE1,MINCHC,2023,0.0
RE1,MINCHC,2024,0.0
RE1,MINCHC,2025,0.0
RE1,MINCHC,2026,0.0
RE1,MINCHC,2027,0.0
RE1,MINCHC,2028,0.0
RE1,MINCHC,2029,0.0
RE1,MINCHC,2030,0.0
RE1,MINCHC,2031,0.0
RE1,MINCHC,2032,0.0
RE1,MINCHC,2033,0.0
RE1,MINCHC,2034,0.0
RE1,MINCHC,2035,0.0
RE1,MINCHC,2036,0.0
RE1,MINCHC,2037,0.0
RE1,MINCHC,2038,0.0
RE1,MINCHC,2039,0.0
RE1,MINCHC,2040,0.0
RE1,MINHYD,2019,0.0
RE1,MINHYD,2020,0.0
RE1,MINHYD,2021,0.0
RE1,MINHYD,2022,0.0
RE1,MINHYD,2023,0.0
RE1,MINHYD,2024,0.0
RE1,MINHYD,2025,0.0
RE1,MINHYD,2026,0.0
RE1,MINHYD,2027,0.0
RE1,MINHYD,2028,0.0
RE1,MINHYD,2029,0.0
RE1,MINHYD,2030,0.0
RE1,MINHYD,2031,0.0
RE1,MINHYD,2032,0.0
RE1,MINHYD,2033,0.0
RE1,MINHYD,2034,0.0
RE1,MINHYD,2035,0.0
RE1,MINHYD,2036,0.0
RE1,MINHYD,2037,0.0
RE1,MINHYD,2038,0.0
RE1,MINHYD,2039,0.0
RE1,MINHYD,2040,0.0
RE1,MINNGS,2019,0.0
RE1,MINNGS,2020,0.0
RE1,MINNGS,2021,0.0
RE1,MINNGS,2022,0.0
RE1,MINNGS,2023,0.0
RE1,MINNGS,2024,0.065
RE1,MINNGS,2025,0.065
RE1,MINNGS,2026,0.065
RE1,MINNGS,2027,0.065
RE1,MINNGS,2028,0.065
RE1,MINNGS,2029,0.065
RE1,MINNGS,2030,0.065
RE1,MINNGS,2031,0.065
RE1,MINNGS,2032,0.065
RE1,MINNGS,2033,0.065
RE1,MINNGS,2034,0.065
RE1,MINNGS,2035,0.065
RE1,MINNGS,2036,0.065
RE1,MINNGS,2037,0.065
RE1,MINNGS,2038,0.065
RE1,MINNGS,2039,0.065
RE1,MINNGS,2040,0.065
RE1,MINSOL,2019,0.0
RE1,MINSOL,2020,0.0
RE1,MINSOL,2021,0.0023
RE1,MINSOL,2022,0.0
RE1,MINSOL,2023,0.0
RE1,MINSOL,2024,0.0
RE1,MINSOL,2025,0.01
RE1,MINSOL,2026,0.01
RE1,MINSOL,2027,0.01
RE1,MINSOL,2028,0.01
RE1,MINSOL,2029,0.01
RE1,MINSOL,2030,0.01
RE1,MINSOL,2031,0.01
RE1,MINSOL,2032,0.01
RE1,MINSOL,2033,0.01
RE1,MINSOL,2034,0.01
RE1,MINSOL,2035,0.01
RE1,MINSOL,2036,0.01
RE1,MINSOL,2037,0.01
RE1,MINSOL,2038,0.01
RE1,MINSOL,2039,0.01
RE1,MINSOL,2040,0.01
RE1,MINWND,2019,2.0535
RE1,MINWND,2020,2.1257
RE1,MINWND,2021,2.1991
RE1,MINWND,2022,2.2656
RE1,MINWND,2023,2.3396
RE1,MINWND,2024,2.3724
RE1,MINWND,2025,2.4325
RE1,MINWND,2026,2.5025
RE1,MINWND,2027,2.5724
RE1,MINWND,2028,2.6424
RE1,MINWND,2029,2.7123
RE1,MINWND,2030,2.7823
RE1,MINWND,2031,2.8523
RE1,MINWND,2032,3.0449
RE1,MINWND,2033,3.099
RE1,MINWND,2034,3.1532
RE1,MINWND,2035,3.2074
RE1,MINWND,2036,3.2616
RE1,MINWND,2037,3.3157
RE1,MINWND,2038,3.3699
RE1,MINWND,2039,3.4241
RE1,MINWND,2040,3.4783
RE1,PWRBIO001,2019,0.0
RE1,PWRBIO001,2020,0.0
RE1,PWRBIO001,2021,0.0
RE1,PWRBIO001,2022,0.0
RE1,PWRBIO001,2023,0.0
RE1,PWRBIO001,2024,0.004
RE1,PWRBIO001,2025,0.0
RE1,PWRBIO001,2026,0.0
RE1,PWRBIO001,2027,0.0
RE1,PWRBIO001,2028,0.0
RE1,PWRBIO001,2029,0.0
RE1,PWRBIO001,2030,0.0
RE1,PWRBIO001,2031,0.0
RE1,PWRBIO001,2032,0.0
RE1,PWRBIO001,2033,0.0
RE1,PWRBIO001,2034,0.0
RE1,PWRBIO001,2035,0.0
RE1,PWRBIO001,2036,0.0
RE1,PWRBIO001,2037,0.0
RE1,PWRBIO001,2038,0.0
RE1,PWRBIO001,2039,0.0
RE1,PWRBIO001,2040,0.0
RE1,PWRCOA001,2019,0.0
RE1,PWRCOA001,2020,0.0
RE1,PWRCOA001,2021,0.0
RE1,PWRCOA001,2022,0.0
RE1,PWRCOA001,2023,0.0
RE1,PWRCOA001,2024,0.0
RE1,PWRCOA001,2025,0.0
RE1,PWRCOA001,2026,0.0
RE1,PWRCOA001,2027,0.0
RE1,PWRCOA001,2028,0.0
RE1,PWRCOA001,2029,0.0
RE1,PWRCOA001,2030,0.0
RE1,PWRCOA001,2031,0.0
RE1,PWRCOA001,2032,0.0
RE1,PWRCOA001,2033,0.0
RE1,PWRCOA001,2034,0.0
RE1,PWRCOA001,2035,0.0
RE1,PWRCOA001,2036,0.0
RE1,PWRCOA001,2037,0.0
RE1,PWRCOA001,2038,0.0
RE1,PWRCOA001,2039,0.0
RE1,PWRCOA001,2040,0.0
RE1,PWRCOA002,2019,0.0
RE1,PWRCOA002,2020,0.0
RE1,PWRCOA002,2021,0.0
RE1,PWRCOA002,2022,0.0
RE1,PWRCOA002,2023,0.0
RE1,PWRCOA002,2024,0.0
RE1,PWRCOA002,2025,0.0
RE1,PWRCOA002,2026,0.0
RE1,PWRCOA002,2027,0.0
RE1,PWRCOA002,2028,0.0
RE1,PWRCOA002,2029,0.0
RE1,PWRCOA002,2030,0.0
RE1,PWRCOA002,2031,0.0
RE1,PWRCOA002,2032,0.0
RE1,PWRCOA002,2033,0.0
RE1,PWRCOA002,2034,0.0
RE1,PWRCOA002,2035,0.0
RE1,PWRCOA002,2036,0.0
RE1,PWRCOA002,2037,0.0
RE1,PWRCOA002,2038,0.0
RE1,PWRCOA002,2039,0.0
RE1,PWRCOA002,2040,0.0
RE1,PWRHFO001,2019,0.0
RE1,PWRHFO001,2020,0.0
RE1,PWRHFO001,2021,0.0
RE1,PWRHFO001,2022,0.0
RE1,PWRHFO001,2023,0.0
RE1,PWRHFO001,2024,0.0
RE1,PWRHFO001,2025,0.0
RE1,PWRHFO001,2026,0.0
RE1,PWRHFO001,2027,0.0
RE1,PWRHFO001,2028,0.0
RE1,PWRHFO001,2029,0.0
RE1,PWRHFO001,2030,0.0
RE1,PWRHFO001,2031,0.0
RE1,PWRHFO001,2032,0.0
RE1,PWRHFO001,2033,0.0
RE1,PWRHFO001,2034,0.0
RE1,PWRHFO001,2035,0.0
RE1,PWRHFO001,2036,0.0
RE1,PWRHFO001,2037,0.0
RE1,PWRHFO001,2038,0.0
RE1,PWRHFO001,2039,0.0
RE1,PWRHFO001,2040,0.0
RE1,PWRHFO002,2019,0.0
RE1,PWRHFO002,2020,0.0
RE1,PWRHFO002,2021,0.0
RE1,PWRHFO002,2022,0.005
RE1,PWRHFO002,2023,0.0
RE1,PWRHFO002,2024,0.0
RE1,PWRHFO002,2025,0.0
RE1,PWRHFO002,2026,0.0
RE1,PWRHFO002,2027,0.0
RE1,PWRHFO002,2028,0.0
RE1,PWRHFO002,2029,0.0
RE1,PWRHFO002,2030,0.0
RE1,PWRHFO002,2031,0.0
RE1,PWRHFO002,2032,0.0
RE1,PWRHFO002,2033,0.0
RE1,PWRHFO002,2034,0.0
RE1,PWRHFO002,2035,0.0
RE1,PWRHFO002,2036,0.0
RE1,PWRHFO002,2037,0.0
RE1,PWRHFO002,2038,0.0
RE1,PWRHFO002,2039,0.0
RE1,PWRHFO002,2040,0.0
RE1,PWRHFO003,2019,0.0
RE1,PWRHFO003,2020,0.0
RE1,PWRHFO003,2021,0.0
RE1,PWRHFO003,2022,0.0
RE1,PWRHFO003,2023,0.0
RE1,PWRHFO003,2024,0.0
RE1,PWRHFO003,2025,0.0
RE1,PWRHFO003,2026,0.0
RE1,PWRHFO003,2027,0.0
RE1,PWRHFO003,2028,0.0
RE1,PWRHFO003,2029,0.0
RE1,PWRHFO003,2030,0.0
RE1,PWRHFO003,2031,0.0
RE1,PWRHFO003,2032,0.0
RE1,PWRHFO003,2033,0.0
RE1,PWRHFO003,2034,0.0
RE1,PWRHFO003,2035,0.0
RE1,PWRHFO003,2036,0.0
RE1,PWRHFO003,2037,0.0
RE1,PWRHFO003,2038,0.0
RE1,PWRHFO003,2039,0.0
RE1,PWRHFO003,2040,0.0
RE1,PWRHYD001,2019,0.0
RE1,PWRHYD001,2020,0.0
RE1,PWRHYD001,2021,0.0
RE1,PWRHYD001,2022,0.0
RE1,PWRHYD001,2023,0.0
RE1,PWRHYD001,2024,0.0
RE1,PWRHYD001,2025,0.0
RE1,PWRHYD001,2026,0.0
RE1,PWRHYD001,2027,0.0
RE1,PWRHYD001,2028,0.0
RE1,PWRHYD001,2029,0.0
RE1,PWRHYD001,2030,0.0
RE1,PWRHYD001,2031,0.0
RE1,PWRHYD001,2032,0.0
RE1,PWRHYD001,2033,0.0
RE1,PWRHYD001,2034,0.0
RE1,PWRHYD001,2035,0.0
RE1,PWRHYD001,2036,0.0
RE1,PWRHYD001,2037,0.0
RE1,PWRHYD001,2038,0.0
RE1,PWRHYD001,2039,0.0
RE1,PWRHYD001,2040,0.0
RE1,PWRHYD002,2019,0.0
RE1,PWRHYD002,2020,0.0
RE1,PWRHYD002,2021,0.0
RE1,PWRHYD002,2022,0.0
RE1,PWRHYD002,2023,0.0
RE1,PWRHYD002,2024,0.0
RE1,PWRHYD002,2025,0.0
RE1,PWRHYD002,2026,0.0
RE1,PWRHYD002,2027,0.0
RE1,PWRHYD002,2028,0.0
RE1,PWRHYD002,2029,0.0
RE1,PWRHYD002,2030,0.0
RE1,PWRHYD002,2031,0.0
RE1,PWRHYD002,2032,0.0
RE1,PWRHYD002,2033,0.0
RE1,PWRHYD002,2034,0.0
RE1,PWRHYD002,2035,0.0
RE1,PWRHYD002,2036,0.0
RE1,PWRHYD002,2037,0.0
RE1,PWRHYD002,2038,0.0
RE1,PWRHYD002,2039,0.0
RE1,PWRHYD002,2040,0.0
RE1,PWRHYD003,2019,0.0
RE1,PWRHYD003,2020,0.0
RE1,PWRHYD003,2021,0.0
RE1,PWRHYD003,2022,0.0
RE1,PWRHYD003,2023,0.0
RE1,PWRHYD003,2024,0.0
RE1,PWRHYD003,2025,0.0
RE1,PWRHYD003,2026,0.0
RE1,PWRHYD003,2027,0.0
RE1,PWRHYD003,2028,0.0
RE1,PWRHYD003,2029,0.0
RE1,PWRHYD003,2030,0.0
RE1,PWRHYD003,2031,0.0
RE1,PWRHYD003,2032,0.0
RE1,PWRHYD003,2033,0.0
RE1,PWRHYD003,2034,0.0
RE1,PWRHYD003,2035,0.0
RE1,PWRHYD003,2036,0.0
RE1,PWRHYD003,2037,0.0
RE1,PWRHYD003,2038,0.0
RE1,PWRHYD003,2039,0.0
RE1,PWRHYD003,2040,0.0
RE1,PWRNGS001,2019,0.0
RE1,PWRNGS001,2020,0.0
RE1,PWRNGS001,2021,0.0
RE1,PWRNGS001,2022,0.0
RE1,PWRNGS001,2023,0.0
RE1,PWRNGS001,2024,0.0464
RE1,PWRNGS001,2025,0.0464
RE1,PWRNGS001,2026,0.0464
RE1,PWRNGS001,2027,0.0464
RE1,PWRNGS001,2028,0.0464
RE1,PWRNGS001,2029,0.0464
RE1,PWRNGS001,2030,0.0464
RE1,PWRNGS001,2031,0.0464
RE1,PWRNGS001,2032,0.0464
RE1,PWRNGS001,2033,0.0464
RE1,PWRNGS001,2034,0.0464
RE1,PWRNGS001,2035,0.0464
RE1,PWRNGS001,2036,0.0464
RE1,PWRNGS001,2037,0.0464
RE1,PWRNGS001,2038,0.0464
RE1,PWRNGS001,2039,0.0464
RE1,PWRNGS001,2040,0.0464
RE1,PWRNGS002,2019,0.0
RE1,PWRNGS002,2020,0.0
RE1,PWRNGS002,2021,0.0
RE1,PWRNGS002,2022,0.0
RE1,PWRNGS002,2023,0.0
RE1,PWRNGS002,2024,0.0
RE1,PWRNGS002,2025,0.0
RE1,PWRNGS002,2026,0.0
RE1,PWRNGS002,2027,0.0
RE1,PWRNGS002,2028,0.0
RE1,PWRNGS002,2029,0.0
RE1,PWRNGS002,2030,0.0
RE1,PWRNGS002,2031,0.0
RE1,PWRNGS002,2032,0.0
RE1,PWRNGS002,2033,0.0
RE1,PWRNGS002,2034,0.0
RE1,PWRNGS002,2035,0.0
RE1,PWRNGS002,2036,0.0
RE1,PWRNGS002,2037,0.0
RE1,PWRNGS002,2038,0.0
RE1,PWRNGS002,2039,0.0
RE1,PWRNGS002,2040,0.0
RE1,PWRNGS003,2019,0.0
RE1,PWRNGS003,2020,0.0
RE1,PWRNGS003,2021,0.0
RE1,PWRNGS003,2022,0.0
RE1,PWRNGS003,2023,0.0
RE1,PWRNGS003,2024,0.0
RE1,PWRNGS003,2025,0.0
RE1,PWRNGS003,2026,0.0
RE1,PWRNGS003,2027,0.0
RE1,PWRNGS003,2028,0.0
RE1,PWRNGS003,2029,0.0
RE1,PWRNGS003,2030,0.0
RE1,PWRNGS003,2031,0.0
RE1,PWRNGS003,2032,0.0
RE1,PWRNGS003,2033,0.0
RE1,PWRNGS003,2034,0.0
RE1,PWRNGS003,2035,0.0
RE1,PWRNGS003,2036,0.0
RE1,PWRNGS003,2037,0.0
RE1,PWRNGS003,2038,0.0
RE1,PWRNGS003,2039,0.0
RE1,PWRNGS003,2040,0.0
RE1,PWRSOL001,2019,0.0
RE1,PWRSOL001,2020,0.0
RE1,PWRSOL001,2021,0.004
RE1,PWRSOL001,2022,0.0
RE1,PWRSOL001,2023,0.0
RE1,PWRSOL001,2024,0.0
RE1,PWRSOL001,2025,0.0
RE1,PWRSOL001,2026,0.0
RE1,PWRSOL001,2027,0.0
RE1,PWRSOL001,2028,0.0
RE1,PWRSOL001,2029,0.0
RE1,PWRSOL001,2030,0.0
RE1,PWRSOL001,2031,0.0
RE1,PWRSOL001,2032,0.0
RE1,PWRSOL001,2033,0.0
RE1,PWRSOL001,2034,0.0
RE1,PWRSOL001,2035,0.0
RE1,PWRSOL001,2036,0.0
RE1,PWRSOL001,2037,0.0
RE1,PWRSOL001,2038,0.0
RE1,PWRSOL001,2039,0.0
RE1,PWRSOL001,2040,0.0
RE1,PWRSOL002,2019,0.0
RE1,PWRSOL002,2020,0.0
RE1,PWRSOL002,2021,0.0
RE1,PWRSOL002,2022,0.0
RE1,PWRSOL002,2023,0.0
RE1,PWRSOL002,2024,0.0
RE1,PWRSOL002,2025,0.0
RE1,PWRSOL002,2026,0.0
RE1,PWRSOL002,2027,0.0
RE1,PWRSOL002,2028,0.0
RE1,PWRSOL002,2029,0.0
RE1,PWRSOL002,2030,0.0
RE1,PWRSOL002,2031,0.0
RE1,PWRSOL002,2032,0.0
RE1,PWRSOL002,2033,0.0
RE1,PWRSOL002,2034,0.0
RE1,PWRSOL002,2035,0.0
RE1,PWRSOL002,2036,0.0
RE1,PWRSOL002,2037,0.0
RE1,PWRSOL002,2038,0.0
RE1,PWRSOL002,2039,0.0
RE1,PWRSOL002,2040,0.0
RE1,PWRSOL003,2019,0.0
RE1,PWRSOL003,2020,0.0
RE1,PWRSOL003,2021,0.0
RE1,PWRSOL003,2022,0.0
RE1,PWRSOL003,2023,0.0
RE1,PWRSOL003,2024,0.0
RE1,PWRSOL003,2025,0.01
RE1,PWRSOL003,2026,0.01
RE1,PWRSOL003,2027,0.01
RE1,PWRSOL003,2028,0.01
RE1,PWRSOL003,2029,0.01
RE1,PWRSOL003,2030,0.01
RE1,PWRSOL003,2031,0.01
RE1,PWRSOL003,2032,0.01
RE1,PWRSOL003,2033,0.01
RE1,PWRSOL003,2034,0.01
RE1,PWRSOL003,2035,0.01
RE1,PWRSOL003,2036,0.01
RE1,PWRSOL003,2037,0.01
RE1,PWRSOL003,2038,0.01
RE1,PWRSOL003,2039,0.01
RE1,PWRSOL003,2040,0.01
RE1,PWRTRN001,2019,2.0865
RE1,PWRTRN001,2020,2.1588
RE1,PWRTRN001,2021,2.2377
RE1,PWRTRN001,2022,2.3077
RE1,PWRTRN001,2023,2.3776
RE1,PWRTRN001,2024,2.4476
RE1,PWRTRN001,2025,2.5177
RE1,PWRTRN001,2026,2.5876
RE1,PWRTRN001,2027,2.6576
RE1,PWRTRN001,2028,2.7275
RE1,PWRTRN001,2029,2.7975
RE1,PWRTRN001,2030,2.8674
RE1,PWRTRN001,2031,2.9374
RE1,PWRTRN001,2032,3.13
RE1,PWRTRN001,2033,3.1842
RE1,PWRTRN001,2034,3.2384
RE1,PWRTRN001,2035,3.2925
RE1,PWRTRN001,2036,3.3467
RE1,PWRTRN001,2037,3.4009
RE1,PWRTRN001,2038,3.4551
RE1,PWRTRN001,2039,3.5092
RE1,PWRTRN001,2040,3.5634
RE1,PWRWND001,2019,4.1882
RE1,PWRWND001,2020,4.3358
RE1,PWRWND001,2021,4.4802
RE1,PWRWND001,2022,4.6192
RE1,PWRWND001,2023,4.7715
RE1,PWRWND001,2024,4.8282
RE1,PWRWND001,2025,4.9482
RE1,PWRWND001,2026,5.0912
RE1,PWRWND001,2027,5.2342
RE1,PWRWND001,2028,5.3772
RE1,PWRWND001,2029,5.5202
RE1,PWRWND001,2030,5.6632
RE1,PWRWND001,2031,5.8062
RE1,PWRWND001,2032,6.1999
RE1,PWRWND001,2033,6.3106
RE1,PWRWND001,2034,6.4213
RE1,PWRWND001,2035,6.5321
RE1,PWRWND001,2036,6.6428
RE1,PWRWND001,2037,6.7535
RE1,PWRWND001,2038,6.8643
RE1,PWRWND001,2039,6.975
RE1,PWRWND001,2040,7.0857
