r,t,f,y,InputToTotalCapacity
RE1,DEMAGRDSL,DSL,2019,0
RE1,DEMAGRDSL,DSL,2020,0
RE1,DEMAGRDSL,DSL,2021,0
RE1,DEMAGRDSL,DSL,2022,0
RE1,DEMAGRDSL,DSL,2023,0
RE1,DEMAGRDSL,DSL,2024,0
RE1,DEMAGRDSL,DSL,2025,0
RE1,DEMAGRDSL,DSL,2026,0
RE1,DEMAGRDSL,DSL,2027,0
RE1,DEMAGRDSL,DSL,2028,0
RE1,DEMAGRDSL,DSL,2029,0
RE1,DEMAGRDSL,DSL,2030,0
RE1,DEMAGRDSL,DSL,2031,0
RE1,DEMAGRDSL,DSL,2032,0
RE1,DEMAGRDSL,DSL,2033,0
RE1,DEMAGRDSL,DSL,2034,0
RE1,DEMAGRDSL,DSL,2035,0
RE1,DEMAGRDSL,DSL,2036,0
RE1,DEMAGRDSL,DSL,2037,0
RE1,DEMAGRDSL,DSL,2038,0
RE1,DEMAGRDSL,DSL,2039,0
RE1,DEMAGRDSL,DSL,2040,0
RE1,DEMAGRHFO,HFO,2019,0
RE1,DEMAGRHFO,HFO,2020,0
RE1,DEMAGRHFO,HFO,2021,0
RE1,DEMAGRHFO,HFO,2022,0
RE1,DEMAGRHFO,HFO,2023,0
RE1,DEMAGRHFO,HFO,2024,0
RE1,DEMAGRHFO,HFO,2025,0
RE1,DEMAGRHFO,HFO,2026,0
RE1,DEMAGRHFO,HFO,2027,0
RE1,DEMAGRHFO,HFO,2028,0
RE1,DEMAGRHFO,HFO,2029,0
RE1,DEMAGRHFO,HFO,2030,0
RE1,DEMAGRHFO,HFO,2031,0
RE1,DEMAGRHFO,HFO,2032,0
RE1,DEMAGRHFO,HFO,2033,0
RE1,DEMAGRHFO,HFO,2034,0
RE1,DEMAGRHFO,HFO,2035,0
RE1,DEMAGRHFO,HFO,2036,0
RE1,DEMAGRHFO,HFO,2037,0
RE1,DEMAGRHFO,HFO,2038,0
RE1,DEMAGRHFO,HFO,2039,0
RE1,DEMAGRHFO,HFO,2040,0
RE1,DEMAGRLPG,LPG,2019,0
RE1,DEMAGRLPG,LPG,2020,0
RE1,DEMAGRLPG,LPG,2021,0
RE1,DEMAGRLPG,LPG,2022,0
RE1,DEMAGRLPG,LPG,2023,0
RE1,DEMAGRLPG,LPG,2024,0
RE1,DEMAGRLPG,LPG,2025,0
RE1,DEMAGRLPG,LPG,2026,0
RE1,DEMAGRLPG,LPG,2027,0
RE1,DEMAGRLPG,LPG,2028,0
RE1,DEMAGRLPG,LPG,2029,0
RE1,DEMAGRLPG,LPG,2030,0
RE1,DEMAGRLPG,LPG,2031,0
RE1,DEMAGRLPG,LPG,2032,0
RE1,DEMAGRLPG,LPG,2033,0
RE1,DEMAGRLPG,LPG,2034,0
RE1,DEMAGRLPG,LPG,2035,0
RE1,DEMAGRLPG,LPG,2036,0
RE1,DEMAGRLPG,LPG,2037,0
RE1,DEMAGRLPG,LPG,2038,0
RE1,DEMAGRLPG,LPG,2039,0
RE1,DEMAGRLPG,LPG,2040,0
RE1,DEMCOMHFO,HFO,2019,0
RE1,DEMCOMHFO,HFO,2020,0
RE1,DEMCOMHFO,HFO,2021,0
RE1,DEMCOMHFO,HFO,2022,0
RE1,DEMCOMHFO,HFO,2023,0
RE1,DEMCOMHFO,HFO,2024,0
RE1,DEMCOMHFO,HFO,2025,0
RE1,DEMCOMHFO,HFO,2026,0
RE1,DEMCOMHFO,HFO,2027,0
RE1,DEMCOMHFO,HFO,2028,0
RE1,DEMCOMHFO,HFO,2029,0
RE1,DEMCOMHFO,HFO,2030,0
RE1,DEMCOMHFO,HFO,2031,0
RE1,DEMCOMHFO,HFO,2032,0
RE1,DEMCOMHFO,HFO,2033,0
RE1,DEMCOMHFO,HFO,2034,0
RE1,DEMCOMHFO,HFO,2035,0
RE1,DEMCOMHFO,HFO,2036,0
RE1,DEMCOMHFO,HFO,2037,0
RE1,DEMCOMHFO,HFO,2038,0
RE1,DEMCOMHFO,HFO,2039,0
RE1,DEMCOMHFO,HFO,2040,0
RE1,DEMINDBIO,BIO,2019,0
RE1,DEMINDBIO,BIO,2020,0
RE1,DEMINDBIO,BIO,2021,0
RE1,DEMINDBIO,BIO,2022,0
RE1,DEMINDBIO,BIO,2023,0
RE1,DEMINDBIO,BIO,2024,0
RE1,DEMINDBIO,BIO,2025,0
RE1,DEMINDBIO,BIO,2026,0
RE1,DEMINDBIO,BIO,2027,0
RE1,DEMINDBIO,BIO,2028,0
RE1,DEMINDBIO,BIO,2029,0
RE1,DEMINDBIO,BIO,2030,0
RE1,DEMINDBIO,BIO,2031,0
RE1,DEMINDBIO,BIO,2032,0
RE1,DEMINDBIO,BIO,2033,0
RE1,DEMINDBIO,BIO,2034,0
RE1,DEMINDBIO,BIO,2035,0
RE1,DEMINDBIO,BIO,2036,0
RE1,DEMINDBIO,BIO,2037,0
RE1,DEMINDBIO,BIO,2038,0
RE1,DEMINDBIO,BIO,2039,0
RE1,DEMINDBIO,BIO,2040,0
RE1,DEMINDDSL,DSL,2019,0
RE1,DEMINDDSL,DSL,2020,0
RE1,DEMINDDSL,DSL,2021,0
RE1,DEMINDDSL,DSL,2022,0
RE1,DEMINDDSL,DSL,2023,0
RE1,DEMINDDSL,DSL,2024,0
RE1,DEMINDDSL,DSL,2025,0
RE1,DEMINDDSL,DSL,2026,0
RE1,DEMINDDSL,DSL,2027,0
RE1,DEMINDDSL,DSL,2028,0
RE1,DEMINDDSL,DSL,2029,0
RE1,DEMINDDSL,DSL,2030,0
RE1,DEMINDDSL,DSL,2031,0
RE1,DEMINDDSL,DSL,2032,0
RE1,DEMINDDSL,DSL,2033,0
RE1,DEMINDDSL,DSL,2034,0
RE1,DEMINDDSL,DSL,2035,0
RE1,DEMINDDSL,DSL,2036,0
RE1,DEMINDDSL,DSL,2037,0
RE1,DEMINDDSL,DSL,2038,0
RE1,DEMINDDSL,DSL,2039,0
RE1,DEMINDDSL,DSL,2040,0
RE1,DEMINDHFO,HFO,2019,0
RE1,DEMINDHFO,HFO,2020,0
RE1,DEMINDHFO,HFO,2021,0
RE1,DEMINDHFO,HFO,2022,0
RE1,DEMINDHFO,HFO,2023,0
RE1,DEMINDHFO,HFO,2024,0
RE1,DEMINDHFO,HFO,2025,0
RE1,DEMINDHFO,HFO,2026,0
RE1,DEMINDHFO,HFO,2027,0
RE1,DEMINDHFO,HFO,2028,0
RE1,DEMINDHFO,HFO,2029,0
RE1,DEMINDHFO,HFO,2030,0
RE1,DEMINDHFO,HFO,2031,0
RE1,DEMINDHFO,HFO,2032,0
RE1,DEMINDHFO,HFO,2033,0
RE1,DEMINDHFO,HFO,2034,0
RE1,DEMINDHFO,HFO,2035,0
RE1,DEMINDHFO,HFO,2036,0
RE1,DEMINDHFO,HFO,2037,0
RE1,DEMINDHFO,HFO,2038,0
RE1,DEMINDHFO,HFO,2039,0
RE1,DEMINDHFO,HFO,2040,0
RE1,DEMINDLPG,LPG,2019,0
RE1,DEMINDLPG,LPG,2020,0
RE1,DEMINDLPG,LPG,2021,0
RE1,DEMINDLPG,LPG,2022,0
RE1,DEMINDLPG,LPG,2023,0
RE1,DEMINDLPG,LPG,2024,0
RE1,DEMINDLPG,LPG,2025,0
RE1,DEMINDLPG,LPG,2026,0
RE1,DEMINDLPG,LPG,2027,0
RE1,DEMINDLPG,LPG,2028,0
RE1,DEMINDLPG,LPG,2029,0
RE1,DEMINDLPG,LPG,2030,0
RE1,DEMINDLPG,LPG,2031,0
RE1,DEMINDLPG,LPG,2032,0
RE1,DEMINDLPG,LPG,2033,0
RE1,DEMINDLPG,LPG,2034,0
RE1,DEMINDLPG,LPG,2035,0
RE1,DEMINDLPG,LPG,2036,0
RE1,DEMINDLPG,LPG,2037,0
RE1,DEMINDLPG,LPG,2038,0
RE1,DEMINDLPG,LPG,2039,0
RE1,DEMINDLPG,LPG,2040,0
RE1,DEMOTHDSL,DSL,2019,0
RE1,DEMOTHDSL,DSL,2020,0
RE1,DEMOTHDSL,DSL,2021,0
RE1,DEMOTHDSL,DSL,2022,0
RE1,DEMOTHDSL,DSL,2023,0
RE1,DEMOTHDSL,DSL,2024,0
RE1,DEMOTHDSL,DSL,2025,0
RE1,DEMOTHDSL,DSL,2026,0
RE1,DEMOTHDSL,DSL,2027,0
RE1,DEMOTHDSL,DSL,2028,0
RE1,DEMOTHDSL,DSL,2029,0
RE1,DEMOTHDSL,DSL,2030,0
RE1,DEMOTHDSL,DSL,2031,0
RE1,DEMOTHDSL,DSL,2032,0
RE1,DEMOTHDSL,DSL,2033,0
RE1,DEMOTHDSL,DSL,2034,0
RE1,DEMOTHDSL,DSL,2035,0
RE1,DEMOTHDSL,DSL,2036,0
RE1,DEMOTHDSL,DSL,2037,0
RE1,DEMOTHDSL,DSL,2038,0
RE1,DEMOTHDSL,DSL,2039,0
RE1,DEMOTHDSL,DSL,2040,0
RE1,DEMOTHLPG,LPG,2019,0
RE1,DEMOTHLPG,LPG,2020,0
RE1,DEMOTHLPG,LPG,2021,0
RE1,DEMOTHLPG,LPG,2022,0
RE1,DEMOTHLPG,LPG,2023,0
RE1,DEMOTHLPG,LPG,2024,0
RE1,DEMOTHLPG,LPG,2025,0
RE1,DEMOTHLPG,LPG,2026,0
RE1,DEMOTHLPG,LPG,2027,0
RE1,DEMOTHLPG,LPG,2028,0
RE1,DEMOTHLPG,LPG,2029,0
RE1,DEMOTHLPG,LPG,2030,0
RE1,DEMOTHLPG,LPG,2031,0
RE1,DEMOTHLPG,LPG,2032,0
RE1,DEMOTHLPG,LPG,2033,0
RE1,DEMOTHLPG,LPG,2034,0
RE1,DEMOTHLPG,LPG,2035,0
RE1,DEMOTHLPG,LPG,2036,0
RE1,DEMOTHLPG,LPG,2037,0
RE1,DEMOTHLPG,LPG,2038,0
RE1,DEMOTHLPG,LPG,2039,0
RE1,DEMOTHLPG,LPG,2040,0
RE1,DEMRESBIO,BIO,2019,0
RE1,DEMRESBIO,BIO,2020,0
RE1,DEMRESBIO,BIO,2021,0
RE1,DEMRESBIO,BIO,2022,0
RE1,DEMRESBIO,BIO,2023,0
RE1,DEMRESBIO,BIO,2024,0
RE1,DEMRESBIO,BIO,2025,0
RE1,DEMRESBIO,BIO,2026,0
RE1,DEMRESBIO,BIO,2027,0
RE1,DEMRESBIO,BIO,2028,0
RE1,DEMRESBIO,BIO,2029,0
RE1,DEMRESBIO,BIO,2030,0
RE1,DEMRESBIO,BIO,2031,0
RE1,DEMRESBIO,BIO,2032,0
RE1,DEMRESBIO,BIO,2033,0
RE1,DEMRESBIO,BIO,2034,0
RE1,DEMRESBIO,BIO,2035,0
RE1,DEMRESBIO,BIO,2036,0
RE1,DEMRESBIO,BIO,2037,0
RE1,DEMRESBIO,BIO,2038,0
RE1,DEMRESBIO,BIO,2039,0
RE1,DEMRESBIO,BIO,2040,0
RE1,DEMRESCHC,CHC,2019,0
RE1,DEMRESCHC,CHC,2020,0
RE1,DEMRESCHC,CHC,2021,0
RE1,DEMRESCHC,CHC,2022,0
RE1,DEMRESCHC,CHC,2023,0
RE1,DEMRESCHC,CHC,2024,0
RE1,DEMRESCHC,CHC,2025,0
RE1,DEMRESCHC,CHC,2026,0
RE1,DEMRESCHC,CHC,2027,0
RE1,DEMRESCHC,CHC,2028,0
RE1,DEMRESCHC,CHC,2029,0
RE1,DEMRESCHC,CHC,2030,0
RE1,DEMRESCHC,CHC,2031,0
RE1,DEMRESCHC,CHC,2032,0
RE1,DEMRESCHC,CHC,2033,0
RE1,DEMRESCHC,CHC,2034,0
RE1,DEMRESCHC,CHC,2035,0
RE1,DEMRESCHC,CHC,2036,0
RE1,DEMRESCHC,CHC,2037,0
RE1,DEMRESCHC,CHC,2038,0
RE1,DEMRESCHC,CHC,2039,0
RE1,DEMRESCHC,CHC,2040,0
RE1,DEMRESKER,KER001,2019,0
RE1,DEMRESKER,KER001,2020,0
RE1,DEMRESKER,KER001,2021,0
RE1,DEMRESKER,KER001,2022,0
RE1,DEMRESKER,KER001,2023,0
RE1,DEMRESKER,KER001,2024,0
RE1,DEMRESKER,KER001,2025,0
RE1,DEMRESKER,KER001,2026,0
RE1,DEMRESKER,KER001,2027,0
RE1,DEMRESKER,KER001,2028,0
RE1,DEMRESKER,KER001,2029,0
RE1,DEMRESKER,KER001,2030,0
RE1,DEMRESKER,KER001,2031,0
RE1,DEMRESKER,KER001,2032,0
RE1,DEMRESKER,KER001,2033,0
RE1,DEMRESKER,KER001,2034,0
RE1,DEMRESKER,KER001,2035,0
RE1,DEMRESKER,KER001,2036,0
RE1,DEMRESKER,KER001,2037,0
RE1,DEMRESKER,KER001,2038,0
RE1,DEMRESKER,KER001,2039,0
RE1,DEMRESKER,KER001,2040,0
RE1,DEMTRADSL,DSL,2019,0
RE1,DEMTRADSL,DSL,2020,0
RE1,DEMTRADSL,DSL,2021,0
RE1,DEMTRADSL,DSL,2022,0
RE1,DEMTRADSL,DSL,2023,0
RE1,DEMTRADSL,DSL,2024,0
RE1,DEMTRADSL,DSL,2025,0
RE1,DEMTRADSL,DSL,2026,0
RE1,DEMTRADSL,DSL,2027,0
RE1,DEMTRADSL,DSL,2028,0
RE1,DEMTRADSL,DSL,2029,0
RE1,DEMTRADSL,DSL,2030,0
RE1,DEMTRADSL,DSL,2031,0
RE1,DEMTRADSL,DSL,2032,0
RE1,DEMTRADSL,DSL,2033,0
RE1,DEMTRADSL,DSL,2034,0
RE1,DEMTRADSL,DSL,2035,0
RE1,DEMTRADSL,DSL,2036,0
RE1,DEMTRADSL,DSL,2037,0
RE1,DEMTRADSL,DSL,2038,0
RE1,DEMTRADSL,DSL,2039,0
RE1,DEMTRADSL,DSL,2040,0
RE1,DEMTRAGSL,GSL,2019,0
RE1,DEMTRAGSL,GSL,2020,0
RE1,DEMTRAGSL,GSL,2021,0
RE1,DEMTRAGSL,GSL,2022,0
RE1,DEMTRAGSL,GSL,2023,0
RE1,DEMTRAGSL,GSL,2024,0
RE1,DEMTRAGSL,GSL,2025,0
RE1,DEMTRAGSL,GSL,2026,0
RE1,DEMTRAGSL,GSL,2027,0
RE1,DEMTRAGSL,GSL,2028,0
RE1,DEMTRAGSL,GSL,2029,0
RE1,DEMTRAGSL,GSL,2030,0
RE1,DEMTRAGSL,GSL,2031,0
RE1,DEMTRAGSL,GSL,2032,0
RE1,DEMTRAGSL,GSL,2033,0
RE1,DEMTRAGSL,GSL,2034,0
RE1,DEMTRAGSL,GSL,2035,0
RE1,DEMTRAGSL,GSL,2036,0
RE1,DEMTRAGSL,GSL,2037,0
RE1,DEMTRAGSL,GSL,2038,0
RE1,DEMTRAGSL,GSL,2039,0
RE1,DEMTRAGSL,GSL,2040,0
RE1,DEMTRAHFO,HFO,2019,0
RE1,DEMTRAHFO,HFO,2020,0
RE1,DEMTRAHFO,HFO,2021,0
RE1,DEMTRAHFO,HFO,2022,0
RE1,DEMTRAHFO,HFO,2023,0
RE1,DEMTRAHFO,HFO,2024,0
RE1,DEMTRAHFO,HFO,2025,0
RE1,DEMTRAHFO,HFO,2026,0
RE1,DEMTRAHFO,HFO,2027,0
RE1,DEMTRAHFO,HFO,2028,0
RE1,DEMTRAHFO,HFO,2029,0
RE1,DEMTRAHFO,HFO,2030,0
RE1,DEMTRAHFO,HFO,2031,0
RE1,DEMTRAHFO,HFO,2032,0
RE1,DEMTRAHFO,HFO,2033,0
RE1,DEMTRAHFO,HFO,2034,0
RE1,DEMTRAHFO,HFO,2035,0
RE1,DEMTRAHFO,HFO,2036,0
RE1,DEMTRAHFO,HFO,2037,0
RE1,DEMTRAHFO,HFO,2038,0
RE1,DEMTRAHFO,HFO,2039,0
RE1,DEMTRAHFO,HFO,2040,0
RE1,DEMTRALPG,LPG,2019,0
RE1,DEMTRALPG,LPG,2020,0
RE1,DEMTRALPG,LPG,2021,0
RE1,DEMTRALPG,LPG,2022,0
RE1,DEMTRALPG,LPG,2023,0
RE1,DEMTRALPG,LPG,2024,0
RE1,DEMTRALPG,LPG,2025,0
RE1,DEMTRALPG,LPG,2026,0
RE1,DEMTRALPG,LPG,2027,0
RE1,DEMTRALPG,LPG,2028,0
RE1,DEMTRALPG,LPG,2029,0
RE1,DEMTRALPG,LPG,2030,0
RE1,DEMTRALPG,LPG,2031,0
RE1,DEMTRALPG,LPG,2032,0
RE1,DEMTRALPG,LPG,2033,0
RE1,DEMTRALPG,LPG,2034,0
RE1,DEMTRALPG,LPG,2035,0
RE1,DEMTRALPG,LPG,2036,0
RE1,DEMTRALPG,LPG,2037,0
RE1,DEMTRALPG,LPG,2038,0
RE1,DEMTRALPG,LPG,2039,0
RE1,DEMTRALPG,LPG,2040,0
RE1,PWRBIO001,BIO,2019,0
RE1,PWRBIO001,BIO,2020,0
RE1,PWRBIO001,BIO,2021,0
RE1,PWRBIO001,BIO,2022,0
RE1,PWRBIO001,BIO,2023,0
RE1,PWRBIO001,BIO,2024,0
RE1,PWRBIO001,BIO,2025,0
RE1,PWRBIO001,BIO,2026,0
RE1,PWRBIO001,BIO,2027,0
RE1,PWRBIO001,BIO,2028,0
RE1,PWRBIO001,BIO,2029,0
RE1,PWRBIO001,BIO,2030,0
RE1,PWRBIO001,BIO,2031,0
RE1,PWRBIO001,BIO,2032,0
RE1,PWRBIO001,BIO,2033,0
RE1,PWRBIO001,BIO,2034,0
RE1,PWRBIO001,BIO,2035,0
RE1,PWRBIO001,BIO,2036,0
RE1,PWRBIO001,BIO,2037,0
RE1,PWRBIO001,BIO,2038,0
RE1,PWRBIO001,BIO,2039,0
RE1,PWRBIO001,BIO,2040,0
RE1,PWRCOA001,COA,2019,0
RE1,PWRCOA001,COA,2020,0
RE1,PWRCOA001,COA,2021,0
RE1,PWRCOA001,COA,2022,0
RE1,PWRCOA001,COA,2023,0
RE1,PWRCOA001,COA,2024,0
RE1,PWRCOA001,COA,2025,0
RE1,PWRCOA001,COA,2026,0
RE1,PWRCOA001,COA,2027,0
RE1,PWRCOA001,COA,2028,0
RE1,PWRCOA001,COA,2029,0
RE1,PWRCOA001,COA,2030,0
RE1,PWRCOA001,COA,2031,0
RE1,PWRCOA001,COA,2032,0
RE1,PWRCOA001,COA,2033,0
RE1,PWRCOA001,COA,2034,0
RE1,PWRCOA001,COA,2035,0
RE1,PWRCOA001,COA,2036,0
RE1,PWRCOA001,COA,2037,0
RE1,PWRCOA001,COA,2038,0
RE1,PWRCOA001,COA,2039,0
RE1,PWRCOA001,COA,2040,0
RE1,PWRCOA002,COA,2019,0
RE1,PWRCOA002,COA,2020,0
RE1,PWRCOA002,COA,2021,0
RE1,PWRCOA002,COA,2022,0
RE1,PWRCOA002,COA,2023,0
RE1,PWRCOA002,COA,2024,0
RE1,PWRCOA002,COA,2025,0
RE1,PWRCOA002,COA,2026,0
RE1,PWRCOA002,COA,2027,0
RE1,PWRCOA002,COA,2028,0
RE1,PWRCOA002,COA,2029,0
RE1,PWRCOA002,COA,2030,0
RE1,PWRCOA002,COA,2031,0
RE1,PWRCOA002,COA,2032,0
RE1,PWRCOA002,COA,2033,0
RE1,PWRCOA002,COA,2034,0
RE1,PWRCOA002,COA,2035,0
RE1,PWRCOA002,COA,2036,0
RE1,PWRCOA002,COA,2037,0
RE1,PWRCOA002,COA,2038,0
RE1,PWRCOA002,COA,2039,0
RE1,PWRCOA002,COA,2040,0
RE1,PWRHFO001,HFO,2019,0
RE1,PWRHFO001,HFO,2020,0
RE1,PWRHFO001,HFO,2021,0
RE1,PWRHFO001,HFO,2022,0
RE1,PWRHFO001,HFO,2023,0
RE1,PWRHFO001,HFO,2024,0
RE1,PWRHFO001,HFO,2025,0
RE1,PWRHFO001,HFO,2026,0
RE1,PWRHFO001,HFO,2027,0
RE1,PWRHFO001,HFO,2028,0
RE1,PWRHFO001,HFO,2029,0
RE1,PWRHFO001,HFO,2030,0
RE1,PWRHFO001,HFO,2031,0
RE1,PWRHFO001,HFO,2032,0
RE1,PWRHFO001,HFO,2033,0
RE1,PWRHFO001,HFO,2034,0
RE1,PWRHFO001,HFO,2035,0
RE1,PWRHFO001,HFO,2036,0
RE1,PWRHFO001,HFO,2037,0
RE1,PWRHFO001,HFO,2038,0
RE1,PWRHFO001,HFO,2039,0
RE1,PWRHFO001,HFO,2040,0
RE1,PWRHFO002,HFO,2019,0
RE1,PWRHFO002,HFO,2020,0
RE1,PWRHFO002,HFO,2021,0
RE1,PWRHFO002,HFO,2022,0
RE1,PWRHFO002,HFO,2023,0
RE1,PWRHFO002,HFO,2024,0
RE1,PWRHFO002,HFO,2025,0
RE1,PWRHFO002,HFO,2026,0
RE1,PWRHFO002,HFO,2027,0
RE1,PWRHFO002,HFO,2028,0
RE1,PWRHFO002,HFO,2029,0
RE1,PWRHFO002,HFO,2030,0
RE1,PWRHFO002,HFO,2031,0
RE1,PWRHFO002,HFO,2032,0
RE1,PWRHFO002,HFO,2033,0
RE1,PWRHFO002,HFO,2034,0
RE1,PWRHFO002,HFO,2035,0
RE1,PWRHFO002,HFO,2036,0
RE1,PWRHFO002,HFO,2037,0
RE1,PWRHFO002,HFO,2038,0
RE1,PWRHFO002,HFO,2039,0
RE1,PWRHFO002,HFO,2040,0
RE1,PWRHFO003,HFO,2019,0
RE1,PWRHFO003,HFO,2020,0
RE1,PWRHFO003,HFO,2021,0
RE1,PWRHFO003,HFO,2022,0
RE1,PWRHFO003,HFO,2023,0
RE1,PWRHFO003,HFO,2024,0
RE1,PWRHFO003,HFO,2025,0
RE1,PWRHFO003,HFO,2026,0
RE1,PWRHFO003,HFO,2027,0
RE1,PWRHFO003,HFO,2028,0
RE1,PWRHFO003,HFO,2029,0
RE1,PWRHFO003,HFO,2030,0
RE1,PWRHFO003,HFO,2031,0
RE1,PWRHFO003,HFO,2032,0
RE1,PWRHFO003,HFO,2033,0
RE1,PWRHFO003,HFO,2034,0
RE1,PWRHFO003,HFO,2035,0
RE1,PWRHFO003,HFO,2036,0
RE1,PWRHFO003,HFO,2037,0
RE1,PWRHFO003,HFO,2038,0
RE1,PWRHFO003,HFO,2039,0
RE1,PWRHFO003,HFO,2040,0
RE1,PWRHYD001,HYD,2019,0
RE1,PWRHYD001,HYD,2020,0
RE1,PWRHYD001,HYD,2021,0
RE1,PWRHYD001,HYD,2022,0
RE1,PWRHYD001,HYD,2023,0
RE1,PWRHYD001,HYD,2024,0
RE1,PWRHYD001,HYD,2025,0
RE1,PWRHYD001,HYD,2026,0
RE1,PWRHYD001,HYD,2027,0
RE1,PWRHYD001,HYD,2028,0
RE1,PWRHYD001,HYD,2029,0
RE1,PWRHYD001,HYD,2030,0
RE1,PWRHYD001,HYD,2031,0
RE1,PWRHYD001,HYD,2032,0
RE1,PWRHYD001,HYD,2033,0
RE1,PWRHYD001,HYD,2034,0
RE1,PWRHYD001,HYD,2035,0
RE1,PWRHYD001,HYD,2036,0
RE1,PWRHYD001,HYD,2037,0
RE1,PWRHYD001,HYD,2038,0
RE1,PWRHYD001,HYD,2039,0
RE1,PWRHYD001,HYD,2040,0
RE1,PWRHYD002,HYD,2019,0
RE1,PWRHYD002,HYD,2020,0
RE1,PWRHYD002,HYD,2021,0
RE1,PWRHYD002,HYD,2022,0
RE1,PWRHYD002,HYD,2023,0
RE1,PWRHYD002,HYD,2024,0
RE1,PWRHYD002,HYD,2025,0
RE1,PWRHYD002,HYD,2026,0
RE1,PWRHYD002,HYD,2027,0
RE1,PWRHYD002,HYD,2028,0
RE1,PWRHYD002,HYD,2029,0
RE1,PWRHYD002,HYD,2030,0
RE1,PWRHYD002,HYD,2031,0
RE1,PWRHYD002,HYD,2032,0
RE1,PWRHYD002,HYD,2033,0
RE1,PWRHYD002,HYD,2034,0
RE1,PWRHYD002,HYD,2035,0
RE1,PWRHYD002,HYD,2036,0
RE1,PWRHYD002,HYD,2037,0
RE1,PWRHYD002,HYD,2038,0
RE1,PWRHYD002,HYD,2039,0
RE1,PWRHYD002,HYD,2040,0
RE1,PWRHYD003,HYD,2019,0
RE1,PWRHYD003,HYD,2020,0
RE1,PWRHYD003,HYD,2021,0
RE1,PWRHYD003,HYD,2022,0
RE1,PWRHYD003,HYD,2023,0
RE1,PWRHYD003,HYD,2024,0
RE1,PWRHYD003,HYD,2025,0
RE1,PWRHYD003,HYD,2026,0
RE1,PWRHYD003,HYD,2027,0
RE1,PWRHYD003,HYD,2028,0
RE1,PWRHYD003,HYD,2029,0
RE1,PWRHYD003,HYD,2030,0
RE1,PWRHYD003,HYD,2031,0
RE1,PWRHYD003,HYD,2032,0
RE1,PWRHYD003,HYD,2033,0
RE1,PWRHYD003,HYD,2034,0
RE1,PWRHYD003,HYD,2035,0
RE1,PWRHYD003,HYD,2036,0
RE1,PWRHYD003,HYD,2037,0
RE1,PWRHYD003,HYD,2038,0
RE1,PWRHYD003,HYD,2039,0
RE1,PWRHYD003,HYD,2040,0
RE1,PWRNGS001,LNG,2019,0
RE1,PWRNGS001,LNG,2020,0
RE1,PWRNGS001,LNG,2021,0
RE1,PWRNGS001,LNG,2022,0
RE1,PWRNGS001,LNG,2023,0
RE1,PWRNGS001,LNG,2024,0
RE1,PWRNGS001,LNG,2025,0
RE1,PWRNGS001,LNG,2026,0
RE1,PWRNGS001,LNG,2027,0
RE1,PWRNGS001,LNG,2028,0
RE1,PWRNGS001,LNG,2029,0
RE1,PWRNGS001,LNG,2030,0
RE1,PWRNGS001,LNG,2031,0
RE1,PWRNGS001,LNG,2032,0
RE1,PWRNGS001,LNG,2033,0
RE1,PWRNGS001,LNG,2034,0
RE1,PWRNGS001,LNG,2035,0
RE1,PWRNGS001,LNG,2036,0
RE1,PWRNGS001,LNG,2037,0
RE1,PWRNGS001,LNG,2038,0
RE1,PWRNGS001,LNG,2039,0
RE1,PWRNGS001,LNG,2040,0
RE1,PWRNGS002,LNG,2019,0
RE1,PWRNGS002,LNG,2020,0
RE1,PWRNGS002,LNG,2021,0
RE1,PWRNGS002,LNG,2022,0
RE1,PWRNGS002,LNG,2023,0
RE1,PWRNGS002,LNG,2024,0
RE1,PWRNGS002,LNG,2025,0
RE1,PWRNGS002,LNG,2026,0
RE1,PWRNGS002,LNG,2027,0
RE1,PWRNGS002,LNG,2028,0
RE1,PWRNGS002,LNG,2029,0
RE1,PWRNGS002,LNG,2030,0
RE1,PWRNGS002,LNG,2031,0
RE1,PWRNGS002,LNG,2032,0
RE1,PWRNGS002,LNG,2033,0
RE1,PWRNGS002,LNG,2034,0
RE1,PWRNGS002,LNG,2035,0
RE1,PWRNGS002,LNG,2036,0
RE1,PWRNGS002,LNG,2037,0
RE1,PWRNGS002,LNG,2038,0
RE1,PWRNGS002,LNG,2039,0
RE1,PWRNGS002,LNG,2040,0
RE1,PWRNGS003,LNG,2019,0
RE1,PWRNGS003,LNG,2020,0
RE1,PWRNGS003,LNG,2021,0
RE1,PWRNGS003,LNG,2022,0
RE1,PWRNGS003,LNG,2023,0
RE1,PWRNGS003,LNG,2024,0
RE1,PWRNGS003,LNG,2025,0
RE1,PWRNGS003,LNG,2026,0
RE1,PWRNGS003,LNG,2027,0
RE1,PWRNGS003,LNG,2028,0
RE1,PWRNGS003,LNG,2029,0
RE1,PWRNGS003,LNG,2030,0
RE1,PWRNGS003,LNG,2031,0
RE1,PWRNGS003,LNG,2032,0
RE1,PWRNGS003,LNG,2033,0
RE1,PWRNGS003,LNG,2034,0
RE1,PWRNGS003,LNG,2035,0
RE1,PWRNGS003,LNG,2036,0
RE1,PWRNGS003,LNG,2037,0
RE1,PWRNGS003,LNG,2038,0
RE1,PWRNGS003,LNG,2039,0
RE1,PWRNGS003,LNG,2040,0
RE1,PWRSOL001,SOL,2019,0
RE1,PWRSOL001,SOL,2020,0
RE1,PWRSOL001,SOL,2021,0
RE1,PWRSOL001,SOL,2022,0
RE1,PWRSOL001,SOL,2023,0
RE1,PWRSOL001,SOL,2024,0
RE1,PWRSOL001,SOL,2025,0
RE1,PWRSOL001,SOL,2026,0
RE1,PWRSOL001,SOL,2027,0
RE1,PWRSOL001,SOL,2028,0
RE1,PWRSOL001,SOL,2029,0
RE1,PWRSOL001,SOL,2030,0
RE1,PWRSOL001,SOL,2031,0
RE1,PWRSOL001,SOL,2032,0
RE1,PWRSOL001,SOL,2033,0
RE1,PWRSOL001,SOL,2034,0
RE1,PWRSOL001,SOL,2035,0
RE1,PWRSOL001,SOL,2036,0
RE1,PWRSOL001,SOL,2037,0
RE1,PWRSOL001,SOL,2038,0
RE1,PWRSOL001,SOL,2039,0
RE1,PWRSOL001,SOL,2040,0
RE1,PWRSOL002,SOL,2019,0
RE1,PWRSOL002,SOL,2020,0
RE1,PWRSOL002,SOL,2021,0
RE1,PWRSOL002,SOL,2022,0
RE1,PWRSOL002,SOL,2023,0
RE1,PWRSOL002,SOL,2024,0
RE1,PWRSOL002,SOL,2025,0
RE1,PWRSOL002,SOL,2026,0
RE1,PWRSOL002,SOL,2027,0
RE1,PWRSOL002,SOL,2028,0
RE1,PWRSOL002,SOL,2029,0
RE1,PWRSOL002,SOL,2030,0
RE1,PWRSOL002,SOL,2031,0
RE1,PWRSOL002,SOL,2032,0
RE1,PWRSOL002,SOL,2033,0
RE1,PWRSOL002,SOL,2034,0
RE1,PWRSOL002,SOL,2035,0
RE1,PWRSOL002,SOL,2036,0
RE1,PWRSOL002,SOL,2037,0
RE1,PWRSOL002,SOL,2038,0
RE1,PWRSOL002,SOL,2039,0
RE1,PWRSOL002,SOL,2040,0
RE1,PWRSOL003,SOL,2019,0
RE1,PWRSOL003,SOL,2020,0
RE1,PWRSOL003,SOL,2021,0
RE1,PWRSOL003,SOL,2022,0
RE1,PWRSOL003,SOL,2023,0
RE1,PWRSOL003,SOL,2024,0
RE1,PWRSOL003,SOL,2025,0
RE1,PWRSOL003,SOL,2026,0
RE1,PWRSOL003,SOL,2027,0
RE1,PWRSOL003,SOL,2028,0
RE1,PWRSOL003,SOL,2029,0
RE1,PWRSOL003,SOL,2030,0
RE1,PWRSOL003,SOL,2031,0
RE1,PWRSOL003,SOL,2032,0
RE1,PWRSOL003,SOL,2033,0
RE1,PWRSOL003,SOL,2034,0
RE1,PWRSOL003,SOL,2035,0
RE1,PWRSOL003,SOL,2036,0
RE1,PWRSOL003,SOL,2037,0
RE1,PWRSOL003,SOL,2038,0
RE1,PWRSOL003,SOL,2039,0
RE1,PWRSOL003,SOL,2040,0
RE1,PWRTRN001,ELC001,2019,0
RE1,PWRTRN001,ELC001,2020,0
RE1,PWRTRN001,ELC001,2021,0
RE1,PWRTRN001,ELC001,2022,0
RE1,PWRTRN001,ELC001,2023,0
RE1,PWRTRN001,ELC001,2024,0
RE1,PWRTRN001,ELC001,2025,0
RE1,PWRTRN001,ELC001,2026,0
RE1,PWRTRN001,ELC001,2027,0
RE1,PWRTRN001,ELC001,2028,0
RE1,PWRTRN001,ELC001,2029,0
RE1,PWRTRN001,ELC001,2030,0
RE1,PWRTRN001,ELC001,2031,0
RE1,PWRTRN001,ELC001,2032,0
RE1,PWRTRN001,ELC001,2033,0
RE1,PWRTRN001,ELC001,2034,0
RE1,PWRTRN001,ELC001,2035,0
RE1,PWRTRN001,ELC001,2036,0
RE1,PWRTRN001,ELC001,2037,0
RE1,PWRTRN001,ELC001,2038,0
RE1,PWRTRN001,ELC001,2039,0
RE1,PWRTRN001,ELC001,2040,0
RE1,PWRWND001,WND,2019,0
RE1,PWRWND001,WND,2020,0
RE1,PWRWND001,WND,2021,0
RE1,PWRWND001,WND,2022,0
RE1,PWRWND001,WND,2023,0
RE1,PWRWND001,WND,2024,0
RE1,PWRWND001,WND,2025,0
RE1,PWRWND001,WND,2026,0
RE1,PWRWND001,WND,2027,0
RE1,PWRWND001,WND,2028,0
RE1,PWRWND001,WND,2029,0
RE1,PWRWND001,WND,2030,0
RE1,PWRWND001,WND,2031,0
RE1,PWRWND001,WND,2032,0
RE1,PWRWND001,WND,2033,0
RE1,PWRWND001,WND,2034,0
RE1,PWRWND001,WND,2035,0
RE1,PWRWND001,WND,2036,0
RE1,PWRWND001,WND,2037,0
RE1,PWRWND001,WND,2038,0
RE1,PWRWND001,WND,2039,0
RE1,PWRWND001,WND,2040,0
