r,t,f,y,ProductionByTechnologyAnnual
RE1,DEMAGRDSL,AGRDSL,2019,13.67
RE1,DEMAGRDSL,AGRDSL,2020,13.8375
RE1,DEMAGRDSL,AGRDSL,2021,14.007
RE1,DEMAGRDSL,AGRDSL,2022,14.1785
RE1,DEMAGRDSL,AGRDSL,2023,14.3522
RE1,DEMAGRDSL,AGRDSL,2024,14.5281
RE1,DEMAGRDSL,AGRDSL,2025,14.706
RE1,DEMAGRDSL,AGRDSL,2026,14.8861
RE1,DEMAGRDSL,AGRDSL,2027,15.0686
RE1,DEMAGRDSL,AGRDSL,2028,15.2531
RE1,DEMAGRDSL,AGRDSL,2029,15.44
RE1,DEMAGRDSL,AGRDSL,2030,15.6291
RE1,DEMAGRDSL,AGRDSL,2031,15.8205
RE1,DEMAGRDSL,AGRDSL,2032,16.0144
RE1,DEMAGRDSL,AGRDSL,2033,16.2106
RE1,DEMAGRDSL,AGRDSL,2034,16.4091
RE1,DEMAGRDSL,AGRDSL,2035,16.6101
RE1,DEMAGRDSL,AGRDSL,2036,16.8136
RE1,DEMAGRDSL,AGRDSL,2037,17.0196
RE1,DEMAGRDSL,AGRDSL,2038,17.228
RE1,DEMAGRDSL,AGRDSL,2039,17.4391
RE1,DEMAGRDSL,AGRDSL,2040,17.6527
RE1,DEMAGRHFO,AGRHFO,2019,0.53
RE1,DEMAGRHFO,AGRHFO,2020,0.5365
RE1,DEMAGRHFO,AGRHFO,2021,0.543
RE1,DEMAGRHFO,AGRHFO,2022,0.5497
RE1,DEMAGRHFO,AGRHFO,2023,0.5565
RE1,DEMAGRHFO,AGRHFO,2024,0.5633
RE1,DEMAGRHFO,AGRHFO,2025,0.5702
RE1,DEMAGRHFO,AGRHFO,2026,0.5771
RE1,DEMAGRHFO,AGRHFO,2027,0.5842
RE1,DEMAGRHFO,AGRHFO,2028,0.5914
RE1,DEMAGRHFO,AGRHFO,2029,0.5986
RE1,DEMAGRHFO,AGRHFO,2030,0.6059
RE1,DEMAGRHFO,AGRHFO,2031,0.6133
RE1,DEMAGRHFO,AGRHFO,2032,0.6209
RE1,DEMAGRHFO,AGRHFO,2033,0.6285
RE1,DEMAGRHFO,AGRHFO,2034,0.6362
RE1,DEMAGRHFO,AGRHFO,2035,0.644
RE1,DEMAGRHFO,AGRHFO,2036,0.6518
RE1,DEMAGRHFO,AGRHFO,2037,0.6599
RE1,DEMAGRHFO,AGRHFO,2038,0.668
RE1,DEMAGRHFO,AGRHFO,2039,0.6761
RE1,DEMAGRHFO,AGRHFO,2040,0.6844
RE1,DEMAGRLPG,AGRLPG,2019,0.19
RE1,DEMAGRLPG,AGRLPG,2020,0.1924
RE1,DEMAGRLPG,AGRLPG,2021,0.1947
RE1,DEMAGRLPG,AGRLPG,2022,0.1971
RE1,DEMAGRLPG,AGRLPG,2023,0.1995
RE1,DEMAGRLPG,AGRLPG,2024,0.2019
RE1,DEMAGRLPG,AGRLPG,2025,0.2044
RE1,DEMAGRLPG,AGRLPG,2026,0.2069
RE1,DEMAGRLPG,AGRLPG,2027,0.2094
RE1,DEMAGRLPG,AGRLPG,2028,0.212
RE1,DEMAGRLPG,AGRLPG,2029,0.2146
RE1,DEMAGRLPG,AGRLPG,2030,0.2172
RE1,DEMAGRLPG,AGRLPG,2031,0.2199
RE1,DEMAGRLPG,AGRLPG,2032,0.2226
RE1,DEMAGRLPG,AGRLPG,2033,0.2253
RE1,DEMAGRLPG,AGRLPG,2034,0.2281
RE1,DEMAGRLPG,AGRLPG,2035,0.2309
RE1,DEMAGRLPG,AGRLPG,2036,0.2337
RE1,DEMAGRLPG,AGRLPG,2037,0.2366
RE1,DEMAGRLPG,AGRLPG,2038,0.2394
RE1,DEMAGRLPG,AGRLPG,2039,0.2424
RE1,DEMAGRLPG,AGRLPG,2040,0.2453
RE1,DEMCOMHFO,COMHFO,2019,0.08
RE1,DEMCOMHFO,COMHFO,2020,0.0814
RE1,DEMCOMHFO,COMHFO,2021,0.0828
RE1,DEMCOMHFO,COMHFO,2022,0.0843
RE1,DEMCOMHFO,COMHFO,2023,0.0858
RE1,DEMCOMHFO,COMHFO,2024,0.0873
RE1,DEMCOMHFO,COMHFO,2025,0.0888
RE1,DEMCOMHFO,COMHFO,2026,0.0904
RE1,DEMCOMHFO,COMHFO,2027,0.0919
RE1,DEMCOMHFO,COMHFO,2028,0.0935
RE1,DEMCOMHFO,COMHFO,2029,0.0952
RE1,DEMCOMHFO,COMHFO,2030,0.0968
RE1,DEMCOMHFO,COMHFO,2031,0.0985
RE1,DEMCOMHFO,COMHFO,2032,0.1002
RE1,DEMCOMHFO,COMHFO,2033,0.102
RE1,DEMCOMHFO,COMHFO,2034,0.1038
RE1,DEMCOMHFO,COMHFO,2035,0.1056
RE1,DEMCOMHFO,COMHFO,2036,0.1074
RE1,DEMCOMHFO,COMHFO,2037,0.1093
RE1,DEMCOMHFO,COMHFO,2038,0.1112
RE1,DEMCOMHFO,COMHFO,2039,0.1131
RE1,DEMCOMHFO,COMHFO,2040,0.1151
RE1,DEMINDBIO,INDBIO,2019,1.28
RE1,DEMINDBIO,INDBIO,2020,1.3094
RE1,DEMINDBIO,INDBIO,2021,1.3395
RE1,DEMINDBIO,INDBIO,2022,1.3703
RE1,DEMINDBIO,INDBIO,2023,1.4018
RE1,DEMINDBIO,INDBIO,2024,1.434
RE1,DEMINDBIO,INDBIO,2025,1.467
RE1,DEMINDBIO,INDBIO,2026,1.5007
RE1,DEMINDBIO,INDBIO,2027,1.5352
RE1,DEMINDBIO,INDBIO,2028,1.5705
RE1,DEMINDBIO,INDBIO,2029,1.6065
RE1,DEMINDBIO,INDBIO,2030,1.6435
RE1,DEMINDBIO,INDBIO,2031,1.6812
RE1,DEMINDBIO,INDBIO,2032,1.7198
RE1,DEMINDBIO,INDBIO,2033,1.7594
RE1,DEMINDBIO,INDBIO,2034,1.7999
RE1,DEMINDBIO,INDBIO,2035,1.8412
RE1,DEMINDBIO,INDBIO,2036,1.8835
RE1,DEMINDBIO,INDBIO,2037,1.9268
RE1,DEMINDBIO,INDBIO,2038,1.9711
RE1,DEMINDBIO,INDBIO,2039,2.0164
RE1,DEMINDBIO,INDBIO,2040,2.0628
RE1,DEMINDDSL,INDDSL,2019,3.83
RE1,DEMINDDSL,INDDSL,2020,3.918
RE1,DEMINDDSL,INDDSL,2021,4.0081
RE1,DEMINDDSL,INDDSL,2022,4.1002
RE1,DEMINDDSL,INDDSL,2023,4.1944
RE1,DEMINDDSL,INDDSL,2024,4.2908
RE1,DEMINDDSL,INDDSL,2025,4.3894
RE1,DEMINDDSL,INDDSL,2026,4.4903
RE1,DEMINDDSL,INDDSL,2027,4.5935
RE1,DEMINDDSL,INDDSL,2028,4.6991
RE1,DEMINDDSL,INDDSL,2029,4.8071
RE1,DEMINDDSL,INDDSL,2030,4.9176
RE1,DEMINDDSL,INDDSL,2031,5.0305
RE1,DEMINDDSL,INDDSL,2032,5.1462
RE1,DEMINDDSL,INDDSL,2033,5.2644
RE1,DEMINDDSL,INDDSL,2034,5.3855
RE1,DEMINDDSL,INDDSL,2035,5.5093
RE1,DEMINDDSL,INDDSL,2036,5.6359
RE1,DEMINDDSL,INDDSL,2037,5.7653
RE1,DEMINDDSL,INDDSL,2038,5.8978
RE1,DEMINDDSL,INDDSL,2039,6.0334
RE1,DEMINDDSL,INDDSL,2040,6.1721
RE1,DEMINDHFO,INDHFO,2019,0.08
RE1,DEMINDHFO,INDHFO,2020,0.0818
RE1,DEMINDHFO,INDHFO,2021,0.0838
RE1,DEMINDHFO,INDHFO,2022,0.0857
RE1,DEMINDHFO,INDHFO,2023,0.0876
RE1,DEMINDHFO,INDHFO,2024,0.0897
RE1,DEMINDHFO,INDHFO,2025,0.0917
RE1,DEMINDHFO,INDHFO,2026,0.0938
RE1,DEMINDHFO,INDHFO,2027,0.096
RE1,DEMINDHFO,INDHFO,2028,0.0982
RE1,DEMINDHFO,INDHFO,2029,0.1004
RE1,DEMINDHFO,INDHFO,2030,0.1027
RE1,DEMINDHFO,INDHFO,2031,0.1051
RE1,DEMINDHFO,INDHFO,2032,0.1075
RE1,DEMINDHFO,INDHFO,2033,0.1099
RE1,DEMINDHFO,INDHFO,2034,0.1125
RE1,DEMINDHFO,INDHFO,2035,0.115
RE1,DEMINDHFO,INDHFO,2036,0.1178
RE1,DEMINDHFO,INDHFO,2037,0.1205
RE1,DEMINDHFO,INDHFO,2038,0.1232
RE1,DEMINDHFO,INDHFO,2039,0.126
RE1,DEMINDHFO,INDHFO,2040,0.1289
RE1,DEMINDLPG,INDLPG,2019,0.047
RE1,DEMINDLPG,INDLPG,2020,0.048
RE1,DEMINDLPG,INDLPG,2021,0.0491
RE1,DEMINDLPG,INDLPG,2022,0.0504
RE1,DEMINDLPG,INDLPG,2023,0.0515
RE1,DEMINDLPG,INDLPG,2024,0.0527
RE1,DEMINDLPG,INDLPG,2025,0.0539
RE1,DEMINDLPG,INDLPG,2026,0.0551
RE1,DEMINDLPG,INDLPG,2027,0.0564
RE1,DEMINDLPG,INDLPG,2028,0.0577
RE1,DEMINDLPG,INDLPG,2029,0.059
RE1,DEMINDLPG,INDLPG,2030,0.0604
RE1,DEMINDLPG,INDLPG,2031,0.0617
RE1,DEMINDLPG,INDLPG,2032,0.0632
RE1,DEMINDLPG,INDLPG,2033,0.0646
RE1,DEMINDLPG,INDLPG,2034,0.0661
RE1,DEMINDLPG,INDLPG,2035,0.0676
RE1,DEMINDLPG,INDLPG,2036,0.0692
RE1,DEMINDLPG,INDLPG,2037,0.0707
RE1,DEMINDLPG,INDLPG,2038,0.0724
RE1,DEMINDLPG,INDLPG,2039,0.074
RE1,DEMINDLPG,INDLPG,2040,0.0757
RE1,DEMOTHDSL,OTHDSL,2019,3.33
RE1,DEMOTHDSL,OTHDSL,2020,3.3417
RE1,DEMOTHDSL,OTHDSL,2021,3.3533
RE1,DEMOTHDSL,OTHDSL,2022,3.3651
RE1,DEMOTHDSL,OTHDSL,2023,3.3769
RE1,DEMOTHDSL,OTHDSL,2024,3.3886
RE1,DEMOTHDSL,OTHDSL,2025,3.4006
RE1,DEMOTHDSL,OTHDSL,2026,3.4124
RE1,DEMOTHDSL,OTHDSL,2027,3.4243
RE1,DEMOTHDSL,OTHDSL,2028,3.4364
RE1,DEMOTHDSL,OTHDSL,2029,3.4484
RE1,DEMOTHDSL,OTHDSL,2030,3.4605
RE1,DEMOTHDSL,OTHDSL,2031,3.4726
RE1,DEMOTHDSL,OTHDSL,2032,3.4847
RE1,DEMOTHDSL,OTHDSL,2033,3.497
RE1,DEMOTHDSL,OTHDSL,2034,3.5092
RE1,DEMOTHDSL,OTHDSL,2035,3.5214
RE1,DEMOTHDSL,OTHDSL,2036,3.5338
RE1,DEMOTHDSL,OTHDSL,2037,3.5461
RE1,DEMOTHDSL,OTHDSL,2038,3.5585
RE1,DEMOTHDSL,OTHDSL,2039,3.571
RE1,DEMOTHDSL,OTHDSL,2040,3.5835
RE1,DEMOTHLPG,OTHLPG,2019,0.8
RE1,DEMOTHLPG,OTHLPG,2020,0.8028
RE1,DEMOTHLPG,OTHLPG,2021,0.8056
RE1,DEMOTHLPG,OTHLPG,2022,0.8084
RE1,DEMOTHLPG,OTHLPG,2023,0.8112
RE1,DEMOTHLPG,OTHLPG,2024,0.8141
RE1,DEMOTHLPG,OTHLPG,2025,0.8169
RE1,DEMOTHLPG,OTHLPG,2026,0.8199
RE1,DEMOTHLPG,OTHLPG,2027,0.8227
RE1,DEMOTHLPG,OTHLPG,2028,0.8256
RE1,DEMOTHLPG,OTHLPG,2029,0.8285
RE1,DEMOTHLPG,OTHLPG,2030,0.8314
RE1,DEMOTHLPG,OTHLPG,2031,0.8343
RE1,DEMOTHLPG,OTHLPG,2032,0.8372
RE1,DEMOTHLPG,OTHLPG,2033,0.8401
RE1,DEMOTHLPG,OTHLPG,2034,0.843
RE1,DEMOTHLPG,OTHLPG,2035,0.846
RE1,DEMOTHLPG,OTHLPG,2036,0.8489
RE1,DEMOTHLPG,OTHLPG,2037,0.8519
RE1,DEMOTHLPG,OTHLPG,2038,0.855
RE1,DEMOTHLPG,OTHLPG,2039,0.8579
RE1,DEMOTHLPG,OTHLPG,2040,0.8609
RE1,DEMRESBIO,RESBIO,2019,5.84
RE1,DEMRESBIO,RESBIO,2020,5.9116
RE1,DEMRESBIO,RESBIO,2021,5.984
RE1,DEMRESBIO,RESBIO,2022,6.0572
RE1,DEMRESBIO,RESBIO,2023,6.1314
RE1,DEMRESBIO,RESBIO,2024,6.2066
RE1,DEMRESBIO,RESBIO,2025,6.2826
RE1,DEMRESBIO,RESBIO,2026,6.3595
RE1,DEMRESBIO,RESBIO,2027,6.4375
RE1,DEMRESBIO,RESBIO,2028,6.5163
RE1,DEMRESBIO,RESBIO,2029,6.5961
RE1,DEMRESBIO,RESBIO,2030,6.677
RE1,DEMRESBIO,RESBIO,2031,6.7587
RE1,DEMRESBIO,RESBIO,2032,6.8416
RE1,DEMRESBIO,RESBIO,2033,6.9253
RE1,DEMRESBIO,RESBIO,2034,7.0102
RE1,DEMRESBIO,RESBIO,2035,7.096
RE1,DEMRESBIO,RESBIO,2036,7.183
RE1,DEMRESBIO,RESBIO,2037,7.2709
RE1,DEMRESBIO,RESBIO,2038,7.36
RE1,DEMRESBIO,RESBIO,2039,7.4502
RE1,DEMRESBIO,RESBIO,2040,7.5415
RE1,DEMRESCHC,RESCHC,2019,2.05
RE1,DEMRESCHC,RESCHC,2020,2.068
RE1,DEMRESCHC,RESCHC,2021,2.086
RE1,DEMRESCHC,RESCHC,2022,2.1043
RE1,DEMRESCHC,RESCHC,2023,2.1227
RE1,DEMRESCHC,RESCHC,2024,2.1413
RE1,DEMRESCHC,RESCHC,2025,2.16
RE1,DEMRESCHC,RESCHC,2026,2.1789
RE1,DEMRESCHC,RESCHC,2027,2.198
RE1,DEMRESCHC,RESCHC,2028,2.2172
RE1,DEMRESCHC,RESCHC,2029,2.2366
RE1,DEMRESCHC,RESCHC,2030,2.2561
RE1,DEMRESCHC,RESCHC,2031,2.2759
RE1,DEMRESCHC,RESCHC,2032,2.2959
RE1,DEMRESCHC,RESCHC,2033,2.3159
RE1,DEMRESCHC,RESCHC,2034,2.3362
RE1,DEMRESCHC,RESCHC,2035,2.3566
RE1,DEMRESCHC,RESCHC,2036,2.3772
RE1,DEMRESCHC,RESCHC,2037,2.3981
RE1,DEMRESCHC,RESCHC,2038,2.419
RE1,DEMRESCHC,RESCHC,2039,2.4402
RE1,DEMRESCHC,RESCHC,2040,2.4616
RE1,DEMRESKER,RESKER,2019,0.088
RE1,DEMRESKER,RESKER,2020,0.0891
RE1,DEMRESKER,RESKER,2021,0.0902
RE1,DEMRESKER,RESKER,2022,0.0913
RE1,DEMRESKER,RESKER,2023,0.0924
RE1,DEMRESKER,RESKER,2024,0.0935
RE1,DEMRESKER,RESKER,2025,0.0947
RE1,DEMRESKER,RESKER,2026,0.0958
RE1,DEMRESKER,RESKER,2027,0.097
RE1,DEMRESKER,RESKER,2028,0.0982
RE1,DEMRESKER,RESKER,2029,0.0994
RE1,DEMRESKER,RESKER,2030,0.1006
RE1,DEMRESKER,RESKER,2031,0.1018
RE1,DEMRESKER,RESKER,2032,0.1031
RE1,DEMRESKER,RESKER,2033,0.1043
RE1,DEMRESKER,RESKER,2034,0.1056
RE1,DEMRESKER,RESKER,2035,0.1069
RE1,DEMRESKER,RESKER,2036,0.1082
RE1,DEMRESKER,RESKER,2037,0.1095
RE1,DEMRESKER,RESKER,2038,0.1109
RE1,DEMRESKER,RESKER,2039,0.1122
RE1,DEMRESKER,RESKER,2040,0.1136
RE1,DEMTRADSL,TRADSL,2019,13.58
RE1,DEMTRADSL,TRADSL,2020,13.8176
RE1,DEMTRADSL,TRADSL,2021,14.0595
RE1,DEMTRADSL,TRADSL,2022,14.3055
RE1,DEMTRADSL,TRADSL,2023,14.5558
RE1,DEMTRADSL,TRADSL,2024,14.8106
RE1,DEMTRADSL,TRADSL,2025,15.0698
RE1,DEMTRADSL,TRADSL,2026,15.3335
RE1,DEMTRADSL,TRADSL,2027,15.6018
RE1,DEMTRADSL,TRADSL,2028,15.8749
RE1,DEMTRADSL,TRADSL,2029,16.1526
RE1,DEMTRADSL,TRADSL,2030,16.4354
RE1,DEMTRADSL,TRADSL,2031,16.7229
RE1,DEMTRADSL,TRADSL,2032,17.0156
RE1,DEMTRADSL,TRADSL,2033,17.3134
RE1,DEMTRADSL,TRADSL,2034,17.6164
RE1,DEMTRADSL,TRADSL,2035,17.9246
RE1,DEMTRADSL,TRADSL,2036,18.2384
RE1,DEMTRADSL,TRADSL,2037,18.5575
RE1,DEMTRADSL,TRADSL,2038,18.8823
RE1,DEMTRADSL,TRADSL,2039,19.2127
RE1,DEMTRADSL,TRADSL,2040,19.5489
RE1,DEMTRAGSL,TRAGSL,2019,14.39
RE1,DEMTRAGSL,TRAGSL,2020,14.642
RE1,DEMTRAGSL,TRAGSL,2021,14.898
RE1,DEMTRAGSL,TRAGSL,2022,15.159
RE1,DEMTRAGSL,TRAGSL,2023,15.424
RE1,DEMTRAGSL,TRAGSL,2024,15.694
RE1,DEMTRAGSL,TRAGSL,2025,15.969
RE1,DEMTRAGSL,TRAGSL,2026,16.248
RE1,DEMTRAGSL,TRAGSL,2027,16.532
RE1,DEMTRAGSL,TRAGSL,2028,16.822
RE1,DEMTRAGSL,TRAGSL,2029,17.116
RE1,DEMTRAGSL,TRAGSL,2030,17.416
RE1,DEMTRAGSL,TRAGSL,2031,17.72
RE1,DEMTRAGSL,TRAGSL,2032,18.031
RE1,DEMTRAGSL,TRAGSL,2033,18.346
RE1,DEMTRAGSL,TRAGSL,2034,18.667
RE1,DEMTRAGSL,TRAGSL,2035,18.994
RE1,DEMTRAGSL,TRAGSL,2036,19.326
RE1,DEMTRAGSL,TRAGSL,2037,19.664
RE1,DEMTRAGSL,TRAGSL,2038,20.009
RE1,DEMTRAGSL,TRAGSL,2039,20.359
RE1,DEMTRAGSL,TRAGSL,2040,20.715
RE1,DEMTRAHFO,TRAHFO,2019,0.04
RE1,DEMTRAHFO,TRAHFO,2020,0.0413
RE1,DEMTRAHFO,TRAHFO,2021,0.0427
RE1,DEMTRAHFO,TRAHFO,2022,0.0441
RE1,DEMTRAHFO,TRAHFO,2023,0.0455
RE1,DEMTRAHFO,TRAHFO,2024,0.047
RE1,DEMTRAHFO,TRAHFO,2025,0.0486
RE1,DEMTRAHFO,TRAHFO,2026,0.0503
RE1,DEMTRAHFO,TRAHFO,2027,0.0519
RE1,DEMTRAHFO,TRAHFO,2028,0.0536
RE1,DEMTRAHFO,TRAHFO,2029,0.0554
RE1,DEMTRAHFO,TRAHFO,2030,0.0572
RE1,DEMTRAHFO,TRAHFO,2031,0.0591
RE1,DEMTRAHFO,TRAHFO,2032,0.061
RE1,DEMTRAHFO,TRAHFO,2033,0.063
RE1,DEMTRAHFO,TRAHFO,2034,0.0651
RE1,DEMTRAHFO,TRAHFO,2035,0.0672
RE1,DEMTRAHFO,TRAHFO,2036,0.0695
RE1,DEMTRAHFO,TRAHFO,2037,0.0717
RE1,DEMTRAHFO,TRAHFO,2038,0.0741
RE1,DEMTRAHFO,TRAHFO,2039,0.0766
RE1,DEMTRAHFO,TRAHFO,2040,0.0791
RE1,DEMTRALPG,TRALPG,2019,0.28
RE1,DEMTRALPG,TRALPG,2020,0.2893
RE1,DEMTRALPG,TRALPG,2021,0.2988
RE1,DEMTRALPG,TRALPG,2022,0.3086
RE1,DEMTRALPG,TRALPG,2023,0.3189
RE1,DEMTRALPG,TRALPG,2024,0.3294
RE1,DEMTRALPG,TRALPG,2025,0.3402
RE1,DEMTRALPG,TRALPG,2026,0.3515
RE1,DEMTRALPG,TRALPG,2027,0.3631
RE1,DEMTRALPG,TRALPG,2028,0.375
RE1,DEMTRALPG,TRALPG,2029,0.3875
RE1,DEMTRALPG,TRALPG,2030,0.4002
RE1,DEMTRALPG,TRALPG,2031,0.4134
RE1,DEMTRALPG,TRALPG,2032,0.4271
RE1,DEMTRALPG,TRALPG,2033,0.4411
RE1,DEMTRALPG,TRALPG,2034,0.4557
RE1,DEMTRALPG,TRALPG,2035,0.4707
RE1,DEMTRALPG,TRALPG,2036,0.4863
RE1,DEMTRALPG,TRALPG,2037,0.5023
RE1,DEMTRALPG,TRALPG,2038,0.5189
RE1,DEMTRALPG,TRALPG,2039,0.536
RE1,DEMTRALPG,TRALPG,2040,0.5538
RE1,IMPCOA,COA,2019,0.0578
RE1,IMPCOA,COA,2020,0.0578
RE1,IMPCOA,COA,2021,0.0578
RE1,IMPCOA,COA,2022,0.0578
RE1,IMPCOA,COA,2023,0.0578
RE1,IMPCOA,COA,2024,0.0578
RE1,IMPCOA,COA,2025,0.0578
RE1,IMPCOA,COA,2026,0.0
RE1,IMPCOA,COA,2027,0.0
RE1,IMPCOA,COA,2028,0.0
RE1,IMPCOA,COA,2029,0.0
RE1,IMPCOA,COA,2030,0.0
RE1,IMPCOA,COA,2031,0.0
RE1,IMPCOA,COA,2032,0.0
RE1,IMPCOA,COA,2033,0.0
RE1,IMPCOA,COA,2034,0.0
RE1,IMPCOA,COA,2035,0.0
RE1,IMPCOA,COA,2036,0.0
RE1,IMPCOA,COA,2037,0.0
RE1,IMPCOA,COA,2038,0.0
RE1,IMPCOA,COA,2039,0.0
RE1,IMPCOA,COA,2040,0.0
RE1,IMPDSL,DSL,2019,0.0
RE1,IMPDSL,DSL,2020,0.0
RE1,IMPDSL,DSL,2021,0.0
RE1,IMPDSL,DSL,2022,0.0
RE1,IMPDSL,DSL,2023,0.0
RE1,IMPDSL,DSL,2024,0.0
RE1,IMPDSL,DSL,2025,0.0
RE1,IMPDSL,DSL,2026,0.0
RE1,IMPDSL,DSL,2027,0.0
RE1,IMPDSL,DSL,2028,0.0
RE1,IMPDSL,DSL,2029,0.0
RE1,IMPDSL,DSL,2030,0.0
RE1,IMPDSL,DSL,2031,0.0
RE1,IMPDSL,DSL,2032,0.0
RE1,IMPDSL,DSL,2033,0.0
RE1,IMPDSL,DSL,2034,0.0
RE1,IMPDSL,DSL,2035,0.0
RE1,IMPDSL,DSL,2036,0.0
RE1,IMPDSL,DSL,2037,0.0
RE1,IMPDSL,DSL,2038,0.0
RE1,IMPDSL,DSL,2039,0.0
RE1,IMPDSL,DSL,2040,0.0
RE1,IMPELC001,ELC001,2019,200.6
RE1,IMPELC001,ELC001,2020,200.6
RE1,IMPELC001,ELC001,2021,200.6
RE1,IMPELC001,ELC001,2022,200.6
RE1,IMPELC001,ELC001,2023,200.6
RE1,IMPELC001,ELC001,2024,200.6
RE1,IMPELC001,ELC001,2025,200.6
RE1,IMPELC001,ELC001,2026,200.6
RE1,IMPELC001,ELC001,2027,200.6
RE1,IMPELC001,ELC001,2028,200.6
RE1,IMPELC001,ELC001,2029,200.6
RE1,IMPELC001,ELC001,2030,200.6
RE1,IMPELC001,ELC001,2031,200.6
RE1,IMPELC001,ELC001,2032,200.6
RE1,IMPELC001,ELC001,2033,200.6
RE1,IMPELC001,ELC001,2034,200.6
RE1,IMPELC001,ELC001,2035,200.6
RE1,IMPELC001,ELC001,2036,200.6
RE1,IMPELC001,ELC001,2037,200.6
RE1,IMPELC001,ELC001,2038,200.6
RE1,IMPELC001,ELC001,2039,200.6
RE1,IMPELC001,ELC001,2040,200.6
RE1,IMPELC002,ELC001,2019,50.15
RE1,IMPELC002,ELC001,2020,50.15
RE1,IMPELC002,ELC001,2021,100.3
RE1,IMPELC002,ELC001,2022,100.3
RE1,IMPELC002,ELC001,2023,100.3
RE1,IMPELC002,ELC001,2024,100.3
RE1,IMPELC002,ELC001,2025,100.3
RE1,IMPELC002,ELC001,2026,100.3
RE1,IMPELC002,ELC001,2027,100.3
RE1,IMPELC002,ELC001,2028,100.3
RE1,IMPELC002,ELC001,2029,100.3
RE1,IMPELC002,ELC001,2030,100.3
RE1,IMPELC002,ELC001,2031,100.3
RE1,IMPELC002,ELC001,2032,100.3
RE1,IMPELC002,ELC001,2033,100.3
RE1,IMPELC002,ELC001,2034,100.3
RE1,IMPELC002,ELC001,2035,100.3
RE1,IMPELC002,ELC001,2036,100.3
RE1,IMPELC002,ELC001,2037,100.3
RE1,IMPELC002,ELC001,2038,100.3
RE1,IMPELC002,ELC001,2039,100.3
RE1,IMPELC002,ELC001,2040,100.3
RE1,IMPELC003,ELC001,2019,80.24
RE1,IMPELC003,ELC001,2020,80.24
RE1,IMPELC003,ELC001,2021,80.24
RE1,IMPELC003,ELC001,2022,80.24
RE1,IMPELC003,ELC001,2023,80.24
RE1,IMPELC003,ELC001,2024,80.24
RE1,IMPELC003,ELC001,2025,80.24
RE1,IMPELC003,ELC001,2026,80.24
RE1,IMPELC003,ELC001,2027,80.24
RE1,IMPELC003,ELC001,2028,80.24
RE1,IMPELC003,ELC001,2029,80.24
RE1,IMPELC003,ELC001,2030,80.24
RE1,IMPELC003,ELC001,2031,80.24
RE1,IMPELC003,ELC001,2032,80.24
RE1,IMPELC003,ELC001,2033,80.24
RE1,IMPELC003,ELC001,2034,80.24
RE1,IMPELC003,ELC001,2035,80.24
RE1,IMPELC003,ELC001,2036,80.24
RE1,IMPELC003,ELC001,2037,80.24
RE1,IMPELC003,ELC001,2038,80.24
RE1,IMPELC003,ELC001,2039,80.24
RE1,IMPELC003,ELC001,2040,80.24
RE1,IMPGSL,GSL,2019,0.0
RE1,IMPGSL,GSL,2020,0.0
RE1,IMPGSL,GSL,2021,0.0
RE1,IMPGSL,GSL,2022,0.0
RE1,IMPGSL,GSL,2023,0.0
RE1,IMPGSL,GSL,2024,0.0
RE1,IMPGSL,GSL,2025,0.0
RE1,IMPGSL,GSL,2026,0.0
RE1,IMPGSL,GSL,2027,0.0
RE1,IMPGSL,GSL,2028,0.0
RE1,IMPGSL,GSL,2029,0.0
RE1,IMPGSL,GSL,2030,0.0
RE1,IMPGSL,GSL,2031,0.0
RE1,IMPGSL,GSL,2032,0.0
RE1,IMPGSL,GSL,2033,0.0
RE1,IMPGSL,GSL,2034,0.0
RE1,IMPGSL,GSL,2035,0.0
RE1,IMPGSL,GSL,2036,0.0
RE1,IMPGSL,GSL,2037,0.0
RE1,IMPGSL,GSL,2038,0.0
RE1,IMPGSL,GSL,2039,0.0
RE1,IMPGSL,GSL,2040,0.0
RE1,IMPHFO,HFO,2019,0.0092
RE1,IMPHFO,HFO,2020,0.0092
RE1,IMPHFO,HFO,2021,0.0092
RE1,IMPHFO,HFO,2022,21.3472
RE1,IMPHFO,HFO,2023,0.0092
RE1,IMPHFO,HFO,2024,0.0092
RE1,IMPHFO,HFO,2025,0.0092
RE1,IMPHFO,HFO,2026,0.0092
RE1,IMPHFO,HFO,2027,0.0092
RE1,IMPHFO,HFO,2028,0.0092
RE1,IMPHFO,HFO,2029,0.0092
RE1,IMPHFO,HFO,2030,0.0092
RE1,IMPHFO,HFO,2031,0.0092
RE1,IMPHFO,HFO,2032,0.0092
RE1,IMPHFO,HFO,2033,0.0092
RE1,IMPHFO,HFO,2034,0.0092
RE1,IMPHFO,HFO,2035,0.0092
RE1,IMPHFO,HFO,2036,0.0092
RE1,IMPHFO,HFO,2037,0.0092
RE1,IMPHFO,HFO,2038,0.0092
RE1,IMPHFO,HFO,2039,0.0092
RE1,IMPHFO,HFO,2040,0.0092
RE1,IMPKER001,KER001,2019,0.0
RE1,IMPKER001,KER001,2020,0.0
RE1,IMPKER001,KER001,2021,0.0
RE1,IMPKER001,KER001,2022,0.0
RE1,IMPKER001,KER001,2023,0.0
RE1,IMPKER001,KER001,2024,0.0
RE1,IMPKER001,KER001,2025,0.0
RE1,IMPKER001,KER001,2026,0.0
RE1,IMPKER001,KER001,2027,0.0
RE1,IMPKER001,KER001,2028,0.0
RE1,IMPKER001,KER001,2029,0.0
RE1,IMPKER001,KER001,2030,0.0
RE1,IMPKER001,KER001,2031,0.0
RE1,IMPKER001,KER001,2032,0.0
RE1,IMPKER001,KER001,2033,0.0
RE1,IMPKER001,KER001,2034,0.0
RE1,IMPKER001,KER001,2035,0.0
RE1,IMPKER001,KER001,2036,0.0
RE1,IMPKER001,KER001,2037,0.0
RE1,IMPKER001,KER001,2038,0.0
RE1,IMPKER001,KER001,2039,0.0
RE1,IMPKER001,KER001,2040,0.0
RE1,IMPKER002,KER002,2019,0.0
RE1,IMPKER002,KER002,2020,0.0
RE1,IMPKER002,KER002,2021,0.0
RE1,IMPKER002,KER002,2022,0.0
RE1,IMPKER002,KER002,2023,0.0
RE1,IMPKER002,KER002,2024,0.0
RE1,IMPKER002,KER002,2025,0.0
RE1,IMPKER002,KER002,2026,0.0
RE1,IMPKER002,KER002,2027,0.0
RE1,IMPKER002,KER002,2028,0.0
RE1,IMPKER002,KER002,2029,0.0
RE1,IMPKER002,KER002,2030,0.0
RE1,IMPKER002,KER002,2031,0.0
RE1,IMPKER002,KER002,2032,0.0
RE1,IMPKER002,KER002,2033,0.0
RE1,IMPKER002,KER002,2034,0.0
RE1,IMPKER002,KER002,2035,0.0
RE1,IMPKER002,KER002,2036,0.0
RE1,IMPKER002,KER002,2037,0.0
RE1,IMPKER002,KER002,2038,0.0
RE1,IMPKER002,KER002,2039,0.0
RE1,IMPKER002,KER002,2040,0.0
RE1,IMPLPG,LPG,2019,0.0
RE1,IMPLPG,LPG,2020,0.0
RE1,IMPLPG,LPG,2021,0.0
RE1,IMPLPG,LPG,2022,0.0
RE1,IMPLPG,LPG,2023,0.0
RE1,IMPLPG,LPG,2024,0.0
RE1,IMPLPG,LPG,2025,0.0
RE1,IMPLPG,LPG,2026,0.0
RE1,IMPLPG,LPG,2027,0.0
RE1,IMPLPG,LPG,2028,0.0
RE1,IMPLPG,LPG,2029,0.0
RE1,IMPLPG,LPG,2030,0.0
RE1,IMPLPG,LPG,2031,0.0
RE1,IMPLPG,LPG,2032,0.0
RE1,IMPLPG,LPG,2033,0.0
RE1,IMPLPG,LPG,2034,0.0
RE1,IMPLPG,LPG,2035,0.0
RE1,IMPLPG,LPG,2036,0.0
RE1,IMPLPG,LPG,2037,0.0
RE1,IMPLPG,LPG,2038,0.0
RE1,IMPLPG,LPG,2039,0.0
RE1,IMPLPG,LPG,2040,0.0
RE1,MINBIO001,BIO,2019,0.0
RE1,MINBIO001,BIO,2020,0.0
RE1,MINBIO001,BIO,2021,0.0
RE1,MINBIO001,BIO,2022,0.0
RE1,MINBIO001,BIO,2023,0.0
RE1,MINBIO001,BIO,2024,0.0
RE1,MINBIO001,BIO,2025,0.0
RE1,MINBIO001,BIO,2026,0.0
RE1,MINBIO001,BIO,2027,0.0
RE1,MINBIO001,BIO,2028,0.0
RE1,MINBIO001,BIO,2029,0.0
RE1,MINBIO001,BIO,2030,0.0
RE1,MINBIO001,BIO,2031,0.0
RE1,MINBIO001,BIO,2032,0.0
RE1,MINBIO001,BIO,2033,0.0
RE1,MINBIO001,BIO,2034,0.0
RE1,MINBIO001,BIO,2035,0.0
RE1,MINBIO001,BIO,2036,0.0
RE1,MINBIO001,BIO,2037,0.0
RE1,MINBIO001,BIO,2038,0.0
RE1,MINBIO001,BIO,2039,0.0
RE1,MINBIO001,BIO,2040,0.0
RE1,MINCHC,CHC,2019,0.0
RE1,MINCHC,CHC,2020,0.0
RE1,MINCHC,CHC,2021,0.0
RE1,MINCHC,CHC,2022,0.0
RE1,MINCHC,CHC,2023,0.0
RE1,MINCHC,CHC,2024,0.0
RE1,MINCHC,CHC,2025,0.0
RE1,MINCHC,CHC,2026,0.0
RE1,MINCHC,CHC,2027,0.0
RE1,MINCHC,CHC,2028,0.0
RE1,MINCHC,CHC,2029,0.0
RE1,MINCHC,CHC,2030,0.0
RE1,MINCHC,CHC,2031,0.0
RE1,MINCHC,CHC,2032,0.0
RE1,MINCHC,CHC,2033,0.0
RE1,MINCHC,CHC,2034,0.0
RE1,MINCHC,CHC,2035,0.0
RE1,MINCHC,CHC,2036,0.0
RE1,MINCHC,CHC,2037,0.0
RE1,MINCHC,CHC,2038,0.0
RE1,MINCHC,CHC,2039,0.0
RE1,MINCHC,CHC,2040,0.0
RE1,MINHYD,HYD,2019,0.1166
RE1,MINHYD,HYD,2020,0.1221
RE1,MINHYD,HYD,2021,0.1079
RE1,MINHYD,HYD,2022,0.1089
RE1,MINHYD,HYD,2023,0.0953
RE1,MINHYD,HYD,2024,0.1265
RE1,MINHYD,HYD,2025,0.0717
RE1,MINHYD,HYD,2026,0.0953
RE1,MINHYD,HYD,2027,0.0879
RE1,MINHYD,HYD,2028,0.1139
RE1,MINHYD,HYD,2029,0.087
RE1,MINHYD,HYD,2030,0.0953
RE1,MINHYD,HYD,2031,0.093
RE1,MINHYD,HYD,2032,0.1041
RE1,MINHYD,HYD,2033,0.1034
RE1,MINHYD,HYD,2034,0.1171
RE1,MINHYD,HYD,2035,0.0728
RE1,MINHYD,HYD,2036,0.0748
RE1,MINHYD,HYD,2037,0.0788
RE1,MINHYD,HYD,2038,0.1221
RE1,MINHYD,HYD,2039,0.0734
RE1,MINHYD,HYD,2040,0.1275
RE1,MINNGS,LNG,2019,0.0
RE1,MINNGS,LNG,2020,0.0
RE1,MINNGS,LNG,2021,0.0
RE1,MINNGS,LNG,2022,0.0
RE1,MINNGS,LNG,2023,0.0
RE1,MINNGS,LNG,2024,183.8356
RE1,MINNGS,LNG,2025,184.2377
RE1,MINNGS,LNG,2026,183.2834
RE1,MINNGS,LNG,2027,182.3443
RE1,MINNGS,LNG,2028,181.4052
RE1,MINNGS,LNG,2029,180.4661
RE1,MINNGS,LNG,2030,179.527
RE1,MINNGS,LNG,2031,178.5879
RE1,MINNGS,LNG,2032,176.0023
RE1,MINNGS,LNG,2033,175.275
RE1,MINNGS,LNG,2034,174.5478
RE1,MINNGS,LNG,2035,173.8206
RE1,MINNGS,LNG,2036,173.0934
RE1,MINNGS,LNG,2037,172.3662
RE1,MINNGS,LNG,2038,171.639
RE1,MINNGS,LNG,2039,170.9118
RE1,MINNGS,LNG,2040,170.1845
RE1,MINSOL,SOL,2019,0.0521
RE1,MINSOL,SOL,2020,0.0521
RE1,MINSOL,SOL,2021,5.9542
RE1,MINSOL,SOL,2022,0.0402
RE1,MINSOL,SOL,2023,0.0332
RE1,MINSOL,SOL,2024,0.045
RE1,MINSOL,SOL,2025,66.9521
RE1,MINSOL,SOL,2026,57.4521
RE1,MINSOL,SOL,2027,69.4344
RE1,MINSOL,SOL,2028,64.8481
RE1,MINSOL,SOL,2029,57.1435
RE1,MINSOL,SOL,2030,66.9414
RE1,MINSOL,SOL,2031,57.4659
RE1,MINSOL,SOL,2032,78.5521
RE1,MINSOL,SOL,2033,55.3414
RE1,MINSOL,SOL,2034,69.0521
RE1,MINSOL,SOL,2035,49.7588
RE1,MINSOL,SOL,2036,66.945
RE1,MINSOL,SOL,2037,64.8414
RE1,MINSOL,SOL,2038,66.945
RE1,MINSOL,SOL,2039,55.3414
RE1,MINSOL,SOL,2040,66.9659
RE1,MINWND,WND,2019,17195.7789
RE1,MINWND,WND,2020,17802.5149
RE1,MINWND,WND,2021,18409.3984
RE1,MINWND,WND,2022,18993.5517
RE1,MINWND,WND,2023,19590.6128
RE1,MINWND,WND,2024,20073.1614
RE1,MINWND,WND,2025,20594.8436
RE1,MINWND,WND,2026,21192.5282
RE1,MINWND,WND,2027,21768.7303
RE1,MINWND,WND,2028,22361.4675
RE1,MINWND,WND,2029,22957.3763
RE1,MINWND,WND,2030,23535.7471
RE1,MINWND,WND,2031,24133.4022
RE1,MINWND,WND,2032,25731.7597
RE1,MINWND,WND,2033,26210.4428
RE1,MINWND,WND,2034,26652.1903
RE1,MINWND,WND,2035,27126.9994
RE1,MINWND,WND,2036,27565.2831
RE1,MINWND,WND,2037,28022.8544
RE1,MINWND,WND,2038,28476.1792
RE1,MINWND,WND,2039,28943.3033
RE1,MINWND,WND,2040,29387.0964
RE1,PWRBIO001,ELC001,2019,0.0
RE1,PWRBIO001,ELC001,2020,0.0
RE1,PWRBIO001,ELC001,2021,0.0
RE1,PWRBIO001,ELC001,2022,0.0
RE1,PWRBIO001,ELC001,2023,0.0
RE1,PWRBIO001,ELC001,2024,0.0
RE1,PWRBIO001,ELC001,2025,0.0
RE1,PWRBIO001,ELC001,2026,0.0
RE1,PWRBIO001,ELC001,2027,0.0
RE1,PWRBIO001,ELC001,2028,0.0
RE1,PWRBIO001,ELC001,2029,0.0
RE1,PWRBIO001,ELC001,2030,0.0
RE1,PWRBIO001,ELC001,2031,0.0
RE1,PWRBIO001,ELC001,2032,0.0
RE1,PWRBIO001,ELC001,2033,0.0
RE1,PWRBIO001,ELC001,2034,0.0
RE1,PWRBIO001,ELC001,2035,0.0
RE1,PWRBIO001,ELC001,2036,0.0
RE1,PWRBIO001,ELC001,2037,0.0
RE1,PWRBIO001,ELC001,2038,0.0
RE1,PWRBIO001,ELC001,2039,0.0
RE1,PWRBIO001,ELC001,2040,0.0
RE1,PWRCOA001,ELC001,2019,0.0226
RE1,PWRCOA001,ELC001,2020,0.0226
RE1,PWRCOA001,ELC001,2021,0.0226
RE1,PWRCOA001,ELC001,2022,0.0226
RE1,PWRCOA001,ELC001,2023,0.0226
RE1,PWRCOA001,ELC001,2024,0.0226
RE1,PWRCOA001,ELC001,2025,0.0226
RE1,PWRCOA001,ELC001,2026,0.0
RE1,PWRCOA001,ELC001,2027,0.0
RE1,PWRCOA001,ELC001,2028,0.0
RE1,PWRCOA001,ELC001,2029,0.0
RE1,PWRCOA001,ELC001,2030,0.0
RE1,PWRCOA001,ELC001,2031,0.0
RE1,PWRCOA001,ELC001,2032,0.0
RE1,PWRCOA001,ELC001,2033,0.0
RE1,PWRCOA001,ELC001,2034,0.0
RE1,PWRCOA001,ELC001,2035,0.0
RE1,PWRCOA001,ELC001,2036,0.0
RE1,PWRCOA001,ELC001,2037,0.0
RE1,PWRCOA001,ELC001,2038,0.0
RE1,PWRCOA001,ELC001,2039,0.0
RE1,PWRCOA001,ELC001,2040,0.0
RE1,PWRCOA002,ELC001,2019,0.0
RE1,PWRCOA002,ELC001,2020,0.0
RE1,PWRCOA002,ELC001,2021,0.0
RE1,PWRCOA002,ELC001,2022,0.0
RE1,PWRCOA002,ELC001,2023,0.0
RE1,PWRCOA002,ELC001,2024,0.0
RE1,PWRCOA002,ELC001,2025,0.0
RE1,PWRCOA002,ELC001,2026,0.0
RE1,PWRCOA002,ELC001,2027,0.0
RE1,PWRCOA002,ELC001,2028,0.0
RE1,PWRCOA002,ELC001,2029,0.0
RE1,PWRCOA002,ELC001,2030,0.0
RE1,PWRCOA002,ELC001,2031,0.0
RE1,PWRCOA002,ELC001,2032,0.0
RE1,PWRCOA002,ELC001,2033,0.0
RE1,PWRCOA002,ELC001,2034,0.0
RE1,PWRCOA002,ELC001,2035,0.0
RE1,PWRCOA002,ELC001,2036,0.0
RE1,PWRCOA002,ELC001,2037,0.0
RE1,PWRCOA002,ELC001,2038,0.0
RE1,PWRCOA002,ELC001,2039,0.0
RE1,PWRCOA002,ELC001,2040,0.0
RE1,PWRHFO001,ELC001,2019,0.0041
RE1,PWRHFO001,ELC001,2020,0.0041
RE1,PWRHFO001,ELC001,2021,0.0041
RE1,PWRHFO001,ELC001,2022,0.0041
RE1,PWRHFO001,ELC001,2023,0.0041
RE1,PWRHFO001,ELC001,2024,0.0041
RE1,PWRHFO001,ELC001,2025,0.0041
RE1,PWRHFO001,ELC001,2026,0.0041
RE1,PWRHFO001,ELC001,2027,0.0041
RE1,PWRHFO001,ELC001,2028,0.0041
RE1,PWRHFO001,ELC001,2029,0.0041
RE1,PWRHFO001,ELC001,2030,0.0041
RE1,PWRHFO001,ELC001,2031,0.0041
RE1,PWRHFO001,ELC001,2032,0.0041
RE1,PWRHFO001,ELC001,2033,0.0041
RE1,PWRHFO001,ELC001,2034,0.0041
RE1,PWRHFO001,ELC001,2035,0.0041
RE1,PWRHFO001,ELC001,2036,0.0041
RE1,PWRHFO001,ELC001,2037,0.0041
RE1,PWRHFO001,ELC001,2038,0.0041
RE1,PWRHFO001,ELC001,2039,0.0041
RE1,PWRHFO001,ELC001,2040,0.0041
RE1,PWRHFO002,ELC001,2019,0.0
RE1,PWRHFO002,ELC001,2020,0.0
RE1,PWRHFO002,ELC001,2021,0.0
RE1,PWRHFO002,ELC001,2022,9.4
RE1,PWRHFO002,ELC001,2023,0.0
RE1,PWRHFO002,ELC001,2024,0.0
RE1,PWRHFO002,ELC001,2025,0.0
RE1,PWRHFO002,ELC001,2026,0.0
RE1,PWRHFO002,ELC001,2027,0.0
RE1,PWRHFO002,ELC001,2028,0.0
RE1,PWRHFO002,ELC001,2029,0.0
RE1,PWRHFO002,ELC001,2030,0.0
RE1,PWRHFO002,ELC001,2031,0.0
RE1,PWRHFO002,ELC001,2032,0.0
RE1,PWRHFO002,ELC001,2033,0.0
RE1,PWRHFO002,ELC001,2034,0.0
RE1,PWRHFO002,ELC001,2035,0.0
RE1,PWRHFO002,ELC001,2036,0.0
RE1,PWRHFO002,ELC001,2037,0.0
RE1,PWRHFO002,ELC001,2038,0.0
RE1,PWRHFO002,ELC001,2039,0.0
RE1,PWRHFO002,ELC001,2040,0.0
RE1,PWRHFO003,ELC001,2019,0.0
RE1,PWRHFO003,ELC001,2020,0.0
RE1,PWRHFO003,ELC001,2021,0.0
RE1,PWRHFO003,ELC001,2022,0.0
RE1,PWRHFO003,ELC001,2023,0.0
RE1,PWRHFO003,ELC001,2024,0.0
RE1,PWRHFO003,ELC001,2025,0.0
RE1,PWRHFO003,ELC001,2026,0.0
RE1,PWRHFO003,ELC001,2027,0.0
RE1,PWRHFO003,ELC001,2028,0.0
RE1,PWRHFO003,ELC001,2029,0.0
RE1,PWRHFO003,ELC001,2030,0.0
RE1,PWRHFO003,ELC001,2031,0.0
RE1,PWRHFO003,ELC001,2032,0.0
RE1,PWRHFO003,ELC001,2033,0.0
RE1,PWRHFO003,ELC001,2034,0.0
RE1,PWRHFO003,ELC001,2035,0.0
RE1,PWRHFO003,ELC001,2036,0.0
RE1,PWRHFO003,ELC001,2037,0.0
RE1,PWRHFO003,ELC001,2038,0.0
RE1,PWRHFO003,ELC001,2039,0.0
RE1,PWRHFO003,ELC001,2040,0.0
RE1,PWRHYD001,ELC001,2019,0.1166
RE1,PWRHYD001,ELC001,2020,0.1221
RE1,PWRHYD001,ELC001,2021,0.1079
RE1,PWRHYD001,ELC001,2022,0.1089
RE1,PWRHYD001,ELC001,2023,0.0953
RE1,PWRHYD001,ELC001,2024,0.1265
RE1,PWRHYD001,ELC001,2025,0.0717
RE1,PWRHYD001,ELC001,2026,0.0953
RE1,PWRHYD001,ELC001,2027,0.0879
RE1,PWRHYD001,ELC001,2028,0.1139
RE1,PWRHYD001,ELC001,2029,0.087
RE1,PWRHYD001,ELC001,2030,0.0953
RE1,PWRHYD001,ELC001,2031,0.093
RE1,PWRHYD001,ELC001,2032,0.1041
RE1,PWRHYD001,ELC001,2033,0.1034
RE1,PWRHYD001,ELC001,2034,0.1171
RE1,PWRHYD001,ELC001,2035,0.0728
RE1,PWRHYD001,ELC001,2036,0.0748
RE1,PWRHYD001,ELC001,2037,0.0788
RE1,PWRHYD001,ELC001,2038,0.1221
RE1,PWRHYD001,ELC001,2039,0.0734
RE1,PWRHYD001,ELC001,2040,0.1275
RE1,PWRHYD002,ELC001,2019,0.0
RE1,PWRHYD002,ELC001,2020,0.0
RE1,PWRHYD002,ELC001,2021,0.0
RE1,PWRHYD002,ELC001,2022,0.0
RE1,PWRHYD002,ELC001,2023,0.0
RE1,PWRHYD002,ELC001,2024,0.0
RE1,PWRHYD002,ELC001,2025,0.0
RE1,PWRHYD002,ELC001,2026,0.0
RE1,PWRHYD002,ELC001,2027,0.0
RE1,PWRHYD002,ELC001,2028,0.0
RE1,PWRHYD002,ELC001,2029,0.0
RE1,PWRHYD002,ELC001,2030,0.0
RE1,PWRHYD002,ELC001,2031,0.0
RE1,PWRHYD002,ELC001,2032,0.0
RE1,PWRHYD002,ELC001,2033,0.0
RE1,PWRHYD002,ELC001,2034,0.0
RE1,PWRHYD002,ELC001,2035,0.0
RE1,PWRHYD002,ELC001,2036,0.0
RE1,PWRHYD002,ELC001,2037,0.0
RE1,PWRHYD002,ELC001,2038,0.0
RE1,PWRHYD002,ELC001,2039,0.0
RE1,PWRHYD002,ELC001,2040,0.0
RE1,PWRHYD003,ELC001,2019,0.0
RE1,PWRHYD003,ELC001,2020,0.0
RE1,PWRHYD003,ELC001,2021,0.0
RE1,PWRHYD003,ELC001,2022,0.0
RE1,PWRHYD003,ELC001,2023,0.0
RE1,PWRHYD003,ELC001,2024,0.0
RE1,PWRHYD003,ELC001,2025,0.0
RE1,PWRHYD003,ELC001,2026,0.0
RE1,PWRHYD003,ELC001,2027,0.0
RE1,PWRHYD003,ELC001,2028,0.0
RE1,PWRHYD003,ELC001,2029,0.0
RE1,PWRHYD003,ELC001,2030,0.0
RE1,PWRHYD003,ELC001,2031,0.0
RE1,PWRHYD003,ELC001,2032,0.0
RE1,PWRHYD003,ELC001,2033,0.0
RE1,PWRHYD003,ELC001,2034,0.0
RE1,PWRHYD003,ELC001,2035,0.0
RE1,PWRHYD003,ELC001,2036,0.0
RE1,PWRHYD003,ELC001,2037,0.0
RE1,PWRHYD003,ELC001,2038,0.0
RE1,PWRHYD003,ELC001,2039,0.0
RE1,PWRHYD003,ELC001,2040,0.0
RE1,PWRNGS001,ELC001,2019,0.0
RE1,PWRNGS001,ELC001,2020,0.0
RE1,PWRNGS001,ELC001,2021,0.0
RE1,PWRNGS001,ELC001,2022,0.0
RE1,PWRNGS001,ELC001,2023,0.0
RE1,PWRNGS001,ELC001,2024,105.0489
RE1,PWRNGS001,ELC001,2025,105.2787
RE1,PWRNGS001,ELC001,2026,104.7334
RE1,PWRNGS001,ELC001,2027,104.1967
RE1,PWRNGS001,ELC001,2028,103.6601
RE1,PWRNGS001,ELC001,2029,103.1235
RE1,PWRNGS001,ELC001,2030,102.5869
RE1,PWRNGS001,ELC001,2031,102.0502
RE1,PWRNGS001,ELC001,2032,100.5727
RE1,PWRNGS001,ELC001,2033,100.1572
RE1,PWRNGS001,ELC001,2034,99.7416
RE1,PWRNGS001,ELC001,2035,99.3261
RE1,PWRNGS001,ELC001,2036,98.9105
RE1,PWRNGS001,ELC001,2037,98.495
RE1,PWRNGS001,ELC001,2038,98.0794
RE1,PWRNGS001,ELC001,2039,97.6639
RE1,PWRNGS001,ELC001,2040,97.2483
RE1,PWRNGS002,ELC001,2019,0.0
RE1,PWRNGS002,ELC001,2020,0.0
RE1,PWRNGS002,ELC001,2021,0.0
RE1,PWRNGS002,ELC001,2022,0.0
RE1,PWRNGS002,ELC001,2023,0.0
RE1,PWRNGS002,ELC001,2024,0.0
RE1,PWRNGS002,ELC001,2025,0.0
RE1,PWRNGS002,ELC001,2026,0.0
RE1,PWRNGS002,ELC001,2027,0.0
RE1,PWRNGS002,ELC001,2028,0.0
RE1,PWRNGS002,ELC001,2029,0.0
RE1,PWRNGS002,ELC001,2030,0.0
RE1,PWRNGS002,ELC001,2031,0.0
RE1,PWRNGS002,ELC001,2032,0.0
RE1,PWRNGS002,ELC001,2033,0.0
RE1,PWRNGS002,ELC001,2034,0.0
RE1,PWRNGS002,ELC001,2035,0.0
RE1,PWRNGS002,ELC001,2036,0.0
RE1,PWRNGS002,ELC001,2037,0.0
RE1,PWRNGS002,ELC001,2038,0.0
RE1,PWRNGS002,ELC001,2039,0.0
RE1,PWRNGS002,ELC001,2040,0.0
RE1,PWRNGS003,ELC001,2019,0.0
RE1,PWRNGS003,ELC001,2020,0.0
RE1,PWRNGS003,ELC001,2021,0.0
RE1,PWRNGS003,ELC001,2022,0.0
RE1,PWRNGS003,ELC001,2023,0.0
RE1,PWRNGS003,ELC001,2024,0.0
RE1,PWRNGS003,ELC001,2025,0.0
RE1,PWRNGS003,ELC001,2026,0.0
RE1,PWRNGS003,ELC001,2027,0.0
RE1,PWRNGS003,ELC001,2028,0.0
RE1,PWRNGS003,ELC001,2029,0.0
RE1,PWRNGS003,ELC001,2030,0.0
RE1,PWRNGS003,ELC001,2031,0.0
RE1,PWRNGS003,ELC001,2032,0.0
RE1,PWRNGS003,ELC001,2033,0.0
RE1,PWRNGS003,ELC001,2034,0.0
RE1,PWRNGS003,ELC001,2035,0.0
RE1,PWRNGS003,ELC001,2036,0.0
RE1,PWRNGS003,ELC001,2037,0.0
RE1,PWRNGS003,ELC001,2038,0.0
RE1,PWRNGS003,ELC001,2039,0.0
RE1,PWRNGS003,ELC001,2040,0.0
RE1,PWRSOL001,ELC001,2019,0.0356
RE1,PWRSOL001,ELC001,2020,0.0356
RE1,PWRSOL001,ELC001,2021,5.9377
RE1,PWRSOL001,ELC001,2022,0.0237
RE1,PWRSOL001,ELC001,2023,0.0167
RE1,PWRSOL001,ELC001,2024,0.0285
RE1,PWRSOL001,ELC001,2025,0.0387
RE1,PWRSOL001,ELC001,2026,0.0377
RE1,PWRSOL001,ELC001,2027,0.0179
RE1,PWRSOL001,ELC001,2028,0.0316
RE1,PWRSOL001,ELC001,2029,0.027
RE1,PWRSOL001,ELC001,2030,0.0249
RE1,PWRSOL001,ELC001,2031,0.0514
RE1,PWRSOL001,ELC001,2032,0.0377
RE1,PWRSOL001,ELC001,2033,0.027
RE1,PWRSOL001,ELC001,2034,0.0387
RE1,PWRSOL001,ELC001,2035,0.0423
RE1,PWRSOL001,ELC001,2036,0.0316
RE1,PWRSOL001,ELC001,2037,0.0249
RE1,PWRSOL001,ELC001,2038,0.0285
RE1,PWRSOL001,ELC001,2039,0.027
RE1,PWRSOL001,ELC001,2040,0.0525
RE1,PWRSOL002,ELC002,2019,0.0165
RE1,PWRSOL002,ELC002,2020,0.0165
RE1,PWRSOL002,ELC002,2021,0.0165
RE1,PWRSOL002,ELC002,2022,0.0165
RE1,PWRSOL002,ELC002,2023,0.0165
RE1,PWRSOL002,ELC002,2024,0.0165
RE1,PWRSOL002,ELC002,2025,0.0165
RE1,PWRSOL002,ELC002,2026,0.0165
RE1,PWRSOL002,ELC002,2027,0.0165
RE1,PWRSOL002,ELC002,2028,0.0165
RE1,PWRSOL002,ELC002,2029,0.0165
RE1,PWRSOL002,ELC002,2030,0.0165
RE1,PWRSOL002,ELC002,2031,0.0165
RE1,PWRSOL002,ELC002,2032,0.0165
RE1,PWRSOL002,ELC002,2033,0.0165
RE1,PWRSOL002,ELC002,2034,0.0165
RE1,PWRSOL002,ELC002,2035,0.0165
RE1,PWRSOL002,ELC002,2036,0.0165
RE1,PWRSOL002,ELC002,2037,0.0165
RE1,PWRSOL002,ELC002,2038,0.0165
RE1,PWRSOL002,ELC002,2039,0.0165
RE1,PWRSOL002,ELC002,2040,0.0165
RE1,PWRSOL003,ELC001,2019,0.0
RE1,PWRSOL003,ELC001,2020,0.0
RE1,PWRSOL003,ELC001,2021,0.0
RE1,PWRSOL003,ELC001,2022,0.0
RE1,PWRSOL003,ELC001,2023,0.0
RE1,PWRSOL003,ELC001,2024,0.0
RE1,PWRSOL003,ELC001,2025,66.8969
RE1,PWRSOL003,ELC001,2026,57.3979
RE1,PWRSOL003,ELC001,2027,69.4
RE1,PWRSOL003,ELC001,2028,64.8
RE1,PWRSOL003,ELC001,2029,57.1
RE1,PWRSOL003,ELC001,2030,66.9
RE1,PWRSOL003,ELC001,2031,57.3979
RE1,PWRSOL003,ELC001,2032,78.4979
RE1,PWRSOL003,ELC001,2033,55.2979
RE1,PWRSOL003,ELC001,2034,68.9969
RE1,PWRSOL003,ELC001,2035,49.7
RE1,PWRSOL003,ELC001,2036,66.8969
RE1,PWRSOL003,ELC001,2037,64.8
RE1,PWRSOL003,ELC001,2038,66.9
RE1,PWRSOL003,ELC001,2039,55.2979
RE1,PWRSOL003,ELC001,2040,66.8969
RE1,PWRTRN001,ELC002,2019,15598.9835
RE1,PWRTRN001,ELC002,2020,16138.9835
RE1,PWRTRN001,ELC002,2021,16728.9835
RE1,PWRTRN001,ELC002,2022,17251.9834
RE1,PWRTRN001,ELC002,2023,17774.9835
RE1,PWRTRN001,ELC002,2024,18297.9836
RE1,PWRTRN001,ELC002,2025,18821.9837
RE1,PWRTRN001,ELC002,2026,19344.9835
RE1,PWRTRN001,ELC002,2027,19867.9835
RE1,PWRTRN001,ELC002,2028,20390.9834
RE1,PWRTRN001,ELC002,2029,20913.9835
RE1,PWRTRN001,ELC002,2030,21436.9834
RE1,PWRTRN001,ELC002,2031,21959.9835
RE1,PWRTRN001,ELC002,2032,23399.9834
RE1,PWRTRN001,ELC002,2033,23804.9836
RE1,PWRTRN001,ELC002,2034,24209.9836
RE1,PWRTRN001,ELC002,2035,24614.9834
RE1,PWRTRN001,ELC002,2036,25019.9835
RE1,PWRTRN001,ELC002,2037,25424.9837
RE1,PWRTRN001,ELC002,2038,25829.9834
RE1,PWRTRN001,ELC002,2039,26234.9835
RE1,PWRTRN001,ELC002,2040,26639.9836
RE1,PWRWND001,ELC001,2019,17195.7789
RE1,PWRWND001,ELC001,2020,17802.5149
RE1,PWRWND001,ELC001,2021,18409.3984
RE1,PWRWND001,ELC001,2022,18993.5517
RE1,PWRWND001,ELC001,2023,19590.6128
RE1,PWRWND001,ELC001,2024,20073.1614
RE1,PWRWND001,ELC001,2025,20594.8436
RE1,PWRWND001,ELC001,2026,21192.5282
RE1,PWRWND001,ELC001,2027,21768.7303
RE1,PWRWND001,ELC001,2028,22361.4675
RE1,PWRWND001,ELC001,2029,22957.3763
RE1,PWRWND001,ELC001,2030,23535.7471
RE1,PWRWND001,ELC001,2031,24133.4022
RE1,PWRWND001,ELC001,2032,25731.7597
RE1,PWRWND001,ELC001,2033,26210.4428
RE1,PWRWND001,ELC001,2034,26652.1903
RE1,PWRWND001,ELC001,2035,27126.9994
RE1,PWRWND001,ELC001,2036,27565.2831
RE1,PWRWND001,ELC001,2037,28022.8544
RE1,PWRWND001,ELC001,2038,28476.1792
RE1,PWRWND001,ELC001,2039,28943.3033
RE1,PWRWND001,ELC001,2040,29387.0964
