r,t,TotalTechnologyModelPeriodActivity
RE1,DEMAGRDSL,342.774
RE1,DEMAGRHFO,13.2897
RE1,DEMAGRLPG,4.7642
RE1,DEMCOMHFO,2.1245
RE1,DEMINDBIO,36.1204
RE1,DEMINDDSL,108.079
RE1,DEMINDHFO,2.2575
RE1,DEMINDLPG,1.3263
RE1,DEMOTHDSL,76.0162
RE1,DEMOTHLPG,18.2621
RE1,DEMRESBIO,146.4375
RE1,DEMRESCHC,49.4957
RE1,DEMRESKER,2.2066
RE1,DEMTRADSL,360.6295
RE1,DEMTRAGSL,382.141
RE1,DEMTRAHFO,1.2639
RE1,DEMTRALPG,8.8476
RE1,IMPCOA,0.4043
RE1,IMPDSL,0.0
RE1,IMPELC001,4413.2
RE1,IMPELC002,2106.3
RE1,IMPELC003,1765.28
RE1,IMPGSL,0.0
RE1,IMPHFO,21.5409
RE1,IMPKER001,0.0
RE1,IMPKER002,0.0
RE1,IMPLPG,0.0
RE1,MINBIO001,0.0
RE1,MINCHC,0.0
RE1,MINHYD,2.1953
RE1,MINNGS,3011.5279
RE1,MINSOL,1020.1574
RE1,MINWND,516725.22
RE1,PWRBIO001,0.0
RE1,PWRCOA001,0.1579
RE1,PWRCOA002,0.0
RE1,PWRHFO001,0.091
RE1,PWRHFO002,9.4
RE1,PWRHFO003,0.0
RE1,PWRHYD001,2.1953
RE1,PWRHYD002,0.0
RE1,PWRHYD003,0.0
RE1,PWRNGS001,1720.8731
RE1,PWRNGS002,0.0
RE1,PWRNGS003,0.0
RE1,PWRSOL001,6.6175
RE1,PWRSOL002,0.3628
RE1,PWRSOL003,1013.1772
RE1,PWRTRN001,527762.51
RE1,PWRWND001,516725.22
