r,t,y,TotalTechnologyAnnualActivity
RE1,DEMAGRDSL,2019,13.67
RE1,DEMAGRDSL,2020,13.8375
RE1,DEMAGRDSL,2021,14.007
RE1,DEMAGRDSL,2022,14.1786
RE1,DEMAGRDSL,2023,14.3522
RE1,DEMAGRDSL,2024,14.528
RE1,DEMAGRDSL,2025,14.706
RE1,DEMAGRDSL,2026,14.8862
RE1,DEMAGRDSL,2027,15.0685
RE1,DEMAGRDSL,2028,15.2531
RE1,DEMAGRDSL,2029,15.44
RE1,DEMAGRDSL,2030,15.6291
RE1,DEMAGRDSL,2031,15.8206
RE1,DEMAGRDSL,2032,16.0144
RE1,DEMAGRDSL,2033,16.2105
RE1,DEMAGRDSL,2034,16.4091
RE1,DEMAGRDSL,2035,16.6101
RE1,DEMAGRDSL,2036,16.8136
RE1,DEMAGRDSL,2037,17.0196
RE1,DEMAGRDSL,2038,17.2281
RE1,DEMAGRDSL,2039,17.4391
RE1,DEMAGRDSL,2040,17.6527
RE1,DEMAGRHFO,2019,0.53
RE1,DEMAGRHFO,2020,0.5365
RE1,DEMAGRHFO,2021,0.5431
RE1,DEMAGRHFO,2022,0.5497
RE1,DEMAGRHFO,2023,0.5564
RE1,DEMAGRHFO,2024,0.5633
RE1,DEMAGRHFO,2025,0.5702
RE1,DEMAGRHFO,2026,0.5772
RE1,DEMAGRHFO,2027,0.5842
RE1,DEMAGRHFO,2028,0.5914
RE1,DEMAGRHFO,2029,0.5986
RE1,DEMAGRHFO,2030,0.606
RE1,DEMAGRHFO,2031,0.6134
RE1,DEMAGRHFO,2032,0.6209
RE1,DEMAGRHFO,2033,0.6285
RE1,DEMAGRHFO,2034,0.6362
RE1,DEMAGRHFO,2035,0.644
RE1,DEMAGRHFO,2036,0.6519
RE1,DEMAGRHFO,2037,0.6599
RE1,DEMAGRHFO,2038,0.668
RE1,DEMAGRHFO,2039,0.6761
RE1,DEMAGRHFO,2040,0.6844
RE1,DEMAGRLPG,2019,0.19
RE1,DEMAGRLPG,2020,0.1923
RE1,DEMAGRLPG,2021,0.1947
RE1,DEMAGRLPG,2022,0.1971
RE1,DEMAGRLPG,2023,0.1995
RE1,DEMAGRLPG,2024,0.2019
RE1,DEMAGRLPG,2025,0.2044
RE1,DEMAGRLPG,2026,0.2069
RE1,DEMAGRLPG,2027,0.2094
RE1,DEMAGRLPG,2028,0.212
RE1,DEMAGRLPG,2029,0.2146
RE1,DEMAGRLPG,2030,0.2172
RE1,DEMAGRLPG,2031,0.2199
RE1,DEMAGRLPG,2032,0.2226
RE1,DEMAGRLPG,2033,0.2253
RE1,DEMAGRLPG,2034,0.2281
RE1,DEMAGRLPG,2035,0.2309
RE1,DEMAGRLPG,2036,0.2337
RE1,DEMAGRLPG,2037,0.2366
RE1,DEMAGRLPG,2038,0.2394
RE1,DEMAGRLPG,2039,0.2424
RE1,DEMAGRLPG,2040,0.2454
RE1,DEMCOMHFO,2019,0.08
RE1,DEMCOMHFO,2020,0.0814
RE1,DEMCOMHFO,2021,0.0828
RE1,DEMCOMHFO,2022,0.0843
RE1,DEMCOMHFO,2023,0.0858
RE1,DEMCOMHFO,2024,0.0872
RE1,DEMCOMHFO,2025,0.0888
RE1,DEMCOMHFO,2026,0.0903
RE1,DEMCOMHFO,2027,0.0919
RE1,DEMCOMHFO,2028,0.0935
RE1,DEMCOMHFO,2029,0.0952
RE1,DEMCOMHFO,2030,0.0968
RE1,DEMCOMHFO,2031,0.0985
RE1,DEMCOMHFO,2032,0.1002
RE1,DEMCOMHFO,2033,0.102
RE1,DEMCOMHFO,2034,0.1038
RE1,DEMCOMHFO,2035,0.1056
RE1,DEMCOMHFO,2036,0.1074
RE1,DEMCOMHFO,2037,0.1093
RE1,DEMCOMHFO,2038,0.1112
RE1,DEMCOMHFO,2039,0.1132
RE1,DEMCOMHFO,2040,0.1152
RE1,DEMINDBIO,2019,1.28
RE1,DEMINDBIO,2020,1.3094
RE1,DEMINDBIO,2021,1.3395
RE1,DEMINDBIO,2022,1.3703
RE1,DEMINDBIO,2023,1.4018
RE1,DEMINDBIO,2024,1.434
RE1,DEMINDBIO,2025,1.467
RE1,DEMINDBIO,2026,1.5007
RE1,DEMINDBIO,2027,1.5352
RE1,DEMINDBIO,2028,1.5704
RE1,DEMINDBIO,2029,1.6065
RE1,DEMINDBIO,2030,1.6435
RE1,DEMINDBIO,2031,1.6812
RE1,DEMINDBIO,2032,1.7199
RE1,DEMINDBIO,2033,1.7594
RE1,DEMINDBIO,2034,1.7998
RE1,DEMINDBIO,2035,1.8412
RE1,DEMINDBIO,2036,1.8835
RE1,DEMINDBIO,2037,1.9268
RE1,DEMINDBIO,2038,1.9711
RE1,DEMINDBIO,2039,2.0164
RE1,DEMINDBIO,2040,2.0627
RE1,DEMINDDSL,2019,3.83
RE1,DEMINDDSL,2020,3.918
RE1,DEMINDDSL,2021,4.0081
RE1,DEMINDDSL,2022,4.1002
RE1,DEMINDDSL,2023,4.1944
RE1,DEMINDDSL,2024,4.2908
RE1,DEMINDDSL,2025,4.3894
RE1,DEMINDDSL,2026,4.4903
RE1,DEMINDDSL,2027,4.5935
RE1,DEMINDDSL,2028,4.6991
RE1,DEMINDDSL,2029,4.8071
RE1,DEMINDDSL,2030,4.9176
RE1,DEMINDDSL,2031,5.0306
RE1,DEMINDDSL,2032,5.1462
RE1,DEMINDDSL,2033,5.2645
RE1,DEMINDDSL,2034,5.3855
RE1,DEMINDDSL,2035,5.5092
RE1,DEMINDDSL,2036,5.6358
RE1,DEMINDDSL,2037,5.7654
RE1,DEMINDDSL,2038,5.8979
RE1,DEMINDDSL,2039,6.0334
RE1,DEMINDDSL,2040,6.1721
RE1,DEMINDHFO,2019,0.08
RE1,DEMINDHFO,2020,0.0818
RE1,DEMINDHFO,2021,0.0837
RE1,DEMINDHFO,2022,0.0856
RE1,DEMINDHFO,2023,0.0876
RE1,DEMINDHFO,2024,0.0896
RE1,DEMINDHFO,2025,0.0917
RE1,DEMINDHFO,2026,0.0938
RE1,DEMINDHFO,2027,0.0959
RE1,DEMINDHFO,2028,0.0982
RE1,DEMINDHFO,2029,0.1004
RE1,DEMINDHFO,2030,0.1027
RE1,DEMINDHFO,2031,0.1051
RE1,DEMINDHFO,2032,0.1075
RE1,DEMINDHFO,2033,0.11
RE1,DEMINDHFO,2034,0.1125
RE1,DEMINDHFO,2035,0.1151
RE1,DEMINDHFO,2036,0.1177
RE1,DEMINDHFO,2037,0.1204
RE1,DEMINDHFO,2038,0.1232
RE1,DEMINDHFO,2039,0.126
RE1,DEMINDHFO,2040,0.1289
RE1,DEMINDLPG,2019,0.047
RE1,DEMINDLPG,2020,0.0481
RE1,DEMINDLPG,2021,0.0492
RE1,DEMINDLPG,2022,0.0503
RE1,DEMINDLPG,2023,0.0515
RE1,DEMINDLPG,2024,0.0526
RE1,DEMINDLPG,2025,0.0539
RE1,DEMINDLPG,2026,0.0551
RE1,DEMINDLPG,2027,0.0564
RE1,DEMINDLPG,2028,0.0577
RE1,DEMINDLPG,2029,0.059
RE1,DEMINDLPG,2030,0.0604
RE1,DEMINDLPG,2031,0.0617
RE1,DEMINDLPG,2032,0.0632
RE1,DEMINDLPG,2033,0.0646
RE1,DEMINDLPG,2034,0.0661
RE1,DEMINDLPG,2035,0.0676
RE1,DEMINDLPG,2036,0.0692
RE1,DEMINDLPG,2037,0.0707
RE1,DEMINDLPG,2038,0.0724
RE1,DEMINDLPG,2039,0.074
RE1,DEMINDLPG,2040,0.0757
RE1,DEMOTHDSL,2019,3.33
RE1,DEMOTHDSL,2020,3.3417
RE1,DEMOTHDSL,2021,3.3534
RE1,DEMOTHDSL,2022,3.3651
RE1,DEMOTHDSL,2023,3.3769
RE1,DEMOTHDSL,2024,3.3887
RE1,DEMOTHDSL,2025,3.4005
RE1,DEMOTHDSL,2026,3.4124
RE1,DEMOTHDSL,2027,3.4244
RE1,DEMOTHDSL,2028,3.4364
RE1,DEMOTHDSL,2029,3.4484
RE1,DEMOTHDSL,2030,3.4605
RE1,DEMOTHDSL,2031,3.4726
RE1,DEMOTHDSL,2032,3.4847
RE1,DEMOTHDSL,2033,3.4969
RE1,DEMOTHDSL,2034,3.5092
RE1,DEMOTHDSL,2035,3.5215
RE1,DEMOTHDSL,2036,3.5338
RE1,DEMOTHDSL,2037,3.5462
RE1,DEMOTHDSL,2038,3.5586
RE1,DEMOTHDSL,2039,3.571
RE1,DEMOTHDSL,2040,3.5835
RE1,DEMOTHLPG,2019,0.8
RE1,DEMOTHLPG,2020,0.8028
RE1,DEMOTHLPG,2021,0.8056
RE1,DEMOTHLPG,2022,0.8084
RE1,DEMOTHLPG,2023,0.8113
RE1,DEMOTHLPG,2024,0.8141
RE1,DEMOTHLPG,2025,0.8169
RE1,DEMOTHLPG,2026,0.8198
RE1,DEMOTHLPG,2027,0.8227
RE1,DEMOTHLPG,2028,0.8256
RE1,DEMOTHLPG,2029,0.8284
RE1,DEMOTHLPG,2030,0.8313
RE1,DEMOTHLPG,2031,0.8342
RE1,DEMOTHLPG,2032,0.8372
RE1,DEMOTHLPG,2033,0.8401
RE1,DEMOTHLPG,2034,0.843
RE1,DEMOTHLPG,2035,0.846
RE1,DEMOTHLPG,2036,0.849
RE1,DEMOTHLPG,2037,0.8519
RE1,DEMOTHLPG,2038,0.8549
RE1,DEMOTHLPG,2039,0.8579
RE1,DEMOTHLPG,2040,0.8609
RE1,DEMRESBIO,2019,5.84
RE1,DEMRESBIO,2020,5.9115
RE1,DEMRESBIO,2021,5.984
RE1,DEMRESBIO,2022,6.0573
RE1,DEMRESBIO,2023,6.1315
RE1,DEMRESBIO,2024,6.2066
RE1,DEMRESBIO,2025,6.2826
RE1,DEMRESBIO,2026,6.3596
RE1,DEMRESBIO,2027,6.4375
RE1,DEMRESBIO,2028,6.5163
RE1,DEMRESBIO,2029,6.5962
RE1,DEMRESBIO,2030,6.677
RE1,DEMRESBIO,2031,6.7588
RE1,DEMRESBIO,2032,6.8415
RE1,DEMRESBIO,2033,6.9254
RE1,DEMRESBIO,2034,7.0102
RE1,DEMRESBIO,2035,7.0961
RE1,DEMRESBIO,2036,7.183
RE1,DEMRESBIO,2037,7.271
RE1,DEMRESBIO,2038,7.36
RE1,DEMRESBIO,2039,7.4502
RE1,DEMRESBIO,2040,7.5415
RE1,DEMRESCHC,2019,2.05
RE1,DEMRESCHC,2020,2.0679
RE1,DEMRESCHC,2021,2.086
RE1,DEMRESCHC,2022,2.1043
RE1,DEMRESCHC,2023,2.1227
RE1,DEMRESCHC,2024,2.1413
RE1,DEMRESCHC,2025,2.16
RE1,DEMRESCHC,2026,2.1789
RE1,DEMRESCHC,2027,2.198
RE1,DEMRESCHC,2028,2.2172
RE1,DEMRESCHC,2029,2.2366
RE1,DEMRESCHC,2030,2.2562
RE1,DEMRESCHC,2031,2.2759
RE1,DEMRESCHC,2032,2.2958
RE1,DEMRESCHC,2033,2.3159
RE1,DEMRESCHC,2034,2.3362
RE1,DEMRESCHC,2035,2.3566
RE1,DEMRESCHC,2036,2.3772
RE1,DEMRESCHC,2037,2.398
RE1,DEMRESCHC,2038,2.419
RE1,DEMRESCHC,2039,2.4402
RE1,DEMRESCHC,2040,2.4616
RE1,DEMRESKER,2019,0.088
RE1,DEMRESKER,2020,0.0891
RE1,DEMRESKER,2021,0.0902
RE1,DEMRESKER,2022,0.0913
RE1,DEMRESKER,2023,0.0924
RE1,DEMRESKER,2024,0.0935
RE1,DEMRESKER,2025,0.0947
RE1,DEMRESKER,2026,0.0958
RE1,DEMRESKER,2027,0.097
RE1,DEMRESKER,2028,0.0982
RE1,DEMRESKER,2029,0.0994
RE1,DEMRESKER,2030,0.1006
RE1,DEMRESKER,2031,0.1018
RE1,DEMRESKER,2032,0.1031
RE1,DEMRESKER,2033,0.1044
RE1,DEMRESKER,2034,0.1056
RE1,DEMRESKER,2035,0.1069
RE1,DEMRESKER,2036,0.1082
RE1,DEMRESKER,2037,0.1096
RE1,DEMRESKER,2038,0.1109
RE1,DEMRESKER,2039,0.1123
RE1,DEMRESKER,2040,0.1136
RE1,DEMTRADSL,2019,13.58
RE1,DEMTRADSL,2020,13.8176
RE1,DEMTRADSL,2021,14.0595
RE1,DEMTRADSL,2022,14.3055
RE1,DEMTRADSL,2023,14.5558
RE1,DEMTRADSL,2024,14.8106
RE1,DEMTRADSL,2025,15.0698
RE1,DEMTRADSL,2026,15.3335
RE1,DEMTRADSL,2027,15.6018
RE1,DEMTRADSL,2028,15.8748
RE1,DEMTRADSL,2029,16.1527
RE1,DEMTRADSL,2030,16.4353
RE1,DEMTRADSL,2031,16.723
RE1,DEMTRADSL,2032,17.0156
RE1,DEMTRADSL,2033,17.3134
RE1,DEMTRADSL,2034,17.6164
RE1,DEMTRADSL,2035,17.9246
RE1,DEMTRADSL,2036,18.2383
RE1,DEMTRADSL,2037,18.5575
RE1,DEMTRADSL,2038,18.8822
RE1,DEMTRADSL,2039,19.2127
RE1,DEMTRADSL,2040,19.5489
RE1,DEMTRAGSL,2019,14.39
RE1,DEMTRAGSL,2020,14.642
RE1,DEMTRAGSL,2021,14.898
RE1,DEMTRAGSL,2022,15.159
RE1,DEMTRAGSL,2023,15.424
RE1,DEMTRAGSL,2024,15.694
RE1,DEMTRAGSL,2025,15.969
RE1,DEMTRAGSL,2026,16.248
RE1,DEMTRAGSL,2027,16.532
RE1,DEMTRAGSL,2028,16.822
RE1,DEMTRAGSL,2029,17.116
RE1,DEMTRAGSL,2030,17.416
RE1,DEMTRAGSL,2031,17.72
RE1,DEMTRAGSL,2032,18.031
RE1,DEMTRAGSL,2033,18.346
RE1,DEMTRAGSL,2034,18.667
RE1,DEMTRAGSL,2035,18.994
RE1,DEMTRAGSL,2036,19.326
RE1,DEMTRAGSL,2037,19.664
RE1,DEMTRAGSL,2038,20.009
RE1,DEMTRAGSL,2039,20.359
RE1,DEMTRAGSL,2040,20.715
RE1,DEMTRAHFO,2019,0.04
RE1,DEMTRAHFO,2020,0.0413
RE1,DEMTRAHFO,2021,0.0427
RE1,DEMTRAHFO,2022,0.0441
RE1,DEMTRAHFO,2023,0.0456
RE1,DEMTRAHFO,2024,0.047
RE1,DEMTRAHFO,2025,0.0486
RE1,DEMTRAHFO,2026,0.0502
RE1,DEMTRAHFO,2027,0.0519
RE1,DEMTRAHFO,2028,0.0536
RE1,DEMTRAHFO,2029,0.0553
RE1,DEMTRAHFO,2030,0.0572
RE1,DEMTRAHFO,2031,0.0591
RE1,DEMTRAHFO,2032,0.061
RE1,DEMTRAHFO,2033,0.063
RE1,DEMTRAHFO,2034,0.0651
RE1,DEMTRAHFO,2035,0.0672
RE1,DEMTRAHFO,2036,0.0695
RE1,DEMTRAHFO,2037,0.0718
RE1,DEMTRAHFO,2038,0.0741
RE1,DEMTRAHFO,2039,0.0766
RE1,DEMTRAHFO,2040,0.0791
RE1,DEMTRALPG,2019,0.28
RE1,DEMTRALPG,2020,0.2892
RE1,DEMTRALPG,2021,0.2988
RE1,DEMTRALPG,2022,0.3086
RE1,DEMTRALPG,2023,0.3188
RE1,DEMTRALPG,2024,0.3294
RE1,DEMTRALPG,2025,0.3402
RE1,DEMTRALPG,2026,0.3514
RE1,DEMTRALPG,2027,0.363
RE1,DEMTRALPG,2028,0.375
RE1,DEMTRALPG,2029,0.3874
RE1,DEMTRALPG,2030,0.4002
RE1,DEMTRALPG,2031,0.4134
RE1,DEMTRALPG,2032,0.427
RE1,DEMTRALPG,2033,0.4411
RE1,DEMTRALPG,2034,0.4557
RE1,DEMTRALPG,2035,0.4707
RE1,DEMTRALPG,2036,0.4863
RE1,DEMTRALPG,2037,0.5023
RE1,DEMTRALPG,2038,0.5189
RE1,DEMTRALPG,2039,0.536
RE1,DEMTRALPG,2040,0.5537
RE1,IMPCOA,2019,0.0578
RE1,IMPCOA,2020,0.0578
RE1,IMPCOA,2021,0.0578
RE1,IMPCOA,2022,0.0578
RE1,IMPCOA,2023,0.0578
RE1,IMPCOA,2024,0.0578
RE1,IMPCOA,2025,0.0578
RE1,IMPCOA,2026,0.0
RE1,IMPCOA,2027,0.0
RE1,IMPCOA,2028,0.0
RE1,IMPCOA,2029,0.0
RE1,IMPCOA,2030,0.0
RE1,IMPCOA,2031,0.0
RE1,IMPCOA,2032,0.0
RE1,IMPCOA,2033,0.0
RE1,IMPCOA,2034,0.0
RE1,IMPCOA,2035,0.0
RE1,IMPCOA,2036,0.0
RE1,IMPCOA,2037,0.0
RE1,IMPCOA,2038,0.0
RE1,IMPCOA,2039,0.0
RE1,IMPCOA,2040,0.0
RE1,IMPDSL,2019,0.0
RE1,IMPDSL,2020,0.0
RE1,IMPDSL,2021,0.0
RE1,IMPDSL,2022,0.0
RE1,IMPDSL,2023,0.0
RE1,IMPDSL,2024,0.0
RE1,IMPDSL,2025,0.0
RE1,IMPDSL,2026,0.0
RE1,IMPDSL,2027,0.0
RE1,IMPDSL,2028,0.0
RE1,IMPDSL,2029,0.0
RE1,IMPDSL,2030,0.0
RE1,IMPDSL,2031,0.0
RE1,IMPDSL,2032,0.0
RE1,IMPDSL,2033,0.0
RE1,IMPDSL,2034,0.0
RE1,IMPDSL,2035,0.0
RE1,IMPDSL,2036,0.0
RE1,IMPDSL,2037,0.0
RE1,IMPDSL,2038,0.0
RE1,IMPDSL,2039,0.0
RE1,IMPDSL,2040,0.0
RE1,IMPELC001,2019,200.6
RE1,IMPELC001,2020,200.6
RE1,IMPELC001,2021,200.6
RE1,IMPELC001,2022,200.6
RE1,IMPELC001,2023,200.6
RE1,IMPELC001,2024,200.6
RE1,IMPELC001,2025,200.6
RE1,IMPELC001,2026,200.6
RE1,IMPELC001,2027,200.6
RE1,IMPELC001,2028,200.6
RE1,IMPELC001,2029,200.6
RE1,IMPELC001,2030,200.6
RE1,IMPELC001,2031,200.6
RE1,IMPELC001,2032,200.6
RE1,IMPELC001,2033,200.6
RE1,IMPELC001,2034,200.6
RE1,IMPELC001,2035,200.6
RE1,IMPELC001,2036,200.6
RE1,IMPELC001,2037,200.6
RE1,IMPELC001,2038,200.6
RE1,IMPELC001,2039,200.6
RE1,IMPELC001,2040,200.6
RE1,IMPELC002,2019,50.15
RE1,IMPELC002,2020,50.15
RE1,IMPELC002,2021,100.3
RE1,IMPELC002,2022,100.3
RE1,IMPELC002,2023,100.3
RE1,IMPELC002,2024,100.3
RE1,IMPELC002,2025,100.3
RE1,IMPELC002,2026,100.3
RE1,IMPELC002,2027,100.3
RE1,IMPELC002,2028,100.3
RE1,IMPELC002,2029,100.3
RE1,IMPELC002,2030,100.3
RE1,IMPELC002,2031,100.3
RE1,IMPELC002,2032,100.3
RE1,IMPELC002,2033,100.3
RE1,IMPELC002,2034,100.3
RE1,IMPELC002,2035,100.3
RE1,IMPELC002,2036,100.3
RE1,IMPELC002,2037,100.3
RE1,IMPELC002,2038,100.3
RE1,IMPELC002,2039,100.3
RE1,IMPELC002,2040,100.3
RE1,IMPELC003,2019,80.24
RE1,IMPELC003,2020,80.24
RE1,IMPELC003,2021,80.24
RE1,IMPELC003,2022,80.24
RE1,IMPELC003,2023,80.24
RE1,IMPELC003,2024,80.24
RE1,IMPELC003,2025,80.24
RE1,IMPELC003,2026,80.24
RE1,IMPELC003,2027,80.24
RE1,IMPELC003,2028,80.24
RE1,IMPELC003,2029,80.24
RE1,IMPELC003,2030,80.24
RE1,IMPELC003,2031,80.24
RE1,IMPELC003,2032,80.24
RE1,IMPELC003,2033,80.24
RE1,IMPELC003,2034,80.24
RE1,IMPELC003,2035,80.24
RE1,IMPELC003,2036,80.24
RE1,IMPELC003,2037,80.24
RE1,IMPELC003,2038,80.24
RE1,IMPELC003,2039,80.24
RE1,IMPELC003,2040,80.24
RE1,IMPGSL,2019,0.0
RE1,IMPGSL,2020,0.0
RE1,IMPGSL,2021,0.0
RE1,IMPGSL,2022,0.0
RE1,IMPGSL,2023,0.0
RE1,IMPGSL,2024,0.0
RE1,IMPGSL,2025,0.0
RE1,IMPGSL,2026,0.0
RE1,IMPGSL,2027,0.0
RE1,IMPGSL,2028,0.0
RE1,IMPGSL,2029,0.0
RE1,IMPGSL,2030,0.0
RE1,IMPGSL,2031,0.0
RE1,IMPGSL,2032,0.0
RE1,IMPGSL,2033,0.0
RE1,IMPGSL,2034,0.0
RE1,IMPGSL,2035,0.0
RE1,IMPGSL,2036,0.0
RE1,IMPGSL,2037,0.0
RE1,IMPGSL,2038,0.0
RE1,IMPGSL,2039,0.0
RE1,IMPGSL,2040,0.0
RE1,IMPHFO,2019,0.0092
RE1,IMPHFO,2020,0.0092
RE1,IMPHFO,2021,0.0092
RE1,IMPHFO,2022,21.3472
RE1,IMPHFO,2023,0.0092
RE1,IMPHFO,2024,0.0092
RE1,IMPHFO,2025,0.0092
RE1,IMPHFO,2026,0.0092
RE1,IMPHFO,2027,0.0092
RE1,IMPHFO,2028,0.0092
RE1,IMPHFO,2029,0.0092
RE1,IMPHFO,2030,0.0092
RE1,IMPHFO,2031,0.0092
RE1,IMPHFO,2032,0.0092
RE1,IMPHFO,2033,0.0092
RE1,IMPHFO,2034,0.0092
RE1,IMPHFO,2035,0.0092
RE1,IMPHFO,2036,0.0092
RE1,IMPHFO,2037,0.0092
RE1,IMPHFO,2038,0.0092
RE1,IMPHFO,2039,0.0092
RE1,IMPHFO,2040,0.0092
RE1,IMPKER001,2019,0.0
RE1,IMPKER001,2020,0.0
RE1,IMPKER001,2021,0.0
RE1,IMPKER001,2022,0.0
RE1,IMPKER001,2023,0.0
RE1,IMPKER001,2024,0.0
RE1,IMPKER001,2025,0.0
RE1,IMPKER001,2026,0.0
RE1,IMPKER001,2027,0.0
RE1,IMPKER001,2028,0.0
RE1,IMPKER001,2029,0.0
RE1,IMPKER001,2030,0.0
RE1,IMPKER001,2031,0.0
RE1,IMPKER001,2032,0.0
RE1,IMPKER001,2033,0.0
RE1,IMPKER001,2034,0.0
RE1,IMPKER001,2035,0.0
RE1,IMPKER001,2036,0.0
RE1,IMPKER001,2037,0.0
RE1,IMPKER001,2038,0.0
RE1,IMPKER001,2039,0.0
RE1,IMPKER001,2040,0.0
RE1,IMPKER002,2019,0.0
RE1,IMPKER002,2020,0.0
RE1,IMPKER002,2021,0.0
RE1,IMPKER002,2022,0.0
RE1,IMPKER002,2023,0.0
RE1,IMPKER002,2024,0.0
RE1,IMPKER002,2025,0.0
RE1,IMPKER002,2026,0.0
RE1,IMPKER002,2027,0.0
RE1,IMPKER002,2028,0.0
RE1,IMPKER002,2029,0.0
RE1,IMPKER002,2030,0.0
RE1,IMPKER002,2031,0.0
RE1,IMPKER002,2032,0.0
RE1,IMPKER002,2033,0.0
RE1,IMPKER002,2034,0.0
RE1,IMPKER002,2035,0.0
RE1,IMPKER002,2036,0.0
RE1,IMPKER002,2037,0.0
RE1,IMPKER002,2038,0.0
RE1,IMPKER002,2039,0.0
RE1,IMPKER002,2040,0.0
RE1,IMPLPG,2019,0.0
RE1,IMPLPG,2020,0.0
RE1,IMPLPG,2021,0.0
RE1,IMPLPG,2022,0.0
RE1,IMPLPG,2023,0.0
RE1,IMPLPG,2024,0.0
RE1,IMPLPG,2025,0.0
RE1,IMPLPG,2026,0.0
RE1,IMPLPG,2027,0.0
RE1,IMPLPG,2028,0.0
RE1,IMPLPG,2029,0.0
RE1,IMPLPG,2030,0.0
RE1,IMPLPG,2031,0.0
RE1,IMPLPG,2032,0.0
RE1,IMPLPG,2033,0.0
RE1,IMPLPG,2034,0.0
RE1,IMPLPG,2035,0.0
RE1,IMPLPG,2036,0.0
RE1,IMPLPG,2037,0.0
RE1,IMPLPG,2038,0.0
RE1,IMPLPG,2039,0.0
RE1,IMPLPG,2040,0.0
RE1,MINBIO001,2019,0.0
RE1,MINBIO001,2020,0.0
RE1,MINBIO001,2021,0.0
RE1,MINBIO001,2022,0.0
RE1,MINBIO001,2023,0.0
RE1,MINBIO001,2024,0.0
RE1,MINBIO001,2025,0.0
RE1,MINBIO001,2026,0.0
RE1,MINBIO001,2027,0.0
RE1,MINBIO001,2028,0.0
RE1,MINBIO001,2029,0.0
RE1,MINBIO001,2030,0.0
RE1,MINBIO001,2031,0.0
RE1,MINBIO001,2032,0.0
RE1,MINBIO001,2033,0.0
RE1,MINBIO001,2034,0.0
RE1,MINBIO001,2035,0.0
RE1,MINBIO001,2036,0.0
RE1,MINBIO001,2037,0.0
RE1,MINBIO001,2038,0.0
RE1,MINBIO001,2039,0.0
RE1,MINBIO001,2040,0.0
RE1,MINCHC,2019,0.0
RE1,MINCHC,2020,0.0
RE1,MINCHC,2021,0.0
RE1,MINCHC,2022,0.0
RE1,MINCHC,2023,0.0
RE1,MINCHC,2024,0.0
RE1,MINCHC,2025,0.0
RE1,MINCHC,2026,0.0
RE1,MINCHC,2027,0.0
RE1,MINCHC,2028,0.0
RE1,MINCHC,2029,0.0
RE1,MINCHC,2030,0.0
RE1,MINCHC,2031,0.0
RE1,MINCHC,2032,0.0
RE1,MINCHC,2033,0.0
RE1,MINCHC,2034,0.0
RE1,MINCHC,2035,0.0
RE1,MINCHC,2036,0.0
RE1,MINCHC,2037,0.0
RE1,MINCHC,2038,0.0
RE1,MINCHC,2039,0.0
RE1,MINCHC,2040,0.0
RE1,MINHYD,2019,0.1166
RE1,MINHYD,2020,0.1221
RE1,MINHYD,2021,0.1079
RE1,MINHYD,2022,0.1089
RE1,MINHYD,2023,0.0953
RE1,MINHYD,2024,0.1265
RE1,MINHYD,2025,0.0717
RE1,MINHYD,2026,0.0953
RE1,MINHYD,2027,0.0879
RE1,MINHYD,2028,0.1139
RE1,MINHYD,2029,0.087
RE1,MINHYD,2030,0.0953
RE1,MINHYD,2031,0.093
RE1,MINHYD,2032,0.1041
RE1,MINHYD,2033,0.1034
RE1,MINHYD,2034,0.1171
RE1,MINHYD,2035,0.0728
RE1,MINHYD,2036,0.0748
RE1,MINHYD,2037,0.0788
RE1,MINHYD,2038,0.1221
RE1,MINHYD,2039,0.0734
RE1,MINHYD,2040,0.1275
RE1,MINNGS,2019,0.0
RE1,MINNGS,2020,0.0
RE1,MINNGS,2021,0.0
RE1,MINNGS,2022,0.0
RE1,MINNGS,2023,0.0
RE1,MINNGS,2024,183.8356
RE1,MINNGS,2025,184.2377
RE1,MINNGS,2026,183.2834
RE1,MINNGS,2027,182.3443
RE1,MINNGS,2028,181.4052
RE1,MINNGS,2029,180.4661
RE1,MINNGS,2030,179.527
RE1,MINNGS,2031,178.5879
RE1,MINNGS,2032,176.0023
RE1,MINNGS,2033,175.275
RE1,MINNGS,2034,174.5478
RE1,MINNGS,2035,173.8206
RE1,MINNGS,2036,173.0934
RE1,MINNGS,2037,172.3662
RE1,MINNGS,2038,171.639
RE1,MINNGS,2039,170.9118
RE1,MINNGS,2040,170.1845
RE1,MINSOL,2019,0.0521
RE1,MINSOL,2020,0.0521
RE1,MINSOL,2021,5.9542
RE1,MINSOL,2022,0.0402
RE1,MINSOL,2023,0.0332
RE1,MINSOL,2024,0.045
RE1,MINSOL,2025,66.9521
RE1,MINSOL,2026,57.4521
RE1,MINSOL,2027,69.4344
RE1,MINSOL,2028,64.8481
RE1,MINSOL,2029,57.1435
RE1,MINSOL,2030,66.9414
RE1,MINSOL,2031,57.4659
RE1,MINSOL,2032,78.5521
RE1,MINSOL,2033,55.3414
RE1,MINSOL,2034,69.0521
RE1,MINSOL,2035,49.7588
RE1,MINSOL,2036,66.945
RE1,MINSOL,2037,64.8414
RE1,MINSOL,2038,66.945
RE1,MINSOL,2039,55.3414
RE1,MINSOL,2040,66.9659
RE1,MINWND,2019,17195.779
RE1,MINWND,2020,17802.515
RE1,MINWND,2021,18409.398
RE1,MINWND,2022,18993.552
RE1,MINWND,2023,19590.613
RE1,MINWND,2024,20073.161
RE1,MINWND,2025,20594.843
RE1,MINWND,2026,21192.528
RE1,MINWND,2027,21768.73
RE1,MINWND,2028,22361.468
RE1,MINWND,2029,22957.376
RE1,MINWND,2030,23535.747
RE1,MINWND,2031,24133.402
RE1,MINWND,2032,25731.76
RE1,MINWND,2033,26210.443
RE1,MINWND,2034,26652.19
RE1,MINWND,2035,27127.0
RE1,MINWND,2036,27565.283
RE1,MINWND,2037,28022.854
RE1,MINWND,2038,28476.179
RE1,MINWND,2039,28943.303
RE1,MINWND,2040,29387.096
RE1,PWRBIO001,2019,0.0
RE1,PWRBIO001,2020,0.0
RE1,PWRBIO001,2021,0.0
RE1,PWRBIO001,2022,0.0
RE1,PWRBIO001,2023,0.0
RE1,PWRBIO001,2024,0.0
RE1,PWRBIO001,2025,0.0
RE1,PWRBIO001,2026,0.0
RE1,PWRBIO001,2027,0.0
RE1,PWRBIO001,2028,0.0
RE1,PWRBIO001,2029,0.0
RE1,PWRBIO001,2030,0.0
RE1,PWRBIO001,2031,0.0
RE1,PWRBIO001,2032,0.0
RE1,PWRBIO001,2033,0.0
RE1,PWRBIO001,2034,0.0
RE1,PWRBIO001,2035,0.0
RE1,PWRBIO001,2036,0.0
RE1,PWRBIO001,2037,0.0
RE1,PWRBIO001,2038,0.0
RE1,PWRBIO001,2039,0.0
RE1,PWRBIO001,2040,0.0
RE1,PWRCOA001,2019,0.0226
RE1,PWRCOA001,2020,0.0226
RE1,PWRCOA001,2021,0.0226
RE1,PWRCOA001,2022,0.0226
RE1,PWRCOA001,2023,0.0226
RE1,PWRCOA001,2024,0.0226
RE1,PWRCOA001,2025,0.0226
RE1,PWRCOA001,2026,0.0
RE1,PWRCOA001,2027,0.0
RE1,PWRCOA001,2028,0.0
RE1,PWRCOA001,2029,0.0
RE1,PWRCOA001,2030,0.0
RE1,PWRCOA001,2031,0.0
RE1,PWRCOA001,2032,0.0
RE1,PWRCOA001,2033,0.0
RE1,PWRCOA001,2034,0.0
RE1,PWRCOA001,2035,0.0
RE1,PWRCOA001,2036,0.0
RE1,PWRCOA001,2037,0.0
RE1,PWRCOA001,2038,0.0
RE1,PWRCOA001,2039,0.0
RE1,PWRCOA001,2040,0.0
RE1,PWRCOA002,2019,0.0
RE1,PWRCOA002,2020,0.0
RE1,PWRCOA002,2021,0.0
RE1,PWRCOA002,2022,0.0
RE1,PWRCOA002,2023,0.0
RE1,PWRCOA002,2024,0.0
RE1,PWRCOA002,2025,0.0
RE1,PWRCOA002,2026,0.0
RE1,PWRCOA002,2027,0.0
RE1,PWRCOA002,2028,0.0
RE1,PWRCOA002,2029,0.0
RE1,PWRCOA002,2030,0.0
RE1,PWRCOA002,2031,0.0
RE1,PWRCOA002,2032,0.0
RE1,PWRCOA002,2033,0.0
RE1,PWRCOA002,2034,0.0
RE1,PWRCOA002,2035,0.0
RE1,PWRCOA002,2036,0.0
RE1,PWRCOA002,2037,0.0
RE1,PWRCOA002,2038,0.0
RE1,PWRCOA002,2039,0.0
RE1,PWRCOA002,2040,0.0
RE1,PWRHFO001,2019,0.0041
RE1,PWRHFO001,2020,0.0041
RE1,PWRHFO001,2021,0.0041
RE1,PWRHFO001,2022,0.0041
RE1,PWRHFO001,2023,0.0041
RE1,PWRHFO001,2024,0.0041
RE1,PWRHFO001,2025,0.0041
RE1,PWRHFO001,2026,0.0041
RE1,PWRHFO001,2027,0.0041
RE1,PWRHFO001,2028,0.0041
RE1,PWRHFO001,2029,0.0041
RE1,PWRHFO001,2030,0.0041
RE1,PWRHFO001,2031,0.0041
RE1,PWRHFO001,2032,0.0041
RE1,PWRHFO001,2033,0.0041
RE1,PWRHFO001,2034,0.0041
RE1,PWRHFO001,2035,0.0041
RE1,PWRHFO001,2036,0.0041
RE1,PWRHFO001,2037,0.0041
RE1,PWRHFO001,2038,0.0041
RE1,PWRHFO001,2039,0.0041
RE1,PWRHFO001,2040,0.0041
RE1,PWRHFO002,2019,0.0
RE1,PWRHFO002,2020,0.0
RE1,PWRHFO002,2021,0.0
RE1,PWRHFO002,2022,9.4
RE1,PWRHFO002,2023,0.0
RE1,PWRHFO002,2024,0.0
RE1,PWRHFO002,2025,0.0
RE1,PWRHFO002,2026,0.0
RE1,PWRHFO002,2027,0.0
RE1,PWRHFO002,2028,0.0
RE1,PWRHFO002,2029,0.0
RE1,PWRHFO002,2030,0.0
RE1,PWRHFO002,2031,0.0
RE1,PWRHFO002,2032,0.0
RE1,PWRHFO002,2033,0.0
RE1,PWRHFO002,2034,0.0
RE1,PWRHFO002,2035,0.0
RE1,PWRHFO002,2036,0.0
RE1,PWRHFO002,2037,0.0
RE1,PWRHFO002,2038,0.0
RE1,PWRHFO002,2039,0.0
RE1,PWRHFO002,2040,0.0
RE1,PWRHFO003,2019,0.0
RE1,PWRHFO003,2020,0.0
RE1,PWRHFO003,2021,0.0
RE1,PWRHFO003,2022,0.0
RE1,PWRHFO003,2023,0.0
RE1,PWRHFO003,2024,0.0
RE1,PWRHFO003,2025,0.0
RE1,PWRHFO003,2026,0.0
RE1,PWRHFO003,2027,0.0
RE1,PWRHFO003,2028,0.0
RE1,PWRHFO003,2029,0.0
RE1,PWRHFO003,2030,0.0
RE1,PWRHFO003,2031,0.0
RE1,PWRHFO003,2032,0.0
RE1,PWRHFO003,2033,0.0
RE1,PWRHFO003,2034,0.0
RE1,PWRHFO003,2035,0.0
RE1,PWRHFO003,2036,0.0
RE1,PWRHFO003,2037,0.0
RE1,PWRHFO003,2038,0.0
RE1,PWRHFO003,2039,0.0
RE1,PWRHFO003,2040,0.0
RE1,PWRHYD001,2019,0.1166
RE1,PWRHYD001,2020,0.1221
RE1,PWRHYD001,2021,0.1079
RE1,PWRHYD001,2022,0.1089
RE1,PWRHYD001,2023,0.0953
RE1,PWRHYD001,2024,0.1265
RE1,PWRHYD001,2025,0.0717
RE1,PWRHYD001,2026,0.0953
RE1,PWRHYD001,2027,0.0879
RE1,PWRHYD001,2028,0.1139
RE1,PWRHYD001,2029,0.087
RE1,PWRHYD001,2030,0.0953
RE1,PWRHYD001,2031,0.093
RE1,PWRHYD001,2032,0.1041
RE1,PWRHYD001,2033,0.1034
RE1,PWRHYD001,2034,0.1171
RE1,PWRHYD001,2035,0.0728
RE1,PWRHYD001,2036,0.0748
RE1,PWRHYD001,2037,0.0788
RE1,PWRHYD001,2038,0.1221
RE1,PWRHYD001,2039,0.0734
RE1,PWRHYD001,2040,0.1275
RE1,PWRHYD002,2019,0.0
RE1,PWRHYD002,2020,0.0
RE1,PWRHYD002,2021,0.0
RE1,PWRHYD002,2022,0.0
RE1,PWRHYD002,2023,0.0
RE1,PWRHYD002,2024,0.0
RE1,PWRHYD002,2025,0.0
RE1,PWRHYD002,2026,0.0
RE1,PWRHYD002,2027,0.0
RE1,PWRHYD002,2028,0.0
RE1,PWRHYD002,2029,0.0
RE1,PWRHYD002,2030,0.0
RE1,PWRHYD002,2031,0.0
RE1,PWRHYD002,2032,0.0
RE1,PWRHYD002,2033,0.0
RE1,PWRHYD002,2034,0.0
RE1,PWRHYD002,2035,0.0
RE1,PWRHYD002,2036,0.0
RE1,PWRHYD002,2037,0.0
RE1,PWRHYD002,2038,0.0
RE1,PWRHYD002,2039,0.0
RE1,PWRHYD002,2040,0.0
RE1,PWRHYD003,2019,0.0
RE1,PWRHYD003,2020,0.0
RE1,PWRHYD003,2021,0.0
RE1,PWRHYD003,2022,0.0
RE1,PWRHYD003,2023,0.0
RE1,PWRHYD003,2024,0.0
RE1,PWRHYD003,2025,0.0
RE1,PWRHYD003,2026,0.0
RE1,PWRHYD003,2027,0.0
RE1,PWRHYD003,2028,0.0
RE1,PWRHYD003,2029,0.0
RE1,PWRHYD003,2030,0.0
RE1,PWRHYD003,2031,0.0
RE1,PWRHYD003,2032,0.0
RE1,PWRHYD003,2033,0.0
RE1,PWRHYD003,2034,0.0
RE1,PWRHYD003,2035,0.0
RE1,PWRHYD003,2036,0.0
RE1,PWRHYD003,2037,0.0
RE1,PWRHYD003,2038,0.0
RE1,PWRHYD003,2039,0.0
RE1,PWRHYD003,2040,0.0
RE1,PWRNGS001,2019,0.0
RE1,PWRNGS001,2020,0.0
RE1,PWRNGS001,2021,0.0
RE1,PWRNGS001,2022,0.0
RE1,PWRNGS001,2023,0.0
RE1,PWRNGS001,2024,105.0489
RE1,PWRNGS001,2025,105.2787
RE1,PWRNGS001,2026,104.7334
RE1,PWRNGS001,2027,104.1968
RE1,PWRNGS001,2028,103.6601
RE1,PWRNGS001,2029,103.1235
RE1,PWRNGS001,2030,102.5869
RE1,PWRNGS001,2031,102.0502
RE1,PWRNGS001,2032,100.5727
RE1,PWRNGS001,2033,100.1572
RE1,PWRNGS001,2034,99.7416
RE1,PWRNGS001,2035,99.3261
RE1,PWRNGS001,2036,98.9105
RE1,PWRNGS001,2037,98.495
RE1,PWRNGS001,2038,98.0794
RE1,PWRNGS001,2039,97.6639
RE1,PWRNGS001,2040,97.2483
RE1,PWRNGS002,2019,0.0
RE1,PWRNGS002,2020,0.0
RE1,PWRNGS002,2021,0.0
RE1,PWRNGS002,2022,0.0
RE1,PWRNGS002,2023,0.0
RE1,PWRNGS002,2024,0.0
RE1,PWRNGS002,2025,0.0
RE1,PWRNGS002,2026,0.0
RE1,PWRNGS002,2027,0.0
RE1,PWRNGS002,2028,0.0
RE1,PWRNGS002,2029,0.0
RE1,PWRNGS002,2030,0.0
RE1,PWRNGS002,2031,0.0
RE1,PWRNGS002,2032,0.0
RE1,PWRNGS002,2033,0.0
RE1,PWRNGS002,2034,0.0
RE1,PWRNGS002,2035,0.0
RE1,PWRNGS002,2036,0.0
RE1,PWRNGS002,2037,0.0
RE1,PWRNGS002,2038,0.0
RE1,PWRNGS002,2039,0.0
RE1,PWRNGS002,2040,0.0
RE1,PWRNGS003,2019,0.0
RE1,PWRNGS003,2020,0.0
RE1,PWRNGS003,2021,0.0
RE1,PWRNGS003,2022,0.0
RE1,PWRNGS003,2023,0.0
RE1,PWRNGS003,2024,0.0
RE1,PWRNGS003,2025,0.0
RE1,PWRNGS003,2026,0.0
RE1,PWRNGS003,2027,0.0
RE1,PWRNGS003,2028,0.0
RE1,PWRNGS003,2029,0.0
RE1,PWRNGS003,2030,0.0
RE1,PWRNGS003,2031,0.0
RE1,PWRNGS003,2032,0.0
RE1,PWRNGS003,2033,0.0
RE1,PWRNGS003,2034,0.0
RE1,PWRNGS003,2035,0.0
RE1,PWRNGS003,2036,0.0
RE1,PWRNGS003,2037,0.0
RE1,PWRNGS003,2038,0.0
RE1,PWRNGS003,2039,0.0
RE1,PWRNGS003,2040,0.0
RE1,PWRSOL001,2019,0.0356
RE1,PWRSOL001,2020,0.0356
RE1,PWRSOL001,2021,5.9377
RE1,PWRSOL001,2022,0.0238
RE1,PWRSOL001,2023,0.0167
RE1,PWRSOL001,2024,0.0285
RE1,PWRSOL001,2025,0.0387
RE1,PWRSOL001,2026,0.0377
RE1,PWRSOL001,2027,0.0179
RE1,PWRSOL001,2028,0.0316
RE1,PWRSOL001,2029,0.027
RE1,PWRSOL001,2030,0.0249
RE1,PWRSOL001,2031,0.0514
RE1,PWRSOL001,2032,0.0377
RE1,PWRSOL001,2033,0.027
RE1,PWRSOL001,2034,0.0387
RE1,PWRSOL001,2035,0.0423
RE1,PWRSOL001,2036,0.0316
RE1,PWRSOL001,2037,0.0249
RE1,PWRSOL001,2038,0.0285
RE1,PWRSOL001,2039,0.027
RE1,PWRSOL001,2040,0.0525
RE1,PWRSOL002,2019,0.0165
RE1,PWRSOL002,2020,0.0165
RE1,PWRSOL002,2021,0.0165
RE1,PWRSOL002,2022,0.0165
RE1,PWRSOL002,2023,0.0165
RE1,PWRSOL002,2024,0.0165
RE1,PWRSOL002,2025,0.0165
RE1,PWRSOL002,2026,0.0165
RE1,PWRSOL002,2027,0.0165
RE1,PWRSOL002,2028,0.0165
RE1,PWRSOL002,2029,0.0165
RE1,PWRSOL002,2030,0.0165
RE1,PWRSOL002,2031,0.0165
RE1,PWRSOL002,2032,0.0165
RE1,PWRSOL002,2033,0.0165
RE1,PWRSOL002,2034,0.0165
RE1,PWRSOL002,2035,0.0165
RE1,PWRSOL002,2036,0.0165
RE1,PWRSOL002,2037,0.0165
RE1,PWRSOL002,2038,0.0165
RE1,PWRSOL002,2039,0.0165
RE1,PWRSOL002,2040,0.0165
RE1,PWRSOL003,2019,0.0
RE1,PWRSOL003,2020,0.0
RE1,PWRSOL003,2021,0.0
RE1,PWRSOL003,2022,0.0
RE1,PWRSOL003,2023,0.0
RE1,PWRSOL003,2024,0.0
RE1,PWRSOL003,2025,66.8969
RE1,PWRSOL003,2026,57.3979
RE1,PWRSOL003,2027,69.4
RE1,PWRSOL003,2028,64.8
RE1,PWRSOL003,2029,57.1
RE1,PWRSOL003,2030,66.9
RE1,PWRSOL003,2031,57.3979
RE1,PWRSOL003,2032,78.4979
RE1,PWRSOL003,2033,55.2979
RE1,PWRSOL003,2034,68.9969
RE1,PWRSOL003,2035,49.7
RE1,PWRSOL003,2036,66.8969
RE1,PWRSOL003,2037,64.8
RE1,PWRSOL003,2038,66.9
RE1,PWRSOL003,2039,55.2979
RE1,PWRSOL003,2040,66.8969
RE1,PWRTRN001,2019,17526.948
RE1,PWRTRN001,2020,18133.689
RE1,PWRTRN001,2021,18796.611
RE1,PWRTRN001,2022,19384.251
RE1,PWRTRN001,2023,19971.892
RE1,PWRTRN001,2024,20559.532
RE1,PWRTRN001,2025,21148.296
RE1,PWRTRN001,2026,21735.937
RE1,PWRTRN001,2027,22323.577
RE1,PWRTRN001,2028,22911.217
RE1,PWRTRN001,2029,23498.858
RE1,PWRTRN001,2030,24086.498
RE1,PWRTRN001,2031,24674.139
RE1,PWRTRN001,2032,26292.116
RE1,PWRTRN001,2033,26747.172
RE1,PWRTRN001,2034,27202.229
RE1,PWRTRN001,2035,27657.285
RE1,PWRTRN001,2036,28112.341
RE1,PWRTRN001,2037,28567.397
RE1,PWRTRN001,2038,29022.453
RE1,PWRTRN001,2039,29477.51
RE1,PWRTRN001,2040,29932.566
RE1,PWRWND001,2019,17195.779
RE1,PWRWND001,2020,17802.515
RE1,PWRWND001,2021,18409.398
RE1,PWRWND001,2022,18993.552
RE1,PWRWND001,2023,19590.613
RE1,PWRWND001,2024,20073.161
RE1,PWRWND001,2025,20594.843
RE1,PWRWND001,2026,21192.528
RE1,PWRWND001,2027,21768.73
RE1,PWRWND001,2028,22361.468
RE1,PWRWND001,2029,22957.376
RE1,PWRWND001,2030,23535.747
RE1,PWRWND001,2031,24133.402
RE1,PWRWND001,2032,25731.76
RE1,PWRWND001,2033,26210.443
RE1,PWRWND001,2034,26652.19
RE1,PWRWND001,2035,27127.0
RE1,PWRWND001,2036,27565.283
RE1,PWRWND001,2037,28022.854
RE1,PWRWND001,2038,28476.179
RE1,PWRWND001,2039,28943.303
RE1,PWRWND001,2040,29387.096
