r,t,f,y,UseByTechnologyAnnual
RE1,DEMAGRDSL,DSL,2019,0.0
RE1,DEMAGRDSL,DSL,2020,0.0
RE1,DEMAGRDSL,DSL,2021,0.0
RE1,DEMAGRDSL,DSL,2022,0.0
RE1,DEMAGRDSL,DSL,2023,0.0
RE1,DEMAGRDSL,DSL,2024,0.0
RE1,DEMAGRDSL,DSL,2025,0.0
RE1,DEMAGRDSL,DSL,2026,0.0
RE1,DEMAGRDSL,DSL,2027,0.0
RE1,DEMAGRDSL,DSL,2028,0.0
RE1,DEMAGRDSL,DSL,2029,0.0
RE1,DEMAGRDSL,DSL,2030,0.0
RE1,DEMAGRDSL,DSL,2031,0.0
RE1,DEMAGRDSL,DSL,2032,0.0
RE1,DEMAGRDSL,DSL,2033,0.0
RE1,DEMAGRDSL,DSL,2034,0.0
RE1,DEMAGRDSL,DSL,2035,0.0
RE1,DEMAGRDSL,DSL,2036,0.0
RE1,DEMAGRDSL,DSL,2037,0.0
RE1,DEMAGRDSL,DSL,2038,0.0
RE1,DEMAGRDSL,DSL,2039,0.0
RE1,DEMAGRDSL,DSL,2040,0.0
RE1,DEMAGRHFO,HFO,2019,0.0
RE1,DEMAGRHFO,HFO,2020,0.0
RE1,DEMAGRHFO,HFO,2021,0.0
RE1,DEMAGRHFO,HFO,2022,0.0
RE1,DEMAGRHFO,HFO,2023,0.0
RE1,DEMAGRHFO,HFO,2024,0.0
RE1,DEMAGRHFO,HFO,2025,0.0
RE1,DEMAGRHFO,HFO,2026,0.0
RE1,DEMAGRHFO,HFO,2027,0.0
RE1,DEMAGRHFO,HFO,2028,0.0
RE1,DEMAGRHFO,HFO,2029,0.0
RE1,DEMAGRHFO,HFO,2030,0.0
RE1,DEMAGRHFO,HFO,2031,0.0
RE1,DEMAGRHFO,HFO,2032,0.0
RE1,DEMAGRHFO,HFO,2033,0.0
RE1,DEMAGRHFO,HFO,2034,0.0
RE1,DEMAGRHFO,HFO,2035,0.0
RE1,DEMAGRHFO,HFO,2036,0.0
RE1,DEMAGRHFO,HFO,2037,0.0
RE1,DEMAGRHFO,HFO,2038,0.0
RE1,DEMAGRHFO,HFO,2039,0.0
RE1,DEMAGRHFO,HFO,2040,0.0
RE1,DEMAGRLPG,LPG,2019,0.0
RE1,DEMAGRLPG,LPG,2020,0.0
RE1,DEMAGRLPG,LPG,2021,0.0
RE1,DEMAGRLPG,LPG,2022,0.0
RE1,DEMAGRLPG,LPG,2023,0.0
RE1,DEMAGRLPG,LPG,2024,0.0
RE1,DEMAGRLPG,LPG,2025,0.0
RE1,DEMAGRLPG,LPG,2026,0.0
RE1,DEMAGRLPG,LPG,2027,0.0
RE1,DEMAGRLPG,LPG,2028,0.0
RE1,DEMAGRLPG,LPG,2029,0.0
RE1,DEMAGRLPG,LPG,2030,0.0
RE1,DEMAGRLPG,LPG,2031,0.0
RE1,DEMAGRLPG,LPG,2032,0.0
RE1,DEMAGRLPG,LPG,2033,0.0
RE1,DEMAGRLPG,LPG,2034,0.0
RE1,DEMAGRLPG,LPG,2035,0.0
RE1,DEMAGRLPG,LPG,2036,0.0
RE1,DEMAGRLPG,LPG,2037,0.0
RE1,DEMAGRLPG,LPG,2038,0.0
RE1,DEMAGRLPG,LPG,2039,0.0
RE1,DEMAGRLPG,LPG,2040,0.0
RE1,DEMCOMHFO,HFO,2019,0.0
RE1,DEMCOMHFO,HFO,2020,0.0
RE1,DEMCOMHFO,HFO,2021,0.0
RE1,DEMCOMHFO,HFO,2022,0.0
RE1,DEMCOMHFO,HFO,2023,0.0
RE1,DEMCOMHFO,HFO,2024,0.0
RE1,DEMCOMHFO,HFO,2025,0.0
RE1,DEMCOMHFO,HFO,2026,0.0
RE1,DEMCOMHFO,HFO,2027,0.0
RE1,DEMCOMHFO,HFO,2028,0.0
RE1,DEMCOMHFO,HFO,2029,0.0
RE1,DEMCOMHFO,HFO,2030,0.0
RE1,DEMCOMHFO,HFO,2031,0.0
RE1,DEMCOMHFO,HFO,2032,0.0
RE1,DEMCOMHFO,HFO,2033,0.0
RE1,DEMCOMHFO,HFO,2034,0.0
RE1,DEMCOMHFO,HFO,2035,0.0
RE1,DEMCOMHFO,HFO,2036,0.0
RE1,DEMCOMHFO,HFO,2037,0.0
RE1,DEMCOMHFO,HFO,2038,0.0
RE1,DEMCOMHFO,HFO,2039,0.0
RE1,DEMCOMHFO,HFO,2040,0.0
RE1,DEMINDBIO,BIO,2019,0.0
RE1,DEMINDBIO,BIO,2020,0.0
RE1,DEMINDBIO,BIO,2021,0.0
RE1,DEMINDBIO,BIO,2022,0.0
RE1,DEMINDBIO,BIO,2023,0.0
RE1,DEMINDBIO,BIO,2024,0.0
RE1,DEMINDBIO,BIO,2025,0.0
RE1,DEMINDBIO,BIO,2026,0.0
RE1,DEMINDBIO,BIO,2027,0.0
RE1,DEMINDBIO,BIO,2028,0.0
RE1,DEMINDBIO,BIO,2029,0.0
RE1,DEMINDBIO,BIO,2030,0.0
RE1,DEMINDBIO,BIO,2031,0.0
RE1,DEMINDBIO,BIO,2032,0.0
RE1,DEMINDBIO,BIO,2033,0.0
RE1,DEMINDBIO,BIO,2034,0.0
RE1,DEMINDBIO,BIO,2035,0.0
RE1,DEMINDBIO,BIO,2036,0.0
RE1,DEMINDBIO,BIO,2037,0.0
RE1,DEMINDBIO,BIO,2038,0.0
RE1,DEMINDBIO,BIO,2039,0.0
RE1,DEMINDBIO,BIO,2040,0.0
RE1,DEMINDDSL,DSL,2019,0.0
RE1,DEMINDDSL,DSL,2020,0.0
RE1,DEMINDDSL,DSL,2021,0.0
RE1,DEMINDDSL,DSL,2022,0.0
RE1,DEMINDDSL,DSL,2023,0.0
RE1,DEMINDDSL,DSL,2024,0.0
RE1,DEMINDDSL,DSL,2025,0.0
RE1,DEMINDDSL,DSL,2026,0.0
RE1,DEMINDDSL,DSL,2027,0.0
RE1,DEMINDDSL,DSL,2028,0.0
RE1,DEMINDDSL,DSL,2029,0.0
RE1,DEMINDDSL,DSL,2030,0.0
RE1,DEMINDDSL,DSL,2031,0.0
RE1,DEMINDDSL,DSL,2032,0.0
RE1,DEMINDDSL,DSL,2033,0.0
RE1,DEMINDDSL,DSL,2034,0.0
RE1,DEMINDDSL,DSL,2035,0.0
RE1,DEMINDDSL,DSL,2036,0.0
RE1,DEMINDDSL,DSL,2037,0.0
RE1,DEMINDDSL,DSL,2038,0.0
RE1,DEMINDDSL,DSL,2039,0.0
RE1,DEMINDDSL,DSL,2040,0.0
RE1,DEMINDHFO,HFO,2019,0.0
RE1,DEMINDHFO,HFO,2020,0.0
RE1,DEMINDHFO,HFO,2021,0.0
RE1,DEMINDHFO,HFO,2022,0.0
RE1,DEMINDHFO,HFO,2023,0.0
RE1,DEMINDHFO,HFO,2024,0.0
RE1,DEMINDHFO,HFO,2025,0.0
RE1,DEMINDHFO,HFO,2026,0.0
RE1,DEMINDHFO,HFO,2027,0.0
RE1,DEMINDHFO,HFO,2028,0.0
RE1,DEMINDHFO,HFO,2029,0.0
RE1,DEMINDHFO,HFO,2030,0.0
RE1,DEMINDHFO,HFO,2031,0.0
RE1,DEMINDHFO,HFO,2032,0.0
RE1,DEMINDHFO,HFO,2033,0.0
RE1,DEMINDHFO,HFO,2034,0.0
RE1,DEMINDHFO,HFO,2035,0.0
RE1,DEMINDHFO,HFO,2036,0.0
RE1,DEMINDHFO,HFO,2037,0.0
RE1,DEMINDHFO,HFO,2038,0.0
RE1,DEMINDHFO,HFO,2039,0.0
RE1,DEMINDHFO,HFO,2040,0.0
RE1,DEMINDLPG,LPG,2019,0.0
RE1,DEMINDLPG,LPG,2020,0.0
RE1,DEMINDLPG,LPG,2021,0.0
RE1,DEMINDLPG,LPG,2022,0.0
RE1,DEMINDLPG,LPG,2023,0.0
RE1,DEMINDLPG,LPG,2024,0.0
RE1,DEMINDLPG,LPG,2025,0.0
RE1,DEMINDLPG,LPG,2026,0.0
RE1,DEMINDLPG,LPG,2027,0.0
RE1,DEMINDLPG,LPG,2028,0.0
RE1,DEMINDLPG,LPG,2029,0.0
RE1,DEMINDLPG,LPG,2030,0.0
RE1,DEMINDLPG,LPG,2031,0.0
RE1,DEMINDLPG,LPG,2032,0.0
RE1,DEMINDLPG,LPG,2033,0.0
RE1,DEMINDLPG,LPG,2034,0.0
RE1,DEMINDLPG,LPG,2035,0.0
RE1,DEMINDLPG,LPG,2036,0.0
RE1,DEMINDLPG,LPG,2037,0.0
RE1,DEMINDLPG,LPG,2038,0.0
RE1,DEMINDLPG,LPG,2039,0.0
RE1,DEMINDLPG,LPG,2040,0.0
RE1,DEMOTHDSL,DSL,2019,0.0
RE1,DEMOTHDSL,DSL,2020,0.0
RE1,DEMOTHDSL,DSL,2021,0.0
RE1,DEMOTHDSL,DSL,2022,0.0
RE1,DEMOTHDSL,DSL,2023,0.0
RE1,DEMOTHDSL,DSL,2024,0.0
RE1,DEMOTHDSL,DSL,2025,0.0
RE1,DEMOTHDSL,DSL,2026,0.0
RE1,DEMOTHDSL,DSL,2027,0.0
RE1,DEMOTHDSL,DSL,2028,0.0
RE1,DEMOTHDSL,DSL,2029,0.0
RE1,DEMOTHDSL,DSL,2030,0.0
RE1,DEMOTHDSL,DSL,2031,0.0
RE1,DEMOTHDSL,DSL,2032,0.0
RE1,DEMOTHDSL,DSL,2033,0.0
RE1,DEMOTHDSL,DSL,2034,0.0
RE1,DEMOTHDSL,DSL,2035,0.0
RE1,DEMOTHDSL,DSL,2036,0.0
RE1,DEMOTHDSL,DSL,2037,0.0
RE1,DEMOTHDSL,DSL,2038,0.0
RE1,DEMOTHDSL,DSL,2039,0.0
RE1,DEMOTHDSL,DSL,2040,0.0
RE1,DEMOTHLPG,LPG,2019,0.0
RE1,DEMOTHLPG,LPG,2020,0.0
RE1,DEMOTHLPG,LPG,2021,0.0
RE1,DEMOTHLPG,LPG,2022,0.0
RE1,DEMOTHLPG,LPG,2023,0.0
RE1,DEMOTHLPG,LPG,2024,0.0
RE1,DEMOTHLPG,LPG,2025,0.0
RE1,DEMOTHLPG,LPG,2026,0.0
RE1,DEMOTHLPG,LPG,2027,0.0
RE1,DEMOTHLPG,LPG,2028,0.0
RE1,DEMOTHLPG,LPG,2029,0.0
RE1,DEMOTHLPG,LPG,2030,0.0
RE1,DEMOTHLPG,LPG,2031,0.0
RE1,DEMOTHLPG,LPG,2032,0.0
RE1,DEMOTHLPG,LPG,2033,0.0
RE1,DEMOTHLPG,LPG,2034,0.0
RE1,DEMOTHLPG,LPG,2035,0.0
RE1,DEMOTHLPG,LPG,2036,0.0
RE1,DEMOTHLPG,LPG,2037,0.0
RE1,DEMOTHLPG,LPG,2038,0.0
RE1,DEMOTHLPG,LPG,2039,0.0
RE1,DEMOTHLPG,LPG,2040,0.0
RE1,DEMRESBIO,BIO,2019,0.0
RE1,DEMRESBIO,BIO,2020,0.0
RE1,DEMRESBIO,BIO,2021,0.0
RE1,DEMRESBIO,BIO,2022,0.0
RE1,DEMRESBIO,BIO,2023,0.0
RE1,DEMRESBIO,BIO,2024,0.0
RE1,DEMRESBIO,BIO,2025,0.0
RE1,DEMRESBIO,BIO,2026,0.0
RE1,DEMRESBIO,BIO,2027,0.0
RE1,DEMRESBIO,BIO,2028,0.0
RE1,DEMRESBIO,BIO,2029,0.0
RE1,DEMRESBIO,BIO,2030,0.0
RE1,DEMRESBIO,BIO,2031,0.0
RE1,DEMRESBIO,BIO,2032,0.0
RE1,DEMRESBIO,BIO,2033,0.0
RE1,DEMRESBIO,BIO,2034,0.0
RE1,DEMRESBIO,BIO,2035,0.0
RE1,DEMRESBIO,BIO,2036,0.0
RE1,DEMRESBIO,BIO,2037,0.0
RE1,DEMRESBIO,BIO,2038,0.0
RE1,DEMRESBIO,BIO,2039,0.0
RE1,DEMRESBIO,BIO,2040,0.0
RE1,DEMRESCHC,CHC,2019,0.0
RE1,DEMRESCHC,CHC,2020,0.0
RE1,DEMRESCHC,CHC,2021,0.0
RE1,DEMRESCHC,CHC,2022,0.0
RE1,DEMRESCHC,CHC,2023,0.0
RE1,DEMRESCHC,CHC,2024,0.0
RE1,DEMRESCHC,CHC,2025,0.0
RE1,DEMRESCHC,CHC,2026,0.0
RE1,DEMRESCHC,CHC,2027,0.0
RE1,DEMRESCHC,CHC,2028,0.0
RE1,DEMRESCHC,CHC,2029,0.0
RE1,DEMRESCHC,CHC,2030,0.0
RE1,DEMRESCHC,CHC,2031,0.0
RE1,DEMRESCHC,CHC,2032,0.0
RE1,DEMRESCHC,CHC,2033,0.0
RE1,DEMRESCHC,CHC,2034,0.0
RE1,DEMRESCHC,CHC,2035,0.0
RE1,DEMRESCHC,CHC,2036,0.0
RE1,DEMRESCHC,CHC,2037,0.0
RE1,DEMRESCHC,CHC,2038,0.0
RE1,DEMRESCHC,CHC,2039,0.0
RE1,DEMRESCHC,CHC,2040,0.0
RE1,DEMRESKER,KER001,2019,0.0
RE1,DEMRESKER,KER001,2020,0.0
RE1,DEMRESKER,KER001,2021,0.0
RE1,DEMRESKER,KER001,2022,0.0
RE1,DEMRESKER,KER001,2023,0.0
RE1,DEMRESKER,KER001,2024,0.0
RE1,DEMRESKER,KER001,2025,0.0
RE1,DEMRESKER,KER001,2026,0.0
RE1,DEMRESKER,KER001,2027,0.0
RE1,DEMRESKER,KER001,2028,0.0
RE1,DEMRESKER,KER001,2029,0.0
RE1,DEMRESKER,KER001,2030,0.0
RE1,DEMRESKER,KER001,2031,0.0
RE1,DEMRESKER,KER001,2032,0.0
RE1,DEMRESKER,KER001,2033,0.0
RE1,DEMRESKER,KER001,2034,0.0
RE1,DEMRESKER,KER001,2035,0.0
RE1,DEMRESKER,KER001,2036,0.0
RE1,DEMRESKER,KER001,2037,0.0
RE1,DEMRESKER,KER001,2038,0.0
RE1,DEMRESKER,KER001,2039,0.0
RE1,DEMRESKER,KER001,2040,0.0
RE1,DEMTRADSL,DSL,2019,0.0
RE1,DEMTRADSL,DSL,2020,0.0
RE1,DEMTRADSL,DSL,2021,0.0
RE1,DEMTRADSL,DSL,2022,0.0
RE1,DEMTRADSL,DSL,2023,0.0
RE1,DEMTRADSL,DSL,2024,0.0
RE1,DEMTRADSL,DSL,2025,0.0
RE1,DEMTRADSL,DSL,2026,0.0
RE1,DEMTRADSL,DSL,2027,0.0
RE1,DEMTRADSL,DSL,2028,0.0
RE1,DEMTRADSL,DSL,2029,0.0
RE1,DEMTRADSL,DSL,2030,0.0
RE1,DEMTRADSL,DSL,2031,0.0
RE1,DEMTRADSL,DSL,2032,0.0
RE1,DEMTRADSL,DSL,2033,0.0
RE1,DEMTRADSL,DSL,2034,0.0
RE1,DEMTRADSL,DSL,2035,0.0
RE1,DEMTRADSL,DSL,2036,0.0
RE1,DEMTRADSL,DSL,2037,0.0
RE1,DEMTRADSL,DSL,2038,0.0
RE1,DEMTRADSL,DSL,2039,0.0
RE1,DEMTRADSL,DSL,2040,0.0
RE1,DEMTRAGSL,GSL,2019,0.0
RE1,DEMTRAGSL,GSL,2020,0.0
RE1,DEMTRAGSL,GSL,2021,0.0
RE1,DEMTRAGSL,GSL,2022,0.0
RE1,DEMTRAGSL,GSL,2023,0.0
RE1,DEMTRAGSL,GSL,2024,0.0
RE1,DEMTRAGSL,GSL,2025,0.0
RE1,DEMTRAGSL,GSL,2026,0.0
RE1,DEMTRAGSL,GSL,2027,0.0
RE1,DEMTRAGSL,GSL,2028,0.0
RE1,DEMTRAGSL,GSL,2029,0.0
RE1,DEMTRAGSL,GSL,2030,0.0
RE1,DEMTRAGSL,GSL,2031,0.0
RE1,DEMTRAGSL,GSL,2032,0.0
RE1,DEMTRAGSL,GSL,2033,0.0
RE1,DEMTRAGSL,GSL,2034,0.0
RE1,DEMTRAGSL,GSL,2035,0.0
RE1,DEMTRAGSL,GSL,2036,0.0
RE1,DEMTRAGSL,GSL,2037,0.0
RE1,DEMTRAGSL,GSL,2038,0.0
RE1,DEMTRAGSL,GSL,2039,0.0
RE1,DEMTRAGSL,GSL,2040,0.0
RE1,DEMTRAHFO,HFO,2019,0.0
RE1,DEMTRAHFO,HFO,2020,0.0
RE1,DEMTRAHFO,HFO,2021,0.0
RE1,DEMTRAHFO,HFO,2022,0.0
RE1,DEMTRAHFO,HFO,2023,0.0
RE1,DEMTRAHFO,HFO,2024,0.0
RE1,DEMTRAHFO,HFO,2025,0.0
RE1,DEMTRAHFO,HFO,2026,0.0
RE1,DEMTRAHFO,HFO,2027,0.0
RE1,DEMTRAHFO,HFO,2028,0.0
RE1,DEMTRAHFO,HFO,2029,0.0
RE1,DEMTRAHFO,HFO,2030,0.0
RE1,DEMTRAHFO,HFO,2031,0.0
RE1,DEMTRAHFO,HFO,2032,0.0
RE1,DEMTRAHFO,HFO,2033,0.0
RE1,DEMTRAHFO,HFO,2034,0.0
RE1,DEMTRAHFO,HFO,2035,0.0
RE1,DEMTRAHFO,HFO,2036,0.0
RE1,DEMTRAHFO,HFO,2037,0.0
RE1,DEMTRAHFO,HFO,2038,0.0
RE1,DEMTRAHFO,HFO,2039,0.0
RE1,DEMTRAHFO,HFO,2040,0.0
RE1,DEMTRALPG,LPG,2019,0.0
RE1,DEMTRALPG,LPG,2020,0.0
RE1,DEMTRALPG,LPG,2021,0.0
RE1,DEMTRALPG,LPG,2022,0.0
RE1,DEMTRALPG,LPG,2023,0.0
RE1,DEMTRALPG,LPG,2024,0.0
RE1,DEMTRALPG,LPG,2025,0.0
RE1,DEMTRALPG,LPG,2026,0.0
RE1,DEMTRALPG,LPG,2027,0.0
RE1,DEMTRALPG,LPG,2028,0.0
RE1,DEMTRALPG,LPG,2029,0.0
RE1,DEMTRALPG,LPG,2030,0.0
RE1,DEMTRALPG,LPG,2031,0.0
RE1,DEMTRALPG,LPG,2032,0.0
RE1,DEMTRALPG,LPG,2033,0.0
RE1,DEMTRALPG,LPG,2034,0.0
RE1,DEMTRALPG,LPG,2035,0.0
RE1,DEMTRALPG,LPG,2036,0.0
RE1,DEMTRALPG,LPG,2037,0.0
RE1,DEMTRALPG,LPG,2038,0.0
RE1,DEMTRALPG,LPG,2039,0.0
RE1,DEMTRALPG,LPG,2040,0.0
RE1,PWRBIO001,BIO,2019,0.0
RE1,PWRBIO001,BIO,2020,0.0
RE1,PWRBIO001,BIO,2021,0.0
RE1,PWRBIO001,BIO,2022,0.0
RE1,PWRBIO001,BIO,2023,0.0
RE1,PWRBIO001,BIO,2024,0.0
RE1,PWRBIO001,BIO,2025,0.0
RE1,PWRBIO001,BIO,2026,0.0
RE1,PWRBIO001,BIO,2027,0.0
RE1,PWRBIO001,BIO,2028,0.0
RE1,PWRBIO001,BIO,2029,0.0
RE1,PWRBIO001,BIO,2030,0.0
RE1,PWRBIO001,BIO,2031,0.0
RE1,PWRBIO001,BIO,2032,0.0
RE1,PWRBIO001,BIO,2033,0.0
RE1,PWRBIO001,BIO,2034,0.0
RE1,PWRBIO001,BIO,2035,0.0
RE1,PWRBIO001,BIO,2036,0.0
RE1,PWRBIO001,BIO,2037,0.0
RE1,PWRBIO001,BIO,2038,0.0
RE1,PWRBIO001,BIO,2039,0.0
RE1,PWRBIO001,BIO,2040,0.0
RE1,PWRCOA001,COA,2019,0.0578
RE1,PWRCOA001,COA,2020,0.0578
RE1,PWRCOA001,COA,2021,0.0578
RE1,PWRCOA001,COA,2022,0.0578
RE1,PWRCOA001,COA,2023,0.0578
RE1,PWRCOA001,COA,2024,0.0578
RE1,PWRCOA001,COA,2025,0.0578
RE1,PWRCOA001,COA,2026,0.0
RE1,PWRCOA001,COA,2027,0.0
RE1,PWRCOA001,COA,2028,0.0
RE1,PWRCOA001,COA,2029,0.0
RE1,PWRCOA001,COA,2030,0.0
RE1,PWRCOA001,COA,2031,0.0
RE1,PWRCOA001,COA,2032,0.0
RE1,PWRCOA001,COA,2033,0.0
RE1,PWRCOA001,COA,2034,0.0
RE1,PWRCOA001,COA,2035,0.0
RE1,PWRCOA001,COA,2036,0.0
RE1,PWRCOA001,COA,2037,0.0
RE1,PWRCOA001,COA,2038,0.0
RE1,PWRCOA001,COA,2039,0.0
RE1,PWRCOA001,COA,2040,0.0
RE1,PWRCOA002,COA,2019,0.0
RE1,PWRCOA002,COA,2020,0.0
RE1,PWRCOA002,COA,2021,0.0
RE1,PWRCOA002,COA,2022,0.0
RE1,PWRCOA002,COA,2023,0.0
RE1,PWRCOA002,COA,2024,0.0
RE1,PWRCOA002,COA,2025,0.0
RE1,PWRCOA002,COA,2026,0.0
RE1,PWRCOA002,COA,2027,0.0
RE1,PWRCOA002,COA,2028,0.0
RE1,PWRCOA002,COA,2029,0.0
RE1,PWRCOA002,COA,2030,0.0
RE1,PWRCOA002,COA,2031,0.0
RE1,PWRCOA002,COA,2032,0.0
RE1,PWRCOA002,COA,2033,0.0
RE1,PWRCOA002,COA,2034,0.0
RE1,PWRCOA002,COA,2035,0.0
RE1,PWRCOA002,COA,2036,0.0
RE1,PWRCOA002,COA,2037,0.0
RE1,PWRCOA002,COA,2038,0.0
RE1,PWRCOA002,COA,2039,0.0
RE1,PWRCOA002,COA,2040,0.0
RE1,PWRHFO001,HFO,2019,0.0092
RE1,PWRHFO001,HFO,2020,0.0092
RE1,PWRHFO001,HFO,2021,0.0092
RE1,PWRHFO001,HFO,2022,0.0092
RE1,PWRHFO001,HFO,2023,0.0092
RE1,PWRHFO001,HFO,2024,0.0092
RE1,PWRHFO001,HFO,2025,0.0092
RE1,PWRHFO001,HFO,2026,0.0092
RE1,PWRHFO001,HFO,2027,0.0092
RE1,PWRHFO001,HFO,2028,0.0092
RE1,PWRHFO001,HFO,2029,0.0092
RE1,PWRHFO001,HFO,2030,0.0092
RE1,PWRHFO001,HFO,2031,0.0092
RE1,PWRHFO001,HFO,2032,0.0092
RE1,PWRHFO001,HFO,2033,0.0092
RE1,PWRHFO001,HFO,2034,0.0092
RE1,PWRHFO001,HFO,2035,0.0092
RE1,PWRHFO001,HFO,2036,0.0092
RE1,PWRHFO001,HFO,2037,0.0092
RE1,PWRHFO001,HFO,2038,0.0092
RE1,PWRHFO001,HFO,2039,0.0092
RE1,PWRHFO001,HFO,2040,0.0092
RE1,PWRHFO002,HFO,2019,0.0
RE1,PWRHFO002,HFO,2020,0.0
RE1,PWRHFO002,HFO,2021,0.0
RE1,PWRHFO002,HFO,2022,21.338
RE1,PWRHFO002,HFO,2023,0.0
RE1,PWRHFO002,HFO,2024,0.0
RE1,PWRHFO002,HFO,2025,0.0
RE1,PWRHFO002,HFO,2026,0.0
RE1,PWRHFO002,HFO,2027,0.0
RE1,PWRHFO002,HFO,2028,0.0
RE1,PWRHFO002,HFO,2029,0.0
RE1,PWRHFO002,HFO,2030,0.0
RE1,PWRHFO002,HFO,2031,0.0
RE1,PWRHFO002,HFO,2032,0.0
RE1,PWRHFO002,HFO,2033,0.0
RE1,PWRHFO002,HFO,2034,0.0
RE1,PWRHFO002,HFO,2035,0.0
RE1,PWRHFO002,HFO,2036,0.0
RE1,PWRHFO002,HFO,2037,0.0
RE1,PWRHFO002,HFO,2038,0.0
RE1,PWRHFO002,HFO,2039,0.0
RE1,PWRHFO002,HFO,2040,0.0
RE1,PWRHFO003,HFO,2019,0.0
RE1,PWRHFO003,HFO,2020,0.0
RE1,PWRHFO003,HFO,2021,0.0
RE1,PWRHFO003,HFO,2022,0.0
RE1,PWRHFO003,HFO,2023,0.0
RE1,PWRHFO003,HFO,2024,0.0
RE1,PWRHFO003,HFO,2025,0.0
RE1,PWRHFO003,HFO,2026,0.0
RE1,PWRHFO003,HFO,2027,0.0
RE1,PWRHFO003,HFO,2028,0.0
RE1,PWRHFO003,HFO,2029,0.0
RE1,PWRHFO003,HFO,2030,0.0
RE1,PWRHFO003,HFO,2031,0.0
RE1,PWRHFO003,HFO,2032,0.0
RE1,PWRHFO003,HFO,2033,0.0
RE1,PWRHFO003,HFO,2034,0.0
RE1,PWRHFO003,HFO,2035,0.0
RE1,PWRHFO003,HFO,2036,0.0
RE1,PWRHFO003,HFO,2037,0.0
RE1,PWRHFO003,HFO,2038,0.0
RE1,PWRHFO003,HFO,2039,0.0
RE1,PWRHFO003,HFO,2040,0.0
RE1,PWRHYD001,HYD,2019,0.1166
RE1,PWRHYD001,HYD,2020,0.1221
RE1,PWRHYD001,HYD,2021,0.1079
RE1,PWRHYD001,HYD,2022,0.1089
RE1,PWRHYD001,HYD,2023,0.0953
RE1,PWRHYD001,HYD,2024,0.1265
RE1,PWRHYD001,HYD,2025,0.0717
RE1,PWRHYD001,HYD,2026,0.0953
RE1,PWRHYD001,HYD,2027,0.0879
RE1,PWRHYD001,HYD,2028,0.1139
RE1,PWRHYD001,HYD,2029,0.087
RE1,PWRHYD001,HYD,2030,0.0953
RE1,PWRHYD001,HYD,2031,0.093
RE1,PWRHYD001,HYD,2032,0.1041
RE1,PWRHYD001,HYD,2033,0.1034
RE1,PWRHYD001,HYD,2034,0.1171
RE1,PWRHYD001,HYD,2035,0.0728
RE1,PWRHYD001,HYD,2036,0.0748
RE1,PWRHYD001,HYD,2037,0.0788
RE1,PWRHYD001,HYD,2038,0.1221
RE1,PWRHYD001,HYD,2039,0.0734
RE1,PWRHYD001,HYD,2040,0.1275
RE1,PWRHYD002,HYD,2019,0.0
RE1,PWRHYD002,HYD,2020,0.0
RE1,PWRHYD002,HYD,2021,0.0
RE1,PWRHYD002,HYD,2022,0.0
RE1,PWRHYD002,HYD,2023,0.0
RE1,PWRHYD002,HYD,2024,0.0
RE1,PWRHYD002,HYD,2025,0.0
RE1,PWRHYD002,HYD,2026,0.0
RE1,PWRHYD002,HYD,2027,0.0
RE1,PWRHYD002,HYD,2028,0.0
RE1,PWRHYD002,HYD,2029,0.0
RE1,PWRHYD002,HYD,2030,0.0
RE1,PWRHYD002,HYD,2031,0.0
RE1,PWRHYD002,HYD,2032,0.0
RE1,PWRHYD002,HYD,2033,0.0
RE1,PWRHYD002,HYD,2034,0.0
RE1,PWRHYD002,HYD,2035,0.0
RE1,PWRHYD002,HYD,2036,0.0
RE1,PWRHYD002,HYD,2037,0.0
RE1,PWRHYD002,HYD,2038,0.0
RE1,PWRHYD002,HYD,2039,0.0
RE1,PWRHYD002,HYD,2040,0.0
RE1,PWRHYD003,HYD,2019,0.0
RE1,PWRHYD003,HYD,2020,0.0
RE1,PWRHYD003,HYD,2021,0.0
RE1,PWRHYD003,HYD,2022,0.0
RE1,PWRHYD003,HYD,2023,0.0
RE1,PWRHYD003,HYD,2024,0.0
RE1,PWRHYD003,HYD,2025,0.0
RE1,PWRHYD003,HYD,2026,0.0
RE1,PWRHYD003,HYD,2027,0.0
RE1,PWRHYD003,HYD,2028,0.0
RE1,PWRHYD003,HYD,2029,0.0
RE1,PWRHYD003,HYD,2030,0.0
RE1,PWRHYD003,HYD,2031,0.0
RE1,PWRHYD003,HYD,2032,0.0
RE1,PWRHYD003,HYD,2033,0.0
RE1,PWRHYD003,HYD,2034,0.0
RE1,PWRHYD003,HYD,2035,0.0
RE1,PWRHYD003,HYD,2036,0.0
RE1,PWRHYD003,HYD,2037,0.0
RE1,PWRHYD003,HYD,2038,0.0
RE1,PWRHYD003,HYD,2039,0.0
RE1,PWRHYD003,HYD,2040,0.0
RE1,PWRNGS001,LNG,2019,0.0
RE1,PWRNGS001,LNG,2020,0.0
RE1,PWRNGS001,LNG,2021,0.0
RE1,PWRNGS001,LNG,2022,0.0
RE1,PWRNGS001,LNG,2023,0.0
RE1,PWRNGS001,LNG,2024,183.8356
RE1,PWRNGS001,LNG,2025,184.2377
RE1,PWRNGS001,LNG,2026,183.2834
RE1,PWRNGS001,LNG,2027,182.3443
RE1,PWRNGS001,LNG,2028,181.4052
RE1,PWRNGS001,LNG,2029,180.4661
RE1,PWRNGS001,LNG,2030,179.527
RE1,PWRNGS001,LNG,2031,178.5879
RE1,PWRNGS001,LNG,2032,176.0023
RE1,PWRNGS001,LNG,2033,175.2751
RE1,PWRNGS001,LNG,2034,174.5478
RE1,PWRNGS001,LNG,2035,173.8206
RE1,PWRNGS001,LNG,2036,173.0934
RE1,PWRNGS001,LNG,2037,172.3662
RE1,PWRNGS001,LNG,2038,171.639
RE1,PWRNGS001,LNG,2039,170.9117
RE1,PWRNGS001,LNG,2040,170.1845
RE1,PWRNGS002,LNG,2019,0.0
RE1,PWRNGS002,LNG,2020,0.0
RE1,PWRNGS002,LNG,2021,0.0
RE1,PWRNGS002,LNG,2022,0.0
RE1,PWRNGS002,LNG,2023,0.0
RE1,PWRNGS002,LNG,2024,0.0
RE1,PWRNGS002,LNG,2025,0.0
RE1,PWRNGS002,LNG,2026,0.0
RE1,PWRNGS002,LNG,2027,0.0
RE1,PWRNGS002,LNG,2028,0.0
RE1,PWRNGS002,LNG,2029,0.0
RE1,PWRNGS002,LNG,2030,0.0
RE1,PWRNGS002,LNG,2031,0.0
RE1,PWRNGS002,LNG,2032,0.0
RE1,PWRNGS002,LNG,2033,0.0
RE1,PWRNGS002,LNG,2034,0.0
RE1,PWRNGS002,LNG,2035,0.0
RE1,PWRNGS002,LNG,2036,0.0
RE1,PWRNGS002,LNG,2037,0.0
RE1,PWRNGS002,LNG,2038,0.0
RE1,PWRNGS002,LNG,2039,0.0
RE1,PWRNGS002,LNG,2040,0.0
RE1,PWRNGS003,LNG,2019,0.0
RE1,PWRNGS003,LNG,2020,0.0
RE1,PWRNGS003,LNG,2021,0.0
RE1,PWRNGS003,LNG,2022,0.0
RE1,PWRNGS003,LNG,2023,0.0
RE1,PWRNGS003,LNG,2024,0.0
RE1,PWRNGS003,LNG,2025,0.0
RE1,PWRNGS003,LNG,2026,0.0
RE1,PWRNGS003,LNG,2027,0.0
RE1,PWRNGS003,LNG,2028,0.0
RE1,PWRNGS003,LNG,2029,0.0
RE1,PWRNGS003,LNG,2030,0.0
RE1,PWRNGS003,LNG,2031,0.0
RE1,PWRNGS003,LNG,2032,0.0
RE1,PWRNGS003,LNG,2033,0.0
RE1,PWRNGS003,LNG,2034,0.0
RE1,PWRNGS003,LNG,2035,0.0
RE1,PWRNGS003,LNG,2036,0.0
RE1,PWRNGS003,LNG,2037,0.0
RE1,PWRNGS003,LNG,2038,0.0
RE1,PWRNGS003,LNG,2039,0.0
RE1,PWRNGS003,LNG,2040,0.0
RE1,PWRSOL001,SOL,2019,0.0356
RE1,PWRSOL001,SOL,2020,0.0356
RE1,PWRSOL001,SOL,2021,5.9377
RE1,PWRSOL001,SOL,2022,0.0237
RE1,PWRSOL001,SOL,2023,0.0167
RE1,PWRSOL001,SOL,2024,0.0285
RE1,PWRSOL001,SOL,2025,0.0387
RE1,PWRSOL001,SOL,2026,0.0377
RE1,PWRSOL001,SOL,2027,0.0179
RE1,PWRSOL001,SOL,2028,0.0316
RE1,PWRSOL001,SOL,2029,0.027
RE1,PWRSOL001,SOL,2030,0.0249
RE1,PWRSOL001,SOL,2031,0.0514
RE1,PWRSOL001,SOL,2032,0.0377
RE1,PWRSOL001,SOL,2033,0.027
RE1,PWRSOL001,SOL,2034,0.0387
RE1,PWRSOL001,SOL,2035,0.0423
RE1,PWRSOL001,SOL,2036,0.0316
RE1,PWRSOL001,SOL,2037,0.0249
RE1,PWRSOL001,SOL,2038,0.0285
RE1,PWRSOL001,SOL,2039,0.027
RE1,PWRSOL001,SOL,2040,0.0525
RE1,PWRSOL002,SOL,2019,0.0165
RE1,PWRSOL002,SOL,2020,0.0165
RE1,PWRSOL002,SOL,2021,0.0165
RE1,PWRSOL002,SOL,2022,0.0165
RE1,PWRSOL002,SOL,2023,0.0165
RE1,PWRSOL002,SOL,2024,0.0165
RE1,PWRSOL002,SOL,2025,0.0165
RE1,PWRSOL002,SOL,2026,0.0165
RE1,PWRSOL002,SOL,2027,0.0165
RE1,PWRSOL002,SOL,2028,0.0165
RE1,PWRSOL002,SOL,2029,0.0165
RE1,PWRSOL002,SOL,2030,0.0165
RE1,PWRSOL002,SOL,2031,0.0165
RE1,PWRSOL002,SOL,2032,0.0165
RE1,PWRSOL002,SOL,2033,0.0165
RE1,PWRSOL002,SOL,2034,0.0165
RE1,PWRSOL002,SOL,2035,0.0165
RE1,PWRSOL002,SOL,2036,0.0165
RE1,PWRSOL002,SOL,2037,0.0165
RE1,PWRSOL002,SOL,2038,0.0165
RE1,PWRSOL002,SOL,2039,0.0165
RE1,PWRSOL002,SOL,2040,0.0165
RE1,PWRSOL003,SOL,2019,0.0
RE1,PWRSOL003,SOL,2020,0.0
RE1,PWRSOL003,SOL,2021,0.0
RE1,PWRSOL003,SOL,2022,0.0
RE1,PWRSOL003,SOL,2023,0.0
RE1,PWRSOL003,SOL,2024,0.0
RE1,PWRSOL003,SOL,2025,66.8969
RE1,PWRSOL003,SOL,2026,57.3979
RE1,PWRSOL003,SOL,2027,69.4
RE1,PWRSOL003,SOL,2028,64.8
RE1,PWRSOL003,SOL,2029,57.1
RE1,PWRSOL003,SOL,2030,66.9
RE1,PWRSOL003,SOL,2031,57.3979
RE1,PWRSOL003,SOL,2032,78.4979
RE1,PWRSOL003,SOL,2033,55.2979
RE1,PWRSOL003,SOL,2034,68.9969
RE1,PWRSOL003,SOL,2035,49.7
RE1,PWRSOL003,SOL,2036,66.8969
RE1,PWRSOL003,SOL,2037,64.8
RE1,PWRSOL003,SOL,2038,66.9
RE1,PWRSOL003,SOL,2039,55.2979
RE1,PWRSOL003,SOL,2040,66.8969
RE1,PWRTRN001,ELC001,2019,17526.9478
RE1,PWRTRN001,ELC001,2020,18133.6894
RE1,PWRTRN001,ELC001,2021,18796.6107
RE1,PWRTRN001,ELC001,2022,19384.2511
RE1,PWRTRN001,ELC001,2023,19971.8916
RE1,PWRTRN001,ELC001,2024,20559.5321
RE1,PWRTRN001,ELC001,2025,21148.2963
RE1,PWRTRN001,ELC001,2026,21735.9365
RE1,PWRTRN001,ELC001,2027,22323.5769
RE1,PWRTRN001,ELC001,2028,22911.2173
RE1,PWRTRN001,ELC001,2029,23498.8579
RE1,PWRTRN001,ELC001,2030,24086.4982
RE1,PWRTRN001,ELC001,2031,24674.1388
RE1,PWRTRN001,ELC001,2032,26292.1162
RE1,PWRTRN001,ELC001,2033,26747.1726
RE1,PWRTRN001,ELC001,2034,27202.2288
RE1,PWRTRN001,ELC001,2035,27657.2847
RE1,PWRTRN001,ELC001,2036,28112.341
RE1,PWRTRN001,ELC001,2037,28567.3975
RE1,PWRTRN001,ELC001,2038,29022.4532
RE1,PWRTRN001,ELC001,2039,29477.5096
RE1,PWRTRN001,ELC001,2040,29932.5659
RE1,PWRWND001,WND,2019,17195.7789
RE1,PWRWND001,WND,2020,17802.5149
RE1,PWRWND001,WND,2021,18409.3984
RE1,PWRWND001,WND,2022,18993.5517
RE1,PWRWND001,WND,2023,19590.6128
RE1,PWRWND001,WND,2024,20073.1614
RE1,PWRWND001,WND,2025,20594.8436
RE1,PWRWND001,WND,2026,21192.5282
RE1,PWRWND001,WND,2027,21768.7303
RE1,PWRWND001,WND,2028,22361.4675
RE1,PWRWND001,WND,2029,22957.3763
RE1,PWRWND001,WND,2030,23535.7471
RE1,PWRWND001,WND,2031,24133.4022
RE1,PWRWND001,WND,2032,25731.7597
RE1,PWRWND001,WND,2033,26210.4428
RE1,PWRWND001,WND,2034,26652.1903
RE1,PWRWND001,WND,2035,27126.9994
RE1,PWRWND001,WND,2036,27565.2831
RE1,PWRWND001,WND,2037,28022.8544
RE1,PWRWND001,WND,2038,28476.1792
RE1,PWRWND001,WND,2039,28943.3033
RE1,PWRWND001,WND,2040,29387.0964
