{
    "osy-version": "2.0",
    "osy-casename": "Tunisia_base_case_ver_1_4",
    "osy-desc": "",
    "osy-date": "02/23/2022",
    "osy-currency": "USD",
    "osy-ns": "2",
    "osy-dt": "2",
    "osy-mo": "1",
    "osy-tech": [
        {
            "ActUnitId": "PJ",
            "CapUnitId": "MW",
            "Desc": "Coal mine",
            "EAR": [],
            "IAR": [],
            "INCR": [],
            "ITCR": [],
            "OAR": [
                "COM_r2mzd"
            ],
            "Tech": "MIGCOA",
            "TechId": "TEC_0"
        },
        {
            "ActUnitId": "PJ",
            "CapUnitId": "MW",
            "Desc": "Power transmission",
            "EAR": [],
            "IAR": [
                "COM_ncvx3"
            ],
            "INCR": [],
            "ITCR": [],
            "OAR": [
                "COM_1ygq2"
            ],
            "Tech": "PWRTRN001",
            "TechId": "TEC_2wkvq"
        },
        {
            "ActUnitId": "PJ",
            "CapUnitId": "MW",
            "Desc": "Biomass power plant",
            "EAR": [
                "EMI_0"
            ],
            "IAR": [
                "COM_euozx"
            ],
            "INCR": [],
            "ITCR": [],
            "OAR": [
                "COM_z5h9l"
            ],
            "Tech": "PWRBIO",
            "TechId": "TEC_7vufs"
        },
        {
            "ActUnitId": "PJ",
            "CapUnitId": "MW",
            "Desc": "Light fuel oil power plant",
            "EAR": [
                "EMI_0"
            ],
            "IAR": [
                "COM_fju0b"
            ],
            "INCR": [],
            "ITCR": [],
            "OAR": [
                "COM_ncvx3"
            ],
            "Tech": "PWROHC001",
            "TechId": "TEC_x40m8"
        },
        {
            "ActUnitId": "PJ",
            "CapUnitId": "MW",
            "Desc": "Oil fired gas turbine SCGT anv\u00e4nder heavy oil power plant",
            "EAR": [
                "EMI_0"
            ],
            "IAR": [
                "COM_fju0b"
            ],
            "INCR": [],
            "ITCR": [],
            "OAR": [
                "COM_ncvx3"
            ],
            "Tech": "PWROHC002",
            "TechId": "TEC_5su8q"
        },
        {
            "ActUnitId": "PJ",
            "CapUnitId": "MW",
            "Desc": "Gas power plant CCGT",
            "EAR": [
                "EMI_0"
            ],
            "IAR": [
                "COM_oqurx"
            ],
            "INCR": [],
            "ITCR": [],
            "OAR": [
                "COM_ncvx3"
            ],
            "Tech": "PWRNGS001",
            "TechId": "TEC_eo1cu"
        },
        {
            "ActUnitId": "PJ",
            "CapUnitId": "MW",
            "Desc": "Gas power plant SCGT",
            "EAR": [
                "EMI_0"
            ],
            "IAR": [
                "COM_oqurx"
            ],
            "INCR": [],
            "ITCR": [],
            "OAR": [
                "COM_ncvx3"
            ],
            "Tech": "PWRNGS002",
            "TechId": "TEC_q64ae"
        },
        {
            "ActUnitId": "PJ",
            "CapUnitId": "MW",
            "Desc": "Coal power plant ",
            "EAR": [
                "EMI_0"
            ],
            "IAR": [
                "COM_r2mzd"
            ],
            "INCR": [],
            "ITCR": [],
            "OAR": [
                "COM_ncvx3"
            ],
            "Tech": "PWRCOA",
            "TechId": "TEC_ajt5x"
        },
        {
            "ActUnitId": "PJ",
            "CapUnitId": "MW",
            "Desc": "Solar energy power plant utility",
            "EAR": [],
            "IAR": [
                "COM_g7560"
            ],
            "INCR": [],
            "ITCR": [],
            "OAR": [
                "COM_ncvx3"
            ],
            "Tech": "PWRSOL",
            "TechId": "TEC_f2pjf"
        },
        {
            "ActUnitId": "PJ",
            "CapUnitId": "MW",
            "Desc": "CSP solar energy power plant with storage",
            "EAR": [],
            "IAR": [
                "COM_g7560"
            ],
            "INCR": [],
            "ITCR": [],
            "OAR": [
                "COM_ncvx3"
            ],
            "Tech": "PWRSOL001",
            "TechId": "TEC_flqx8"
        },
        {
            "ActUnitId": "PJ",
            "CapUnitId": "MW",
            "Desc": "CSP solar energy power plant no storage",
            "EAR": [],
            "IAR": [
                "COM_g7560"
            ],
            "INCR": [],
            "ITCR": [],
            "OAR": [
                "COM_ncvx3"
            ],
            "Tech": "PWRSOL002",
            "TechId": "TEC_4ydrq"
        },
        {
            "ActUnitId": "PJ",
            "CapUnitId": "MW",
            "Desc": "Hydro power plant large 100 MW",
            "EAR": [],
            "IAR": [
                "COM_r5w4o"
            ],
            "INCR": [],
            "ITCR": [],
            "OAR": [
                "COM_ncvx3"
            ],
            "Tech": "PWRHYD001",
            "TechId": "TEC_2halu"
        },
        {
            "ActUnitId": "PJ",
            "CapUnitId": "MW",
            "Desc": "Hydro power plant medium 10 to 100 MW",
            "EAR": [],
            "IAR": [
                "COM_r5w4o"
            ],
            "INCR": [],
            "ITCR": [],
            "OAR": [
                "COM_ncvx3"
            ],
            "Tech": "PWRHYD002",
            "TechId": "TEC_f6h7a"
        },
        {
            "ActUnitId": "PJ",
            "CapUnitId": "MW",
            "Desc": "Hydro power plant small less than 10 MW",
            "EAR": [],
            "IAR": [
                "COM_r5w4o"
            ],
            "INCR": [],
            "ITCR": [],
            "OAR": [
                "COM_ncvx3"
            ],
            "Tech": "PWRHYD003",
            "TechId": "TEC_ns2iv"
        },
        {
            "ActUnitId": "PJ",
            "CapUnitId": "MW",
            "Desc": "Off shore wind power plant",
            "EAR": [],
            "IAR": [
                "COM_0"
            ],
            "INCR": [],
            "ITCR": [],
            "OAR": [
                "COM_ncvx3"
            ],
            "Tech": "PWRWND001",
            "TechId": "TEC_9ph8g"
        },
        {
            "ActUnitId": "PJ",
            "CapUnitId": "MW",
            "Desc": "On shore wind power plant",
            "EAR": [],
            "IAR": [
                "COM_0"
            ],
            "INCR": [],
            "ITCR": [],
            "OAR": [
                "COM_ncvx3"
            ],
            "Tech": "PWRWND002",
            "TechId": "TEC_1s75p"
        },
        {
            "ActUnitId": "PJ",
            "CapUnitId": "MW",
            "Desc": "Nuclear power plant",
            "EAR": [],
            "IAR": [
                "COM_5jbmg"
            ],
            "INCR": [],
            "ITCR": [],
            "OAR": [
                "COM_ncvx3"
            ],
            "Tech": "PWRURN",
            "TechId": "TEC_ajbxd"
        },
        {
            "ActUnitId": "PJ",
            "CapUnitId": "MW",
            "Desc": "Light fuel oil generator standalone 1 kW",
            "EAR": [
                "EMI_0"
            ],
            "IAR": [
                "COM_fju0b"
            ],
            "INCR": [],
            "ITCR": [],
            "OAR": [],
            "Tech": "PWROHC003",
            "TechId": "TEC_kds9v"
        },
        {
            "ActUnitId": "PJ",
            "CapUnitId": "MW",
            "Desc": "Solar energy power plant with distributed storage",
            "EAR": [],
            "IAR": [
                "COM_g7560"
            ],
            "INCR": [],
            "ITCR": [],
            "OAR": [
                "COM_ncvx3"
            ],
            "Tech": "PWRSOL003",
            "TechId": "TEC_a2d01"
        },
        {
            "ActUnitId": "PJ",
            "CapUnitId": "MW",
            "Desc": "Other transformation biofuels and waste",
            "EAR": [
                "EMI_0"
            ],
            "IAR": [
                "COM_yw6ta"
            ],
            "INCR": [],
            "ITCR": [],
            "OAR": [
                "COM_vkqw0"
            ],
            "Tech": "REFBIO",
            "TechId": "TEC_oznkm"
        },
        {
            "ActUnitId": "PJ",
            "CapUnitId": "MW",
            "Desc": "Natural gas extraction and natural gas import",
            "EAR": [],
            "IAR": [],
            "INCR": [],
            "ITCR": [],
            "OAR": [
                "COM_oqurx"
            ],
            "Tech": "MIGNGS",
            "TechId": "TEC_zypuq"
        },
        {
            "ActUnitId": "PJ",
            "CapUnitId": "MW",
            "Desc": "Oil extraction and import",
            "EAR": [],
            "IAR": [],
            "INCR": [],
            "ITCR": [],
            "OAR": [
                "COM_fju0b"
            ],
            "Tech": "MIGOHC",
            "TechId": "TEC_o9p6s"
        },
        {
            "ActUnitId": "PJ",
            "CapUnitId": "MW",
            "Desc": "Biofuels and waste produced",
            "EAR": [],
            "IAR": [],
            "INCR": [],
            "ITCR": [],
            "OAR": [
                "COM_yw6ta"
            ],
            "Tech": "MIGBET",
            "TechId": "TEC_wglws"
        },
        {
            "ActUnitId": "PJ",
            "CapUnitId": "MW",
            "Desc": "Solar",
            "EAR": [],
            "IAR": [],
            "INCR": [],
            "ITCR": [],
            "OAR": [
                "COM_g7560"
            ],
            "Tech": "MIGSOL",
            "TechId": "TEC_odooo"
        },
        {
            "ActUnitId": "PJ",
            "CapUnitId": "MW",
            "Desc": "Hydro and possible tide",
            "EAR": [],
            "IAR": [],
            "INCR": [],
            "ITCR": [],
            "OAR": [
                "COM_r5w4o"
            ],
            "Tech": "MIGHYD",
            "TechId": "TEC_xcu7e"
        },
        {
            "ActUnitId": "PJ",
            "CapUnitId": "MW",
            "Desc": "Wind",
            "EAR": [],
            "IAR": [],
            "INCR": [],
            "ITCR": [],
            "OAR": [
                "COM_0"
            ],
            "Tech": "MIGWND",
            "TechId": "TEC_wbfvl"
        },
        {
            "ActUnitId": "PJ",
            "CapUnitId": "MW",
            "Desc": "Oil refinery",
            "EAR": [
                "EMI_0"
            ],
            "IAR": [
                "COM_fju0b"
            ],
            "INCR": [],
            "ITCR": [],
            "OAR": [
                "COM_6c9rb",
                "COM_jnr4s"
            ],
            "Tech": "REFOHC001",
            "TechId": "TEC_cv2vm"
        },
        {
            "ActUnitId": "PJ",
            "CapUnitId": "MW",
            "Desc": "Biomass produced",
            "EAR": [],
            "IAR": [],
            "INCR": [],
            "ITCR": [],
            "OAR": [
                "COM_euozx"
            ],
            "Tech": "MIGBIO",
            "TechId": "TEC_hl0kp"
        },
        {
            "ActUnitId": "PJ",
            "CapUnitId": "MW",
            "Desc": "Industry electricity demand",
            "EAR": [],
            "IAR": [
                "COM_1ygq2"
            ],
            "INCR": [],
            "ITCR": [],
            "OAR": [
                "COM_fds84"
            ],
            "Tech": "INDELC",
            "TechId": "TEC_h5254"
        },
        {
            "ActUnitId": "PJ",
            "CapUnitId": "MW",
            "Desc": "Transportation road electricity demand",
            "EAR": [],
            "IAR": [
                "COM_1ygq2"
            ],
            "INCR": [],
            "ITCR": [],
            "OAR": [
                "COM_g6m98"
            ],
            "Tech": "TRNSRODELC",
            "TechId": "TEC_43xcg"
        },
        {
            "ActUnitId": "PJ",
            "CapUnitId": "MW",
            "Desc": "Transporation other electricity demand",
            "EAR": [],
            "IAR": [
                "COM_1ygq2"
            ],
            "INCR": [],
            "ITCR": [],
            "OAR": [
                "COM_77qcw"
            ],
            "Tech": "TRNSOTHELC",
            "TechId": "TEC_x8jf6"
        },
        {
            "ActUnitId": "PJ",
            "CapUnitId": "MW",
            "Desc": "Other electricity demand",
            "EAR": [],
            "IAR": [
                "COM_1ygq2"
            ],
            "INCR": [],
            "ITCR": [],
            "OAR": [
                "COM_u3pct"
            ],
            "Tech": "OTHELC",
            "TechId": "TEC_mp1lg"
        },
        {
            "ActUnitId": "PJ",
            "CapUnitId": "MW",
            "Desc": "Non energy related electricity demand",
            "EAR": [],
            "IAR": [
                "COM_1ygq2"
            ],
            "INCR": [],
            "ITCR": [],
            "OAR": [
                "COM_n7z03"
            ],
            "Tech": "NONELC",
            "TechId": "TEC_mpoiw"
        },
        {
            "ActUnitId": "PJ",
            "CapUnitId": "MW",
            "Desc": "Industry oil demand",
            "EAR": [],
            "IAR": [
                "COM_fju0b",
                "COM_6c9rb",
                "COM_jnr4s"
            ],
            "INCR": [],
            "ITCR": [],
            "OAR": [
                "COM_kph1a"
            ],
            "Tech": "DEMINDOHC",
            "TechId": "TEC_kgzli"
        },
        {
            "ActUnitId": "PJ",
            "CapUnitId": "MW",
            "Desc": "Indusrty natural gas demand",
            "EAR": [],
            "IAR": [
                "COM_oqurx"
            ],
            "INCR": [],
            "ITCR": [],
            "OAR": [
                "COM_edgef"
            ],
            "Tech": "DEMINDNGS",
            "TechId": "TEC_ea27f"
        },
        {
            "ActUnitId": "PJ",
            "CapUnitId": "MW",
            "Desc": "Transportation road oil demand",
            "EAR": [],
            "IAR": [
                "COM_fju0b",
                "COM_6c9rb",
                "COM_jnr4s"
            ],
            "INCR": [],
            "ITCR": [],
            "OAR": [
                "COM_qbhp0"
            ],
            "Tech": "DEMTRARODOHC",
            "TechId": "TEC_rum0c"
        },
        {
            "ActUnitId": "PJ",
            "CapUnitId": "MW",
            "Desc": "Transportation other oil demand",
            "EAR": [],
            "IAR": [
                "COM_fju0b",
                "COM_6c9rb",
                "COM_jnr4s"
            ],
            "INCR": [],
            "ITCR": [],
            "OAR": [
                "COM_0s55p"
            ],
            "Tech": "DEMTRAOTHOHC",
            "TechId": "TEC_kqsiq"
        },
        {
            "ActUnitId": "PJ",
            "CapUnitId": "MW",
            "Desc": "Transportation road natural gas demand",
            "EAR": [],
            "IAR": [
                "COM_oqurx"
            ],
            "INCR": [],
            "ITCR": [],
            "OAR": [
                "COM_j8t0j"
            ],
            "Tech": "DEMTRARODNGS",
            "TechId": "TEC_ap3p8"
        },
        {
            "ActUnitId": "PJ",
            "CapUnitId": "MW",
            "Desc": "Transportation other natural gas demand",
            "EAR": [],
            "IAR": [
                "COM_oqurx"
            ],
            "INCR": [],
            "ITCR": [],
            "OAR": [
                "COM_80aqc"
            ],
            "Tech": "DEMTRAOTHNGS",
            "TechId": "TEC_bqw85"
        },
        {
            "ActUnitId": "PJ",
            "CapUnitId": "MW",
            "Desc": "Other oil demand",
            "EAR": [],
            "IAR": [
                "COM_fju0b",
                "COM_6c9rb",
                "COM_jnr4s"
            ],
            "INCR": [],
            "ITCR": [],
            "OAR": [
                "COM_vs43f"
            ],
            "Tech": "DEMOTHOHC",
            "TechId": "TEC_pdhpw"
        },
        {
            "ActUnitId": "PJ",
            "CapUnitId": "MW",
            "Desc": "Other natural gas demand",
            "EAR": [],
            "IAR": [
                "COM_oqurx"
            ],
            "INCR": [],
            "ITCR": [],
            "OAR": [
                "COM_ojaqt"
            ],
            "Tech": "DEMOTHNGS",
            "TechId": "TEC_hm6uu"
        },
        {
            "ActUnitId": "PJ",
            "CapUnitId": "MW",
            "Desc": "Other biofuels waste and refinery biofuels and waste demand",
            "EAR": [],
            "IAR": [
                "COM_yw6ta",
                "COM_vkqw0"
            ],
            "INCR": [],
            "ITCR": [],
            "OAR": [
                "COM_92n9q"
            ],
            "Tech": "DEMOTHBET",
            "TechId": "TEC_475t7"
        },
        {
            "ActUnitId": "PJ",
            "CapUnitId": "MW",
            "Desc": "Other solar demand",
            "EAR": [],
            "IAR": [
                "COM_1ygq2"
            ],
            "INCR": [],
            "ITCR": [],
            "OAR": [
                "COM_gbhcx"
            ],
            "Tech": "DEMOTHSOL",
            "TechId": "TEC_08e9p"
        },
        {
            "ActUnitId": "PJ",
            "CapUnitId": "MW",
            "Desc": "Other hydro demand",
            "EAR": [],
            "IAR": [
                "COM_1ygq2"
            ],
            "INCR": [],
            "ITCR": [],
            "OAR": [
                "COM_ys4gn"
            ],
            "Tech": "DEMOTHHYD",
            "TechId": "TEC_qddyh"
        },
        {
            "ActUnitId": "PJ",
            "CapUnitId": "MW",
            "Desc": "Other wind demand",
            "EAR": [],
            "IAR": [
                "COM_1ygq2"
            ],
            "INCR": [],
            "ITCR": [],
            "OAR": [
                "COM_y95ye"
            ],
            "Tech": "DEMOTHWND",
            "TechId": "TEC_bq1sq"
        },
        {
            "ActUnitId": "PJ",
            "CapUnitId": "MW",
            "Desc": "Non energy related oil demand",
            "EAR": [],
            "IAR": [
                "COM_fju0b",
                "COM_6c9rb",
                "COM_jnr4s"
            ],
            "INCR": [],
            "ITCR": [],
            "OAR": [
                "COM_8vwt5"
            ],
            "Tech": "DEMNONOHC",
            "TechId": "TEC_xapqi"
        },
        {
            "ActUnitId": "PJ",
            "CapUnitId": "MW",
            "Desc": "Off grid Solar power plant",
            "EAR": [],
            "IAR": [
                "COM_g7560"
            ],
            "INCR": [],
            "ITCR": [],
            "OAR": [
                "COM_1ygq2"
            ],
            "Tech": "PWRSOL004",
            "TechId": "TEC_33szr"
        },
        {
            "ActUnitId": "PJ",
            "CapUnitId": "MW",
            "Desc": "Solar PV distributed with storage",
            "EAR": [],
            "IAR": [
                "COM_g7560"
            ],
            "INCR": [],
            "ITCR": [],
            "OAR": [
                "COM_ncvx3"
            ],
            "Tech": "PWRSOL005",
            "TechId": "TEC_rxz45"
        },
        {
            "ActUnitId": "PJ",
            "CapUnitId": "MW",
            "Desc": "Geothermal power plant",
            "EAR": [],
            "IAR": [
                "COM_udkmy"
            ],
            "INCR": [],
            "ITCR": [],
            "OAR": [
                "COM_ncvx3"
            ],
            "Tech": "PWRGEO",
            "TechId": "TEC_k5s0k"
        },
        {
            "ActUnitId": "PJ",
            "CapUnitId": "MW",
            "Desc": "Extraction of geothermal fuel to power plant",
            "EAR": [],
            "IAR": [],
            "INCR": [],
            "ITCR": [],
            "OAR": [
                "COM_udkmy"
            ],
            "Tech": "MIGGEO",
            "TechId": "TEC_p2hxt"
        },
        {
            "ActUnitId": "PJ",
            "CapUnitId": "MW",
            "Desc": "Oil refinery output is higher in HFO",
            "EAR": [
                "EMI_0"
            ],
            "IAR": [
                "COM_fju0b"
            ],
            "INCR": [],
            "ITCR": [],
            "OAR": [
                "COM_6c9rb",
                "COM_jnr4s"
            ],
            "Tech": "REFOHC002",
            "TechId": "TEC_rr7yl"
        },
        {
            "ActUnitId": "PJ",
            "CapUnitId": "MW",
            "Desc": "Electricity distribution",
            "EAR": [],
            "IAR": [
                "COM_1ygq2"
            ],
            "INCR": [],
            "ITCR": [],
            "OAR": [
                "COM_dbh8h"
            ],
            "Tech": "PWRTRN002",
            "TechId": "TEC_gepzv"
        }
    ],
    "osy-comm": [
        {
            "Comm": "WND",
            "CommId": "COM_0",
            "Desc": "Wind",
            "UnitId": "PJ"
        },
        {
            "Comm": "ELC001",
            "CommId": "COM_ncvx3",
            "Desc": "Electricity before transmission ",
            "UnitId": "PJ"
        },
        {
            "Comm": "ELC002",
            "CommId": "COM_1ygq2",
            "Desc": "Electricity after transmission",
            "UnitId": "PJ"
        },
        {
            "Comm": "OHC",
            "CommId": "COM_fju0b",
            "Desc": "Oil products extraction and import",
            "UnitId": "PJ"
        },
        {
            "Comm": "NGS",
            "CommId": "COM_oqurx",
            "Desc": "Natural gas extraction and import",
            "UnitId": "PJ"
        },
        {
            "Comm": "BET",
            "CommId": "COM_yw6ta",
            "Desc": "Biofuels common is bioethanol and waste produced",
            "UnitId": "PJ"
        },
        {
            "Comm": "SOL",
            "CommId": "COM_g7560",
            "Desc": "Solar",
            "UnitId": "PJ"
        },
        {
            "Comm": "HYD",
            "CommId": "COM_r5w4o",
            "Desc": "Hydro and possible tide",
            "UnitId": "PJ"
        },
        {
            "Comm": "COA",
            "CommId": "COM_r2mzd",
            "Desc": "Coal",
            "UnitId": "PJ"
        },
        {
            "Comm": "INDOHC",
            "CommId": "COM_kph1a",
            "Desc": "Oil and oil products import or not to industry",
            "UnitId": "PJ"
        },
        {
            "Comm": "TRAOTHOHC",
            "CommId": "COM_0s55p",
            "Desc": "Other transporation oil demand",
            "UnitId": "PJ"
        },
        {
            "Comm": "OTHOHC",
            "CommId": "COM_vs43f",
            "Desc": "Oil and oil products import or not to other",
            "UnitId": "PJ"
        },
        {
            "Comm": "NONOHC",
            "CommId": "COM_8vwt5",
            "Desc": "Oil and oil products import or not to non energy related use",
            "UnitId": "PJ"
        },
        {
            "Comm": "INDNGS",
            "CommId": "COM_edgef",
            "Desc": "Natural gas to industry",
            "UnitId": "PJ"
        },
        {
            "Comm": "TRARODNGS",
            "CommId": "COM_j8t0j",
            "Desc": "Natural gas transportation road demand",
            "UnitId": "PJ"
        },
        {
            "Comm": "OTHNGS",
            "CommId": "COM_ojaqt",
            "Desc": "Natural gas to other",
            "UnitId": "PJ"
        },
        {
            "Comm": "OTHBET",
            "CommId": "COM_92n9q",
            "Desc": "Biofuels biomass and waste to other",
            "UnitId": "PJ"
        },
        {
            "Comm": "URN",
            "CommId": "COM_5jbmg",
            "Desc": "Nuclear uranium",
            "UnitId": "PJ"
        },
        {
            "Comm": "RFO001",
            "CommId": "COM_6c9rb",
            "Desc": "Light fuel oil  through refinery rename to light industry fuel oil",
            "UnitId": "PJ"
        },
        {
            "Comm": "RFO002",
            "CommId": "COM_jnr4s",
            "Desc": "Heavy fuel oil through refinery rename to heavy industry fuel oil",
            "UnitId": "PJ"
        },
        {
            "Comm": "BIO",
            "CommId": "COM_euozx",
            "Desc": "Biomass",
            "UnitId": "PJ"
        },
        {
            "Comm": "REFBET",
            "CommId": "COM_vkqw0",
            "Desc": "Biofuels through other transformation",
            "UnitId": "PJ"
        },
        {
            "Comm": "INDELC",
            "CommId": "COM_fds84",
            "Desc": "Industry electricity demand",
            "UnitId": "PJ"
        },
        {
            "Comm": "OTHELC",
            "CommId": "COM_u3pct",
            "Desc": "Other electricity demand",
            "UnitId": "PJ"
        },
        {
            "Comm": "NONELC",
            "CommId": "COM_n7z03",
            "Desc": "Non energy related electricity demand",
            "UnitId": "PJ"
        },
        {
            "Comm": "TRARODELC",
            "CommId": "COM_g6m98",
            "Desc": "Transportation road electricity demand",
            "UnitId": "PJ"
        },
        {
            "Comm": "TRAOTHELC",
            "CommId": "COM_77qcw",
            "Desc": "Other transporatation electricity demand",
            "UnitId": "PJ"
        },
        {
            "Comm": "TRARODOHC",
            "CommId": "COM_qbhp0",
            "Desc": "Transporation road oil demand",
            "UnitId": "PJ"
        },
        {
            "Comm": "TRAOTHNGS",
            "CommId": "COM_80aqc",
            "Desc": "Other transporation natural gas demand",
            "UnitId": "PJ"
        },
        {
            "Comm": "OTHSOL",
            "CommId": "COM_gbhcx",
            "Desc": "Other solar off grid demand",
            "UnitId": "PJ"
        },
        {
            "Comm": "OTHWND",
            "CommId": "COM_y95ye",
            "Desc": "Other wind demand",
            "UnitId": "PJ"
        },
        {
            "Comm": "OTHHYD",
            "CommId": "COM_ys4gn",
            "Desc": "Other hydro demand",
            "UnitId": "PJ"
        },
        {
            "Comm": "GEO",
            "CommId": "COM_udkmy",
            "Desc": "Geothermal fuel",
            "UnitId": "PJ"
        },
        {
            "Comm": "ELC003",
            "CommId": "COM_dbh8h",
            "Desc": "From transmission to distributed electricity",
            "UnitId": "PJ"
        },
        {
            "Comm": "BDS",
            "CommId": "COM_z5h9l",
            "Desc": "Biomass to common biodiesel through bio pp",
            "UnitId": "PJ"
        }
    ],
    "osy-emis": [
        {
            "Desc": "Carbon dioxide",
            "Emis": "CO2eq",
            "EmisId": "EMI_0",
            "UnitId": "MTon"
        }
    ],
    "osy-scenarios": [
        {
            "Active": true,
            "Desc": "Reference case",
            "Scenario": "REF",
            "ScenarioId": "SC_0"
        }
    ],
    "osy-constraints": [],
    "osy-years": [
        "2018",
        "2019",
        "2020",
        "2021",
        "2022",
        "2023",
        "2024",
        "2025",
        "2026",
        "2027",
        "2028",
        "2029",
        "2030",
        "2031",
        "2032",
        "2033",
        "2034",
        "2035",
        "2036",
        "2037",
        "2038",
        "2039",
        "2040",
        "2041",
        "2042",
        "2043",
        "2044",
        "2045",
        "2046",
        "2047",
        "2048",
        "2049",
        "2050",
        "2051",
        "2052",
        "2053",
        "2054",
        "2055"
    ]
}