{
    "CAU": {
        "SC_0": [
            {
                "TEC_0": 31.54,
                "TEC_2wkvq": 31.54,
                "TEC_7vufs": 1,
                "TEC_x40m8": 1,
                "TEC_5su8q": 1,
                "TEC_eo1cu": 1,
                "TEC_q64ae": 1,
                "TEC_ajt5x": 1,
                "TEC_f2pjf": 1,
                "TEC_flqx8": 1,
                "TEC_4ydrq": 1,
                "TEC_2halu": 1,
                "TEC_f6h7a": 1,
                "TEC_ns2iv": 1,
                "TEC_9ph8g": 1,
                "TEC_1s75p": 1,
                "TEC_ajbxd": 1,
                "TEC_kds9v": 1,
                "TEC_a2d01": 1,
                "TEC_oznkm": 1,
                "TEC_zypuq": 1,
                "TEC_o9p6s": 1,
                "TEC_wglws": 1,
                "TEC_odooo": 1,
                "TEC_xcu7e": 1,
                "TEC_wbfvl": 1,
                "TEC_cv2vm": 1,
                "TEC_hl0kp": 1,
                "TEC_h5254": 1,
                "TEC_43xcg": 1,
                "TEC_x8jf6": 1,
                "TEC_mp1lg": 1,
                "TEC_mpoiw": 1,
                "TEC_kgzli": 1,
                "TEC_ea27f": 1,
                "TEC_rum0c": 1,
                "TEC_kqsiq": 1,
                "TEC_ap3p8": 1,
                "TEC_bqw85": 1,
                "TEC_pdhpw": 1,
                "TEC_hm6uu": 1,
                "TEC_475t7": 1,
                "TEC_08e9p": 1,
                "TEC_qddyh": 1,
                "TEC_bq1sq": 1,
                "TEC_xapqi": 1,
                "TEC_33szr": 1,
                "TEC_rxz45": 1,
                "TEC_k5s0k": 1,
                "TEC_p2hxt": 1,
                "TEC_rr7yl": 1,
                "TEC_gepzv": 1
            }
        ]
    },
    "OL": {
        "SC_0": [
            {
                "TEC_0": 1,
                "TEC_2wkvq": 50,
                "TEC_7vufs": 30,
                "TEC_x40m8": 25,
                "TEC_5su8q": 25,
                "TEC_eo1cu": 30,
                "TEC_q64ae": 25,
                "TEC_ajt5x": 35,
                "TEC_f2pjf": 24,
                "TEC_flqx8": 30,
                "TEC_4ydrq": 30,
                "TEC_2halu": 50,
                "TEC_f6h7a": 50,
                "TEC_ns2iv": 50,
                "TEC_9ph8g": 25,
                "TEC_1s75p": 25,
                "TEC_ajbxd": 50,
                "TEC_kds9v": 10,
                "TEC_a2d01": 24,
                "TEC_oznkm": 35,
                "TEC_zypuq": 1,
                "TEC_o9p6s": 1,
                "TEC_wglws": 1,
                "TEC_odooo": 1,
                "TEC_xcu7e": 1,
                "TEC_wbfvl": 1,
                "TEC_cv2vm": 35,
                "TEC_hl0kp": 1,
                "TEC_h5254": 1,
                "TEC_43xcg": 1,
                "TEC_x8jf6": 1,
                "TEC_mp1lg": 1,
                "TEC_mpoiw": 1,
                "TEC_kgzli": 1,
                "TEC_ea27f": 1,
                "TEC_rum0c": 1,
                "TEC_kqsiq": 1,
                "TEC_ap3p8": 1,
                "TEC_bqw85": 1,
                "TEC_pdhpw": 1,
                "TEC_hm6uu": 1,
                "TEC_475t7": 1,
                "TEC_08e9p": 1,
                "TEC_qddyh": 1,
                "TEC_bq1sq": 1,
                "TEC_xapqi": 1,
                "TEC_33szr": 24,
                "TEC_rxz45": 24,
                "TEC_k5s0k": 25,
                "TEC_p2hxt": 1,
                "TEC_rr7yl": 35,
                "TEC_gepzv": 70
            }
        ]
    },
    "TMPAL": {
        "SC_0": [
            {
                "TEC_0": 0,
                "TEC_2wkvq": 0,
                "TEC_7vufs": 0,
                "TEC_x40m8": 0,
                "TEC_5su8q": 0,
                "TEC_eo1cu": 0,
                "TEC_q64ae": 0,
                "TEC_ajt5x": 0,
                "TEC_f2pjf": 0,
                "TEC_flqx8": 0,
                "TEC_4ydrq": 0,
                "TEC_2halu": 0,
                "TEC_f6h7a": 0,
                "TEC_ns2iv": 0,
                "TEC_9ph8g": 0,
                "TEC_1s75p": 0,
                "TEC_ajbxd": 0,
                "TEC_kds9v": 0,
                "TEC_a2d01": 0,
                "TEC_oznkm": 0,
                "TEC_zypuq": 0,
                "TEC_o9p6s": 0,
                "TEC_wglws": 0,
                "TEC_odooo": 0,
                "TEC_xcu7e": 0,
                "TEC_wbfvl": 0,
                "TEC_cv2vm": 0,
                "TEC_hl0kp": 0,
                "TEC_h5254": 0,
                "TEC_43xcg": 0,
                "TEC_x8jf6": 0,
                "TEC_mp1lg": 0,
                "TEC_mpoiw": 0,
                "TEC_kgzli": 0,
                "TEC_ea27f": 0,
                "TEC_rum0c": 0,
                "TEC_kqsiq": 0,
                "TEC_ap3p8": 0,
                "TEC_bqw85": 0,
                "TEC_pdhpw": 0,
                "TEC_hm6uu": 0,
                "TEC_475t7": 0,
                "TEC_08e9p": 0,
                "TEC_qddyh": 0,
                "TEC_bq1sq": 0,
                "TEC_xapqi": 0,
                "TEC_33szr": 0,
                "TEC_rxz45": 0,
                "TEC_k5s0k": 0,
                "TEC_p2hxt": 0,
                "TEC_rr7yl": 0,
                "TEC_gepzv": 0
            }
        ]
    },
    "TMPAU": {
        "SC_0": [
            {
                "TEC_0": 999999,
                "TEC_2wkvq": 999999,
                "TEC_7vufs": 999999,
                "TEC_x40m8": 999999,
                "TEC_5su8q": 999999,
                "TEC_eo1cu": 999999,
                "TEC_q64ae": 999999,
                "TEC_ajt5x": 999999,
                "TEC_f2pjf": 999999,
                "TEC_flqx8": 999999,
                "TEC_4ydrq": 999999,
                "TEC_2halu": 999999,
                "TEC_f6h7a": 999999,
                "TEC_ns2iv": 999999,
                "TEC_9ph8g": 999999,
                "TEC_1s75p": 999999,
                "TEC_ajbxd": 999999,
                "TEC_kds9v": 999999,
                "TEC_a2d01": 999999,
                "TEC_oznkm": 999999,
                "TEC_zypuq": 999999,
                "TEC_o9p6s": 999999,
                "TEC_wglws": 999999,
                "TEC_odooo": 999999,
                "TEC_xcu7e": 999999,
                "TEC_wbfvl": 999999,
                "TEC_cv2vm": 999999,
                "TEC_hl0kp": 999999,
                "TEC_h5254": 999999,
                "TEC_43xcg": 999999,
                "TEC_x8jf6": 999999,
                "TEC_mp1lg": 999999,
                "TEC_mpoiw": 999999,
                "TEC_kgzli": 999999,
                "TEC_ea27f": 999999,
                "TEC_rum0c": 999999,
                "TEC_kqsiq": 999999,
                "TEC_ap3p8": 999999,
                "TEC_bqw85": 999999,
                "TEC_pdhpw": 999999,
                "TEC_hm6uu": 999999,
                "TEC_475t7": 999999,
                "TEC_08e9p": 999999,
                "TEC_qddyh": 999999,
                "TEC_bq1sq": 999999,
                "TEC_xapqi": 999999,
                "TEC_33szr": 999999,
                "TEC_rxz45": 999999,
                "TEC_k5s0k": 999999,
                "TEC_p2hxt": 999999,
                "TEC_rr7yl": 999999,
                "TEC_gepzv": 999999
            }
        ]
    }
}