{
    "AEL": {
        "SC_0": [
            {
                "EmisId": "EMI_0",
                "2018": 999999,
                "2019": 999999,
                "2020": 999999,
                "2021": 999999,
                "2022": 999999,
                "2023": 999999,
                "2024": 999999,
                "2025": 999999,
                "2026": 999999,
                "2027": 999999,
                "2028": 999999,
                "2029": 999999,
                "2030": 999999,
                "2031": 999999,
                "2032": 999999,
                "2033": 999999,
                "2034": 999999,
                "2035": 999999,
                "2036": 999999,
                "2037": 999999,
                "2038": 999999,
                "2039": 999999,
                "2040": 999999,
                "2041": 999999,
                "2042": 999999,
                "2043": 999999,
                "2044": 999999,
                "2045": 999999,
                "2046": 999999,
                "2047": 999999,
                "2048": 999999,
                "2049": 999999,
                "2050": 999999,
                "2051": 999999,
                "2052": 999999,
                "2053": 999999,
                "2054": 999999,
                "2055": 999999
            }
        ]
    },
    "EP": {
        "SC_0": [
            {
                "EmisId": "EMI_0",
                "2018": 0,
                "2019": 0,
                "2020": 0,
                "2021": 0,
                "2022": 0,
                "2023": 0,
                "2024": 0,
                "2025": 0,
                "2026": 0,
                "2027": 0,
                "2028": 0,
                "2029": 0,
                "2030": 0,
                "2031": 0,
                "2032": 0,
                "2033": 0,
                "2034": 0,
                "2035": 0,
                "2036": 0,
                "2037": 0,
                "2038": 0,
                "2039": 0,
                "2040": 0,
                "2041": 0,
                "2042": 0,
                "2043": 0,
                "2044": 0,
                "2045": 0,
                "2046": 0,
                "2047": 0,
                "2048": 0,
                "2049": 0,
                "2050": 0,
                "2051": 0,
                "2052": 0,
                "2053": 0,
                "2054": 0,
                "2055": 0
            }
        ]
    },
    "AEE": {
        "SC_0": [
            {
                "EmisId": "EMI_0",
                "2018": 0,
                "2019": 0,
                "2020": 0,
                "2021": 0,
                "2022": 0,
                "2023": 0,
                "2024": 0,
                "2025": 0,
                "2026": 0,
                "2027": 0,
                "2028": 0,
                "2029": 0,
                "2030": 0,
                "2031": 0,
                "2032": 0,
                "2033": 0,
                "2034": 0,
                "2035": 0,
                "2036": 0,
                "2037": 0,
                "2038": 0,
                "2039": 0,
                "2040": 0,
                "2041": 0,
                "2042": 0,
                "2043": 0,
                "2044": 0,
                "2045": 0,
                "2046": 0,
                "2047": 0,
                "2048": 0,
                "2049": 0,
                "2050": 0,
                "2051": 0,
                "2052": 0,
                "2053": 0,
                "2054": 0,
                "2055": 0
            }
        ]
    }
}