{
    "EAR": {
        "SC_0": [
            {
                "TechId": "TEC_7vufs",
                "EmisId": "EMI_0",
                "MoId": 1,
                "2018": 100,
                "2019": 100,
                "2020": 100,
                "2021": 100,
                "2022": 100,
                "2023": 100,
                "2024": 100,
                "2025": 100,
                "2026": 100,
                "2027": 100,
                "2028": 100,
                "2029": 100,
                "2030": 100,
                "2031": 100,
                "2032": 100,
                "2033": 100,
                "2034": 100,
                "2035": 100,
                "2036": 100,
                "2037": 100,
                "2038": 100,
                "2039": 100,
                "2040": 100,
                "2041": 100,
                "2042": 100,
                "2043": 100,
                "2044": 100,
                "2045": 100,
                "2046": 100,
                "2047": 100,
                "2048": 100,
                "2049": 100,
                "2050": 100,
                "2051": 100,
                "2052": 100,
                "2053": 100,
                "2054": 100,
                "2055": 100
            },
            {
                "TechId": "TEC_x40m8",
                "EmisId": "EMI_0",
                "MoId": 1,
                "2018": 69.3,
                "2019": 69.3,
                "2020": 69.3,
                "2021": 69.3,
                "2022": 69.3,
                "2023": 69.3,
                "2024": 69.3,
                "2025": 69.3,
                "2026": 69.3,
                "2027": 69.3,
                "2028": 69.3,
                "2029": 69.3,
                "2030": 69.3,
                "2031": 69.3,
                "2032": 69.3,
                "2033": 69.3,
                "2034": 69.3,
                "2035": 69.3,
                "2036": 69.3,
                "2037": 69.3,
                "2038": 69.3,
                "2039": 69.3,
                "2040": 69.3,
                "2041": 69.3,
                "2042": 69.3,
                "2043": 69.3,
                "2044": 69.3,
                "2045": 69.3,
                "2046": 69.3,
                "2047": 69.3,
                "2048": 69.3,
                "2049": 69.3,
                "2050": 69.3,
                "2051": 69.3,
                "2052": 69.3,
                "2053": 69.3,
                "2054": 69.3,
                "2055": 69.3
            },
            {
                "TechId": "TEC_5su8q",
                "EmisId": "EMI_0",
                "MoId": 1,
                "2018": 77.4,
                "2019": 77.4,
                "2020": 77.4,
                "2021": 77.4,
                "2022": 77.4,
                "2023": 77.4,
                "2024": 77.4,
                "2025": 77.4,
                "2026": 77.4,
                "2027": 77.4,
                "2028": 77.4,
                "2029": 77.4,
                "2030": 77.4,
                "2031": 77.4,
                "2032": 77.4,
                "2033": 77.4,
                "2034": 77.4,
                "2035": 77.4,
                "2036": 77.4,
                "2037": 77.4,
                "2038": 77.4,
                "2039": 77.4,
                "2040": 77.4,
                "2041": 77.4,
                "2042": 77.4,
                "2043": 77.4,
                "2044": 77.4,
                "2045": 77.4,
                "2046": 77.4,
                "2047": 77.4,
                "2048": 77.4,
                "2049": 77.4,
                "2050": 77.4,
                "2051": 77.4,
                "2052": 77.4,
                "2053": 77.4,
                "2054": 77.4,
                "2055": 77.4
            },
            {
                "TechId": "TEC_eo1cu",
                "EmisId": "EMI_0",
                "MoId": 1,
                "2018": 56.1,
                "2019": 56.1,
                "2020": 56.1,
                "2021": 56.1,
                "2022": 56.1,
                "2023": 56.1,
                "2024": 56.1,
                "2025": 56.1,
                "2026": 56.1,
                "2027": 56.1,
                "2028": 56.1,
                "2029": 56.1,
                "2030": 56.1,
                "2031": 56.1,
                "2032": 56.1,
                "2033": 56.1,
                "2034": 56.1,
                "2035": 56.1,
                "2036": 56.1,
                "2037": 56.1,
                "2038": 56.1,
                "2039": 56.1,
                "2040": 56.1,
                "2041": 56.1,
                "2042": 56.1,
                "2043": 56.1,
                "2044": 56.1,
                "2045": 56.1,
                "2046": 56.1,
                "2047": 56.1,
                "2048": 56.1,
                "2049": 56.1,
                "2050": 56.1,
                "2051": 56.1,
                "2052": 56.1,
                "2053": 56.1,
                "2054": 56.1,
                "2055": 56.1
            },
            {
                "TechId": "TEC_q64ae",
                "EmisId": "EMI_0",
                "MoId": 1,
                "2018": 56.1,
                "2019": 56.1,
                "2020": 56.1,
                "2021": 56.1,
                "2022": 56.1,
                "2023": 56.1,
                "2024": 56.1,
                "2025": 56.1,
                "2026": 56.1,
                "2027": 56.1,
                "2028": 56.1,
                "2029": 56.1,
                "2030": 56.1,
                "2031": 56.1,
                "2032": 56.1,
                "2033": 56.1,
                "2034": 56.1,
                "2035": 56.1,
                "2036": 56.1,
                "2037": 56.1,
                "2038": 56.1,
                "2039": 56.1,
                "2040": 56.1,
                "2041": 56.1,
                "2042": 56.1,
                "2043": 56.1,
                "2044": 56.1,
                "2045": 56.1,
                "2046": 56.1,
                "2047": 56.1,
                "2048": 56.1,
                "2049": 56.1,
                "2050": 56.1,
                "2051": 56.1,
                "2052": 56.1,
                "2053": 56.1,
                "2054": 56.1,
                "2055": 56.1
            },
            {
                "TechId": "TEC_ajt5x",
                "EmisId": "EMI_0",
                "MoId": 1,
                "2018": 94.6,
                "2019": 94.6,
                "2020": 94.6,
                "2021": 94.6,
                "2022": 94.6,
                "2023": 94.6,
                "2024": 94.6,
                "2025": 94.6,
                "2026": 94.6,
                "2027": 94.6,
                "2028": 94.6,
                "2029": 94.6,
                "2030": 94.6,
                "2031": 94.6,
                "2032": 94.6,
                "2033": 94.6,
                "2034": 94.6,
                "2035": 94.6,
                "2036": 94.6,
                "2037": 94.6,
                "2038": 94.6,
                "2039": 94.6,
                "2040": 94.6,
                "2041": 94.6,
                "2042": 94.6,
                "2043": 94.6,
                "2044": 94.6,
                "2045": 94.6,
                "2046": 94.6,
                "2047": 94.6,
                "2048": 94.6,
                "2049": 94.6,
                "2050": 94.6,
                "2051": 94.6,
                "2052": 94.6,
                "2053": 94.6,
                "2054": 94.6,
                "2055": 94.6
            },
            {
                "TechId": "TEC_kds9v",
                "EmisId": "EMI_0",
                "MoId": 1,
                "2018": 69.3,
                "2019": 69.3,
                "2020": 69.3,
                "2021": 69.3,
                "2022": 69.3,
                "2023": 69.3,
                "2024": 69.3,
                "2025": 69.3,
                "2026": 69.3,
                "2027": 69.3,
                "2028": 69.3,
                "2029": 69.3,
                "2030": 69.3,
                "2031": 69.3,
                "2032": 69.3,
                "2033": 69.3,
                "2034": 69.3,
                "2035": 69.3,
                "2036": 69.3,
                "2037": 69.3,
                "2038": 69.3,
                "2039": 69.3,
                "2040": 69.3,
                "2041": 69.3,
                "2042": 69.3,
                "2043": 69.3,
                "2044": 69.3,
                "2045": 69.3,
                "2046": 69.3,
                "2047": 69.3,
                "2048": 69.3,
                "2049": 69.3,
                "2050": 69.3,
                "2051": 69.3,
                "2052": 69.3,
                "2053": 69.3,
                "2054": 69.3,
                "2055": 69.3
            },
            {
                "TechId": "TEC_oznkm",
                "EmisId": "EMI_0",
                "MoId": 1,
                "2018": 0,
                "2019": 0,
                "2020": 0,
                "2021": 0,
                "2022": 0,
                "2023": 0,
                "2024": 0,
                "2025": 0,
                "2026": 0,
                "2027": 0,
                "2028": 0,
                "2029": 0,
                "2030": 0,
                "2031": 0,
                "2032": 0,
                "2033": 0,
                "2034": 0,
                "2035": 0,
                "2036": 0,
                "2037": 0,
                "2038": 0,
                "2039": 0,
                "2040": 0,
                "2041": 0,
                "2042": 0,
                "2043": 0,
                "2044": 0,
                "2045": 0,
                "2046": 0,
                "2047": 0,
                "2048": 0,
                "2049": 0,
                "2050": 0,
                "2051": 0,
                "2052": 0,
                "2053": 0,
                "2054": 0,
                "2055": 0
            },
            {
                "TechId": "TEC_cv2vm",
                "EmisId": "EMI_0",
                "MoId": 1,
                "2018": 73.3,
                "2019": 73.3,
                "2020": 73.3,
                "2021": 73.3,
                "2022": 73.3,
                "2023": 73.3,
                "2024": 73.3,
                "2025": 73.3,
                "2026": 73.3,
                "2027": 73.3,
                "2028": 73.3,
                "2029": 73.3,
                "2030": 73.3,
                "2031": 73.3,
                "2032": 73.3,
                "2033": 73.3,
                "2034": 73.3,
                "2035": 73.3,
                "2036": 73.3,
                "2037": 73.3,
                "2038": 73.3,
                "2039": 73.3,
                "2040": 73.3,
                "2041": 73.3,
                "2042": 73.3,
                "2043": 73.3,
                "2044": 73.3,
                "2045": 73.3,
                "2046": 73.3,
                "2047": 73.3,
                "2048": 73.3,
                "2049": 73.3,
                "2050": 73.3,
                "2051": 73.3,
                "2052": 73.3,
                "2053": 73.3,
                "2054": 73.3,
                "2055": 73.3
            },
            {
                "TechId": "TEC_rr7yl",
                "EmisId": "EMI_0",
                "MoId": 1,
                "2018": 73.3,
                "2019": 73.3,
                "2020": 73.3,
                "2021": 73.3,
                "2022": 73.3,
                "2023": 73.3,
                "2024": 73.3,
                "2025": 73.3,
                "2026": 73.3,
                "2027": 73.3,
                "2028": 73.3,
                "2029": 73.3,
                "2030": 73.3,
                "2031": 73.3,
                "2032": 73.3,
                "2033": 73.3,
                "2034": 73.3,
                "2035": 73.3,
                "2036": 73.3,
                "2037": 73.3,
                "2038": 73.3,
                "2039": 73.3,
                "2040": 73.3,
                "2041": 73.3,
                "2042": 73.3,
                "2043": 73.3,
                "2044": 73.3,
                "2045": 73.3,
                "2046": 73.3,
                "2047": 73.3,
                "2048": 73.3,
                "2049": 73.3,
                "2050": 73.3,
                "2051": 73.3,
                "2052": 73.3,
                "2053": 73.3,
                "2054": 73.3,
                "2055": 73.3
            }
        ]
    }
}