{
    "YS": {
        "SC_0": [
            {
                "YearSplit": "S11",
                "2018": 0.0104,
                "2019": 0.0104,
                "2020": 0.44,
                "2021": 0.44,
                "2022": 0.44,
                "2023": 0.44,
                "2024": 0.44,
                "2025": 0.44,
                "2026": 0.44,
                "2027": 0.44,
                "2028": 0.44,
                "2029": 0.44,
                "2030": 0.44,
                "2031": 0.44,
                "2032": 0.44,
                "2033": 0.44,
                "2034": 0.44,
                "2035": 0.44,
                "2036": 0.44,
                "2037": 0.44,
                "2038": 0.44,
                "2039": 0.44,
                "2040": 0.44,
                "2041": 0.0104,
                "2042": 0.0104,
                "2043": 0.0104,
                "2044": 0.0104,
                "2045": 0.0104,
                "2046": 0.0104,
                "2047": 0.0104,
                "2048": 0.0104,
                "2049": 0.0104,
                "2050": 0.0104,
                "2051": 0.0104,
                "2052": 0.0104,
                "2053": 0.0104,
                "2054": 0.0104,
                "2055": 0.0104
            },
            {
                "YearSplit": "S12",
                "2018": 0.0104,
                "2019": 0.0104,
                "2020": 0.22,
                "2021": 0.22,
                "2022": 0.22,
                "2023": 0.22,
                "2024": 0.22,
                "2025": 0.22,
                "2026": 0.22,
                "2027": 0.22,
                "2028": 0.22,
                "2029": 0.22,
                "2030": 0.22,
                "2031": 0.22,
                "2032": 0.22,
                "2033": 0.22,
                "2034": 0.22,
                "2035": 0.22,
                "2036": 0.22,
                "2037": 0.22,
                "2038": 0.22,
                "2039": 0.22,
                "2040": 0.22,
                "2041": 0.0104,
                "2042": 0.0104,
                "2043": 0.0104,
                "2044": 0.0104,
                "2045": 0.0104,
                "2046": 0.0104,
                "2047": 0.0104,
                "2048": 0.0104,
                "2049": 0.0104,
                "2050": 0.0104,
                "2051": 0.0104,
                "2052": 0.0104,
                "2053": 0.0104,
                "2054": 0.0104,
                "2055": 0.0104
            },
            {
                "YearSplit": "S21",
                "2018": 0.0104,
                "2019": 0.0104,
                "2020": 0.17,
                "2021": 0.17,
                "2022": 0.17,
                "2023": 0.17,
                "2024": 0.17,
                "2025": 0.17,
                "2026": 0.17,
                "2027": 0.17,
                "2028": 0.17,
                "2029": 0.17,
                "2030": 0.17,
                "2031": 0.17,
                "2032": 0.17,
                "2033": 0.17,
                "2034": 0.17,
                "2035": 0.17,
                "2036": 0.17,
                "2037": 0.17,
                "2038": 0.17,
                "2039": 0.17,
                "2040": 0.17,
                "2041": 0.0104,
                "2042": 0.0104,
                "2043": 0.0104,
                "2044": 0.0104,
                "2045": 0.0104,
                "2046": 0.0104,
                "2047": 0.0104,
                "2048": 0.0104,
                "2049": 0.0104,
                "2050": 0.0104,
                "2051": 0.0104,
                "2052": 0.0104,
                "2053": 0.0104,
                "2054": 0.0104,
                "2055": 0.0104
            },
            {
                "YearSplit": "S22",
                "2018": 0.0104,
                "2019": 0.0104,
                "2020": 0.17,
                "2021": 0.17,
                "2022": 0.17,
                "2023": 0.17,
                "2024": 0.17,
                "2025": 0.17,
                "2026": 0.17,
                "2027": 0.17,
                "2028": 0.17,
                "2029": 0.17,
                "2030": 0.17,
                "2031": 0.17,
                "2032": 0.17,
                "2033": 0.17,
                "2034": 0.17,
                "2035": 0.17,
                "2036": 0.17,
                "2037": 0.17,
                "2038": 0.17,
                "2039": 0.17,
                "2040": 0.17,
                "2041": 0.0104,
                "2042": 0.0104,
                "2043": 0.0104,
                "2044": 0.0104,
                "2045": 0.0104,
                "2046": 0.0104,
                "2047": 0.0104,
                "2048": 0.0104,
                "2049": 0.0104,
                "2050": 0.0104,
                "2051": 0.0104,
                "2052": 0.0104,
                "2053": 0.0104,
                "2054": 0.0104,
                "2055": 0.0104
            }
        ]
    }
}