r,l,f,y,Demand
RE1,S11,AGRDSL,2020,0.0
RE1,S11,AGRDSL,2021,0.0
RE1,S11,AGRDSL,2022,0.0
RE1,S11,AGRDSL,2023,0.0
RE1,S11,AGRDSL,2024,0.0
RE1,S11,AGRDSL,2025,0.0
RE1,S11,AGRDSL,2026,0.0
RE1,S11,AGRDSL,2027,0.0
RE1,S11,AGRDSL,2028,0.0
RE1,S11,AGRDSL,2029,0.0
RE1,S11,AGRDSL,2030,0.0
RE1,S11,AGRDSL,2031,0.0
RE1,S11,AGRDSL,2032,0.0
RE1,S11,AGRDSL,2033,0.0
RE1,S11,AGRDSL,2034,0.0
RE1,S11,AGRDSL,2035,0.0
RE1,S11,COA,2020,0.0
RE1,S11,COA,2021,0.0
RE1,S11,COA,2022,0.0
RE1,S11,COA,2023,0.0
RE1,S11,COA,2024,0.0
RE1,S11,COA,2025,0.0
RE1,S11,COA,2026,0.0
RE1,S11,COA,2027,0.0
RE1,S11,COA,2028,0.0
RE1,S11,COA,2029,0.0
RE1,S11,COA,2030,0.0
RE1,S11,COA,2031,0.0
RE1,S11,COA,2032,0.0
RE1,S11,COA,2033,0.0
RE1,S11,COA,2034,0.0
RE1,S11,COA,2035,0.0
RE1,S11,CRPMAI,2020,0.0
RE1,S11,CRPMAI,2021,0.0
RE1,S11,CRPMAI,2022,0.0
RE1,S11,CRPMAI,2023,0.0
RE1,S11,CRPMAI,2024,0.0
RE1,S11,CRPMAI,2025,0.0
RE1,S11,CRPMAI,2026,0.0
RE1,S11,CRPMAI,2027,0.0
RE1,S11,CRPMAI,2028,0.0
RE1,S11,CRPMAI,2029,0.0
RE1,S11,CRPMAI,2030,0.0
RE1,S11,CRPMAI,2031,0.0
RE1,S11,CRPMAI,2032,0.0
RE1,S11,CRPMAI,2033,0.0
RE1,S11,CRPMAI,2034,0.0
RE1,S11,CRPMAI,2035,0.0
RE1,S11,CRPRIC,2020,0.0
RE1,S11,CRPRIC,2021,0.0
RE1,S11,CRPRIC,2022,0.0
RE1,S11,CRPRIC,2023,0.0
RE1,S11,CRPRIC,2024,0.0
RE1,S11,CRPRIC,2025,0.0
RE1,S11,CRPRIC,2026,0.0
RE1,S11,CRPRIC,2027,0.0
RE1,S11,CRPRIC,2028,0.0
RE1,S11,CRPRIC,2029,0.0
RE1,S11,CRPRIC,2030,0.0
RE1,S11,CRPRIC,2031,0.0
RE1,S11,CRPRIC,2032,0.0
RE1,S11,CRPRIC,2033,0.0
RE1,S11,CRPRIC,2034,0.0
RE1,S11,CRPRIC,2035,0.0
RE1,S11,ELC001,2020,0.0
RE1,S11,ELC001,2021,0.0
RE1,S11,ELC001,2022,0.0
RE1,S11,ELC001,2023,0.0
RE1,S11,ELC001,2024,0.0
RE1,S11,ELC001,2025,0.0
RE1,S11,ELC001,2026,0.0
RE1,S11,ELC001,2027,0.0
RE1,S11,ELC001,2028,0.0
RE1,S11,ELC001,2029,0.0
RE1,S11,ELC001,2030,0.0
RE1,S11,ELC001,2031,0.0
RE1,S11,ELC001,2032,0.0
RE1,S11,ELC001,2033,0.0
RE1,S11,ELC001,2034,0.0
RE1,S11,ELC001,2035,0.0
RE1,S11,ELC002,2020,32.0
RE1,S11,ELC002,2021,32.96
RE1,S11,ELC002,2022,33.6
RE1,S11,ELC002,2023,34.56
RE1,S11,ELC002,2024,35.2
RE1,S11,ELC002,2025,36.16
RE1,S11,ELC002,2026,37.12
RE1,S11,ELC002,2027,38.08
RE1,S11,ELC002,2028,39.04
RE1,S11,ELC002,2029,40.0
RE1,S11,ELC002,2030,40.96
RE1,S11,ELC002,2031,41.92
RE1,S11,ELC002,2032,42.88
RE1,S11,ELC002,2033,44.16
RE1,S11,ELC002,2034,45.12
RE1,S11,ELC002,2035,46.4
RE1,S11,GAS,2020,0.0
RE1,S11,GAS,2021,0.0
RE1,S11,GAS,2022,0.0
RE1,S11,GAS,2023,0.0
RE1,S11,GAS,2024,0.0
RE1,S11,GAS,2025,0.0
RE1,S11,GAS,2026,0.0
RE1,S11,GAS,2027,0.0
RE1,S11,GAS,2028,0.0
RE1,S11,GAS,2029,0.0
RE1,S11,GAS,2030,0.0
RE1,S11,GAS,2031,0.0
RE1,S11,GAS,2032,0.0
RE1,S11,GAS,2033,0.0
RE1,S11,GAS,2034,0.0
RE1,S11,GAS,2035,0.0
RE1,S11,HYD,2020,0.0
RE1,S11,HYD,2021,0.0
RE1,S11,HYD,2022,0.0
RE1,S11,HYD,2023,0.0
RE1,S11,HYD,2024,0.0
RE1,S11,HYD,2025,0.0
RE1,S11,HYD,2026,0.0
RE1,S11,HYD,2027,0.0
RE1,S11,HYD,2028,0.0
RE1,S11,HYD,2029,0.0
RE1,S11,HYD,2030,0.0
RE1,S11,HYD,2031,0.0
RE1,S11,HYD,2032,0.0
RE1,S11,HYD,2033,0.0
RE1,S11,HYD,2034,0.0
RE1,S11,HYD,2035,0.0
RE1,S11,LBLT,2020,0.0
RE1,S11,LBLT,2021,0.0
RE1,S11,LBLT,2022,0.0
RE1,S11,LBLT,2023,0.0
RE1,S11,LBLT,2024,0.0
RE1,S11,LBLT,2025,0.0
RE1,S11,LBLT,2026,0.0
RE1,S11,LBLT,2027,0.0
RE1,S11,LBLT,2028,0.0
RE1,S11,LBLT,2029,0.0
RE1,S11,LBLT,2030,0.0
RE1,S11,LBLT,2031,0.0
RE1,S11,LBLT,2032,0.0
RE1,S11,LBLT,2033,0.0
RE1,S11,LBLT,2034,0.0
RE1,S11,LBLT,2035,0.0
RE1,S11,LFOR,2020,0.0
RE1,S11,LFOR,2021,0.0
RE1,S11,LFOR,2022,0.0
RE1,S11,LFOR,2023,0.0
RE1,S11,LFOR,2024,0.0
RE1,S11,LFOR,2025,0.0
RE1,S11,LFOR,2026,0.0
RE1,S11,LFOR,2027,0.0
RE1,S11,LFOR,2028,0.0
RE1,S11,LFOR,2029,0.0
RE1,S11,LFOR,2030,0.0
RE1,S11,LFOR,2031,0.0
RE1,S11,LFOR,2032,0.0
RE1,S11,LFOR,2033,0.0
RE1,S11,LFOR,2034,0.0
RE1,S11,LFOR,2035,0.0
RE1,S11,LND,2020,0.0
RE1,S11,LND,2021,0.0
RE1,S11,LND,2022,0.0
RE1,S11,LND,2023,0.0
RE1,S11,LND,2024,0.0
RE1,S11,LND,2025,0.0
RE1,S11,LND,2026,0.0
RE1,S11,LND,2027,0.0
RE1,S11,LND,2028,0.0
RE1,S11,LND,2029,0.0
RE1,S11,LND,2030,0.0
RE1,S11,LND,2031,0.0
RE1,S11,LND,2032,0.0
RE1,S11,LND,2033,0.0
RE1,S11,LND,2034,0.0
RE1,S11,LND,2035,0.0
RE1,S11,LWAT,2020,0.0
RE1,S11,LWAT,2021,0.0
RE1,S11,LWAT,2022,0.0
RE1,S11,LWAT,2023,0.0
RE1,S11,LWAT,2024,0.0
RE1,S11,LWAT,2025,0.0
RE1,S11,LWAT,2026,0.0
RE1,S11,LWAT,2027,0.0
RE1,S11,LWAT,2028,0.0
RE1,S11,LWAT,2029,0.0
RE1,S11,LWAT,2030,0.0
RE1,S11,LWAT,2031,0.0
RE1,S11,LWAT,2032,0.0
RE1,S11,LWAT,2033,0.0
RE1,S11,LWAT,2034,0.0
RE1,S11,LWAT,2035,0.0
RE1,S11,PWRWAT,2020,0.0
RE1,S11,PWRWAT,2021,0.0
RE1,S11,PWRWAT,2022,0.0
RE1,S11,PWRWAT,2023,0.0
RE1,S11,PWRWAT,2024,0.0
RE1,S11,PWRWAT,2025,0.0
RE1,S11,PWRWAT,2026,0.0
RE1,S11,PWRWAT,2027,0.0
RE1,S11,PWRWAT,2028,0.0
RE1,S11,PWRWAT,2029,0.0
RE1,S11,PWRWAT,2030,0.0
RE1,S11,PWRWAT,2031,0.0
RE1,S11,PWRWAT,2032,0.0
RE1,S11,PWRWAT,2033,0.0
RE1,S11,PWRWAT,2034,0.0
RE1,S11,PWRWAT,2035,0.0
RE1,S11,SOL,2020,0.0
RE1,S11,SOL,2021,0.0
RE1,S11,SOL,2022,0.0
RE1,S11,SOL,2023,0.0
RE1,S11,SOL,2024,0.0
RE1,S11,SOL,2025,0.0
RE1,S11,SOL,2026,0.0
RE1,S11,SOL,2027,0.0
RE1,S11,SOL,2028,0.0
RE1,S11,SOL,2029,0.0
RE1,S11,SOL,2030,0.0
RE1,S11,SOL,2031,0.0
RE1,S11,SOL,2032,0.0
RE1,S11,SOL,2033,0.0
RE1,S11,SOL,2034,0.0
RE1,S11,SOL,2035,0.0
RE1,S11,WND,2020,0.0
RE1,S11,WND,2021,0.0
RE1,S11,WND,2022,0.0
RE1,S11,WND,2023,0.0
RE1,S11,WND,2024,0.0
RE1,S11,WND,2025,0.0
RE1,S11,WND,2026,0.0
RE1,S11,WND,2027,0.0
RE1,S11,WND,2028,0.0
RE1,S11,WND,2029,0.0
RE1,S11,WND,2030,0.0
RE1,S11,WND,2031,0.0
RE1,S11,WND,2032,0.0
RE1,S11,WND,2033,0.0
RE1,S11,WND,2034,0.0
RE1,S11,WND,2035,0.0
RE1,S11,WTREVT,2020,0.0
RE1,S11,WTREVT,2021,0.0
RE1,S11,WTREVT,2022,0.0
RE1,S11,WTREVT,2023,0.0
RE1,S11,WTREVT,2024,0.0
RE1,S11,WTREVT,2025,0.0
RE1,S11,WTREVT,2026,0.0
RE1,S11,WTREVT,2027,0.0
RE1,S11,WTREVT,2028,0.0
RE1,S11,WTREVT,2029,0.0
RE1,S11,WTREVT,2030,0.0
RE1,S11,WTREVT,2031,0.0
RE1,S11,WTREVT,2032,0.0
RE1,S11,WTREVT,2033,0.0
RE1,S11,WTREVT,2034,0.0
RE1,S11,WTREVT,2035,0.0
RE1,S11,WTRGWT,2020,0.0
RE1,S11,WTRGWT,2021,0.0
RE1,S11,WTRGWT,2022,0.0
RE1,S11,WTRGWT,2023,0.0
RE1,S11,WTRGWT,2024,0.0
RE1,S11,WTRGWT,2025,0.0
RE1,S11,WTRGWT,2026,0.0
RE1,S11,WTRGWT,2027,0.0
RE1,S11,WTRGWT,2028,0.0
RE1,S11,WTRGWT,2029,0.0
RE1,S11,WTRGWT,2030,0.0
RE1,S11,WTRGWT,2031,0.0
RE1,S11,WTRGWT,2032,0.0
RE1,S11,WTRGWT,2033,0.0
RE1,S11,WTRGWT,2034,0.0
RE1,S11,WTRGWT,2035,0.0
RE1,S11,WTRPRC,2020,0.0
RE1,S11,WTRPRC,2021,0.0
RE1,S11,WTRPRC,2022,0.0
RE1,S11,WTRPRC,2023,0.0
RE1,S11,WTRPRC,2024,0.0
RE1,S11,WTRPRC,2025,0.0
RE1,S11,WTRPRC,2026,0.0
RE1,S11,WTRPRC,2027,0.0
RE1,S11,WTRPRC,2028,0.0
RE1,S11,WTRPRC,2029,0.0
RE1,S11,WTRPRC,2030,0.0
RE1,S11,WTRPRC,2031,0.0
RE1,S11,WTRPRC,2032,0.0
RE1,S11,WTRPRC,2033,0.0
RE1,S11,WTRPRC,2034,0.0
RE1,S11,WTRPRC,2035,0.0
RE1,S11,WTRSUR,2020,0.0
RE1,S11,WTRSUR,2021,0.0
RE1,S11,WTRSUR,2022,0.0
RE1,S11,WTRSUR,2023,0.0
RE1,S11,WTRSUR,2024,0.0
RE1,S11,WTRSUR,2025,0.0
RE1,S11,WTRSUR,2026,0.0
RE1,S11,WTRSUR,2027,0.0
RE1,S11,WTRSUR,2028,0.0
RE1,S11,WTRSUR,2029,0.0
RE1,S11,WTRSUR,2030,0.0
RE1,S11,WTRSUR,2031,0.0
RE1,S11,WTRSUR,2032,0.0
RE1,S11,WTRSUR,2033,0.0
RE1,S11,WTRSUR,2034,0.0
RE1,S11,WTRSUR,2035,0.0
RE1,S12,AGRDSL,2020,0.0
RE1,S12,AGRDSL,2021,0.0
RE1,S12,AGRDSL,2022,0.0
RE1,S12,AGRDSL,2023,0.0
RE1,S12,AGRDSL,2024,0.0
RE1,S12,AGRDSL,2025,0.0
RE1,S12,AGRDSL,2026,0.0
RE1,S12,AGRDSL,2027,0.0
RE1,S12,AGRDSL,2028,0.0
RE1,S12,AGRDSL,2029,0.0
RE1,S12,AGRDSL,2030,0.0
RE1,S12,AGRDSL,2031,0.0
RE1,S12,AGRDSL,2032,0.0
RE1,S12,AGRDSL,2033,0.0
RE1,S12,AGRDSL,2034,0.0
RE1,S12,AGRDSL,2035,0.0
RE1,S12,COA,2020,0.0
RE1,S12,COA,2021,0.0
RE1,S12,COA,2022,0.0
RE1,S12,COA,2023,0.0
RE1,S12,COA,2024,0.0
RE1,S12,COA,2025,0.0
RE1,S12,COA,2026,0.0
RE1,S12,COA,2027,0.0
RE1,S12,COA,2028,0.0
RE1,S12,COA,2029,0.0
RE1,S12,COA,2030,0.0
RE1,S12,COA,2031,0.0
RE1,S12,COA,2032,0.0
RE1,S12,COA,2033,0.0
RE1,S12,COA,2034,0.0
RE1,S12,COA,2035,0.0
RE1,S12,CRPMAI,2020,0.0
RE1,S12,CRPMAI,2021,0.0
RE1,S12,CRPMAI,2022,0.0
RE1,S12,CRPMAI,2023,0.0
RE1,S12,CRPMAI,2024,0.0
RE1,S12,CRPMAI,2025,0.0
RE1,S12,CRPMAI,2026,0.0
RE1,S12,CRPMAI,2027,0.0
RE1,S12,CRPMAI,2028,0.0
RE1,S12,CRPMAI,2029,0.0
RE1,S12,CRPMAI,2030,0.0
RE1,S12,CRPMAI,2031,0.0
RE1,S12,CRPMAI,2032,0.0
RE1,S12,CRPMAI,2033,0.0
RE1,S12,CRPMAI,2034,0.0
RE1,S12,CRPMAI,2035,0.0
RE1,S12,CRPRIC,2020,0.0
RE1,S12,CRPRIC,2021,0.0
RE1,S12,CRPRIC,2022,0.0
RE1,S12,CRPRIC,2023,0.0
RE1,S12,CRPRIC,2024,0.0
RE1,S12,CRPRIC,2025,0.0
RE1,S12,CRPRIC,2026,0.0
RE1,S12,CRPRIC,2027,0.0
RE1,S12,CRPRIC,2028,0.0
RE1,S12,CRPRIC,2029,0.0
RE1,S12,CRPRIC,2030,0.0
RE1,S12,CRPRIC,2031,0.0
RE1,S12,CRPRIC,2032,0.0
RE1,S12,CRPRIC,2033,0.0
RE1,S12,CRPRIC,2034,0.0
RE1,S12,CRPRIC,2035,0.0
RE1,S12,ELC001,2020,0.0
RE1,S12,ELC001,2021,0.0
RE1,S12,ELC001,2022,0.0
RE1,S12,ELC001,2023,0.0
RE1,S12,ELC001,2024,0.0
RE1,S12,ELC001,2025,0.0
RE1,S12,ELC001,2026,0.0
RE1,S12,ELC001,2027,0.0
RE1,S12,ELC001,2028,0.0
RE1,S12,ELC001,2029,0.0
RE1,S12,ELC001,2030,0.0
RE1,S12,ELC001,2031,0.0
RE1,S12,ELC001,2032,0.0
RE1,S12,ELC001,2033,0.0
RE1,S12,ELC001,2034,0.0
RE1,S12,ELC001,2035,0.0
RE1,S12,ELC002,2020,8.0
RE1,S12,ELC002,2021,8.24
RE1,S12,ELC002,2022,8.4
RE1,S12,ELC002,2023,8.64
RE1,S12,ELC002,2024,8.8
RE1,S12,ELC002,2025,9.04
RE1,S12,ELC002,2026,9.28
RE1,S12,ELC002,2027,9.52
RE1,S12,ELC002,2028,9.76
RE1,S12,ELC002,2029,10.0
RE1,S12,ELC002,2030,10.24
RE1,S12,ELC002,2031,10.48
RE1,S12,ELC002,2032,10.72
RE1,S12,ELC002,2033,11.04
RE1,S12,ELC002,2034,11.28
RE1,S12,ELC002,2035,11.6
RE1,S12,GAS,2020,0.0
RE1,S12,GAS,2021,0.0
RE1,S12,GAS,2022,0.0
RE1,S12,GAS,2023,0.0
RE1,S12,GAS,2024,0.0
RE1,S12,GAS,2025,0.0
RE1,S12,GAS,2026,0.0
RE1,S12,GAS,2027,0.0
RE1,S12,GAS,2028,0.0
RE1,S12,GAS,2029,0.0
RE1,S12,GAS,2030,0.0
RE1,S12,GAS,2031,0.0
RE1,S12,GAS,2032,0.0
RE1,S12,GAS,2033,0.0
RE1,S12,GAS,2034,0.0
RE1,S12,GAS,2035,0.0
RE1,S12,HYD,2020,0.0
RE1,S12,HYD,2021,0.0
RE1,S12,HYD,2022,0.0
RE1,S12,HYD,2023,0.0
RE1,S12,HYD,2024,0.0
RE1,S12,HYD,2025,0.0
RE1,S12,HYD,2026,0.0
RE1,S12,HYD,2027,0.0
RE1,S12,HYD,2028,0.0
RE1,S12,HYD,2029,0.0
RE1,S12,HYD,2030,0.0
RE1,S12,HYD,2031,0.0
RE1,S12,HYD,2032,0.0
RE1,S12,HYD,2033,0.0
RE1,S12,HYD,2034,0.0
RE1,S12,HYD,2035,0.0
RE1,S12,LBLT,2020,0.0
RE1,S12,LBLT,2021,0.0
RE1,S12,LBLT,2022,0.0
RE1,S12,LBLT,2023,0.0
RE1,S12,LBLT,2024,0.0
RE1,S12,LBLT,2025,0.0
RE1,S12,LBLT,2026,0.0
RE1,S12,LBLT,2027,0.0
RE1,S12,LBLT,2028,0.0
RE1,S12,LBLT,2029,0.0
RE1,S12,LBLT,2030,0.0
RE1,S12,LBLT,2031,0.0
RE1,S12,LBLT,2032,0.0
RE1,S12,LBLT,2033,0.0
RE1,S12,LBLT,2034,0.0
RE1,S12,LBLT,2035,0.0
RE1,S12,LFOR,2020,0.0
RE1,S12,LFOR,2021,0.0
RE1,S12,LFOR,2022,0.0
RE1,S12,LFOR,2023,0.0
RE1,S12,LFOR,2024,0.0
RE1,S12,LFOR,2025,0.0
RE1,S12,LFOR,2026,0.0
RE1,S12,LFOR,2027,0.0
RE1,S12,LFOR,2028,0.0
RE1,S12,LFOR,2029,0.0
RE1,S12,LFOR,2030,0.0
RE1,S12,LFOR,2031,0.0
RE1,S12,LFOR,2032,0.0
RE1,S12,LFOR,2033,0.0
RE1,S12,LFOR,2034,0.0
RE1,S12,LFOR,2035,0.0
RE1,S12,LND,2020,0.0
RE1,S12,LND,2021,0.0
RE1,S12,LND,2022,0.0
RE1,S12,LND,2023,0.0
RE1,S12,LND,2024,0.0
RE1,S12,LND,2025,0.0
RE1,S12,LND,2026,0.0
RE1,S12,LND,2027,0.0
RE1,S12,LND,2028,0.0
RE1,S12,LND,2029,0.0
RE1,S12,LND,2030,0.0
RE1,S12,LND,2031,0.0
RE1,S12,LND,2032,0.0
RE1,S12,LND,2033,0.0
RE1,S12,LND,2034,0.0
RE1,S12,LND,2035,0.0
RE1,S12,LWAT,2020,0.0
RE1,S12,LWAT,2021,0.0
RE1,S12,LWAT,2022,0.0
RE1,S12,LWAT,2023,0.0
RE1,S12,LWAT,2024,0.0
RE1,S12,LWAT,2025,0.0
RE1,S12,LWAT,2026,0.0
RE1,S12,LWAT,2027,0.0
RE1,S12,LWAT,2028,0.0
RE1,S12,LWAT,2029,0.0
RE1,S12,LWAT,2030,0.0
RE1,S12,LWAT,2031,0.0
RE1,S12,LWAT,2032,0.0
RE1,S12,LWAT,2033,0.0
RE1,S12,LWAT,2034,0.0
RE1,S12,LWAT,2035,0.0
RE1,S12,PWRWAT,2020,0.0
RE1,S12,PWRWAT,2021,0.0
RE1,S12,PWRWAT,2022,0.0
RE1,S12,PWRWAT,2023,0.0
RE1,S12,PWRWAT,2024,0.0
RE1,S12,PWRWAT,2025,0.0
RE1,S12,PWRWAT,2026,0.0
RE1,S12,PWRWAT,2027,0.0
RE1,S12,PWRWAT,2028,0.0
RE1,S12,PWRWAT,2029,0.0
RE1,S12,PWRWAT,2030,0.0
RE1,S12,PWRWAT,2031,0.0
RE1,S12,PWRWAT,2032,0.0
RE1,S12,PWRWAT,2033,0.0
RE1,S12,PWRWAT,2034,0.0
RE1,S12,PWRWAT,2035,0.0
RE1,S12,SOL,2020,0.0
RE1,S12,SOL,2021,0.0
RE1,S12,SOL,2022,0.0
RE1,S12,SOL,2023,0.0
RE1,S12,SOL,2024,0.0
RE1,S12,SOL,2025,0.0
RE1,S12,SOL,2026,0.0
RE1,S12,SOL,2027,0.0
RE1,S12,SOL,2028,0.0
RE1,S12,SOL,2029,0.0
RE1,S12,SOL,2030,0.0
RE1,S12,SOL,2031,0.0
RE1,S12,SOL,2032,0.0
RE1,S12,SOL,2033,0.0
RE1,S12,SOL,2034,0.0
RE1,S12,SOL,2035,0.0
RE1,S12,WND,2020,0.0
RE1,S12,WND,2021,0.0
RE1,S12,WND,2022,0.0
RE1,S12,WND,2023,0.0
RE1,S12,WND,2024,0.0
RE1,S12,WND,2025,0.0
RE1,S12,WND,2026,0.0
RE1,S12,WND,2027,0.0
RE1,S12,WND,2028,0.0
RE1,S12,WND,2029,0.0
RE1,S12,WND,2030,0.0
RE1,S12,WND,2031,0.0
RE1,S12,WND,2032,0.0
RE1,S12,WND,2033,0.0
RE1,S12,WND,2034,0.0
RE1,S12,WND,2035,0.0
RE1,S12,WTREVT,2020,0.0
RE1,S12,WTREVT,2021,0.0
RE1,S12,WTREVT,2022,0.0
RE1,S12,WTREVT,2023,0.0
RE1,S12,WTREVT,2024,0.0
RE1,S12,WTREVT,2025,0.0
RE1,S12,WTREVT,2026,0.0
RE1,S12,WTREVT,2027,0.0
RE1,S12,WTREVT,2028,0.0
RE1,S12,WTREVT,2029,0.0
RE1,S12,WTREVT,2030,0.0
RE1,S12,WTREVT,2031,0.0
RE1,S12,WTREVT,2032,0.0
RE1,S12,WTREVT,2033,0.0
RE1,S12,WTREVT,2034,0.0
RE1,S12,WTREVT,2035,0.0
RE1,S12,WTRGWT,2020,0.0
RE1,S12,WTRGWT,2021,0.0
RE1,S12,WTRGWT,2022,0.0
RE1,S12,WTRGWT,2023,0.0
RE1,S12,WTRGWT,2024,0.0
RE1,S12,WTRGWT,2025,0.0
RE1,S12,WTRGWT,2026,0.0
RE1,S12,WTRGWT,2027,0.0
RE1,S12,WTRGWT,2028,0.0
RE1,S12,WTRGWT,2029,0.0
RE1,S12,WTRGWT,2030,0.0
RE1,S12,WTRGWT,2031,0.0
RE1,S12,WTRGWT,2032,0.0
RE1,S12,WTRGWT,2033,0.0
RE1,S12,WTRGWT,2034,0.0
RE1,S12,WTRGWT,2035,0.0
RE1,S12,WTRPRC,2020,0.0
RE1,S12,WTRPRC,2021,0.0
RE1,S12,WTRPRC,2022,0.0
RE1,S12,WTRPRC,2023,0.0
RE1,S12,WTRPRC,2024,0.0
RE1,S12,WTRPRC,2025,0.0
RE1,S12,WTRPRC,2026,0.0
RE1,S12,WTRPRC,2027,0.0
RE1,S12,WTRPRC,2028,0.0
RE1,S12,WTRPRC,2029,0.0
RE1,S12,WTRPRC,2030,0.0
RE1,S12,WTRPRC,2031,0.0
RE1,S12,WTRPRC,2032,0.0
RE1,S12,WTRPRC,2033,0.0
RE1,S12,WTRPRC,2034,0.0
RE1,S12,WTRPRC,2035,0.0
RE1,S12,WTRSUR,2020,0.0
RE1,S12,WTRSUR,2021,0.0
RE1,S12,WTRSUR,2022,0.0
RE1,S12,WTRSUR,2023,0.0
RE1,S12,WTRSUR,2024,0.0
RE1,S12,WTRSUR,2025,0.0
RE1,S12,WTRSUR,2026,0.0
RE1,S12,WTRSUR,2027,0.0
RE1,S12,WTRSUR,2028,0.0
RE1,S12,WTRSUR,2029,0.0
RE1,S12,WTRSUR,2030,0.0
RE1,S12,WTRSUR,2031,0.0
RE1,S12,WTRSUR,2032,0.0
RE1,S12,WTRSUR,2033,0.0
RE1,S12,WTRSUR,2034,0.0
RE1,S12,WTRSUR,2035,0.0
RE1,S21,AGRDSL,2020,0.0
RE1,S21,AGRDSL,2021,0.0
RE1,S21,AGRDSL,2022,0.0
RE1,S21,AGRDSL,2023,0.0
RE1,S21,AGRDSL,2024,0.0
RE1,S21,AGRDSL,2025,0.0
RE1,S21,AGRDSL,2026,0.0
RE1,S21,AGRDSL,2027,0.0
RE1,S21,AGRDSL,2028,0.0
RE1,S21,AGRDSL,2029,0.0
RE1,S21,AGRDSL,2030,0.0
RE1,S21,AGRDSL,2031,0.0
RE1,S21,AGRDSL,2032,0.0
RE1,S21,AGRDSL,2033,0.0
RE1,S21,AGRDSL,2034,0.0
RE1,S21,AGRDSL,2035,0.0
RE1,S21,COA,2020,0.0
RE1,S21,COA,2021,0.0
RE1,S21,COA,2022,0.0
RE1,S21,COA,2023,0.0
RE1,S21,COA,2024,0.0
RE1,S21,COA,2025,0.0
RE1,S21,COA,2026,0.0
RE1,S21,COA,2027,0.0
RE1,S21,COA,2028,0.0
RE1,S21,COA,2029,0.0
RE1,S21,COA,2030,0.0
RE1,S21,COA,2031,0.0
RE1,S21,COA,2032,0.0
RE1,S21,COA,2033,0.0
RE1,S21,COA,2034,0.0
RE1,S21,COA,2035,0.0
RE1,S21,CRPMAI,2020,0.0
RE1,S21,CRPMAI,2021,0.0
RE1,S21,CRPMAI,2022,0.0
RE1,S21,CRPMAI,2023,0.0
RE1,S21,CRPMAI,2024,0.0
RE1,S21,CRPMAI,2025,0.0
RE1,S21,CRPMAI,2026,0.0
RE1,S21,CRPMAI,2027,0.0
RE1,S21,CRPMAI,2028,0.0
RE1,S21,CRPMAI,2029,0.0
RE1,S21,CRPMAI,2030,0.0
RE1,S21,CRPMAI,2031,0.0
RE1,S21,CRPMAI,2032,0.0
RE1,S21,CRPMAI,2033,0.0
RE1,S21,CRPMAI,2034,0.0
RE1,S21,CRPMAI,2035,0.0
RE1,S21,CRPRIC,2020,0.0
RE1,S21,CRPRIC,2021,0.0
RE1,S21,CRPRIC,2022,0.0
RE1,S21,CRPRIC,2023,0.0
RE1,S21,CRPRIC,2024,0.0
RE1,S21,CRPRIC,2025,0.0
RE1,S21,CRPRIC,2026,0.0
RE1,S21,CRPRIC,2027,0.0
RE1,S21,CRPRIC,2028,0.0
RE1,S21,CRPRIC,2029,0.0
RE1,S21,CRPRIC,2030,0.0
RE1,S21,CRPRIC,2031,0.0
RE1,S21,CRPRIC,2032,0.0
RE1,S21,CRPRIC,2033,0.0
RE1,S21,CRPRIC,2034,0.0
RE1,S21,CRPRIC,2035,0.0
RE1,S21,ELC001,2020,0.0
RE1,S21,ELC001,2021,0.0
RE1,S21,ELC001,2022,0.0
RE1,S21,ELC001,2023,0.0
RE1,S21,ELC001,2024,0.0
RE1,S21,ELC001,2025,0.0
RE1,S21,ELC001,2026,0.0
RE1,S21,ELC001,2027,0.0
RE1,S21,ELC001,2028,0.0
RE1,S21,ELC001,2029,0.0
RE1,S21,ELC001,2030,0.0
RE1,S21,ELC001,2031,0.0
RE1,S21,ELC001,2032,0.0
RE1,S21,ELC001,2033,0.0
RE1,S21,ELC001,2034,0.0
RE1,S21,ELC001,2035,0.0
RE1,S21,ELC002,2020,18.0
RE1,S21,ELC002,2021,18.54
RE1,S21,ELC002,2022,18.9
RE1,S21,ELC002,2023,19.44
RE1,S21,ELC002,2024,19.8
RE1,S21,ELC002,2025,20.34
RE1,S21,ELC002,2026,20.88
RE1,S21,ELC002,2027,21.42
RE1,S21,ELC002,2028,21.96
RE1,S21,ELC002,2029,22.5
RE1,S21,ELC002,2030,23.04
RE1,S21,ELC002,2031,23.58
RE1,S21,ELC002,2032,24.12
RE1,S21,ELC002,2033,24.84
RE1,S21,ELC002,2034,25.38
RE1,S21,ELC002,2035,26.1
RE1,S21,GAS,2020,0.0
RE1,S21,GAS,2021,0.0
RE1,S21,GAS,2022,0.0
RE1,S21,GAS,2023,0.0
RE1,S21,GAS,2024,0.0
RE1,S21,GAS,2025,0.0
RE1,S21,GAS,2026,0.0
RE1,S21,GAS,2027,0.0
RE1,S21,GAS,2028,0.0
RE1,S21,GAS,2029,0.0
RE1,S21,GAS,2030,0.0
RE1,S21,GAS,2031,0.0
RE1,S21,GAS,2032,0.0
RE1,S21,GAS,2033,0.0
RE1,S21,GAS,2034,0.0
RE1,S21,GAS,2035,0.0
RE1,S21,HYD,2020,0.0
RE1,S21,HYD,2021,0.0
RE1,S21,HYD,2022,0.0
RE1,S21,HYD,2023,0.0
RE1,S21,HYD,2024,0.0
RE1,S21,HYD,2025,0.0
RE1,S21,HYD,2026,0.0
RE1,S21,HYD,2027,0.0
RE1,S21,HYD,2028,0.0
RE1,S21,HYD,2029,0.0
RE1,S21,HYD,2030,0.0
RE1,S21,HYD,2031,0.0
RE1,S21,HYD,2032,0.0
RE1,S21,HYD,2033,0.0
RE1,S21,HYD,2034,0.0
RE1,S21,HYD,2035,0.0
RE1,S21,LBLT,2020,0.0
RE1,S21,LBLT,2021,0.0
RE1,S21,LBLT,2022,0.0
RE1,S21,LBLT,2023,0.0
RE1,S21,LBLT,2024,0.0
RE1,S21,LBLT,2025,0.0
RE1,S21,LBLT,2026,0.0
RE1,S21,LBLT,2027,0.0
RE1,S21,LBLT,2028,0.0
RE1,S21,LBLT,2029,0.0
RE1,S21,LBLT,2030,0.0
RE1,S21,LBLT,2031,0.0
RE1,S21,LBLT,2032,0.0
RE1,S21,LBLT,2033,0.0
RE1,S21,LBLT,2034,0.0
RE1,S21,LBLT,2035,0.0
RE1,S21,LFOR,2020,0.0
RE1,S21,LFOR,2021,0.0
RE1,S21,LFOR,2022,0.0
RE1,S21,LFOR,2023,0.0
RE1,S21,LFOR,2024,0.0
RE1,S21,LFOR,2025,0.0
RE1,S21,LFOR,2026,0.0
RE1,S21,LFOR,2027,0.0
RE1,S21,LFOR,2028,0.0
RE1,S21,LFOR,2029,0.0
RE1,S21,LFOR,2030,0.0
RE1,S21,LFOR,2031,0.0
RE1,S21,LFOR,2032,0.0
RE1,S21,LFOR,2033,0.0
RE1,S21,LFOR,2034,0.0
RE1,S21,LFOR,2035,0.0
RE1,S21,LND,2020,0.0
RE1,S21,LND,2021,0.0
RE1,S21,LND,2022,0.0
RE1,S21,LND,2023,0.0
RE1,S21,LND,2024,0.0
RE1,S21,LND,2025,0.0
RE1,S21,LND,2026,0.0
RE1,S21,LND,2027,0.0
RE1,S21,LND,2028,0.0
RE1,S21,LND,2029,0.0
RE1,S21,LND,2030,0.0
RE1,S21,LND,2031,0.0
RE1,S21,LND,2032,0.0
RE1,S21,LND,2033,0.0
RE1,S21,LND,2034,0.0
RE1,S21,LND,2035,0.0
RE1,S21,LWAT,2020,0.0
RE1,S21,LWAT,2021,0.0
RE1,S21,LWAT,2022,0.0
RE1,S21,LWAT,2023,0.0
RE1,S21,LWAT,2024,0.0
RE1,S21,LWAT,2025,0.0
RE1,S21,LWAT,2026,0.0
RE1,S21,LWAT,2027,0.0
RE1,S21,LWAT,2028,0.0
RE1,S21,LWAT,2029,0.0
RE1,S21,LWAT,2030,0.0
RE1,S21,LWAT,2031,0.0
RE1,S21,LWAT,2032,0.0
RE1,S21,LWAT,2033,0.0
RE1,S21,LWAT,2034,0.0
RE1,S21,LWAT,2035,0.0
RE1,S21,PWRWAT,2020,0.0
RE1,S21,PWRWAT,2021,0.0
RE1,S21,PWRWAT,2022,0.0
RE1,S21,PWRWAT,2023,0.0
RE1,S21,PWRWAT,2024,0.0
RE1,S21,PWRWAT,2025,0.0
RE1,S21,PWRWAT,2026,0.0
RE1,S21,PWRWAT,2027,0.0
RE1,S21,PWRWAT,2028,0.0
RE1,S21,PWRWAT,2029,0.0
RE1,S21,PWRWAT,2030,0.0
RE1,S21,PWRWAT,2031,0.0
RE1,S21,PWRWAT,2032,0.0
RE1,S21,PWRWAT,2033,0.0
RE1,S21,PWRWAT,2034,0.0
RE1,S21,PWRWAT,2035,0.0
RE1,S21,SOL,2020,0.0
RE1,S21,SOL,2021,0.0
RE1,S21,SOL,2022,0.0
RE1,S21,SOL,2023,0.0
RE1,S21,SOL,2024,0.0
RE1,S21,SOL,2025,0.0
RE1,S21,SOL,2026,0.0
RE1,S21,SOL,2027,0.0
RE1,S21,SOL,2028,0.0
RE1,S21,SOL,2029,0.0
RE1,S21,SOL,2030,0.0
RE1,S21,SOL,2031,0.0
RE1,S21,SOL,2032,0.0
RE1,S21,SOL,2033,0.0
RE1,S21,SOL,2034,0.0
RE1,S21,SOL,2035,0.0
RE1,S21,WND,2020,0.0
RE1,S21,WND,2021,0.0
RE1,S21,WND,2022,0.0
RE1,S21,WND,2023,0.0
RE1,S21,WND,2024,0.0
RE1,S21,WND,2025,0.0
RE1,S21,WND,2026,0.0
RE1,S21,WND,2027,0.0
RE1,S21,WND,2028,0.0
RE1,S21,WND,2029,0.0
RE1,S21,WND,2030,0.0
RE1,S21,WND,2031,0.0
RE1,S21,WND,2032,0.0
RE1,S21,WND,2033,0.0
RE1,S21,WND,2034,0.0
RE1,S21,WND,2035,0.0
RE1,S21,WTREVT,2020,0.0
RE1,S21,WTREVT,2021,0.0
RE1,S21,WTREVT,2022,0.0
RE1,S21,WTREVT,2023,0.0
RE1,S21,WTREVT,2024,0.0
RE1,S21,WTREVT,2025,0.0
RE1,S21,WTREVT,2026,0.0
RE1,S21,WTREVT,2027,0.0
RE1,S21,WTREVT,2028,0.0
RE1,S21,WTREVT,2029,0.0
RE1,S21,WTREVT,2030,0.0
RE1,S21,WTREVT,2031,0.0
RE1,S21,WTREVT,2032,0.0
RE1,S21,WTREVT,2033,0.0
RE1,S21,WTREVT,2034,0.0
RE1,S21,WTREVT,2035,0.0
RE1,S21,WTRGWT,2020,0.0
RE1,S21,WTRGWT,2021,0.0
RE1,S21,WTRGWT,2022,0.0
RE1,S21,WTRGWT,2023,0.0
RE1,S21,WTRGWT,2024,0.0
RE1,S21,WTRGWT,2025,0.0
RE1,S21,WTRGWT,2026,0.0
RE1,S21,WTRGWT,2027,0.0
RE1,S21,WTRGWT,2028,0.0
RE1,S21,WTRGWT,2029,0.0
RE1,S21,WTRGWT,2030,0.0
RE1,S21,WTRGWT,2031,0.0
RE1,S21,WTRGWT,2032,0.0
RE1,S21,WTRGWT,2033,0.0
RE1,S21,WTRGWT,2034,0.0
RE1,S21,WTRGWT,2035,0.0
RE1,S21,WTRPRC,2020,0.0
RE1,S21,WTRPRC,2021,0.0
RE1,S21,WTRPRC,2022,0.0
RE1,S21,WTRPRC,2023,0.0
RE1,S21,WTRPRC,2024,0.0
RE1,S21,WTRPRC,2025,0.0
RE1,S21,WTRPRC,2026,0.0
RE1,S21,WTRPRC,2027,0.0
RE1,S21,WTRPRC,2028,0.0
RE1,S21,WTRPRC,2029,0.0
RE1,S21,WTRPRC,2030,0.0
RE1,S21,WTRPRC,2031,0.0
RE1,S21,WTRPRC,2032,0.0
RE1,S21,WTRPRC,2033,0.0
RE1,S21,WTRPRC,2034,0.0
RE1,S21,WTRPRC,2035,0.0
RE1,S21,WTRSUR,2020,0.0
RE1,S21,WTRSUR,2021,0.0
RE1,S21,WTRSUR,2022,0.0
RE1,S21,WTRSUR,2023,0.0
RE1,S21,WTRSUR,2024,0.0
RE1,S21,WTRSUR,2025,0.0
RE1,S21,WTRSUR,2026,0.0
RE1,S21,WTRSUR,2027,0.0
RE1,S21,WTRSUR,2028,0.0
RE1,S21,WTRSUR,2029,0.0
RE1,S21,WTRSUR,2030,0.0
RE1,S21,WTRSUR,2031,0.0
RE1,S21,WTRSUR,2032,0.0
RE1,S21,WTRSUR,2033,0.0
RE1,S21,WTRSUR,2034,0.0
RE1,S21,WTRSUR,2035,0.0
RE1,S22,AGRDSL,2020,0.0
RE1,S22,AGRDSL,2021,0.0
RE1,S22,AGRDSL,2022,0.0
RE1,S22,AGRDSL,2023,0.0
RE1,S22,AGRDSL,2024,0.0
RE1,S22,AGRDSL,2025,0.0
RE1,S22,AGRDSL,2026,0.0
RE1,S22,AGRDSL,2027,0.0
RE1,S22,AGRDSL,2028,0.0
RE1,S22,AGRDSL,2029,0.0
RE1,S22,AGRDSL,2030,0.0
RE1,S22,AGRDSL,2031,0.0
RE1,S22,AGRDSL,2032,0.0
RE1,S22,AGRDSL,2033,0.0
RE1,S22,AGRDSL,2034,0.0
RE1,S22,AGRDSL,2035,0.0
RE1,S22,COA,2020,0.0
RE1,S22,COA,2021,0.0
RE1,S22,COA,2022,0.0
RE1,S22,COA,2023,0.0
RE1,S22,COA,2024,0.0
RE1,S22,COA,2025,0.0
RE1,S22,COA,2026,0.0
RE1,S22,COA,2027,0.0
RE1,S22,COA,2028,0.0
RE1,S22,COA,2029,0.0
RE1,S22,COA,2030,0.0
RE1,S22,COA,2031,0.0
RE1,S22,COA,2032,0.0
RE1,S22,COA,2033,0.0
RE1,S22,COA,2034,0.0
RE1,S22,COA,2035,0.0
RE1,S22,CRPMAI,2020,0.0
RE1,S22,CRPMAI,2021,0.0
RE1,S22,CRPMAI,2022,0.0
RE1,S22,CRPMAI,2023,0.0
RE1,S22,CRPMAI,2024,0.0
RE1,S22,CRPMAI,2025,0.0
RE1,S22,CRPMAI,2026,0.0
RE1,S22,CRPMAI,2027,0.0
RE1,S22,CRPMAI,2028,0.0
RE1,S22,CRPMAI,2029,0.0
RE1,S22,CRPMAI,2030,0.0
RE1,S22,CRPMAI,2031,0.0
RE1,S22,CRPMAI,2032,0.0
RE1,S22,CRPMAI,2033,0.0
RE1,S22,CRPMAI,2034,0.0
RE1,S22,CRPMAI,2035,0.0
RE1,S22,CRPRIC,2020,0.0
RE1,S22,CRPRIC,2021,0.0
RE1,S22,CRPRIC,2022,0.0
RE1,S22,CRPRIC,2023,0.0
RE1,S22,CRPRIC,2024,0.0
RE1,S22,CRPRIC,2025,0.0
RE1,S22,CRPRIC,2026,0.0
RE1,S22,CRPRIC,2027,0.0
RE1,S22,CRPRIC,2028,0.0
RE1,S22,CRPRIC,2029,0.0
RE1,S22,CRPRIC,2030,0.0
RE1,S22,CRPRIC,2031,0.0
RE1,S22,CRPRIC,2032,0.0
RE1,S22,CRPRIC,2033,0.0
RE1,S22,CRPRIC,2034,0.0
RE1,S22,CRPRIC,2035,0.0
RE1,S22,ELC001,2020,0.0
RE1,S22,ELC001,2021,0.0
RE1,S22,ELC001,2022,0.0
RE1,S22,ELC001,2023,0.0
RE1,S22,ELC001,2024,0.0
RE1,S22,ELC001,2025,0.0
RE1,S22,ELC001,2026,0.0
RE1,S22,ELC001,2027,0.0
RE1,S22,ELC001,2028,0.0
RE1,S22,ELC001,2029,0.0
RE1,S22,ELC001,2030,0.0
RE1,S22,ELC001,2031,0.0
RE1,S22,ELC001,2032,0.0
RE1,S22,ELC001,2033,0.0
RE1,S22,ELC001,2034,0.0
RE1,S22,ELC001,2035,0.0
RE1,S22,ELC002,2020,42.0
RE1,S22,ELC002,2021,43.26
RE1,S22,ELC002,2022,44.1
RE1,S22,ELC002,2023,45.36
RE1,S22,ELC002,2024,46.2
RE1,S22,ELC002,2025,47.46
RE1,S22,ELC002,2026,48.72
RE1,S22,ELC002,2027,49.98
RE1,S22,ELC002,2028,51.24
RE1,S22,ELC002,2029,52.5
RE1,S22,ELC002,2030,53.76
RE1,S22,ELC002,2031,55.02
RE1,S22,ELC002,2032,56.28
RE1,S22,ELC002,2033,57.96
RE1,S22,ELC002,2034,59.22
RE1,S22,ELC002,2035,60.9
RE1,S22,GAS,2020,0.0
RE1,S22,GAS,2021,0.0
RE1,S22,GAS,2022,0.0
RE1,S22,GAS,2023,0.0
RE1,S22,GAS,2024,0.0
RE1,S22,GAS,2025,0.0
RE1,S22,GAS,2026,0.0
RE1,S22,GAS,2027,0.0
RE1,S22,GAS,2028,0.0
RE1,S22,GAS,2029,0.0
RE1,S22,GAS,2030,0.0
RE1,S22,GAS,2031,0.0
RE1,S22,GAS,2032,0.0
RE1,S22,GAS,2033,0.0
RE1,S22,GAS,2034,0.0
RE1,S22,GAS,2035,0.0
RE1,S22,HYD,2020,0.0
RE1,S22,HYD,2021,0.0
RE1,S22,HYD,2022,0.0
RE1,S22,HYD,2023,0.0
RE1,S22,HYD,2024,0.0
RE1,S22,HYD,2025,0.0
RE1,S22,HYD,2026,0.0
RE1,S22,HYD,2027,0.0
RE1,S22,HYD,2028,0.0
RE1,S22,HYD,2029,0.0
RE1,S22,HYD,2030,0.0
RE1,S22,HYD,2031,0.0
RE1,S22,HYD,2032,0.0
RE1,S22,HYD,2033,0.0
RE1,S22,HYD,2034,0.0
RE1,S22,HYD,2035,0.0
RE1,S22,LBLT,2020,0.0
RE1,S22,LBLT,2021,0.0
RE1,S22,LBLT,2022,0.0
RE1,S22,LBLT,2023,0.0
RE1,S22,LBLT,2024,0.0
RE1,S22,LBLT,2025,0.0
RE1,S22,LBLT,2026,0.0
RE1,S22,LBLT,2027,0.0
RE1,S22,LBLT,2028,0.0
RE1,S22,LBLT,2029,0.0
RE1,S22,LBLT,2030,0.0
RE1,S22,LBLT,2031,0.0
RE1,S22,LBLT,2032,0.0
RE1,S22,LBLT,2033,0.0
RE1,S22,LBLT,2034,0.0
RE1,S22,LBLT,2035,0.0
RE1,S22,LFOR,2020,0.0
RE1,S22,LFOR,2021,0.0
RE1,S22,LFOR,2022,0.0
RE1,S22,LFOR,2023,0.0
RE1,S22,LFOR,2024,0.0
RE1,S22,LFOR,2025,0.0
RE1,S22,LFOR,2026,0.0
RE1,S22,LFOR,2027,0.0
RE1,S22,LFOR,2028,0.0
RE1,S22,LFOR,2029,0.0
RE1,S22,LFOR,2030,0.0
RE1,S22,LFOR,2031,0.0
RE1,S22,LFOR,2032,0.0
RE1,S22,LFOR,2033,0.0
RE1,S22,LFOR,2034,0.0
RE1,S22,LFOR,2035,0.0
RE1,S22,LND,2020,0.0
RE1,S22,LND,2021,0.0
RE1,S22,LND,2022,0.0
RE1,S22,LND,2023,0.0
RE1,S22,LND,2024,0.0
RE1,S22,LND,2025,0.0
RE1,S22,LND,2026,0.0
RE1,S22,LND,2027,0.0
RE1,S22,LND,2028,0.0
RE1,S22,LND,2029,0.0
RE1,S22,LND,2030,0.0
RE1,S22,LND,2031,0.0
RE1,S22,LND,2032,0.0
RE1,S22,LND,2033,0.0
RE1,S22,LND,2034,0.0
RE1,S22,LND,2035,0.0
RE1,S22,LWAT,2020,0.0
RE1,S22,LWAT,2021,0.0
RE1,S22,LWAT,2022,0.0
RE1,S22,LWAT,2023,0.0
RE1,S22,LWAT,2024,0.0
RE1,S22,LWAT,2025,0.0
RE1,S22,LWAT,2026,0.0
RE1,S22,LWAT,2027,0.0
RE1,S22,LWAT,2028,0.0
RE1,S22,LWAT,2029,0.0
RE1,S22,LWAT,2030,0.0
RE1,S22,LWAT,2031,0.0
RE1,S22,LWAT,2032,0.0
RE1,S22,LWAT,2033,0.0
RE1,S22,LWAT,2034,0.0
RE1,S22,LWAT,2035,0.0
RE1,S22,PWRWAT,2020,0.0
RE1,S22,PWRWAT,2021,0.0
RE1,S22,PWRWAT,2022,0.0
RE1,S22,PWRWAT,2023,0.0
RE1,S22,PWRWAT,2024,0.0
RE1,S22,PWRWAT,2025,0.0
RE1,S22,PWRWAT,2026,0.0
RE1,S22,PWRWAT,2027,0.0
RE1,S22,PWRWAT,2028,0.0
RE1,S22,PWRWAT,2029,0.0
RE1,S22,PWRWAT,2030,0.0
RE1,S22,PWRWAT,2031,0.0
RE1,S22,PWRWAT,2032,0.0
RE1,S22,PWRWAT,2033,0.0
RE1,S22,PWRWAT,2034,0.0
RE1,S22,PWRWAT,2035,0.0
RE1,S22,SOL,2020,0.0
RE1,S22,SOL,2021,0.0
RE1,S22,SOL,2022,0.0
RE1,S22,SOL,2023,0.0
RE1,S22,SOL,2024,0.0
RE1,S22,SOL,2025,0.0
RE1,S22,SOL,2026,0.0
RE1,S22,SOL,2027,0.0
RE1,S22,SOL,2028,0.0
RE1,S22,SOL,2029,0.0
RE1,S22,SOL,2030,0.0
RE1,S22,SOL,2031,0.0
RE1,S22,SOL,2032,0.0
RE1,S22,SOL,2033,0.0
RE1,S22,SOL,2034,0.0
RE1,S22,SOL,2035,0.0
RE1,S22,WND,2020,0.0
RE1,S22,WND,2021,0.0
RE1,S22,WND,2022,0.0
RE1,S22,WND,2023,0.0
RE1,S22,WND,2024,0.0
RE1,S22,WND,2025,0.0
RE1,S22,WND,2026,0.0
RE1,S22,WND,2027,0.0
RE1,S22,WND,2028,0.0
RE1,S22,WND,2029,0.0
RE1,S22,WND,2030,0.0
RE1,S22,WND,2031,0.0
RE1,S22,WND,2032,0.0
RE1,S22,WND,2033,0.0
RE1,S22,WND,2034,0.0
RE1,S22,WND,2035,0.0
RE1,S22,WTREVT,2020,0.0
RE1,S22,WTREVT,2021,0.0
RE1,S22,WTREVT,2022,0.0
RE1,S22,WTREVT,2023,0.0
RE1,S22,WTREVT,2024,0.0
RE1,S22,WTREVT,2025,0.0
RE1,S22,WTREVT,2026,0.0
RE1,S22,WTREVT,2027,0.0
RE1,S22,WTREVT,2028,0.0
RE1,S22,WTREVT,2029,0.0
RE1,S22,WTREVT,2030,0.0
RE1,S22,WTREVT,2031,0.0
RE1,S22,WTREVT,2032,0.0
RE1,S22,WTREVT,2033,0.0
RE1,S22,WTREVT,2034,0.0
RE1,S22,WTREVT,2035,0.0
RE1,S22,WTRGWT,2020,0.0
RE1,S22,WTRGWT,2021,0.0
RE1,S22,WTRGWT,2022,0.0
RE1,S22,WTRGWT,2023,0.0
RE1,S22,WTRGWT,2024,0.0
RE1,S22,WTRGWT,2025,0.0
RE1,S22,WTRGWT,2026,0.0
RE1,S22,WTRGWT,2027,0.0
RE1,S22,WTRGWT,2028,0.0
RE1,S22,WTRGWT,2029,0.0
RE1,S22,WTRGWT,2030,0.0
RE1,S22,WTRGWT,2031,0.0
RE1,S22,WTRGWT,2032,0.0
RE1,S22,WTRGWT,2033,0.0
RE1,S22,WTRGWT,2034,0.0
RE1,S22,WTRGWT,2035,0.0
RE1,S22,WTRPRC,2020,0.0
RE1,S22,WTRPRC,2021,0.0
RE1,S22,WTRPRC,2022,0.0
RE1,S22,WTRPRC,2023,0.0
RE1,S22,WTRPRC,2024,0.0
RE1,S22,WTRPRC,2025,0.0
RE1,S22,WTRPRC,2026,0.0
RE1,S22,WTRPRC,2027,0.0
RE1,S22,WTRPRC,2028,0.0
RE1,S22,WTRPRC,2029,0.0
RE1,S22,WTRPRC,2030,0.0
RE1,S22,WTRPRC,2031,0.0
RE1,S22,WTRPRC,2032,0.0
RE1,S22,WTRPRC,2033,0.0
RE1,S22,WTRPRC,2034,0.0
RE1,S22,WTRPRC,2035,0.0
RE1,S22,WTRSUR,2020,0.0
RE1,S22,WTRSUR,2021,0.0
RE1,S22,WTRSUR,2022,0.0
RE1,S22,WTRSUR,2023,0.0
RE1,S22,WTRSUR,2024,0.0
RE1,S22,WTRSUR,2025,0.0
RE1,S22,WTRSUR,2026,0.0
RE1,S22,WTRSUR,2027,0.0
RE1,S22,WTRSUR,2028,0.0
RE1,S22,WTRSUR,2029,0.0
RE1,S22,WTRSUR,2030,0.0
RE1,S22,WTRSUR,2031,0.0
RE1,S22,WTRSUR,2032,0.0
RE1,S22,WTRSUR,2033,0.0
RE1,S22,WTRSUR,2034,0.0
RE1,S22,WTRSUR,2035,0.0
