r,t,f,y,InputToNewCapacity
RE1,DEMPWRSURWAT,WTRSUR,2020,0
RE1,DEMPWRSURWAT,WTRSUR,2021,0
RE1,DEMPWRSURWAT,WTRSUR,2022,0
RE1,DEMPWRSURWAT,WTRSUR,2023,0
RE1,DEMPWRSURWAT,WTRSUR,2024,0
RE1,DEMPWRSURWAT,WTRSUR,2025,0
RE1,DEMPWRSURWAT,WTRSUR,2026,0
RE1,DEMPWRSURWAT,WTRSUR,2027,0
RE1,DEMPWRSURWAT,WTRSUR,2028,0
RE1,DEMPWRSURWAT,WTRSUR,2029,0
RE1,DEMPWRSURWAT,WTRSUR,2030,0
RE1,DEMPWRSURWAT,WTRSUR,2031,0
RE1,DEMPWRSURWAT,WTRSUR,2032,0
RE1,DEMPWRSURWAT,WTRSUR,2033,0
RE1,DEMPWRSURWAT,WTRSUR,2034,0
RE1,DEMPWRSURWAT,WTRSUR,2035,0
RE1,LNDBLT,LND,2020,0
RE1,LNDBLT,LND,2021,0
RE1,LNDBLT,LND,2022,0
RE1,LNDBLT,LND,2023,0
RE1,LNDBLT,LND,2024,0
RE1,LNDBLT,LND,2025,0
RE1,LNDBLT,LND,2026,0
RE1,LNDBLT,LND,2027,0
RE1,LNDBLT,LND,2028,0
RE1,LNDBLT,LND,2029,0
RE1,LNDBLT,LND,2030,0
RE1,LNDBLT,LND,2031,0
RE1,LNDBLT,LND,2032,0
RE1,LNDBLT,LND,2033,0
RE1,LNDBLT,LND,2034,0
RE1,LNDBLT,LND,2035,0
RE1,LNDBLT,WTRPRC,2020,0
RE1,LNDBLT,WTRPRC,2021,0
RE1,LNDBLT,WTRPRC,2022,0
RE1,LNDBLT,WTRPRC,2023,0
RE1,LNDBLT,WTRPRC,2024,0
RE1,LNDBLT,WTRPRC,2025,0
RE1,LNDBLT,WTRPRC,2026,0
RE1,LNDBLT,WTRPRC,2027,0
RE1,LNDBLT,WTRPRC,2028,0
RE1,LNDBLT,WTRPRC,2029,0
RE1,LNDBLT,WTRPRC,2030,0
RE1,LNDBLT,WTRPRC,2031,0
RE1,LNDBLT,WTRPRC,2032,0
RE1,LNDBLT,WTRPRC,2033,0
RE1,LNDBLT,WTRPRC,2034,0
RE1,LNDBLT,WTRPRC,2035,0
RE1,LNDFOR,LND,2020,0
RE1,LNDFOR,LND,2021,0
RE1,LNDFOR,LND,2022,0
RE1,LNDFOR,LND,2023,0
RE1,LNDFOR,LND,2024,0
RE1,LNDFOR,LND,2025,0
RE1,LNDFOR,LND,2026,0
RE1,LNDFOR,LND,2027,0
RE1,LNDFOR,LND,2028,0
RE1,LNDFOR,LND,2029,0
RE1,LNDFOR,LND,2030,0
RE1,LNDFOR,LND,2031,0
RE1,LNDFOR,LND,2032,0
RE1,LNDFOR,LND,2033,0
RE1,LNDFOR,LND,2034,0
RE1,LNDFOR,LND,2035,0
RE1,LNDFOR,WTRPRC,2020,0
RE1,LNDFOR,WTRPRC,2021,0
RE1,LNDFOR,WTRPRC,2022,0
RE1,LNDFOR,WTRPRC,2023,0
RE1,LNDFOR,WTRPRC,2024,0
RE1,LNDFOR,WTRPRC,2025,0
RE1,LNDFOR,WTRPRC,2026,0
RE1,LNDFOR,WTRPRC,2027,0
RE1,LNDFOR,WTRPRC,2028,0
RE1,LNDFOR,WTRPRC,2029,0
RE1,LNDFOR,WTRPRC,2030,0
RE1,LNDFOR,WTRPRC,2031,0
RE1,LNDFOR,WTRPRC,2032,0
RE1,LNDFOR,WTRPRC,2033,0
RE1,LNDFOR,WTRPRC,2034,0
RE1,LNDFOR,WTRPRC,2035,0
RE1,LNDMAIHI,AGRDSL,2020,0
RE1,LNDMAIHI,AGRDSL,2021,0
RE1,LNDMAIHI,AGRDSL,2022,0
RE1,LNDMAIHI,AGRDSL,2023,0
RE1,LNDMAIHI,AGRDSL,2024,0
RE1,LNDMAIHI,AGRDSL,2025,0
RE1,LNDMAIHI,AGRDSL,2026,0
RE1,LNDMAIHI,AGRDSL,2027,0
RE1,LNDMAIHI,AGRDSL,2028,0
RE1,LNDMAIHI,AGRDSL,2029,0
RE1,LNDMAIHI,AGRDSL,2030,0
RE1,LNDMAIHI,AGRDSL,2031,0
RE1,LNDMAIHI,AGRDSL,2032,0
RE1,LNDMAIHI,AGRDSL,2033,0
RE1,LNDMAIHI,AGRDSL,2034,0
RE1,LNDMAIHI,AGRDSL,2035,0
RE1,LNDMAIHI,ELC002,2020,0
RE1,LNDMAIHI,ELC002,2021,0
RE1,LNDMAIHI,ELC002,2022,0
RE1,LNDMAIHI,ELC002,2023,0
RE1,LNDMAIHI,ELC002,2024,0
RE1,LNDMAIHI,ELC002,2025,0
RE1,LNDMAIHI,ELC002,2026,0
RE1,LNDMAIHI,ELC002,2027,0
RE1,LNDMAIHI,ELC002,2028,0
RE1,LNDMAIHI,ELC002,2029,0
RE1,LNDMAIHI,ELC002,2030,0
RE1,LNDMAIHI,ELC002,2031,0
RE1,LNDMAIHI,ELC002,2032,0
RE1,LNDMAIHI,ELC002,2033,0
RE1,LNDMAIHI,ELC002,2034,0
RE1,LNDMAIHI,ELC002,2035,0
RE1,LNDMAIHI,LND,2020,0
RE1,LNDMAIHI,LND,2021,0
RE1,LNDMAIHI,LND,2022,0
RE1,LNDMAIHI,LND,2023,0
RE1,LNDMAIHI,LND,2024,0
RE1,LNDMAIHI,LND,2025,0
RE1,LNDMAIHI,LND,2026,0
RE1,LNDMAIHI,LND,2027,0
RE1,LNDMAIHI,LND,2028,0
RE1,LNDMAIHI,LND,2029,0
RE1,LNDMAIHI,LND,2030,0
RE1,LNDMAIHI,LND,2031,0
RE1,LNDMAIHI,LND,2032,0
RE1,LNDMAIHI,LND,2033,0
RE1,LNDMAIHI,LND,2034,0
RE1,LNDMAIHI,LND,2035,0
RE1,LNDMAIHI,WTRPRC,2020,0
RE1,LNDMAIHI,WTRPRC,2021,0
RE1,LNDMAIHI,WTRPRC,2022,0
RE1,LNDMAIHI,WTRPRC,2023,0
RE1,LNDMAIHI,WTRPRC,2024,0
RE1,LNDMAIHI,WTRPRC,2025,0
RE1,LNDMAIHI,WTRPRC,2026,0
RE1,LNDMAIHI,WTRPRC,2027,0
RE1,LNDMAIHI,WTRPRC,2028,0
RE1,LNDMAIHI,WTRPRC,2029,0
RE1,LNDMAIHI,WTRPRC,2030,0
RE1,LNDMAIHI,WTRPRC,2031,0
RE1,LNDMAIHI,WTRPRC,2032,0
RE1,LNDMAIHI,WTRPRC,2033,0
RE1,LNDMAIHI,WTRPRC,2034,0
RE1,LNDMAIHI,WTRPRC,2035,0
RE1,LNDMAIHR,AGRDSL,2020,0
RE1,LNDMAIHR,AGRDSL,2021,0
RE1,LNDMAIHR,AGRDSL,2022,0
RE1,LNDMAIHR,AGRDSL,2023,0
RE1,LNDMAIHR,AGRDSL,2024,0
RE1,LNDMAIHR,AGRDSL,2025,0
RE1,LNDMAIHR,AGRDSL,2026,0
RE1,LNDMAIHR,AGRDSL,2027,0
RE1,LNDMAIHR,AGRDSL,2028,0
RE1,LNDMAIHR,AGRDSL,2029,0
RE1,LNDMAIHR,AGRDSL,2030,0
RE1,LNDMAIHR,AGRDSL,2031,0
RE1,LNDMAIHR,AGRDSL,2032,0
RE1,LNDMAIHR,AGRDSL,2033,0
RE1,LNDMAIHR,AGRDSL,2034,0
RE1,LNDMAIHR,AGRDSL,2035,0
RE1,LNDMAIHR,LND,2020,0
RE1,LNDMAIHR,LND,2021,0
RE1,LNDMAIHR,LND,2022,0
RE1,LNDMAIHR,LND,2023,0
RE1,LNDMAIHR,LND,2024,0
RE1,LNDMAIHR,LND,2025,0
RE1,LNDMAIHR,LND,2026,0
RE1,LNDMAIHR,LND,2027,0
RE1,LNDMAIHR,LND,2028,0
RE1,LNDMAIHR,LND,2029,0
RE1,LNDMAIHR,LND,2030,0
RE1,LNDMAIHR,LND,2031,0
RE1,LNDMAIHR,LND,2032,0
RE1,LNDMAIHR,LND,2033,0
RE1,LNDMAIHR,LND,2034,0
RE1,LNDMAIHR,LND,2035,0
RE1,LNDMAIHR,WTRPRC,2020,0
RE1,LNDMAIHR,WTRPRC,2021,0
RE1,LNDMAIHR,WTRPRC,2022,0
RE1,LNDMAIHR,WTRPRC,2023,0
RE1,LNDMAIHR,WTRPRC,2024,0
RE1,LNDMAIHR,WTRPRC,2025,0
RE1,LNDMAIHR,WTRPRC,2026,0
RE1,LNDMAIHR,WTRPRC,2027,0
RE1,LNDMAIHR,WTRPRC,2028,0
RE1,LNDMAIHR,WTRPRC,2029,0
RE1,LNDMAIHR,WTRPRC,2030,0
RE1,LNDMAIHR,WTRPRC,2031,0
RE1,LNDMAIHR,WTRPRC,2032,0
RE1,LNDMAIHR,WTRPRC,2033,0
RE1,LNDMAIHR,WTRPRC,2034,0
RE1,LNDMAIHR,WTRPRC,2035,0
RE1,LNDRICHI,AGRDSL,2020,0
RE1,LNDRICHI,AGRDSL,2021,0
RE1,LNDRICHI,AGRDSL,2022,0
RE1,LNDRICHI,AGRDSL,2023,0
RE1,LNDRICHI,AGRDSL,2024,0
RE1,LNDRICHI,AGRDSL,2025,0
RE1,LNDRICHI,AGRDSL,2026,0
RE1,LNDRICHI,AGRDSL,2027,0
RE1,LNDRICHI,AGRDSL,2028,0
RE1,LNDRICHI,AGRDSL,2029,0
RE1,LNDRICHI,AGRDSL,2030,0
RE1,LNDRICHI,AGRDSL,2031,0
RE1,LNDRICHI,AGRDSL,2032,0
RE1,LNDRICHI,AGRDSL,2033,0
RE1,LNDRICHI,AGRDSL,2034,0
RE1,LNDRICHI,AGRDSL,2035,0
RE1,LNDRICHI,ELC002,2020,0
RE1,LNDRICHI,ELC002,2021,0
RE1,LNDRICHI,ELC002,2022,0
RE1,LNDRICHI,ELC002,2023,0
RE1,LNDRICHI,ELC002,2024,0
RE1,LNDRICHI,ELC002,2025,0
RE1,LNDRICHI,ELC002,2026,0
RE1,LNDRICHI,ELC002,2027,0
RE1,LNDRICHI,ELC002,2028,0
RE1,LNDRICHI,ELC002,2029,0
RE1,LNDRICHI,ELC002,2030,0
RE1,LNDRICHI,ELC002,2031,0
RE1,LNDRICHI,ELC002,2032,0
RE1,LNDRICHI,ELC002,2033,0
RE1,LNDRICHI,ELC002,2034,0
RE1,LNDRICHI,ELC002,2035,0
RE1,LNDRICHI,LND,2020,0
RE1,LNDRICHI,LND,2021,0
RE1,LNDRICHI,LND,2022,0
RE1,LNDRICHI,LND,2023,0
RE1,LNDRICHI,LND,2024,0
RE1,LNDRICHI,LND,2025,0
RE1,LNDRICHI,LND,2026,0
RE1,LNDRICHI,LND,2027,0
RE1,LNDRICHI,LND,2028,0
RE1,LNDRICHI,LND,2029,0
RE1,LNDRICHI,LND,2030,0
RE1,LNDRICHI,LND,2031,0
RE1,LNDRICHI,LND,2032,0
RE1,LNDRICHI,LND,2033,0
RE1,LNDRICHI,LND,2034,0
RE1,LNDRICHI,LND,2035,0
RE1,LNDRICHI,WTRPRC,2020,0
RE1,LNDRICHI,WTRPRC,2021,0
RE1,LNDRICHI,WTRPRC,2022,0
RE1,LNDRICHI,WTRPRC,2023,0
RE1,LNDRICHI,WTRPRC,2024,0
RE1,LNDRICHI,WTRPRC,2025,0
RE1,LNDRICHI,WTRPRC,2026,0
RE1,LNDRICHI,WTRPRC,2027,0
RE1,LNDRICHI,WTRPRC,2028,0
RE1,LNDRICHI,WTRPRC,2029,0
RE1,LNDRICHI,WTRPRC,2030,0
RE1,LNDRICHI,WTRPRC,2031,0
RE1,LNDRICHI,WTRPRC,2032,0
RE1,LNDRICHI,WTRPRC,2033,0
RE1,LNDRICHI,WTRPRC,2034,0
RE1,LNDRICHI,WTRPRC,2035,0
RE1,LNDRICHR,AGRDSL,2020,0
RE1,LNDRICHR,AGRDSL,2021,0
RE1,LNDRICHR,AGRDSL,2022,0
RE1,LNDRICHR,AGRDSL,2023,0
RE1,LNDRICHR,AGRDSL,2024,0
RE1,LNDRICHR,AGRDSL,2025,0
RE1,LNDRICHR,AGRDSL,2026,0
RE1,LNDRICHR,AGRDSL,2027,0
RE1,LNDRICHR,AGRDSL,2028,0
RE1,LNDRICHR,AGRDSL,2029,0
RE1,LNDRICHR,AGRDSL,2030,0
RE1,LNDRICHR,AGRDSL,2031,0
RE1,LNDRICHR,AGRDSL,2032,0
RE1,LNDRICHR,AGRDSL,2033,0
RE1,LNDRICHR,AGRDSL,2034,0
RE1,LNDRICHR,AGRDSL,2035,0
RE1,LNDRICHR,LND,2020,0
RE1,LNDRICHR,LND,2021,0
RE1,LNDRICHR,LND,2022,0
RE1,LNDRICHR,LND,2023,0
RE1,LNDRICHR,LND,2024,0
RE1,LNDRICHR,LND,2025,0
RE1,LNDRICHR,LND,2026,0
RE1,LNDRICHR,LND,2027,0
RE1,LNDRICHR,LND,2028,0
RE1,LNDRICHR,LND,2029,0
RE1,LNDRICHR,LND,2030,0
RE1,LNDRICHR,LND,2031,0
RE1,LNDRICHR,LND,2032,0
RE1,LNDRICHR,LND,2033,0
RE1,LNDRICHR,LND,2034,0
RE1,LNDRICHR,LND,2035,0
RE1,LNDRICHR,WTRPRC,2020,0
RE1,LNDRICHR,WTRPRC,2021,0
RE1,LNDRICHR,WTRPRC,2022,0
RE1,LNDRICHR,WTRPRC,2023,0
RE1,LNDRICHR,WTRPRC,2024,0
RE1,LNDRICHR,WTRPRC,2025,0
RE1,LNDRICHR,WTRPRC,2026,0
RE1,LNDRICHR,WTRPRC,2027,0
RE1,LNDRICHR,WTRPRC,2028,0
RE1,LNDRICHR,WTRPRC,2029,0
RE1,LNDRICHR,WTRPRC,2030,0
RE1,LNDRICHR,WTRPRC,2031,0
RE1,LNDRICHR,WTRPRC,2032,0
RE1,LNDRICHR,WTRPRC,2033,0
RE1,LNDRICHR,WTRPRC,2034,0
RE1,LNDRICHR,WTRPRC,2035,0
RE1,LNDWAT,LND,2020,0
RE1,LNDWAT,LND,2021,0
RE1,LNDWAT,LND,2022,0
RE1,LNDWAT,LND,2023,0
RE1,LNDWAT,LND,2024,0
RE1,LNDWAT,LND,2025,0
RE1,LNDWAT,LND,2026,0
RE1,LNDWAT,LND,2027,0
RE1,LNDWAT,LND,2028,0
RE1,LNDWAT,LND,2029,0
RE1,LNDWAT,LND,2030,0
RE1,LNDWAT,LND,2031,0
RE1,LNDWAT,LND,2032,0
RE1,LNDWAT,LND,2033,0
RE1,LNDWAT,LND,2034,0
RE1,LNDWAT,LND,2035,0
RE1,LNDWAT,WTRPRC,2020,0
RE1,LNDWAT,WTRPRC,2021,0
RE1,LNDWAT,WTRPRC,2022,0
RE1,LNDWAT,WTRPRC,2023,0
RE1,LNDWAT,WTRPRC,2024,0
RE1,LNDWAT,WTRPRC,2025,0
RE1,LNDWAT,WTRPRC,2026,0
RE1,LNDWAT,WTRPRC,2027,0
RE1,LNDWAT,WTRPRC,2028,0
RE1,LNDWAT,WTRPRC,2029,0
RE1,LNDWAT,WTRPRC,2030,0
RE1,LNDWAT,WTRPRC,2031,0
RE1,LNDWAT,WTRPRC,2032,0
RE1,LNDWAT,WTRPRC,2033,0
RE1,LNDWAT,WTRPRC,2034,0
RE1,LNDWAT,WTRPRC,2035,0
RE1,PWRCOA,COA,2020,0
RE1,PWRCOA,COA,2021,0
RE1,PWRCOA,COA,2022,0
RE1,PWRCOA,COA,2023,0
RE1,PWRCOA,COA,2024,0
RE1,PWRCOA,COA,2025,0
RE1,PWRCOA,COA,2026,0
RE1,PWRCOA,COA,2027,0
RE1,PWRCOA,COA,2028,0
RE1,PWRCOA,COA,2029,0
RE1,PWRCOA,COA,2030,0
RE1,PWRCOA,COA,2031,0
RE1,PWRCOA,COA,2032,0
RE1,PWRCOA,COA,2033,0
RE1,PWRCOA,COA,2034,0
RE1,PWRCOA,COA,2035,0
RE1,PWRCOA,PWRWAT,2020,0
RE1,PWRCOA,PWRWAT,2021,0
RE1,PWRCOA,PWRWAT,2022,0
RE1,PWRCOA,PWRWAT,2023,0
RE1,PWRCOA,PWRWAT,2024,0
RE1,PWRCOA,PWRWAT,2025,0
RE1,PWRCOA,PWRWAT,2026,0
RE1,PWRCOA,PWRWAT,2027,0
RE1,PWRCOA,PWRWAT,2028,0
RE1,PWRCOA,PWRWAT,2029,0
RE1,PWRCOA,PWRWAT,2030,0
RE1,PWRCOA,PWRWAT,2031,0
RE1,PWRCOA,PWRWAT,2032,0
RE1,PWRCOA,PWRWAT,2033,0
RE1,PWRCOA,PWRWAT,2034,0
RE1,PWRCOA,PWRWAT,2035,0
RE1,PWRGAS,GAS,2020,0
RE1,PWRGAS,GAS,2021,0
RE1,PWRGAS,GAS,2022,0
RE1,PWRGAS,GAS,2023,0
RE1,PWRGAS,GAS,2024,0
RE1,PWRGAS,GAS,2025,0
RE1,PWRGAS,GAS,2026,0
RE1,PWRGAS,GAS,2027,0
RE1,PWRGAS,GAS,2028,0
RE1,PWRGAS,GAS,2029,0
RE1,PWRGAS,GAS,2030,0
RE1,PWRGAS,GAS,2031,0
RE1,PWRGAS,GAS,2032,0
RE1,PWRGAS,GAS,2033,0
RE1,PWRGAS,GAS,2034,0
RE1,PWRGAS,GAS,2035,0
RE1,PWRGAS,PWRWAT,2020,0
RE1,PWRGAS,PWRWAT,2021,0
RE1,PWRGAS,PWRWAT,2022,0
RE1,PWRGAS,PWRWAT,2023,0
RE1,PWRGAS,PWRWAT,2024,0
RE1,PWRGAS,PWRWAT,2025,0
RE1,PWRGAS,PWRWAT,2026,0
RE1,PWRGAS,PWRWAT,2027,0
RE1,PWRGAS,PWRWAT,2028,0
RE1,PWRGAS,PWRWAT,2029,0
RE1,PWRGAS,PWRWAT,2030,0
RE1,PWRGAS,PWRWAT,2031,0
RE1,PWRGAS,PWRWAT,2032,0
RE1,PWRGAS,PWRWAT,2033,0
RE1,PWRGAS,PWRWAT,2034,0
RE1,PWRGAS,PWRWAT,2035,0
RE1,PWRHYD,HYD,2020,0
RE1,PWRHYD,HYD,2021,0
RE1,PWRHYD,HYD,2022,0
RE1,PWRHYD,HYD,2023,0
RE1,PWRHYD,HYD,2024,0
RE1,PWRHYD,HYD,2025,0
RE1,PWRHYD,HYD,2026,0
RE1,PWRHYD,HYD,2027,0
RE1,PWRHYD,HYD,2028,0
RE1,PWRHYD,HYD,2029,0
RE1,PWRHYD,HYD,2030,0
RE1,PWRHYD,HYD,2031,0
RE1,PWRHYD,HYD,2032,0
RE1,PWRHYD,HYD,2033,0
RE1,PWRHYD,HYD,2034,0
RE1,PWRHYD,HYD,2035,0
RE1,PWRSOL,SOL,2020,0
RE1,PWRSOL,SOL,2021,0
RE1,PWRSOL,SOL,2022,0
RE1,PWRSOL,SOL,2023,0
RE1,PWRSOL,SOL,2024,0
RE1,PWRSOL,SOL,2025,0
RE1,PWRSOL,SOL,2026,0
RE1,PWRSOL,SOL,2027,0
RE1,PWRSOL,SOL,2028,0
RE1,PWRSOL,SOL,2029,0
RE1,PWRSOL,SOL,2030,0
RE1,PWRSOL,SOL,2031,0
RE1,PWRSOL,SOL,2032,0
RE1,PWRSOL,SOL,2033,0
RE1,PWRSOL,SOL,2034,0
RE1,PWRSOL,SOL,2035,0
RE1,PWRTRN,ELC001,2020,0
RE1,PWRTRN,ELC001,2021,0
RE1,PWRTRN,ELC001,2022,0
RE1,PWRTRN,ELC001,2023,0
RE1,PWRTRN,ELC001,2024,0
RE1,PWRTRN,ELC001,2025,0
RE1,PWRTRN,ELC001,2026,0
RE1,PWRTRN,ELC001,2027,0
RE1,PWRTRN,ELC001,2028,0
RE1,PWRTRN,ELC001,2029,0
RE1,PWRTRN,ELC001,2030,0
RE1,PWRTRN,ELC001,2031,0
RE1,PWRTRN,ELC001,2032,0
RE1,PWRTRN,ELC001,2033,0
RE1,PWRTRN,ELC001,2034,0
RE1,PWRTRN,ELC001,2035,0
RE1,PWRWND,WND,2020,0
RE1,PWRWND,WND,2021,0
RE1,PWRWND,WND,2022,0
RE1,PWRWND,WND,2023,0
RE1,PWRWND,WND,2024,0
RE1,PWRWND,WND,2025,0
RE1,PWRWND,WND,2026,0
RE1,PWRWND,WND,2027,0
RE1,PWRWND,WND,2028,0
RE1,PWRWND,WND,2029,0
RE1,PWRWND,WND,2030,0
RE1,PWRWND,WND,2031,0
RE1,PWRWND,WND,2032,0
RE1,PWRWND,WND,2033,0
RE1,PWRWND,WND,2034,0
RE1,PWRWND,WND,2035,0
