r,t,y,NumberOfNewTechnologyUnits
RE1,DEMPWRSURWAT,2020,0
RE1,DEMPWRSURWAT,2021,0
RE1,DEMPWRSURWAT,2022,0
RE1,DEMPWRSURWAT,2023,0
RE1,DEMPWRSURWAT,2024,0
RE1,DEMPWRSURWAT,2025,0
RE1,DEMPWRSURWAT,2026,0
RE1,DEMPWRSURWAT,2027,0
RE1,DEMPWRSURWAT,2028,0
RE1,DEMPWRSURWAT,2029,0
RE1,DEMPWRSURWAT,2030,0
RE1,DEMPWRSURWAT,2031,0
RE1,DEMPWRSURWAT,2032,0
RE1,DEMPWRSURWAT,2033,0
RE1,DEMPWRSURWAT,2034,0
RE1,DEMPWRSURWAT,2035,0
RE1,LNDBLT,2020,0
RE1,LNDBLT,2021,0
RE1,LNDBLT,2022,0
RE1,LNDBLT,2023,0
RE1,LNDBLT,2024,0
RE1,LNDBLT,2025,0
RE1,LNDBLT,2026,0
RE1,LNDBLT,2027,0
RE1,LNDBLT,2028,0
RE1,LNDBLT,2029,0
RE1,LNDBLT,2030,0
RE1,LNDBLT,2031,0
RE1,LNDBLT,2032,0
RE1,LNDBLT,2033,0
RE1,LNDBLT,2034,0
RE1,LNDBLT,2035,0
RE1,LNDFOR,2020,0
RE1,LNDFOR,2021,0
RE1,LNDFOR,2022,0
RE1,LNDFOR,2023,0
RE1,LNDFOR,2024,0
RE1,LNDFOR,2025,0
RE1,LNDFOR,2026,0
RE1,LNDFOR,2027,0
RE1,LNDFOR,2028,0
RE1,LNDFOR,2029,0
RE1,LNDFOR,2030,0
RE1,LNDFOR,2031,0
RE1,LNDFOR,2032,0
RE1,LNDFOR,2033,0
RE1,LNDFOR,2034,0
RE1,LNDFOR,2035,0
RE1,LNDMAIHI,2020,0
RE1,LNDMAIHI,2021,0
RE1,LNDMAIHI,2022,0
RE1,LNDMAIHI,2023,0
RE1,LNDMAIHI,2024,0
RE1,LNDMAIHI,2025,0
RE1,LNDMAIHI,2026,0
RE1,LNDMAIHI,2027,0
RE1,LNDMAIHI,2028,0
RE1,LNDMAIHI,2029,0
RE1,LNDMAIHI,2030,0
RE1,LNDMAIHI,2031,0
RE1,LNDMAIHI,2032,0
RE1,LNDMAIHI,2033,0
RE1,LNDMAIHI,2034,0
RE1,LNDMAIHI,2035,0
RE1,LNDMAIHR,2020,0
RE1,LNDMAIHR,2021,0
RE1,LNDMAIHR,2022,0
RE1,LNDMAIHR,2023,0
RE1,LNDMAIHR,2024,0
RE1,LNDMAIHR,2025,0
RE1,LNDMAIHR,2026,0
RE1,LNDMAIHR,2027,0
RE1,LNDMAIHR,2028,0
RE1,LNDMAIHR,2029,0
RE1,LNDMAIHR,2030,0
RE1,LNDMAIHR,2031,0
RE1,LNDMAIHR,2032,0
RE1,LNDMAIHR,2033,0
RE1,LNDMAIHR,2034,0
RE1,LNDMAIHR,2035,0
RE1,LNDRICHI,2020,0
RE1,LNDRICHI,2021,0
RE1,LNDRICHI,2022,0
RE1,LNDRICHI,2023,0
RE1,LNDRICHI,2024,0
RE1,LNDRICHI,2025,0
RE1,LNDRICHI,2026,0
RE1,LNDRICHI,2027,0
RE1,LNDRICHI,2028,0
RE1,LNDRICHI,2029,0
RE1,LNDRICHI,2030,0
RE1,LNDRICHI,2031,0
RE1,LNDRICHI,2032,0
RE1,LNDRICHI,2033,0
RE1,LNDRICHI,2034,0
RE1,LNDRICHI,2035,0
RE1,LNDRICHR,2020,0
RE1,LNDRICHR,2021,0
RE1,LNDRICHR,2022,0
RE1,LNDRICHR,2023,0
RE1,LNDRICHR,2024,0
RE1,LNDRICHR,2025,0
RE1,LNDRICHR,2026,0
RE1,LNDRICHR,2027,0
RE1,LNDRICHR,2028,0
RE1,LNDRICHR,2029,0
RE1,LNDRICHR,2030,0
RE1,LNDRICHR,2031,0
RE1,LNDRICHR,2032,0
RE1,LNDRICHR,2033,0
RE1,LNDRICHR,2034,0
RE1,LNDRICHR,2035,0
RE1,LNDWAT,2020,0
RE1,LNDWAT,2021,0
RE1,LNDWAT,2022,0
RE1,LNDWAT,2023,0
RE1,LNDWAT,2024,0
RE1,LNDWAT,2025,0
RE1,LNDWAT,2026,0
RE1,LNDWAT,2027,0
RE1,LNDWAT,2028,0
RE1,LNDWAT,2029,0
RE1,LNDWAT,2030,0
RE1,LNDWAT,2031,0
RE1,LNDWAT,2032,0
RE1,LNDWAT,2033,0
RE1,LNDWAT,2034,0
RE1,LNDWAT,2035,0
RE1,MINCOA,2020,0
RE1,MINCOA,2021,0
RE1,MINCOA,2022,0
RE1,MINCOA,2023,0
RE1,MINCOA,2024,0
RE1,MINCOA,2025,0
RE1,MINCOA,2026,0
RE1,MINCOA,2027,0
RE1,MINCOA,2028,0
RE1,MINCOA,2029,0
RE1,MINCOA,2030,0
RE1,MINCOA,2031,0
RE1,MINCOA,2032,0
RE1,MINCOA,2033,0
RE1,MINCOA,2034,0
RE1,MINCOA,2035,0
RE1,MINGAS,2020,0
RE1,MINGAS,2021,0
RE1,MINGAS,2022,0
RE1,MINGAS,2023,0
RE1,MINGAS,2024,0
RE1,MINGAS,2025,0
RE1,MINGAS,2026,0
RE1,MINGAS,2027,0
RE1,MINGAS,2028,0
RE1,MINGAS,2029,0
RE1,MINGAS,2030,0
RE1,MINGAS,2031,0
RE1,MINGAS,2032,0
RE1,MINGAS,2033,0
RE1,MINGAS,2034,0
RE1,MINGAS,2035,0
RE1,MINHYD,2020,0
RE1,MINHYD,2021,0
RE1,MINHYD,2022,0
RE1,MINHYD,2023,0
RE1,MINHYD,2024,0
RE1,MINHYD,2025,0
RE1,MINHYD,2026,0
RE1,MINHYD,2027,0
RE1,MINHYD,2028,0
RE1,MINHYD,2029,0
RE1,MINHYD,2030,0
RE1,MINHYD,2031,0
RE1,MINHYD,2032,0
RE1,MINHYD,2033,0
RE1,MINHYD,2034,0
RE1,MINHYD,2035,0
RE1,MINLND,2020,0
RE1,MINLND,2021,0
RE1,MINLND,2022,0
RE1,MINLND,2023,0
RE1,MINLND,2024,0
RE1,MINLND,2025,0
RE1,MINLND,2026,0
RE1,MINLND,2027,0
RE1,MINLND,2028,0
RE1,MINLND,2029,0
RE1,MINLND,2030,0
RE1,MINLND,2031,0
RE1,MINLND,2032,0
RE1,MINLND,2033,0
RE1,MINLND,2034,0
RE1,MINLND,2035,0
RE1,MINPRC,2020,0
RE1,MINPRC,2021,0
RE1,MINPRC,2022,0
RE1,MINPRC,2023,0
RE1,MINPRC,2024,0
RE1,MINPRC,2025,0
RE1,MINPRC,2026,0
RE1,MINPRC,2027,0
RE1,MINPRC,2028,0
RE1,MINPRC,2029,0
RE1,MINPRC,2030,0
RE1,MINPRC,2031,0
RE1,MINPRC,2032,0
RE1,MINPRC,2033,0
RE1,MINPRC,2034,0
RE1,MINPRC,2035,0
RE1,MINSOL,2020,0
RE1,MINSOL,2021,0
RE1,MINSOL,2022,0
RE1,MINSOL,2023,0
RE1,MINSOL,2024,0
RE1,MINSOL,2025,0
RE1,MINSOL,2026,0
RE1,MINSOL,2027,0
RE1,MINSOL,2028,0
RE1,MINSOL,2029,0
RE1,MINSOL,2030,0
RE1,MINSOL,2031,0
RE1,MINSOL,2032,0
RE1,MINSOL,2033,0
RE1,MINSOL,2034,0
RE1,MINSOL,2035,0
RE1,MINWND,2020,0
RE1,MINWND,2021,0
RE1,MINWND,2022,0
RE1,MINWND,2023,0
RE1,MINWND,2024,0
RE1,MINWND,2025,0
RE1,MINWND,2026,0
RE1,MINWND,2027,0
RE1,MINWND,2028,0
RE1,MINWND,2029,0
RE1,MINWND,2030,0
RE1,MINWND,2031,0
RE1,MINWND,2032,0
RE1,MINWND,2033,0
RE1,MINWND,2034,0
RE1,MINWND,2035,0
RE1,PWRCOA,2020,0
RE1,PWRCOA,2021,0
RE1,PWRCOA,2022,0
RE1,PWRCOA,2023,0
RE1,PWRCOA,2024,0
RE1,PWRCOA,2025,0
RE1,PWRCOA,2026,0
RE1,PWRCOA,2027,0
RE1,PWRCOA,2028,0
RE1,PWRCOA,2029,0
RE1,PWRCOA,2030,0
RE1,PWRCOA,2031,0
RE1,PWRCOA,2032,0
RE1,PWRCOA,2033,0
RE1,PWRCOA,2034,0
RE1,PWRCOA,2035,0
RE1,PWRGAS,2020,0
RE1,PWRGAS,2021,0
RE1,PWRGAS,2022,0
RE1,PWRGAS,2023,0
RE1,PWRGAS,2024,0
RE1,PWRGAS,2025,0
RE1,PWRGAS,2026,0
RE1,PWRGAS,2027,0
RE1,PWRGAS,2028,0
RE1,PWRGAS,2029,0
RE1,PWRGAS,2030,0
RE1,PWRGAS,2031,0
RE1,PWRGAS,2032,0
RE1,PWRGAS,2033,0
RE1,PWRGAS,2034,0
RE1,PWRGAS,2035,0
RE1,PWRHYD,2020,0
RE1,PWRHYD,2021,0
RE1,PWRHYD,2022,0
RE1,PWRHYD,2023,0
RE1,PWRHYD,2024,0
RE1,PWRHYD,2025,0
RE1,PWRHYD,2026,0
RE1,PWRHYD,2027,0
RE1,PWRHYD,2028,0
RE1,PWRHYD,2029,0
RE1,PWRHYD,2030,0
RE1,PWRHYD,2031,0
RE1,PWRHYD,2032,0
RE1,PWRHYD,2033,0
RE1,PWRHYD,2034,0
RE1,PWRHYD,2035,0
RE1,PWRSOL,2020,0
RE1,PWRSOL,2021,0
RE1,PWRSOL,2022,0
RE1,PWRSOL,2023,0
RE1,PWRSOL,2024,0
RE1,PWRSOL,2025,0
RE1,PWRSOL,2026,0
RE1,PWRSOL,2027,0
RE1,PWRSOL,2028,0
RE1,PWRSOL,2029,0
RE1,PWRSOL,2030,0
RE1,PWRSOL,2031,0
RE1,PWRSOL,2032,0
RE1,PWRSOL,2033,0
RE1,PWRSOL,2034,0
RE1,PWRSOL,2035,0
RE1,PWRTRN,2020,0
RE1,PWRTRN,2021,0
RE1,PWRTRN,2022,0
RE1,PWRTRN,2023,0
RE1,PWRTRN,2024,0
RE1,PWRTRN,2025,0
RE1,PWRTRN,2026,0
RE1,PWRTRN,2027,0
RE1,PWRTRN,2028,0
RE1,PWRTRN,2029,0
RE1,PWRTRN,2030,0
RE1,PWRTRN,2031,0
RE1,PWRTRN,2032,0
RE1,PWRTRN,2033,0
RE1,PWRTRN,2034,0
RE1,PWRTRN,2035,0
RE1,PWRWND,2020,0
RE1,PWRWND,2021,0
RE1,PWRWND,2022,0
RE1,PWRWND,2023,0
RE1,PWRWND,2024,0
RE1,PWRWND,2025,0
RE1,PWRWND,2026,0
RE1,PWRWND,2027,0
RE1,PWRWND,2028,0
RE1,PWRWND,2029,0
RE1,PWRWND,2030,0
RE1,PWRWND,2031,0
RE1,PWRWND,2032,0
RE1,PWRWND,2033,0
RE1,PWRWND,2034,0
RE1,PWRWND,2035,0
