r,t,f,y,ProductionByTechnologyAnnual
RE1,DEMPWRSURWAT,PWRWAT,2020,0.0
RE1,DEMPWRSURWAT,PWRWAT,2021,0.0
RE1,DEMPWRSURWAT,PWRWAT,2022,0.0
RE1,DEMPWRSURWAT,PWRWAT,2023,0.0
RE1,DEMPWRSURWAT,PWRWAT,2024,0.0
RE1,DEMPWRSURWAT,PWRWAT,2025,0.0
RE1,DEMPWRSURWAT,PWRWAT,2026,0.0
RE1,DEMPWRSURWAT,PWRWAT,2027,0.0
RE1,DEMPWRSURWAT,PWRWAT,2028,0.0
RE1,DEMPWRSURWAT,PWRWAT,2029,0.0
RE1,DEMPWRSURWAT,PWRWAT,2030,0.0
RE1,DEMPWRSURWAT,PWRWAT,2031,0.0
RE1,DEMPWRSURWAT,PWRWAT,2032,0.0
RE1,DEMPWRSURWAT,PWRWAT,2033,0.0
RE1,DEMPWRSURWAT,PWRWAT,2034,0.0
RE1,DEMPWRSURWAT,PWRWAT,2035,0.0
RE1,LNDBLT,LBLT,2020,10.0
RE1,LNDBLT,LBLT,2021,10.3
RE1,LNDBLT,LBLT,2022,10.6001
RE1,LNDBLT,LBLT,2023,10.9
RE1,LNDBLT,LBLT,2024,11.3
RE1,LNDBLT,LBLT,2025,11.6
RE1,LNDBLT,LBLT,2026,11.9
RE1,LNDBLT,LBLT,2027,12.3
RE1,LNDBLT,LBLT,2028,12.7
RE1,LNDBLT,LBLT,2029,13.0
RE1,LNDBLT,LBLT,2030,13.4
RE1,LNDBLT,LBLT,2031,13.8
RE1,LNDBLT,LBLT,2032,14.3
RE1,LNDBLT,LBLT,2033,14.7
RE1,LNDBLT,LBLT,2034,15.1
RE1,LNDBLT,LBLT,2035,15.6
RE1,LNDBLT,WTREVT,2020,7.5
RE1,LNDBLT,WTREVT,2021,7.725
RE1,LNDBLT,WTREVT,2022,7.95
RE1,LNDBLT,WTREVT,2023,8.175
RE1,LNDBLT,WTREVT,2024,8.475
RE1,LNDBLT,WTREVT,2025,8.7
RE1,LNDBLT,WTREVT,2026,8.925
RE1,LNDBLT,WTREVT,2027,9.225
RE1,LNDBLT,WTREVT,2028,9.525
RE1,LNDBLT,WTREVT,2029,9.75
RE1,LNDBLT,WTREVT,2030,10.05
RE1,LNDBLT,WTREVT,2031,10.35
RE1,LNDBLT,WTREVT,2032,10.725
RE1,LNDBLT,WTREVT,2033,11.025
RE1,LNDBLT,WTREVT,2034,11.325
RE1,LNDBLT,WTREVT,2035,11.7
RE1,LNDBLT,WTRGWT,2020,0.4
RE1,LNDBLT,WTRGWT,2021,0.412
RE1,LNDBLT,WTRGWT,2022,0.424
RE1,LNDBLT,WTRGWT,2023,0.436
RE1,LNDBLT,WTRGWT,2024,0.452
RE1,LNDBLT,WTRGWT,2025,0.464
RE1,LNDBLT,WTRGWT,2026,0.476
RE1,LNDBLT,WTRGWT,2027,0.492
RE1,LNDBLT,WTRGWT,2028,0.508
RE1,LNDBLT,WTRGWT,2029,0.52
RE1,LNDBLT,WTRGWT,2030,0.536
RE1,LNDBLT,WTRGWT,2031,0.552
RE1,LNDBLT,WTRGWT,2032,0.572
RE1,LNDBLT,WTRGWT,2033,0.588
RE1,LNDBLT,WTRGWT,2034,0.604
RE1,LNDBLT,WTRGWT,2035,0.624
RE1,LNDBLT,WTRSUR,2020,4.1
RE1,LNDBLT,WTRSUR,2021,4.223
RE1,LNDBLT,WTRSUR,2022,4.346
RE1,LNDBLT,WTRSUR,2023,4.469
RE1,LNDBLT,WTRSUR,2024,4.633
RE1,LNDBLT,WTRSUR,2025,4.756
RE1,LNDBLT,WTRSUR,2026,4.879
RE1,LNDBLT,WTRSUR,2027,5.043
RE1,LNDBLT,WTRSUR,2028,5.207
RE1,LNDBLT,WTRSUR,2029,5.33
RE1,LNDBLT,WTRSUR,2030,5.494
RE1,LNDBLT,WTRSUR,2031,5.658
RE1,LNDBLT,WTRSUR,2032,5.863
RE1,LNDBLT,WTRSUR,2033,6.027
RE1,LNDBLT,WTRSUR,2034,6.191
RE1,LNDBLT,WTRSUR,2035,6.396
RE1,LNDFOR,LFOR,2020,264.5
RE1,LNDFOR,LFOR,2021,264.2
RE1,LNDFOR,LFOR,2022,263.9
RE1,LNDFOR,LFOR,2023,263.6
RE1,LNDFOR,LFOR,2024,263.2
RE1,LNDFOR,LFOR,2025,262.65
RE1,LNDFOR,LFOR,2026,262.35
RE1,LNDFOR,LFOR,2027,261.95
RE1,LNDFOR,LFOR,2028,261.55
RE1,LNDFOR,LFOR,2029,261.25
RE1,LNDFOR,LFOR,2030,260.85
RE1,LNDFOR,LFOR,2031,260.45
RE1,LNDFOR,LFOR,2032,259.95
RE1,LNDFOR,LFOR,2033,259.55
RE1,LNDFOR,LFOR,2034,259.15
RE1,LNDFOR,LFOR,2035,258.65
RE1,LNDFOR,WTREVT,2020,224.825
RE1,LNDFOR,WTREVT,2021,224.57
RE1,LNDFOR,WTREVT,2022,224.315
RE1,LNDFOR,WTREVT,2023,224.06
RE1,LNDFOR,WTREVT,2024,223.72
RE1,LNDFOR,WTREVT,2025,223.2525
RE1,LNDFOR,WTREVT,2026,222.9975
RE1,LNDFOR,WTREVT,2027,222.6575
RE1,LNDFOR,WTREVT,2028,222.3175
RE1,LNDFOR,WTREVT,2029,222.0625
RE1,LNDFOR,WTREVT,2030,221.7225
RE1,LNDFOR,WTREVT,2031,221.3825
RE1,LNDFOR,WTREVT,2032,220.9575
RE1,LNDFOR,WTREVT,2033,220.6175
RE1,LNDFOR,WTREVT,2034,220.2775
RE1,LNDFOR,WTREVT,2035,219.8525
RE1,LNDFOR,WTRGWT,2020,7.935
RE1,LNDFOR,WTRGWT,2021,7.926
RE1,LNDFOR,WTRGWT,2022,7.917
RE1,LNDFOR,WTRGWT,2023,7.908
RE1,LNDFOR,WTRGWT,2024,7.896
RE1,LNDFOR,WTRGWT,2025,7.8795
RE1,LNDFOR,WTRGWT,2026,7.8705
RE1,LNDFOR,WTRGWT,2027,7.8585
RE1,LNDFOR,WTRGWT,2028,7.8465
RE1,LNDFOR,WTRGWT,2029,7.8375
RE1,LNDFOR,WTRGWT,2030,7.8255
RE1,LNDFOR,WTRGWT,2031,7.8135
RE1,LNDFOR,WTRGWT,2032,7.7985
RE1,LNDFOR,WTRGWT,2033,7.7865
RE1,LNDFOR,WTRGWT,2034,7.7745
RE1,LNDFOR,WTRGWT,2035,7.7595
RE1,LNDFOR,WTRSUR,2020,84.64
RE1,LNDFOR,WTRSUR,2021,84.544
RE1,LNDFOR,WTRSUR,2022,84.448
RE1,LNDFOR,WTRSUR,2023,84.352
RE1,LNDFOR,WTRSUR,2024,84.224
RE1,LNDFOR,WTRSUR,2025,84.048
RE1,LNDFOR,WTRSUR,2026,83.952
RE1,LNDFOR,WTRSUR,2027,83.824
RE1,LNDFOR,WTRSUR,2028,83.696
RE1,LNDFOR,WTRSUR,2029,83.6
RE1,LNDFOR,WTRSUR,2030,83.472
RE1,LNDFOR,WTRSUR,2031,83.344
RE1,LNDFOR,WTRSUR,2032,83.184
RE1,LNDFOR,WTRSUR,2033,83.056
RE1,LNDFOR,WTRSUR,2034,82.928
RE1,LNDFOR,WTRSUR,2035,82.768
RE1,LNDMAIHI,CRPMAI,2020,0.0
RE1,LNDMAIHI,CRPMAI,2021,0.0
RE1,LNDMAIHI,CRPMAI,2022,0.0
RE1,LNDMAIHI,CRPMAI,2023,0.0
RE1,LNDMAIHI,CRPMAI,2024,0.0
RE1,LNDMAIHI,CRPMAI,2025,0.0
RE1,LNDMAIHI,CRPMAI,2026,0.0
RE1,LNDMAIHI,CRPMAI,2027,0.0
RE1,LNDMAIHI,CRPMAI,2028,0.0
RE1,LNDMAIHI,CRPMAI,2029,0.0
RE1,LNDMAIHI,CRPMAI,2030,0.0
RE1,LNDMAIHI,CRPMAI,2031,0.0
RE1,LNDMAIHI,CRPMAI,2032,0.0
RE1,LNDMAIHI,CRPMAI,2033,0.0
RE1,LNDMAIHI,CRPMAI,2034,0.0
RE1,LNDMAIHI,CRPMAI,2035,0.0
RE1,LNDMAIHI,WTREVT,2020,0.0
RE1,LNDMAIHI,WTREVT,2021,0.0
RE1,LNDMAIHI,WTREVT,2022,0.0
RE1,LNDMAIHI,WTREVT,2023,0.0
RE1,LNDMAIHI,WTREVT,2024,0.0
RE1,LNDMAIHI,WTREVT,2025,0.0
RE1,LNDMAIHI,WTREVT,2026,0.0
RE1,LNDMAIHI,WTREVT,2027,0.0
RE1,LNDMAIHI,WTREVT,2028,0.0
RE1,LNDMAIHI,WTREVT,2029,0.0
RE1,LNDMAIHI,WTREVT,2030,0.0
RE1,LNDMAIHI,WTREVT,2031,0.0
RE1,LNDMAIHI,WTREVT,2032,0.0
RE1,LNDMAIHI,WTREVT,2033,0.0
RE1,LNDMAIHI,WTREVT,2034,0.0
RE1,LNDMAIHI,WTREVT,2035,0.0
RE1,LNDMAIHI,WTRGWT,2020,0.0
RE1,LNDMAIHI,WTRGWT,2021,0.0
RE1,LNDMAIHI,WTRGWT,2022,0.0
RE1,LNDMAIHI,WTRGWT,2023,0.0
RE1,LNDMAIHI,WTRGWT,2024,0.0
RE1,LNDMAIHI,WTRGWT,2025,0.0
RE1,LNDMAIHI,WTRGWT,2026,0.0
RE1,LNDMAIHI,WTRGWT,2027,0.0
RE1,LNDMAIHI,WTRGWT,2028,0.0
RE1,LNDMAIHI,WTRGWT,2029,0.0
RE1,LNDMAIHI,WTRGWT,2030,0.0
RE1,LNDMAIHI,WTRGWT,2031,0.0
RE1,LNDMAIHI,WTRGWT,2032,0.0
RE1,LNDMAIHI,WTRGWT,2033,0.0
RE1,LNDMAIHI,WTRGWT,2034,0.0
RE1,LNDMAIHI,WTRGWT,2035,0.0
RE1,LNDMAIHI,WTRSUR,2020,0.0
RE1,LNDMAIHI,WTRSUR,2021,0.0
RE1,LNDMAIHI,WTRSUR,2022,0.0
RE1,LNDMAIHI,WTRSUR,2023,0.0
RE1,LNDMAIHI,WTRSUR,2024,0.0
RE1,LNDMAIHI,WTRSUR,2025,0.0
RE1,LNDMAIHI,WTRSUR,2026,0.0
RE1,LNDMAIHI,WTRSUR,2027,0.0
RE1,LNDMAIHI,WTRSUR,2028,0.0
RE1,LNDMAIHI,WTRSUR,2029,0.0
RE1,LNDMAIHI,WTRSUR,2030,0.0
RE1,LNDMAIHI,WTRSUR,2031,0.0
RE1,LNDMAIHI,WTRSUR,2032,0.0
RE1,LNDMAIHI,WTRSUR,2033,0.0
RE1,LNDMAIHI,WTRSUR,2034,0.0
RE1,LNDMAIHI,WTRSUR,2035,0.0
RE1,LNDMAIHR,CRPMAI,2020,0.0
RE1,LNDMAIHR,CRPMAI,2021,0.0
RE1,LNDMAIHR,CRPMAI,2022,0.0
RE1,LNDMAIHR,CRPMAI,2023,0.0
RE1,LNDMAIHR,CRPMAI,2024,0.0
RE1,LNDMAIHR,CRPMAI,2025,0.0
RE1,LNDMAIHR,CRPMAI,2026,0.0
RE1,LNDMAIHR,CRPMAI,2027,0.0
RE1,LNDMAIHR,CRPMAI,2028,0.0
RE1,LNDMAIHR,CRPMAI,2029,0.0
RE1,LNDMAIHR,CRPMAI,2030,0.0
RE1,LNDMAIHR,CRPMAI,2031,0.0
RE1,LNDMAIHR,CRPMAI,2032,0.0
RE1,LNDMAIHR,CRPMAI,2033,0.0
RE1,LNDMAIHR,CRPMAI,2034,0.0
RE1,LNDMAIHR,CRPMAI,2035,0.0
RE1,LNDMAIHR,WTREVT,2020,0.0
RE1,LNDMAIHR,WTREVT,2021,0.0
RE1,LNDMAIHR,WTREVT,2022,0.0
RE1,LNDMAIHR,WTREVT,2023,0.0
RE1,LNDMAIHR,WTREVT,2024,0.0
RE1,LNDMAIHR,WTREVT,2025,0.0
RE1,LNDMAIHR,WTREVT,2026,0.0
RE1,LNDMAIHR,WTREVT,2027,0.0
RE1,LNDMAIHR,WTREVT,2028,0.0
RE1,LNDMAIHR,WTREVT,2029,0.0
RE1,LNDMAIHR,WTREVT,2030,0.0
RE1,LNDMAIHR,WTREVT,2031,0.0
RE1,LNDMAIHR,WTREVT,2032,0.0
RE1,LNDMAIHR,WTREVT,2033,0.0
RE1,LNDMAIHR,WTREVT,2034,0.0
RE1,LNDMAIHR,WTREVT,2035,0.0
RE1,LNDMAIHR,WTRGWT,2020,0.0
RE1,LNDMAIHR,WTRGWT,2021,0.0
RE1,LNDMAIHR,WTRGWT,2022,0.0
RE1,LNDMAIHR,WTRGWT,2023,0.0
RE1,LNDMAIHR,WTRGWT,2024,0.0
RE1,LNDMAIHR,WTRGWT,2025,0.0
RE1,LNDMAIHR,WTRGWT,2026,0.0
RE1,LNDMAIHR,WTRGWT,2027,0.0
RE1,LNDMAIHR,WTRGWT,2028,0.0
RE1,LNDMAIHR,WTRGWT,2029,0.0
RE1,LNDMAIHR,WTRGWT,2030,0.0
RE1,LNDMAIHR,WTRGWT,2031,0.0
RE1,LNDMAIHR,WTRGWT,2032,0.0
RE1,LNDMAIHR,WTRGWT,2033,0.0
RE1,LNDMAIHR,WTRGWT,2034,0.0
RE1,LNDMAIHR,WTRGWT,2035,0.0
RE1,LNDMAIHR,WTRSUR,2020,0.0
RE1,LNDMAIHR,WTRSUR,2021,0.0
RE1,LNDMAIHR,WTRSUR,2022,0.0
RE1,LNDMAIHR,WTRSUR,2023,0.0
RE1,LNDMAIHR,WTRSUR,2024,0.0
RE1,LNDMAIHR,WTRSUR,2025,0.0
RE1,LNDMAIHR,WTRSUR,2026,0.0
RE1,LNDMAIHR,WTRSUR,2027,0.0
RE1,LNDMAIHR,WTRSUR,2028,0.0
RE1,LNDMAIHR,WTRSUR,2029,0.0
RE1,LNDMAIHR,WTRSUR,2030,0.0
RE1,LNDMAIHR,WTRSUR,2031,0.0
RE1,LNDMAIHR,WTRSUR,2032,0.0
RE1,LNDMAIHR,WTRSUR,2033,0.0
RE1,LNDMAIHR,WTRSUR,2034,0.0
RE1,LNDMAIHR,WTRSUR,2035,0.0
RE1,LNDRICHI,CRPRIC,2020,0.0
RE1,LNDRICHI,CRPRIC,2021,0.0
RE1,LNDRICHI,CRPRIC,2022,0.0
RE1,LNDRICHI,CRPRIC,2023,0.0
RE1,LNDRICHI,CRPRIC,2024,0.0
RE1,LNDRICHI,CRPRIC,2025,0.0
RE1,LNDRICHI,CRPRIC,2026,0.0
RE1,LNDRICHI,CRPRIC,2027,0.0
RE1,LNDRICHI,CRPRIC,2028,0.0
RE1,LNDRICHI,CRPRIC,2029,0.0
RE1,LNDRICHI,CRPRIC,2030,0.0
RE1,LNDRICHI,CRPRIC,2031,0.0
RE1,LNDRICHI,CRPRIC,2032,0.0
RE1,LNDRICHI,CRPRIC,2033,0.0
RE1,LNDRICHI,CRPRIC,2034,0.0
RE1,LNDRICHI,CRPRIC,2035,0.0
RE1,LNDRICHI,WTREVT,2020,0.0
RE1,LNDRICHI,WTREVT,2021,0.0
RE1,LNDRICHI,WTREVT,2022,0.0
RE1,LNDRICHI,WTREVT,2023,0.0
RE1,LNDRICHI,WTREVT,2024,0.0
RE1,LNDRICHI,WTREVT,2025,0.0
RE1,LNDRICHI,WTREVT,2026,0.0
RE1,LNDRICHI,WTREVT,2027,0.0
RE1,LNDRICHI,WTREVT,2028,0.0
RE1,LNDRICHI,WTREVT,2029,0.0
RE1,LNDRICHI,WTREVT,2030,0.0
RE1,LNDRICHI,WTREVT,2031,0.0
RE1,LNDRICHI,WTREVT,2032,0.0
RE1,LNDRICHI,WTREVT,2033,0.0
RE1,LNDRICHI,WTREVT,2034,0.0
RE1,LNDRICHI,WTREVT,2035,0.0
RE1,LNDRICHI,WTRGWT,2020,0.0
RE1,LNDRICHI,WTRGWT,2021,0.0
RE1,LNDRICHI,WTRGWT,2022,0.0
RE1,LNDRICHI,WTRGWT,2023,0.0
RE1,LNDRICHI,WTRGWT,2024,0.0
RE1,LNDRICHI,WTRGWT,2025,0.0
RE1,LNDRICHI,WTRGWT,2026,0.0
RE1,LNDRICHI,WTRGWT,2027,0.0
RE1,LNDRICHI,WTRGWT,2028,0.0
RE1,LNDRICHI,WTRGWT,2029,0.0
RE1,LNDRICHI,WTRGWT,2030,0.0
RE1,LNDRICHI,WTRGWT,2031,0.0
RE1,LNDRICHI,WTRGWT,2032,0.0
RE1,LNDRICHI,WTRGWT,2033,0.0
RE1,LNDRICHI,WTRGWT,2034,0.0
RE1,LNDRICHI,WTRGWT,2035,0.0
RE1,LNDRICHI,WTRSUR,2020,0.0
RE1,LNDRICHI,WTRSUR,2021,0.0
RE1,LNDRICHI,WTRSUR,2022,0.0
RE1,LNDRICHI,WTRSUR,2023,0.0
RE1,LNDRICHI,WTRSUR,2024,0.0
RE1,LNDRICHI,WTRSUR,2025,0.0
RE1,LNDRICHI,WTRSUR,2026,0.0
RE1,LNDRICHI,WTRSUR,2027,0.0
RE1,LNDRICHI,WTRSUR,2028,0.0
RE1,LNDRICHI,WTRSUR,2029,0.0
RE1,LNDRICHI,WTRSUR,2030,0.0
RE1,LNDRICHI,WTRSUR,2031,0.0
RE1,LNDRICHI,WTRSUR,2032,0.0
RE1,LNDRICHI,WTRSUR,2033,0.0
RE1,LNDRICHI,WTRSUR,2034,0.0
RE1,LNDRICHI,WTRSUR,2035,0.0
RE1,LNDRICHR,CRPRIC,2020,0.0
RE1,LNDRICHR,CRPRIC,2021,0.0
RE1,LNDRICHR,CRPRIC,2022,0.0
RE1,LNDRICHR,CRPRIC,2023,0.0
RE1,LNDRICHR,CRPRIC,2024,0.0
RE1,LNDRICHR,CRPRIC,2025,0.0
RE1,LNDRICHR,CRPRIC,2026,0.0
RE1,LNDRICHR,CRPRIC,2027,0.0
RE1,LNDRICHR,CRPRIC,2028,0.0
RE1,LNDRICHR,CRPRIC,2029,0.0
RE1,LNDRICHR,CRPRIC,2030,0.0
RE1,LNDRICHR,CRPRIC,2031,0.0
RE1,LNDRICHR,CRPRIC,2032,0.0
RE1,LNDRICHR,CRPRIC,2033,0.0
RE1,LNDRICHR,CRPRIC,2034,0.0
RE1,LNDRICHR,CRPRIC,2035,0.0
RE1,LNDRICHR,WTREVT,2020,0.0
RE1,LNDRICHR,WTREVT,2021,0.0
RE1,LNDRICHR,WTREVT,2022,0.0
RE1,LNDRICHR,WTREVT,2023,0.0
RE1,LNDRICHR,WTREVT,2024,0.0
RE1,LNDRICHR,WTREVT,2025,0.0
RE1,LNDRICHR,WTREVT,2026,0.0
RE1,LNDRICHR,WTREVT,2027,0.0
RE1,LNDRICHR,WTREVT,2028,0.0
RE1,LNDRICHR,WTREVT,2029,0.0
RE1,LNDRICHR,WTREVT,2030,0.0
RE1,LNDRICHR,WTREVT,2031,0.0
RE1,LNDRICHR,WTREVT,2032,0.0
RE1,LNDRICHR,WTREVT,2033,0.0
RE1,LNDRICHR,WTREVT,2034,0.0
RE1,LNDRICHR,WTREVT,2035,0.0
RE1,LNDRICHR,WTRGWT,2020,0.0
RE1,LNDRICHR,WTRGWT,2021,0.0
RE1,LNDRICHR,WTRGWT,2022,0.0
RE1,LNDRICHR,WTRGWT,2023,0.0
RE1,LNDRICHR,WTRGWT,2024,0.0
RE1,LNDRICHR,WTRGWT,2025,0.0
RE1,LNDRICHR,WTRGWT,2026,0.0
RE1,LNDRICHR,WTRGWT,2027,0.0
RE1,LNDRICHR,WTRGWT,2028,0.0
RE1,LNDRICHR,WTRGWT,2029,0.0
RE1,LNDRICHR,WTRGWT,2030,0.0
RE1,LNDRICHR,WTRGWT,2031,0.0
RE1,LNDRICHR,WTRGWT,2032,0.0
RE1,LNDRICHR,WTRGWT,2033,0.0
RE1,LNDRICHR,WTRGWT,2034,0.0
RE1,LNDRICHR,WTRGWT,2035,0.0
RE1,LNDRICHR,WTRSUR,2020,0.0
RE1,LNDRICHR,WTRSUR,2021,0.0
RE1,LNDRICHR,WTRSUR,2022,0.0
RE1,LNDRICHR,WTRSUR,2023,0.0
RE1,LNDRICHR,WTRSUR,2024,0.0
RE1,LNDRICHR,WTRSUR,2025,0.0
RE1,LNDRICHR,WTRSUR,2026,0.0
RE1,LNDRICHR,WTRSUR,2027,0.0
RE1,LNDRICHR,WTRSUR,2028,0.0
RE1,LNDRICHR,WTRSUR,2029,0.0
RE1,LNDRICHR,WTRSUR,2030,0.0
RE1,LNDRICHR,WTRSUR,2031,0.0
RE1,LNDRICHR,WTRSUR,2032,0.0
RE1,LNDRICHR,WTRSUR,2033,0.0
RE1,LNDRICHR,WTRSUR,2034,0.0
RE1,LNDRICHR,WTRSUR,2035,0.0
RE1,LNDWAT,LWAT,2020,25.5
RE1,LNDWAT,LWAT,2021,25.5
RE1,LNDWAT,LWAT,2022,25.5
RE1,LNDWAT,LWAT,2023,25.5
RE1,LNDWAT,LWAT,2024,25.5
RE1,LNDWAT,LWAT,2025,25.75
RE1,LNDWAT,LWAT,2026,25.75
RE1,LNDWAT,LWAT,2027,25.75
RE1,LNDWAT,LWAT,2028,25.75
RE1,LNDWAT,LWAT,2029,25.75
RE1,LNDWAT,LWAT,2030,25.75
RE1,LNDWAT,LWAT,2031,25.75
RE1,LNDWAT,LWAT,2032,25.75
RE1,LNDWAT,LWAT,2033,25.75
RE1,LNDWAT,LWAT,2034,25.75
RE1,LNDWAT,LWAT,2035,25.75
RE1,LNDWAT,WTREVT,2020,10.2
RE1,LNDWAT,WTREVT,2021,10.2
RE1,LNDWAT,WTREVT,2022,10.2
RE1,LNDWAT,WTREVT,2023,10.2
RE1,LNDWAT,WTREVT,2024,10.2
RE1,LNDWAT,WTREVT,2025,10.3
RE1,LNDWAT,WTREVT,2026,10.3
RE1,LNDWAT,WTREVT,2027,10.3
RE1,LNDWAT,WTREVT,2028,10.3
RE1,LNDWAT,WTREVT,2029,10.3
RE1,LNDWAT,WTREVT,2030,10.3
RE1,LNDWAT,WTREVT,2031,10.3
RE1,LNDWAT,WTREVT,2032,10.3
RE1,LNDWAT,WTREVT,2033,10.3
RE1,LNDWAT,WTREVT,2034,10.3
RE1,LNDWAT,WTREVT,2035,10.3
RE1,LNDWAT,WTRGWT,2020,2.04
RE1,LNDWAT,WTRGWT,2021,2.04
RE1,LNDWAT,WTRGWT,2022,2.04
RE1,LNDWAT,WTRGWT,2023,2.04
RE1,LNDWAT,WTRGWT,2024,2.04
RE1,LNDWAT,WTRGWT,2025,2.06
RE1,LNDWAT,WTRGWT,2026,2.06
RE1,LNDWAT,WTRGWT,2027,2.06
RE1,LNDWAT,WTRGWT,2028,2.06
RE1,LNDWAT,WTRGWT,2029,2.06
RE1,LNDWAT,WTRGWT,2030,2.06
RE1,LNDWAT,WTRGWT,2031,2.06
RE1,LNDWAT,WTRGWT,2032,2.06
RE1,LNDWAT,WTRGWT,2033,2.06
RE1,LNDWAT,WTRGWT,2034,2.06
RE1,LNDWAT,WTRGWT,2035,2.06
RE1,LNDWAT,WTRSUR,2020,18.36
RE1,LNDWAT,WTRSUR,2021,18.36
RE1,LNDWAT,WTRSUR,2022,18.36
RE1,LNDWAT,WTRSUR,2023,18.36
RE1,LNDWAT,WTRSUR,2024,18.36
RE1,LNDWAT,WTRSUR,2025,18.54
RE1,LNDWAT,WTRSUR,2026,18.54
RE1,LNDWAT,WTRSUR,2027,18.54
RE1,LNDWAT,WTRSUR,2028,18.54
RE1,LNDWAT,WTRSUR,2029,18.54
RE1,LNDWAT,WTRSUR,2030,18.54
RE1,LNDWAT,WTRSUR,2031,18.54
RE1,LNDWAT,WTRSUR,2032,18.54
RE1,LNDWAT,WTRSUR,2033,18.54
RE1,LNDWAT,WTRSUR,2034,18.54
RE1,LNDWAT,WTRSUR,2035,18.54
RE1,MINCOA,COA,2020,78.3912
RE1,MINCOA,COA,2021,148.6137
RE1,MINCOA,COA,2022,152.4417
RE1,MINCOA,COA,2023,158.1837
RE1,MINCOA,COA,2024,162.0117
RE1,MINCOA,COA,2025,154.2247
RE1,MINCOA,COA,2026,159.9668
RE1,MINCOA,COA,2027,165.7087
RE1,MINCOA,COA,2028,171.4508
RE1,MINCOA,COA,2029,177.1927
RE1,MINCOA,COA,2030,72.3704
RE1,MINCOA,COA,2031,76.1162
RE1,MINCOA,COA,2032,79.8621
RE1,MINCOA,COA,2033,84.8566
RE1,MINCOA,COA,2034,88.6025
RE1,MINCOA,COA,2035,93.597
RE1,MINGAS,GAS,2020,75.8686
RE1,MINGAS,GAS,2021,35.6535
RE1,MINGAS,GAS,2022,37.5015
RE1,MINGAS,GAS,2023,40.2735
RE1,MINGAS,GAS,2024,42.1215
RE1,MINGAS,GAS,2025,42.213
RE1,MINGAS,GAS,2026,44.985
RE1,MINGAS,GAS,2027,47.757
RE1,MINGAS,GAS,2028,50.529
RE1,MINGAS,GAS,2029,53.301
RE1,MINGAS,GAS,2030,53.6112
RE1,MINGAS,GAS,2031,53.6112
RE1,MINGAS,GAS,2032,53.6112
RE1,MINGAS,GAS,2033,53.6112
RE1,MINGAS,GAS,2034,53.6112
RE1,MINGAS,GAS,2035,53.6112
RE1,MINHYD,HYD,2020,11.6999
RE1,MINHYD,HYD,2021,11.6999
RE1,MINHYD,HYD,2022,11.6999
RE1,MINHYD,HYD,2023,11.6999
RE1,MINHYD,HYD,2024,11.6999
RE1,MINHYD,HYD,2025,17.5498
RE1,MINHYD,HYD,2026,17.5498
RE1,MINHYD,HYD,2027,17.5498
RE1,MINHYD,HYD,2028,17.5498
RE1,MINHYD,HYD,2029,17.5498
RE1,MINHYD,HYD,2030,14.4277
RE1,MINHYD,HYD,2031,14.4277
RE1,MINHYD,HYD,2032,17.5498
RE1,MINHYD,HYD,2033,14.4277
RE1,MINHYD,HYD,2034,17.5498
RE1,MINHYD,HYD,2035,14.4277
RE1,MINLND,LND,2020,300.0
RE1,MINLND,LND,2021,300.0
RE1,MINLND,LND,2022,300.0
RE1,MINLND,LND,2023,300.0
RE1,MINLND,LND,2024,300.0
RE1,MINLND,LND,2025,300.0
RE1,MINLND,LND,2026,300.0
RE1,MINLND,LND,2027,300.0
RE1,MINLND,LND,2028,300.0
RE1,MINLND,LND,2029,300.0
RE1,MINLND,LND,2030,300.0
RE1,MINLND,LND,2031,300.0
RE1,MINLND,LND,2032,300.0
RE1,MINLND,LND,2033,300.0
RE1,MINLND,LND,2034,300.0
RE1,MINLND,LND,2035,300.0
RE1,MINPRC,WTRPRC,2020,360.0
RE1,MINPRC,WTRPRC,2021,360.0
RE1,MINPRC,WTRPRC,2022,360.0
RE1,MINPRC,WTRPRC,2023,360.0
RE1,MINPRC,WTRPRC,2024,360.0
RE1,MINPRC,WTRPRC,2025,360.0
RE1,MINPRC,WTRPRC,2026,360.0
RE1,MINPRC,WTRPRC,2027,360.0
RE1,MINPRC,WTRPRC,2028,360.0
RE1,MINPRC,WTRPRC,2029,360.0
RE1,MINPRC,WTRPRC,2030,360.0
RE1,MINPRC,WTRPRC,2031,360.0
RE1,MINPRC,WTRPRC,2032,360.0
RE1,MINPRC,WTRPRC,2033,360.0
RE1,MINPRC,WTRPRC,2034,360.0
RE1,MINPRC,WTRPRC,2035,360.0
RE1,MINSOL,SOL,2020,4.1312
RE1,MINSOL,SOL,2021,4.1312
RE1,MINSOL,SOL,2022,4.1312
RE1,MINSOL,SOL,2023,4.1312
RE1,MINSOL,SOL,2024,4.1312
RE1,MINSOL,SOL,2025,4.1312
RE1,MINSOL,SOL,2026,4.1312
RE1,MINSOL,SOL,2027,4.1312
RE1,MINSOL,SOL,2028,4.1312
RE1,MINSOL,SOL,2029,4.1312
RE1,MINSOL,SOL,2030,4.1312
RE1,MINSOL,SOL,2031,4.1312
RE1,MINSOL,SOL,2032,4.1312
RE1,MINSOL,SOL,2033,4.1312
RE1,MINSOL,SOL,2034,4.1312
RE1,MINSOL,SOL,2035,4.1312
RE1,MINWND,WND,2020,30.1043
RE1,MINWND,WND,2021,30.1043
RE1,MINWND,WND,2022,30.1043
RE1,MINWND,WND,2023,30.1043
RE1,MINWND,WND,2024,30.1043
RE1,MINWND,WND,2025,30.1043
RE1,MINWND,WND,2026,30.1043
RE1,MINWND,WND,2027,30.1043
RE1,MINWND,WND,2028,30.1043
RE1,MINWND,WND,2029,30.1043
RE1,MINWND,WND,2030,71.312
RE1,MINWND,WND,2031,73.3634
RE1,MINWND,WND,2032,72.2927
RE1,MINWND,WND,2033,78.15
RE1,MINWND,WND,2034,77.0792
RE1,MINWND,WND,2035,82.9365
RE1,PWRCOA,ELC001,2020,26.1304
RE1,PWRCOA,ELC001,2021,49.5379
RE1,PWRCOA,ELC001,2022,50.8139
RE1,PWRCOA,ELC001,2023,52.7279
RE1,PWRCOA,ELC001,2024,54.0039
RE1,PWRCOA,ELC001,2025,51.4082
RE1,PWRCOA,ELC001,2026,53.3223
RE1,PWRCOA,ELC001,2027,55.2362
RE1,PWRCOA,ELC001,2028,57.1502
RE1,PWRCOA,ELC001,2029,59.0642
RE1,PWRCOA,ELC001,2030,24.1235
RE1,PWRCOA,ELC001,2031,25.3721
RE1,PWRCOA,ELC001,2032,26.6207
RE1,PWRCOA,ELC001,2033,28.2855
RE1,PWRCOA,ELC001,2034,29.5342
RE1,PWRCOA,ELC001,2035,31.199
RE1,PWRGAS,ELC001,2020,37.9343
RE1,PWRGAS,ELC001,2021,17.8268
RE1,PWRGAS,ELC001,2022,18.7508
RE1,PWRGAS,ELC001,2023,20.1368
RE1,PWRGAS,ELC001,2024,21.0608
RE1,PWRGAS,ELC001,2025,21.1065
RE1,PWRGAS,ELC001,2026,22.4925
RE1,PWRGAS,ELC001,2027,23.8785
RE1,PWRGAS,ELC001,2028,25.2645
RE1,PWRGAS,ELC001,2029,26.6505
RE1,PWRGAS,ELC001,2030,26.8056
RE1,PWRGAS,ELC001,2031,26.8056
RE1,PWRGAS,ELC001,2032,26.8056
RE1,PWRGAS,ELC001,2033,26.8056
RE1,PWRGAS,ELC001,2034,26.8056
RE1,PWRGAS,ELC001,2035,26.8056
RE1,PWRHYD,ELC001,2020,11.6999
RE1,PWRHYD,ELC001,2021,11.6999
RE1,PWRHYD,ELC001,2022,11.6999
RE1,PWRHYD,ELC001,2023,11.6999
RE1,PWRHYD,ELC001,2024,11.6999
RE1,PWRHYD,ELC001,2025,17.5498
RE1,PWRHYD,ELC001,2026,17.5498
RE1,PWRHYD,ELC001,2027,17.5498
RE1,PWRHYD,ELC001,2028,17.5498
RE1,PWRHYD,ELC001,2029,17.5498
RE1,PWRHYD,ELC001,2030,14.4277
RE1,PWRHYD,ELC001,2031,14.4277
RE1,PWRHYD,ELC001,2032,17.5498
RE1,PWRHYD,ELC001,2033,14.4277
RE1,PWRHYD,ELC001,2034,17.5498
RE1,PWRHYD,ELC001,2035,14.4277
RE1,PWRSOL,ELC001,2020,4.1312
RE1,PWRSOL,ELC001,2021,4.1312
RE1,PWRSOL,ELC001,2022,4.1312
RE1,PWRSOL,ELC001,2023,4.1312
RE1,PWRSOL,ELC001,2024,4.1312
RE1,PWRSOL,ELC001,2025,4.1312
RE1,PWRSOL,ELC001,2026,4.1312
RE1,PWRSOL,ELC001,2027,4.1312
RE1,PWRSOL,ELC001,2028,4.1312
RE1,PWRSOL,ELC001,2029,4.1312
RE1,PWRSOL,ELC001,2030,4.1312
RE1,PWRSOL,ELC001,2031,4.1312
RE1,PWRSOL,ELC001,2032,4.1312
RE1,PWRSOL,ELC001,2033,4.1312
RE1,PWRSOL,ELC001,2034,4.1312
RE1,PWRSOL,ELC001,2035,4.1312
RE1,PWRTRN,ELC002,2020,100.0
RE1,PWRTRN,ELC002,2021,103.0
RE1,PWRTRN,ELC002,2022,105.0
RE1,PWRTRN,ELC002,2023,108.0
RE1,PWRTRN,ELC002,2024,110.0
RE1,PWRTRN,ELC002,2025,113.0
RE1,PWRTRN,ELC002,2026,116.0
RE1,PWRTRN,ELC002,2027,119.0
RE1,PWRTRN,ELC002,2028,122.0
RE1,PWRTRN,ELC002,2029,125.0
RE1,PWRTRN,ELC002,2030,128.0
RE1,PWRTRN,ELC002,2031,131.0
RE1,PWRTRN,ELC002,2032,134.0
RE1,PWRTRN,ELC002,2033,138.0
RE1,PWRTRN,ELC002,2034,141.0
RE1,PWRTRN,ELC002,2035,145.0
RE1,PWRWND,ELC001,2020,30.1043
RE1,PWRWND,ELC001,2021,30.1043
RE1,PWRWND,ELC001,2022,30.1043
RE1,PWRWND,ELC001,2023,30.1043
RE1,PWRWND,ELC001,2024,30.1043
RE1,PWRWND,ELC001,2025,30.1043
RE1,PWRWND,ELC001,2026,30.1043
RE1,PWRWND,ELC001,2027,30.1043
RE1,PWRWND,ELC001,2028,30.1043
RE1,PWRWND,ELC001,2029,30.1043
RE1,PWRWND,ELC001,2030,71.312
RE1,PWRWND,ELC001,2031,73.3634
RE1,PWRWND,ELC001,2032,72.2927
RE1,PWRWND,ELC001,2033,78.15
RE1,PWRWND,ELC001,2034,77.0792
RE1,PWRWND,ELC001,2035,82.9365
