r,t,y,TotalCapacityAnnual
RE1,DEMPWRSURWAT,2020,0.0
RE1,DEMPWRSURWAT,2021,0.0
RE1,DEMPWRSURWAT,2022,0.0
RE1,DEMPWRSURWAT,2023,0.0
RE1,DEMPWRSURWAT,2024,0.0
RE1,DEMPWRSURWAT,2025,0.0
RE1,DEMPWRSURWAT,2026,0.0
RE1,DEMPWRSURWAT,2027,0.0
RE1,DEMPWRSURWAT,2028,0.0
RE1,DEMPWRSURWAT,2029,0.0
RE1,DEMPWRSURWAT,2030,0.0
RE1,DEMPWRSURWAT,2031,0.0
RE1,DEMPWRSURWAT,2032,0.0
RE1,DEMPWRSURWAT,2033,0.0
RE1,DEMPWRSURWAT,2034,0.0
RE1,DEMPWRSURWAT,2035,0.0
RE1,LNDBLT,2020,9.901
RE1,LNDBLT,2021,10.198
RE1,LNDBLT,2022,10.4951
RE1,LNDBLT,2023,10.7921
RE1,LNDBLT,2024,11.1881
RE1,LNDBLT,2025,11.4851
RE1,LNDBLT,2026,11.7822
RE1,LNDBLT,2027,12.1782
RE1,LNDBLT,2028,12.5743
RE1,LNDBLT,2029,12.8713
RE1,LNDBLT,2030,13.2673
RE1,LNDBLT,2031,13.6634
RE1,LNDBLT,2032,14.1584
RE1,LNDBLT,2033,14.5545
RE1,LNDBLT,2034,14.9505
RE1,LNDBLT,2035,15.4455
RE1,LNDFOR,2020,261.8812
RE1,LNDFOR,2021,261.5842
RE1,LNDFOR,2022,261.2871
RE1,LNDFOR,2023,260.9901
RE1,LNDFOR,2024,260.5941
RE1,LNDFOR,2025,260.0495
RE1,LNDFOR,2026,259.7525
RE1,LNDFOR,2027,259.3564
RE1,LNDFOR,2028,258.9604
RE1,LNDFOR,2029,258.6634
RE1,LNDFOR,2030,258.2673
RE1,LNDFOR,2031,257.8713
RE1,LNDFOR,2032,257.3762
RE1,LNDFOR,2033,256.9802
RE1,LNDFOR,2034,256.5842
RE1,LNDFOR,2035,256.0891
RE1,LNDMAIHI,2020,0.0
RE1,LNDMAIHI,2021,0.0
RE1,LNDMAIHI,2022,0.0
RE1,LNDMAIHI,2023,0.0
RE1,LNDMAIHI,2024,0.0
RE1,LNDMAIHI,2025,0.0
RE1,LNDMAIHI,2026,0.0
RE1,LNDMAIHI,2027,0.0
RE1,LNDMAIHI,2028,0.0
RE1,LNDMAIHI,2029,0.0
RE1,LNDMAIHI,2030,0.0
RE1,LNDMAIHI,2031,0.0
RE1,LNDMAIHI,2032,0.0
RE1,LNDMAIHI,2033,0.0
RE1,LNDMAIHI,2034,0.0
RE1,LNDMAIHI,2035,0.0
RE1,LNDMAIHR,2020,0.0
RE1,LNDMAIHR,2021,0.0
RE1,LNDMAIHR,2022,0.0
RE1,LNDMAIHR,2023,0.0
RE1,LNDMAIHR,2024,0.0
RE1,LNDMAIHR,2025,0.0
RE1,LNDMAIHR,2026,0.0
RE1,LNDMAIHR,2027,0.0
RE1,LNDMAIHR,2028,0.0
RE1,LNDMAIHR,2029,0.0
RE1,LNDMAIHR,2030,0.0
RE1,LNDMAIHR,2031,0.0
RE1,LNDMAIHR,2032,0.0
RE1,LNDMAIHR,2033,0.0
RE1,LNDMAIHR,2034,0.0
RE1,LNDMAIHR,2035,0.0
RE1,LNDRICHI,2020,0.0
RE1,LNDRICHI,2021,0.0
RE1,LNDRICHI,2022,0.0
RE1,LNDRICHI,2023,0.0
RE1,LNDRICHI,2024,0.0
RE1,LNDRICHI,2025,0.0
RE1,LNDRICHI,2026,0.0
RE1,LNDRICHI,2027,0.0
RE1,LNDRICHI,2028,0.0
RE1,LNDRICHI,2029,0.0
RE1,LNDRICHI,2030,0.0
RE1,LNDRICHI,2031,0.0
RE1,LNDRICHI,2032,0.0
RE1,LNDRICHI,2033,0.0
RE1,LNDRICHI,2034,0.0
RE1,LNDRICHI,2035,0.0
RE1,LNDRICHR,2020,0.0
RE1,LNDRICHR,2021,0.0
RE1,LNDRICHR,2022,0.0
RE1,LNDRICHR,2023,0.0
RE1,LNDRICHR,2024,0.0
RE1,LNDRICHR,2025,0.0
RE1,LNDRICHR,2026,0.0
RE1,LNDRICHR,2027,0.0
RE1,LNDRICHR,2028,0.0
RE1,LNDRICHR,2029,0.0
RE1,LNDRICHR,2030,0.0
RE1,LNDRICHR,2031,0.0
RE1,LNDRICHR,2032,0.0
RE1,LNDRICHR,2033,0.0
RE1,LNDRICHR,2034,0.0
RE1,LNDRICHR,2035,0.0
RE1,LNDWAT,2020,25.2475
RE1,LNDWAT,2021,25.2475
RE1,LNDWAT,2022,25.2475
RE1,LNDWAT,2023,25.2475
RE1,LNDWAT,2024,25.2475
RE1,LNDWAT,2025,25.495
RE1,LNDWAT,2026,25.495
RE1,LNDWAT,2027,25.495
RE1,LNDWAT,2028,25.495
RE1,LNDWAT,2029,25.495
RE1,LNDWAT,2030,25.495
RE1,LNDWAT,2031,25.495
RE1,LNDWAT,2032,25.495
RE1,LNDWAT,2033,25.495
RE1,LNDWAT,2034,25.495
RE1,LNDWAT,2035,25.495
RE1,MINCOA,2020,3.2
RE1,MINCOA,2021,12.0
RE1,MINCOA,2022,12.0
RE1,MINCOA,2023,12.0
RE1,MINCOA,2024,12.0
RE1,MINCOA,2025,12.0
RE1,MINCOA,2026,12.0
RE1,MINCOA,2027,12.0
RE1,MINCOA,2028,12.0
RE1,MINCOA,2029,12.0
RE1,MINCOA,2030,12.0
RE1,MINCOA,2031,12.0
RE1,MINCOA,2032,12.0
RE1,MINCOA,2033,12.0
RE1,MINCOA,2034,12.0
RE1,MINCOA,2035,12.0
RE1,MINGAS,2020,12.0
RE1,MINGAS,2021,12.0
RE1,MINGAS,2022,12.0
RE1,MINGAS,2023,12.0
RE1,MINGAS,2024,12.0
RE1,MINGAS,2025,12.0
RE1,MINGAS,2026,12.0
RE1,MINGAS,2027,12.0
RE1,MINGAS,2028,12.0
RE1,MINGAS,2029,12.0
RE1,MINGAS,2030,12.0
RE1,MINGAS,2031,12.0
RE1,MINGAS,2032,12.0
RE1,MINGAS,2033,12.0
RE1,MINGAS,2034,12.0
RE1,MINGAS,2035,12.0
RE1,MINHYD,2020,0.5
RE1,MINHYD,2021,0.5
RE1,MINHYD,2022,0.5
RE1,MINHYD,2023,0.5
RE1,MINHYD,2024,0.5
RE1,MINHYD,2025,0.75
RE1,MINHYD,2026,0.75
RE1,MINHYD,2027,0.75
RE1,MINHYD,2028,0.75
RE1,MINHYD,2029,0.75
RE1,MINHYD,2030,0.75
RE1,MINHYD,2031,0.75
RE1,MINHYD,2032,0.75
RE1,MINHYD,2033,0.75
RE1,MINHYD,2034,0.75
RE1,MINHYD,2035,0.75
RE1,MINLND,2020,297.0297
RE1,MINLND,2021,297.0297
RE1,MINLND,2022,297.0297
RE1,MINLND,2023,297.0297
RE1,MINLND,2024,297.0297
RE1,MINLND,2025,297.0297
RE1,MINLND,2026,297.0297
RE1,MINLND,2027,297.0297
RE1,MINLND,2028,297.0297
RE1,MINLND,2029,297.0297
RE1,MINLND,2030,297.0297
RE1,MINLND,2031,297.0297
RE1,MINLND,2032,297.0297
RE1,MINLND,2033,297.0297
RE1,MINLND,2034,297.0297
RE1,MINLND,2035,297.0297
RE1,MINPRC,2020,356.4356
RE1,MINPRC,2021,356.4356
RE1,MINPRC,2022,356.4356
RE1,MINPRC,2023,356.4356
RE1,MINPRC,2024,356.4356
RE1,MINPRC,2025,356.4356
RE1,MINPRC,2026,356.4356
RE1,MINPRC,2027,356.4356
RE1,MINPRC,2028,356.4356
RE1,MINPRC,2029,356.4356
RE1,MINPRC,2030,356.4356
RE1,MINPRC,2031,356.4356
RE1,MINPRC,2032,356.4356
RE1,MINPRC,2033,356.4356
RE1,MINPRC,2034,356.4356
RE1,MINPRC,2035,356.4356
RE1,MINSOL,2020,0.225
RE1,MINSOL,2021,0.225
RE1,MINSOL,2022,0.225
RE1,MINSOL,2023,0.225
RE1,MINSOL,2024,0.225
RE1,MINSOL,2025,0.225
RE1,MINSOL,2026,0.225
RE1,MINSOL,2027,0.225
RE1,MINSOL,2028,0.225
RE1,MINSOL,2029,0.225
RE1,MINSOL,2030,0.225
RE1,MINSOL,2031,0.225
RE1,MINSOL,2032,0.225
RE1,MINSOL,2033,0.225
RE1,MINSOL,2034,0.225
RE1,MINSOL,2035,0.225
RE1,MINWND,2020,1.0509
RE1,MINWND,2021,1.0509
RE1,MINWND,2022,1.0509
RE1,MINWND,2023,1.0509
RE1,MINWND,2024,1.0509
RE1,MINWND,2025,1.0509
RE1,MINWND,2026,1.0509
RE1,MINWND,2027,1.0509
RE1,MINWND,2028,1.0509
RE1,MINWND,2029,1.0509
RE1,MINWND,2030,2.4999
RE1,MINWND,2031,2.5743
RE1,MINWND,2032,2.6487
RE1,MINWND,2033,2.748
RE1,MINWND,2034,2.8224
RE1,MINWND,2035,2.9216
RE1,PWRCOA,2020,4.0
RE1,PWRCOA,2021,4.0
RE1,PWRCOA,2022,4.0
RE1,PWRCOA,2023,4.0
RE1,PWRCOA,2024,4.0
RE1,PWRCOA,2025,4.0
RE1,PWRCOA,2026,4.0
RE1,PWRCOA,2027,4.0
RE1,PWRCOA,2028,4.0
RE1,PWRCOA,2029,4.0
RE1,PWRCOA,2030,2.7806
RE1,PWRCOA,2031,2.9647
RE1,PWRCOA,2032,3.1488
RE1,PWRCOA,2033,3.3943
RE1,PWRCOA,2034,3.5784
RE1,PWRCOA,2035,3.8239
RE1,PWRGAS,2020,6.0
RE1,PWRGAS,2021,6.0
RE1,PWRGAS,2022,6.0
RE1,PWRGAS,2023,6.0
RE1,PWRGAS,2024,6.0
RE1,PWRGAS,2025,6.0
RE1,PWRGAS,2026,5.0
RE1,PWRGAS,2027,5.0
RE1,PWRGAS,2028,5.0
RE1,PWRGAS,2029,5.0
RE1,PWRGAS,2030,5.0
RE1,PWRGAS,2031,5.0
RE1,PWRGAS,2032,5.0
RE1,PWRGAS,2033,5.0
RE1,PWRGAS,2034,5.0
RE1,PWRGAS,2035,5.0
RE1,PWRHYD,2020,1.0
RE1,PWRHYD,2021,1.0
RE1,PWRHYD,2022,1.0
RE1,PWRHYD,2023,1.0
RE1,PWRHYD,2024,1.0
RE1,PWRHYD,2025,1.5
RE1,PWRHYD,2026,1.5
RE1,PWRHYD,2027,1.5
RE1,PWRHYD,2028,1.5
RE1,PWRHYD,2029,1.5
RE1,PWRHYD,2030,1.5
RE1,PWRHYD,2031,1.5
RE1,PWRHYD,2032,1.5
RE1,PWRHYD,2033,1.5
RE1,PWRHYD,2034,1.5
RE1,PWRHYD,2035,1.5
RE1,PWRSOL,2020,0.5
RE1,PWRSOL,2021,0.5
RE1,PWRSOL,2022,0.5
RE1,PWRSOL,2023,0.5
RE1,PWRSOL,2024,0.5
RE1,PWRSOL,2025,0.5
RE1,PWRSOL,2026,0.5
RE1,PWRSOL,2027,0.5
RE1,PWRSOL,2028,0.5
RE1,PWRSOL,2029,0.5
RE1,PWRSOL,2030,0.5
RE1,PWRSOL,2031,0.5
RE1,PWRSOL,2032,0.5
RE1,PWRSOL,2033,0.5
RE1,PWRSOL,2034,0.5
RE1,PWRSOL,2035,0.5
RE1,PWRTRN,2020,7.8342
RE1,PWRTRN,2021,8.0692
RE1,PWRTRN,2022,8.2259
RE1,PWRTRN,2023,8.4609
RE1,PWRTRN,2024,8.6176
RE1,PWRTRN,2025,8.8526
RE1,PWRTRN,2026,9.0877
RE1,PWRTRN,2027,9.3227
RE1,PWRTRN,2028,9.5577
RE1,PWRTRN,2029,9.7927
RE1,PWRTRN,2030,10.0278
RE1,PWRTRN,2031,10.2628
RE1,PWRTRN,2032,10.4978
RE1,PWRTRN,2033,10.8112
RE1,PWRTRN,2034,11.0462
RE1,PWRTRN,2035,11.3596
RE1,PWRWND,2020,3.5031
RE1,PWRWND,2021,3.5031
RE1,PWRWND,2022,3.5031
RE1,PWRWND,2023,3.5031
RE1,PWRWND,2024,3.5031
RE1,PWRWND,2025,3.5031
RE1,PWRWND,2026,3.5031
RE1,PWRWND,2027,3.5031
RE1,PWRWND,2028,3.5031
RE1,PWRWND,2029,3.5031
RE1,PWRWND,2030,8.3331
RE1,PWRWND,2031,8.5811
RE1,PWRWND,2032,8.8292
RE1,PWRWND,2033,9.1599
RE1,PWRWND,2034,9.4079
RE1,PWRWND,2035,9.7387
