r,t,f,y,InputToTotalCapacity
"RE1","MINCOA","COA",2020,0
"RE1","MINCOA","COA",2021,0
"RE1","MINCOA","COA",2022,0
"RE1","MINCOA","COA",2023,0
"RE1","MINCOA","COA",2024,0
"RE1","MINCOA","COA",2025,0
"RE1","MINCOA","COA",2026,0
"RE1","MINCOA","COA",2027,0
"RE1","MINCOA","COA",2028,0
"RE1","MINCOA","COA",2029,0
"RE1","MINCOA","COA",2030,0
"RE1","MINCOA","COA",2031,0
"RE1","MINCOA","COA",2032,0
"RE1","MINCOA","COA",2033,0
"RE1","MINCOA","COA",2034,0
"RE1","MINCOA","COA",2035,0
"RE1","MINCOA","COA",2036,0
"RE1","MINCOA","COA",2037,0
"RE1","MINCOA","COA",2038,0
"RE1","MINCOA","COA",2039,0
"RE1","MINCOA","COA",2040,0
"RE1","MINCOA","GAS",2020,0
"RE1","MINCOA","GAS",2021,0
"RE1","MINCOA","GAS",2022,0
"RE1","MINCOA","GAS",2023,0
"RE1","MINCOA","GAS",2024,0
"RE1","MINCOA","GAS",2025,0
"RE1","MINCOA","GAS",2026,0
"RE1","MINCOA","GAS",2027,0
"RE1","MINCOA","GAS",2028,0
"RE1","MINCOA","GAS",2029,0
"RE1","MINCOA","GAS",2030,0
"RE1","MINCOA","GAS",2031,0
"RE1","MINCOA","GAS",2032,0
"RE1","MINCOA","GAS",2033,0
"RE1","MINCOA","GAS",2034,0
"RE1","MINCOA","GAS",2035,0
"RE1","MINCOA","GAS",2036,0
"RE1","MINCOA","GAS",2037,0
"RE1","MINCOA","GAS",2038,0
"RE1","MINCOA","GAS",2039,0
"RE1","MINCOA","GAS",2040,0
"RE1","MINCOA","ELC001",2020,0
"RE1","MINCOA","ELC001",2021,0
"RE1","MINCOA","ELC001",2022,0
"RE1","MINCOA","ELC001",2023,0
"RE1","MINCOA","ELC001",2024,0
"RE1","MINCOA","ELC001",2025,0
"RE1","MINCOA","ELC001",2026,0
"RE1","MINCOA","ELC001",2027,0
"RE1","MINCOA","ELC001",2028,0
"RE1","MINCOA","ELC001",2029,0
"RE1","MINCOA","ELC001",2030,0
"RE1","MINCOA","ELC001",2031,0
"RE1","MINCOA","ELC001",2032,0
"RE1","MINCOA","ELC001",2033,0
"RE1","MINCOA","ELC001",2034,0
"RE1","MINCOA","ELC001",2035,0
"RE1","MINCOA","ELC001",2036,0
"RE1","MINCOA","ELC001",2037,0
"RE1","MINCOA","ELC001",2038,0
"RE1","MINCOA","ELC001",2039,0
"RE1","MINCOA","ELC001",2040,0
"RE1","MINCOA","ELC002",2020,0
"RE1","MINCOA","ELC002",2021,0
"RE1","MINCOA","ELC002",2022,0
"RE1","MINCOA","ELC002",2023,0
"RE1","MINCOA","ELC002",2024,0
"RE1","MINCOA","ELC002",2025,0
"RE1","MINCOA","ELC002",2026,0
"RE1","MINCOA","ELC002",2027,0
"RE1","MINCOA","ELC002",2028,0
"RE1","MINCOA","ELC002",2029,0
"RE1","MINCOA","ELC002",2030,0
"RE1","MINCOA","ELC002",2031,0
"RE1","MINCOA","ELC002",2032,0
"RE1","MINCOA","ELC002",2033,0
"RE1","MINCOA","ELC002",2034,0
"RE1","MINCOA","ELC002",2035,0
"RE1","MINCOA","ELC002",2036,0
"RE1","MINCOA","ELC002",2037,0
"RE1","MINCOA","ELC002",2038,0
"RE1","MINCOA","ELC002",2039,0
"RE1","MINCOA","ELC002",2040,0
"RE1","MINCOA","SOL",2020,0
"RE1","MINCOA","SOL",2021,0
"RE1","MINCOA","SOL",2022,0
"RE1","MINCOA","SOL",2023,0
"RE1","MINCOA","SOL",2024,0
"RE1","MINCOA","SOL",2025,0
"RE1","MINCOA","SOL",2026,0
"RE1","MINCOA","SOL",2027,0
"RE1","MINCOA","SOL",2028,0
"RE1","MINCOA","SOL",2029,0
"RE1","MINCOA","SOL",2030,0
"RE1","MINCOA","SOL",2031,0
"RE1","MINCOA","SOL",2032,0
"RE1","MINCOA","SOL",2033,0
"RE1","MINCOA","SOL",2034,0
"RE1","MINCOA","SOL",2035,0
"RE1","MINCOA","SOL",2036,0
"RE1","MINCOA","SOL",2037,0
"RE1","MINCOA","SOL",2038,0
"RE1","MINCOA","SOL",2039,0
"RE1","MINCOA","SOL",2040,0
"RE1","MINCOA","WND",2020,0
"RE1","MINCOA","WND",2021,0
"RE1","MINCOA","WND",2022,0
"RE1","MINCOA","WND",2023,0
"RE1","MINCOA","WND",2024,0
"RE1","MINCOA","WND",2025,0
"RE1","MINCOA","WND",2026,0
"RE1","MINCOA","WND",2027,0
"RE1","MINCOA","WND",2028,0
"RE1","MINCOA","WND",2029,0
"RE1","MINCOA","WND",2030,0
"RE1","MINCOA","WND",2031,0
"RE1","MINCOA","WND",2032,0
"RE1","MINCOA","WND",2033,0
"RE1","MINCOA","WND",2034,0
"RE1","MINCOA","WND",2035,0
"RE1","MINCOA","WND",2036,0
"RE1","MINCOA","WND",2037,0
"RE1","MINCOA","WND",2038,0
"RE1","MINCOA","WND",2039,0
"RE1","MINCOA","WND",2040,0
"RE1","MINCOA","HYD",2020,0
"RE1","MINCOA","HYD",2021,0
"RE1","MINCOA","HYD",2022,0
"RE1","MINCOA","HYD",2023,0
"RE1","MINCOA","HYD",2024,0
"RE1","MINCOA","HYD",2025,0
"RE1","MINCOA","HYD",2026,0
"RE1","MINCOA","HYD",2027,0
"RE1","MINCOA","HYD",2028,0
"RE1","MINCOA","HYD",2029,0
"RE1","MINCOA","HYD",2030,0
"RE1","MINCOA","HYD",2031,0
"RE1","MINCOA","HYD",2032,0
"RE1","MINCOA","HYD",2033,0
"RE1","MINCOA","HYD",2034,0
"RE1","MINCOA","HYD",2035,0
"RE1","MINCOA","HYD",2036,0
"RE1","MINCOA","HYD",2037,0
"RE1","MINCOA","HYD",2038,0
"RE1","MINCOA","HYD",2039,0
"RE1","MINCOA","HYD",2040,0
"RE1","MINGAS","COA",2020,0
"RE1","MINGAS","COA",2021,0
"RE1","MINGAS","COA",2022,0
"RE1","MINGAS","COA",2023,0
"RE1","MINGAS","COA",2024,0
"RE1","MINGAS","COA",2025,0
"RE1","MINGAS","COA",2026,0
"RE1","MINGAS","COA",2027,0
"RE1","MINGAS","COA",2028,0
"RE1","MINGAS","COA",2029,0
"RE1","MINGAS","COA",2030,0
"RE1","MINGAS","COA",2031,0
"RE1","MINGAS","COA",2032,0
"RE1","MINGAS","COA",2033,0
"RE1","MINGAS","COA",2034,0
"RE1","MINGAS","COA",2035,0
"RE1","MINGAS","COA",2036,0
"RE1","MINGAS","COA",2037,0
"RE1","MINGAS","COA",2038,0
"RE1","MINGAS","COA",2039,0
"RE1","MINGAS","COA",2040,0
"RE1","MINGAS","GAS",2020,0
"RE1","MINGAS","GAS",2021,0
"RE1","MINGAS","GAS",2022,0
"RE1","MINGAS","GAS",2023,0
"RE1","MINGAS","GAS",2024,0
"RE1","MINGAS","GAS",2025,0
"RE1","MINGAS","GAS",2026,0
"RE1","MINGAS","GAS",2027,0
"RE1","MINGAS","GAS",2028,0
"RE1","MINGAS","GAS",2029,0
"RE1","MINGAS","GAS",2030,0
"RE1","MINGAS","GAS",2031,0
"RE1","MINGAS","GAS",2032,0
"RE1","MINGAS","GAS",2033,0
"RE1","MINGAS","GAS",2034,0
"RE1","MINGAS","GAS",2035,0
"RE1","MINGAS","GAS",2036,0
"RE1","MINGAS","GAS",2037,0
"RE1","MINGAS","GAS",2038,0
"RE1","MINGAS","GAS",2039,0
"RE1","MINGAS","GAS",2040,0
"RE1","MINGAS","ELC001",2020,0
"RE1","MINGAS","ELC001",2021,0
"RE1","MINGAS","ELC001",2022,0
"RE1","MINGAS","ELC001",2023,0
"RE1","MINGAS","ELC001",2024,0
"RE1","MINGAS","ELC001",2025,0
"RE1","MINGAS","ELC001",2026,0
"RE1","MINGAS","ELC001",2027,0
"RE1","MINGAS","ELC001",2028,0
"RE1","MINGAS","ELC001",2029,0
"RE1","MINGAS","ELC001",2030,0
"RE1","MINGAS","ELC001",2031,0
"RE1","MINGAS","ELC001",2032,0
"RE1","MINGAS","ELC001",2033,0
"RE1","MINGAS","ELC001",2034,0
"RE1","MINGAS","ELC001",2035,0
"RE1","MINGAS","ELC001",2036,0
"RE1","MINGAS","ELC001",2037,0
"RE1","MINGAS","ELC001",2038,0
"RE1","MINGAS","ELC001",2039,0
"RE1","MINGAS","ELC001",2040,0
"RE1","MINGAS","ELC002",2020,0
"RE1","MINGAS","ELC002",2021,0
"RE1","MINGAS","ELC002",2022,0
"RE1","MINGAS","ELC002",2023,0
"RE1","MINGAS","ELC002",2024,0
"RE1","MINGAS","ELC002",2025,0
"RE1","MINGAS","ELC002",2026,0
"RE1","MINGAS","ELC002",2027,0
"RE1","MINGAS","ELC002",2028,0
"RE1","MINGAS","ELC002",2029,0
"RE1","MINGAS","ELC002",2030,0
"RE1","MINGAS","ELC002",2031,0
"RE1","MINGAS","ELC002",2032,0
"RE1","MINGAS","ELC002",2033,0
"RE1","MINGAS","ELC002",2034,0
"RE1","MINGAS","ELC002",2035,0
"RE1","MINGAS","ELC002",2036,0
"RE1","MINGAS","ELC002",2037,0
"RE1","MINGAS","ELC002",2038,0
"RE1","MINGAS","ELC002",2039,0
"RE1","MINGAS","ELC002",2040,0
"RE1","MINGAS","SOL",2020,0
"RE1","MINGAS","SOL",2021,0
"RE1","MINGAS","SOL",2022,0
"RE1","MINGAS","SOL",2023,0
"RE1","MINGAS","SOL",2024,0
"RE1","MINGAS","SOL",2025,0
"RE1","MINGAS","SOL",2026,0
"RE1","MINGAS","SOL",2027,0
"RE1","MINGAS","SOL",2028,0
"RE1","MINGAS","SOL",2029,0
"RE1","MINGAS","SOL",2030,0
"RE1","MINGAS","SOL",2031,0
"RE1","MINGAS","SOL",2032,0
"RE1","MINGAS","SOL",2033,0
"RE1","MINGAS","SOL",2034,0
"RE1","MINGAS","SOL",2035,0
"RE1","MINGAS","SOL",2036,0
"RE1","MINGAS","SOL",2037,0
"RE1","MINGAS","SOL",2038,0
"RE1","MINGAS","SOL",2039,0
"RE1","MINGAS","SOL",2040,0
"RE1","MINGAS","WND",2020,0
"RE1","MINGAS","WND",2021,0
"RE1","MINGAS","WND",2022,0
"RE1","MINGAS","WND",2023,0
"RE1","MINGAS","WND",2024,0
"RE1","MINGAS","WND",2025,0
"RE1","MINGAS","WND",2026,0
"RE1","MINGAS","WND",2027,0
"RE1","MINGAS","WND",2028,0
"RE1","MINGAS","WND",2029,0
"RE1","MINGAS","WND",2030,0
"RE1","MINGAS","WND",2031,0
"RE1","MINGAS","WND",2032,0
"RE1","MINGAS","WND",2033,0
"RE1","MINGAS","WND",2034,0
"RE1","MINGAS","WND",2035,0
"RE1","MINGAS","WND",2036,0
"RE1","MINGAS","WND",2037,0
"RE1","MINGAS","WND",2038,0
"RE1","MINGAS","WND",2039,0
"RE1","MINGAS","WND",2040,0
"RE1","MINGAS","HYD",2020,0
"RE1","MINGAS","HYD",2021,0
"RE1","MINGAS","HYD",2022,0
"RE1","MINGAS","HYD",2023,0
"RE1","MINGAS","HYD",2024,0
"RE1","MINGAS","HYD",2025,0
"RE1","MINGAS","HYD",2026,0
"RE1","MINGAS","HYD",2027,0
"RE1","MINGAS","HYD",2028,0
"RE1","MINGAS","HYD",2029,0
"RE1","MINGAS","HYD",2030,0
"RE1","MINGAS","HYD",2031,0
"RE1","MINGAS","HYD",2032,0
"RE1","MINGAS","HYD",2033,0
"RE1","MINGAS","HYD",2034,0
"RE1","MINGAS","HYD",2035,0
"RE1","MINGAS","HYD",2036,0
"RE1","MINGAS","HYD",2037,0
"RE1","MINGAS","HYD",2038,0
"RE1","MINGAS","HYD",2039,0
"RE1","MINGAS","HYD",2040,0
"RE1","PWRCOA","COA",2020,0
"RE1","PWRCOA","COA",2021,0
"RE1","PWRCOA","COA",2022,0
"RE1","PWRCOA","COA",2023,0
"RE1","PWRCOA","COA",2024,0
"RE1","PWRCOA","COA",2025,0
"RE1","PWRCOA","COA",2026,0
"RE1","PWRCOA","COA",2027,0
"RE1","PWRCOA","COA",2028,0
"RE1","PWRCOA","COA",2029,0
"RE1","PWRCOA","COA",2030,0
"RE1","PWRCOA","COA",2031,0
"RE1","PWRCOA","COA",2032,0
"RE1","PWRCOA","COA",2033,0
"RE1","PWRCOA","COA",2034,0
"RE1","PWRCOA","COA",2035,0
"RE1","PWRCOA","COA",2036,0
"RE1","PWRCOA","COA",2037,0
"RE1","PWRCOA","COA",2038,0
"RE1","PWRCOA","COA",2039,0
"RE1","PWRCOA","COA",2040,0
"RE1","PWRCOA","GAS",2020,0
"RE1","PWRCOA","GAS",2021,0
"RE1","PWRCOA","GAS",2022,0
"RE1","PWRCOA","GAS",2023,0
"RE1","PWRCOA","GAS",2024,0
"RE1","PWRCOA","GAS",2025,0
"RE1","PWRCOA","GAS",2026,0
"RE1","PWRCOA","GAS",2027,0
"RE1","PWRCOA","GAS",2028,0
"RE1","PWRCOA","GAS",2029,0
"RE1","PWRCOA","GAS",2030,0
"RE1","PWRCOA","GAS",2031,0
"RE1","PWRCOA","GAS",2032,0
"RE1","PWRCOA","GAS",2033,0
"RE1","PWRCOA","GAS",2034,0
"RE1","PWRCOA","GAS",2035,0
"RE1","PWRCOA","GAS",2036,0
"RE1","PWRCOA","GAS",2037,0
"RE1","PWRCOA","GAS",2038,0
"RE1","PWRCOA","GAS",2039,0
"RE1","PWRCOA","GAS",2040,0
"RE1","PWRCOA","ELC001",2020,0
"RE1","PWRCOA","ELC001",2021,0
"RE1","PWRCOA","ELC001",2022,0
"RE1","PWRCOA","ELC001",2023,0
"RE1","PWRCOA","ELC001",2024,0
"RE1","PWRCOA","ELC001",2025,0
"RE1","PWRCOA","ELC001",2026,0
"RE1","PWRCOA","ELC001",2027,0
"RE1","PWRCOA","ELC001",2028,0
"RE1","PWRCOA","ELC001",2029,0
"RE1","PWRCOA","ELC001",2030,0
"RE1","PWRCOA","ELC001",2031,0
"RE1","PWRCOA","ELC001",2032,0
"RE1","PWRCOA","ELC001",2033,0
"RE1","PWRCOA","ELC001",2034,0
"RE1","PWRCOA","ELC001",2035,0
"RE1","PWRCOA","ELC001",2036,0
"RE1","PWRCOA","ELC001",2037,0
"RE1","PWRCOA","ELC001",2038,0
"RE1","PWRCOA","ELC001",2039,0
"RE1","PWRCOA","ELC001",2040,0
"RE1","PWRCOA","ELC002",2020,0
"RE1","PWRCOA","ELC002",2021,0
"RE1","PWRCOA","ELC002",2022,0
"RE1","PWRCOA","ELC002",2023,0
"RE1","PWRCOA","ELC002",2024,0
"RE1","PWRCOA","ELC002",2025,0
"RE1","PWRCOA","ELC002",2026,0
"RE1","PWRCOA","ELC002",2027,0
"RE1","PWRCOA","ELC002",2028,0
"RE1","PWRCOA","ELC002",2029,0
"RE1","PWRCOA","ELC002",2030,0
"RE1","PWRCOA","ELC002",2031,0
"RE1","PWRCOA","ELC002",2032,0
"RE1","PWRCOA","ELC002",2033,0
"RE1","PWRCOA","ELC002",2034,0
"RE1","PWRCOA","ELC002",2035,0
"RE1","PWRCOA","ELC002",2036,0
"RE1","PWRCOA","ELC002",2037,0
"RE1","PWRCOA","ELC002",2038,0
"RE1","PWRCOA","ELC002",2039,0
"RE1","PWRCOA","ELC002",2040,0
"RE1","PWRCOA","SOL",2020,0
"RE1","PWRCOA","SOL",2021,0
"RE1","PWRCOA","SOL",2022,0
"RE1","PWRCOA","SOL",2023,0
"RE1","PWRCOA","SOL",2024,0
"RE1","PWRCOA","SOL",2025,0
"RE1","PWRCOA","SOL",2026,0
"RE1","PWRCOA","SOL",2027,0
"RE1","PWRCOA","SOL",2028,0
"RE1","PWRCOA","SOL",2029,0
"RE1","PWRCOA","SOL",2030,0
"RE1","PWRCOA","SOL",2031,0
"RE1","PWRCOA","SOL",2032,0
"RE1","PWRCOA","SOL",2033,0
"RE1","PWRCOA","SOL",2034,0
"RE1","PWRCOA","SOL",2035,0
"RE1","PWRCOA","SOL",2036,0
"RE1","PWRCOA","SOL",2037,0
"RE1","PWRCOA","SOL",2038,0
"RE1","PWRCOA","SOL",2039,0
"RE1","PWRCOA","SOL",2040,0
"RE1","PWRCOA","WND",2020,0
"RE1","PWRCOA","WND",2021,0
"RE1","PWRCOA","WND",2022,0
"RE1","PWRCOA","WND",2023,0
"RE1","PWRCOA","WND",2024,0
"RE1","PWRCOA","WND",2025,0
"RE1","PWRCOA","WND",2026,0
"RE1","PWRCOA","WND",2027,0
"RE1","PWRCOA","WND",2028,0
"RE1","PWRCOA","WND",2029,0
"RE1","PWRCOA","WND",2030,0
"RE1","PWRCOA","WND",2031,0
"RE1","PWRCOA","WND",2032,0
"RE1","PWRCOA","WND",2033,0
"RE1","PWRCOA","WND",2034,0
"RE1","PWRCOA","WND",2035,0
"RE1","PWRCOA","WND",2036,0
"RE1","PWRCOA","WND",2037,0
"RE1","PWRCOA","WND",2038,0
"RE1","PWRCOA","WND",2039,0
"RE1","PWRCOA","WND",2040,0
"RE1","PWRCOA","HYD",2020,0
"RE1","PWRCOA","HYD",2021,0
"RE1","PWRCOA","HYD",2022,0
"RE1","PWRCOA","HYD",2023,0
"RE1","PWRCOA","HYD",2024,0
"RE1","PWRCOA","HYD",2025,0
"RE1","PWRCOA","HYD",2026,0
"RE1","PWRCOA","HYD",2027,0
"RE1","PWRCOA","HYD",2028,0
"RE1","PWRCOA","HYD",2029,0
"RE1","PWRCOA","HYD",2030,0
"RE1","PWRCOA","HYD",2031,0
"RE1","PWRCOA","HYD",2032,0
"RE1","PWRCOA","HYD",2033,0
"RE1","PWRCOA","HYD",2034,0
"RE1","PWRCOA","HYD",2035,0
"RE1","PWRCOA","HYD",2036,0
"RE1","PWRCOA","HYD",2037,0
"RE1","PWRCOA","HYD",2038,0
"RE1","PWRCOA","HYD",2039,0
"RE1","PWRCOA","HYD",2040,0
"RE1","PWRGAS","COA",2020,0
"RE1","PWRGAS","COA",2021,0
"RE1","PWRGAS","COA",2022,0
"RE1","PWRGAS","COA",2023,0
"RE1","PWRGAS","COA",2024,0
"RE1","PWRGAS","COA",2025,0
"RE1","PWRGAS","COA",2026,0
"RE1","PWRGAS","COA",2027,0
"RE1","PWRGAS","COA",2028,0
"RE1","PWRGAS","COA",2029,0
"RE1","PWRGAS","COA",2030,0
"RE1","PWRGAS","COA",2031,0
"RE1","PWRGAS","COA",2032,0
"RE1","PWRGAS","COA",2033,0
"RE1","PWRGAS","COA",2034,0
"RE1","PWRGAS","COA",2035,0
"RE1","PWRGAS","COA",2036,0
"RE1","PWRGAS","COA",2037,0
"RE1","PWRGAS","COA",2038,0
"RE1","PWRGAS","COA",2039,0
"RE1","PWRGAS","COA",2040,0
"RE1","PWRGAS","GAS",2020,0
"RE1","PWRGAS","GAS",2021,0
"RE1","PWRGAS","GAS",2022,0
"RE1","PWRGAS","GAS",2023,0
"RE1","PWRGAS","GAS",2024,0
"RE1","PWRGAS","GAS",2025,0
"RE1","PWRGAS","GAS",2026,0
"RE1","PWRGAS","GAS",2027,0
"RE1","PWRGAS","GAS",2028,0
"RE1","PWRGAS","GAS",2029,0
"RE1","PWRGAS","GAS",2030,0
"RE1","PWRGAS","GAS",2031,0
"RE1","PWRGAS","GAS",2032,0
"RE1","PWRGAS","GAS",2033,0
"RE1","PWRGAS","GAS",2034,0
"RE1","PWRGAS","GAS",2035,0
"RE1","PWRGAS","GAS",2036,0
"RE1","PWRGAS","GAS",2037,0
"RE1","PWRGAS","GAS",2038,0
"RE1","PWRGAS","GAS",2039,0
"RE1","PWRGAS","GAS",2040,0
"RE1","PWRGAS","ELC001",2020,0
"RE1","PWRGAS","ELC001",2021,0
"RE1","PWRGAS","ELC001",2022,0
"RE1","PWRGAS","ELC001",2023,0
"RE1","PWRGAS","ELC001",2024,0
"RE1","PWRGAS","ELC001",2025,0
"RE1","PWRGAS","ELC001",2026,0
"RE1","PWRGAS","ELC001",2027,0
"RE1","PWRGAS","ELC001",2028,0
"RE1","PWRGAS","ELC001",2029,0
"RE1","PWRGAS","ELC001",2030,0
"RE1","PWRGAS","ELC001",2031,0
"RE1","PWRGAS","ELC001",2032,0
"RE1","PWRGAS","ELC001",2033,0
"RE1","PWRGAS","ELC001",2034,0
"RE1","PWRGAS","ELC001",2035,0
"RE1","PWRGAS","ELC001",2036,0
"RE1","PWRGAS","ELC001",2037,0
"RE1","PWRGAS","ELC001",2038,0
"RE1","PWRGAS","ELC001",2039,0
"RE1","PWRGAS","ELC001",2040,0
"RE1","PWRGAS","ELC002",2020,0
"RE1","PWRGAS","ELC002",2021,0
"RE1","PWRGAS","ELC002",2022,0
"RE1","PWRGAS","ELC002",2023,0
"RE1","PWRGAS","ELC002",2024,0
"RE1","PWRGAS","ELC002",2025,0
"RE1","PWRGAS","ELC002",2026,0
"RE1","PWRGAS","ELC002",2027,0
"RE1","PWRGAS","ELC002",2028,0
"RE1","PWRGAS","ELC002",2029,0
"RE1","PWRGAS","ELC002",2030,0
"RE1","PWRGAS","ELC002",2031,0
"RE1","PWRGAS","ELC002",2032,0
"RE1","PWRGAS","ELC002",2033,0
"RE1","PWRGAS","ELC002",2034,0
"RE1","PWRGAS","ELC002",2035,0
"RE1","PWRGAS","ELC002",2036,0
"RE1","PWRGAS","ELC002",2037,0
"RE1","PWRGAS","ELC002",2038,0
"RE1","PWRGAS","ELC002",2039,0
"RE1","PWRGAS","ELC002",2040,0
"RE1","PWRGAS","SOL",2020,0
"RE1","PWRGAS","SOL",2021,0
"RE1","PWRGAS","SOL",2022,0
"RE1","PWRGAS","SOL",2023,0
"RE1","PWRGAS","SOL",2024,0
"RE1","PWRGAS","SOL",2025,0
"RE1","PWRGAS","SOL",2026,0
"RE1","PWRGAS","SOL",2027,0
"RE1","PWRGAS","SOL",2028,0
"RE1","PWRGAS","SOL",2029,0
"RE1","PWRGAS","SOL",2030,0
"RE1","PWRGAS","SOL",2031,0
"RE1","PWRGAS","SOL",2032,0
"RE1","PWRGAS","SOL",2033,0
"RE1","PWRGAS","SOL",2034,0
"RE1","PWRGAS","SOL",2035,0
"RE1","PWRGAS","SOL",2036,0
"RE1","PWRGAS","SOL",2037,0
"RE1","PWRGAS","SOL",2038,0
"RE1","PWRGAS","SOL",2039,0
"RE1","PWRGAS","SOL",2040,0
"RE1","PWRGAS","WND",2020,0
"RE1","PWRGAS","WND",2021,0
"RE1","PWRGAS","WND",2022,0
"RE1","PWRGAS","WND",2023,0
"RE1","PWRGAS","WND",2024,0
"RE1","PWRGAS","WND",2025,0
"RE1","PWRGAS","WND",2026,0
"RE1","PWRGAS","WND",2027,0
"RE1","PWRGAS","WND",2028,0
"RE1","PWRGAS","WND",2029,0
"RE1","PWRGAS","WND",2030,0
"RE1","PWRGAS","WND",2031,0
"RE1","PWRGAS","WND",2032,0
"RE1","PWRGAS","WND",2033,0
"RE1","PWRGAS","WND",2034,0
"RE1","PWRGAS","WND",2035,0
"RE1","PWRGAS","WND",2036,0
"RE1","PWRGAS","WND",2037,0
"RE1","PWRGAS","WND",2038,0
"RE1","PWRGAS","WND",2039,0
"RE1","PWRGAS","WND",2040,0
"RE1","PWRGAS","HYD",2020,0
"RE1","PWRGAS","HYD",2021,0
"RE1","PWRGAS","HYD",2022,0
"RE1","PWRGAS","HYD",2023,0
"RE1","PWRGAS","HYD",2024,0
"RE1","PWRGAS","HYD",2025,0
"RE1","PWRGAS","HYD",2026,0
"RE1","PWRGAS","HYD",2027,0
"RE1","PWRGAS","HYD",2028,0
"RE1","PWRGAS","HYD",2029,0
"RE1","PWRGAS","HYD",2030,0
"RE1","PWRGAS","HYD",2031,0
"RE1","PWRGAS","HYD",2032,0
"RE1","PWRGAS","HYD",2033,0
"RE1","PWRGAS","HYD",2034,0
"RE1","PWRGAS","HYD",2035,0
"RE1","PWRGAS","HYD",2036,0
"RE1","PWRGAS","HYD",2037,0
"RE1","PWRGAS","HYD",2038,0
"RE1","PWRGAS","HYD",2039,0
"RE1","PWRGAS","HYD",2040,0
"RE1","PWRTRN","COA",2020,0
"RE1","PWRTRN","COA",2021,0
"RE1","PWRTRN","COA",2022,0
"RE1","PWRTRN","COA",2023,0
"RE1","PWRTRN","COA",2024,0
"RE1","PWRTRN","COA",2025,0
"RE1","PWRTRN","COA",2026,0
"RE1","PWRTRN","COA",2027,0
"RE1","PWRTRN","COA",2028,0
"RE1","PWRTRN","COA",2029,0
"RE1","PWRTRN","COA",2030,0
"RE1","PWRTRN","COA",2031,0
"RE1","PWRTRN","COA",2032,0
"RE1","PWRTRN","COA",2033,0
"RE1","PWRTRN","COA",2034,0
"RE1","PWRTRN","COA",2035,0
"RE1","PWRTRN","COA",2036,0
"RE1","PWRTRN","COA",2037,0
"RE1","PWRTRN","COA",2038,0
"RE1","PWRTRN","COA",2039,0
"RE1","PWRTRN","COA",2040,0
"RE1","PWRTRN","GAS",2020,0
"RE1","PWRTRN","GAS",2021,0
"RE1","PWRTRN","GAS",2022,0
"RE1","PWRTRN","GAS",2023,0
"RE1","PWRTRN","GAS",2024,0
"RE1","PWRTRN","GAS",2025,0
"RE1","PWRTRN","GAS",2026,0
"RE1","PWRTRN","GAS",2027,0
"RE1","PWRTRN","GAS",2028,0
"RE1","PWRTRN","GAS",2029,0
"RE1","PWRTRN","GAS",2030,0
"RE1","PWRTRN","GAS",2031,0
"RE1","PWRTRN","GAS",2032,0
"RE1","PWRTRN","GAS",2033,0
"RE1","PWRTRN","GAS",2034,0
"RE1","PWRTRN","GAS",2035,0
"RE1","PWRTRN","GAS",2036,0
"RE1","PWRTRN","GAS",2037,0
"RE1","PWRTRN","GAS",2038,0
"RE1","PWRTRN","GAS",2039,0
"RE1","PWRTRN","GAS",2040,0
"RE1","PWRTRN","ELC001",2020,0
"RE1","PWRTRN","ELC001",2021,0
"RE1","PWRTRN","ELC001",2022,0
"RE1","PWRTRN","ELC001",2023,0
"RE1","PWRTRN","ELC001",2024,0
"RE1","PWRTRN","ELC001",2025,0
"RE1","PWRTRN","ELC001",2026,0
"RE1","PWRTRN","ELC001",2027,0
"RE1","PWRTRN","ELC001",2028,0
"RE1","PWRTRN","ELC001",2029,0
"RE1","PWRTRN","ELC001",2030,0
"RE1","PWRTRN","ELC001",2031,0
"RE1","PWRTRN","ELC001",2032,0
"RE1","PWRTRN","ELC001",2033,0
"RE1","PWRTRN","ELC001",2034,0
"RE1","PWRTRN","ELC001",2035,0
"RE1","PWRTRN","ELC001",2036,0
"RE1","PWRTRN","ELC001",2037,0
"RE1","PWRTRN","ELC001",2038,0
"RE1","PWRTRN","ELC001",2039,0
"RE1","PWRTRN","ELC001",2040,0
"RE1","PWRTRN","ELC002",2020,0
"RE1","PWRTRN","ELC002",2021,0
"RE1","PWRTRN","ELC002",2022,0
"RE1","PWRTRN","ELC002",2023,0
"RE1","PWRTRN","ELC002",2024,0
"RE1","PWRTRN","ELC002",2025,0
"RE1","PWRTRN","ELC002",2026,0
"RE1","PWRTRN","ELC002",2027,0
"RE1","PWRTRN","ELC002",2028,0
"RE1","PWRTRN","ELC002",2029,0
"RE1","PWRTRN","ELC002",2030,0
"RE1","PWRTRN","ELC002",2031,0
"RE1","PWRTRN","ELC002",2032,0
"RE1","PWRTRN","ELC002",2033,0
"RE1","PWRTRN","ELC002",2034,0
"RE1","PWRTRN","ELC002",2035,0
"RE1","PWRTRN","ELC002",2036,0
"RE1","PWRTRN","ELC002",2037,0
"RE1","PWRTRN","ELC002",2038,0
"RE1","PWRTRN","ELC002",2039,0
"RE1","PWRTRN","ELC002",2040,0
"RE1","PWRTRN","SOL",2020,0
"RE1","PWRTRN","SOL",2021,0
"RE1","PWRTRN","SOL",2022,0
"RE1","PWRTRN","SOL",2023,0
"RE1","PWRTRN","SOL",2024,0
"RE1","PWRTRN","SOL",2025,0
"RE1","PWRTRN","SOL",2026,0
"RE1","PWRTRN","SOL",2027,0
"RE1","PWRTRN","SOL",2028,0
"RE1","PWRTRN","SOL",2029,0
"RE1","PWRTRN","SOL",2030,0
"RE1","PWRTRN","SOL",2031,0
"RE1","PWRTRN","SOL",2032,0
"RE1","PWRTRN","SOL",2033,0
"RE1","PWRTRN","SOL",2034,0
"RE1","PWRTRN","SOL",2035,0
"RE1","PWRTRN","SOL",2036,0
"RE1","PWRTRN","SOL",2037,0
"RE1","PWRTRN","SOL",2038,0
"RE1","PWRTRN","SOL",2039,0
"RE1","PWRTRN","SOL",2040,0
"RE1","PWRTRN","WND",2020,0
"RE1","PWRTRN","WND",2021,0
"RE1","PWRTRN","WND",2022,0
"RE1","PWRTRN","WND",2023,0
"RE1","PWRTRN","WND",2024,0
"RE1","PWRTRN","WND",2025,0
"RE1","PWRTRN","WND",2026,0
"RE1","PWRTRN","WND",2027,0
"RE1","PWRTRN","WND",2028,0
"RE1","PWRTRN","WND",2029,0
"RE1","PWRTRN","WND",2030,0
"RE1","PWRTRN","WND",2031,0
"RE1","PWRTRN","WND",2032,0
"RE1","PWRTRN","WND",2033,0
"RE1","PWRTRN","WND",2034,0
"RE1","PWRTRN","WND",2035,0
"RE1","PWRTRN","WND",2036,0
"RE1","PWRTRN","WND",2037,0
"RE1","PWRTRN","WND",2038,0
"RE1","PWRTRN","WND",2039,0
"RE1","PWRTRN","WND",2040,0
"RE1","PWRTRN","HYD",2020,0
"RE1","PWRTRN","HYD",2021,0
"RE1","PWRTRN","HYD",2022,0
"RE1","PWRTRN","HYD",2023,0
"RE1","PWRTRN","HYD",2024,0
"RE1","PWRTRN","HYD",2025,0
"RE1","PWRTRN","HYD",2026,0
"RE1","PWRTRN","HYD",2027,0
"RE1","PWRTRN","HYD",2028,0
"RE1","PWRTRN","HYD",2029,0
"RE1","PWRTRN","HYD",2030,0
"RE1","PWRTRN","HYD",2031,0
"RE1","PWRTRN","HYD",2032,0
"RE1","PWRTRN","HYD",2033,0
"RE1","PWRTRN","HYD",2034,0
"RE1","PWRTRN","HYD",2035,0
"RE1","PWRTRN","HYD",2036,0
"RE1","PWRTRN","HYD",2037,0
"RE1","PWRTRN","HYD",2038,0
"RE1","PWRTRN","HYD",2039,0
"RE1","PWRTRN","HYD",2040,0
"RE1","MINSOL","COA",2020,0
"RE1","MINSOL","COA",2021,0
"RE1","MINSOL","COA",2022,0
"RE1","MINSOL","COA",2023,0
"RE1","MINSOL","COA",2024,0
"RE1","MINSOL","COA",2025,0
"RE1","MINSOL","COA",2026,0
"RE1","MINSOL","COA",2027,0
"RE1","MINSOL","COA",2028,0
"RE1","MINSOL","COA",2029,0
"RE1","MINSOL","COA",2030,0
"RE1","MINSOL","COA",2031,0
"RE1","MINSOL","COA",2032,0
"RE1","MINSOL","COA",2033,0
"RE1","MINSOL","COA",2034,0
"RE1","MINSOL","COA",2035,0
"RE1","MINSOL","COA",2036,0
"RE1","MINSOL","COA",2037,0
"RE1","MINSOL","COA",2038,0
"RE1","MINSOL","COA",2039,0
"RE1","MINSOL","COA",2040,0
"RE1","MINSOL","GAS",2020,0
"RE1","MINSOL","GAS",2021,0
"RE1","MINSOL","GAS",2022,0
"RE1","MINSOL","GAS",2023,0
"RE1","MINSOL","GAS",2024,0
"RE1","MINSOL","GAS",2025,0
"RE1","MINSOL","GAS",2026,0
"RE1","MINSOL","GAS",2027,0
"RE1","MINSOL","GAS",2028,0
"RE1","MINSOL","GAS",2029,0
"RE1","MINSOL","GAS",2030,0
"RE1","MINSOL","GAS",2031,0
"RE1","MINSOL","GAS",2032,0
"RE1","MINSOL","GAS",2033,0
"RE1","MINSOL","GAS",2034,0
"RE1","MINSOL","GAS",2035,0
"RE1","MINSOL","GAS",2036,0
"RE1","MINSOL","GAS",2037,0
"RE1","MINSOL","GAS",2038,0
"RE1","MINSOL","GAS",2039,0
"RE1","MINSOL","GAS",2040,0
"RE1","MINSOL","ELC001",2020,0
"RE1","MINSOL","ELC001",2021,0
"RE1","MINSOL","ELC001",2022,0
"RE1","MINSOL","ELC001",2023,0
"RE1","MINSOL","ELC001",2024,0
"RE1","MINSOL","ELC001",2025,0
"RE1","MINSOL","ELC001",2026,0
"RE1","MINSOL","ELC001",2027,0
"RE1","MINSOL","ELC001",2028,0
"RE1","MINSOL","ELC001",2029,0
"RE1","MINSOL","ELC001",2030,0
"RE1","MINSOL","ELC001",2031,0
"RE1","MINSOL","ELC001",2032,0
"RE1","MINSOL","ELC001",2033,0
"RE1","MINSOL","ELC001",2034,0
"RE1","MINSOL","ELC001",2035,0
"RE1","MINSOL","ELC001",2036,0
"RE1","MINSOL","ELC001",2037,0
"RE1","MINSOL","ELC001",2038,0
"RE1","MINSOL","ELC001",2039,0
"RE1","MINSOL","ELC001",2040,0
"RE1","MINSOL","ELC002",2020,0
"RE1","MINSOL","ELC002",2021,0
"RE1","MINSOL","ELC002",2022,0
"RE1","MINSOL","ELC002",2023,0
"RE1","MINSOL","ELC002",2024,0
"RE1","MINSOL","ELC002",2025,0
"RE1","MINSOL","ELC002",2026,0
"RE1","MINSOL","ELC002",2027,0
"RE1","MINSOL","ELC002",2028,0
"RE1","MINSOL","ELC002",2029,0
"RE1","MINSOL","ELC002",2030,0
"RE1","MINSOL","ELC002",2031,0
"RE1","MINSOL","ELC002",2032,0
"RE1","MINSOL","ELC002",2033,0
"RE1","MINSOL","ELC002",2034,0
"RE1","MINSOL","ELC002",2035,0
"RE1","MINSOL","ELC002",2036,0
"RE1","MINSOL","ELC002",2037,0
"RE1","MINSOL","ELC002",2038,0
"RE1","MINSOL","ELC002",2039,0
"RE1","MINSOL","ELC002",2040,0
"RE1","MINSOL","SOL",2020,0
"RE1","MINSOL","SOL",2021,0
"RE1","MINSOL","SOL",2022,0
"RE1","MINSOL","SOL",2023,0
"RE1","MINSOL","SOL",2024,0
"RE1","MINSOL","SOL",2025,0
"RE1","MINSOL","SOL",2026,0
"RE1","MINSOL","SOL",2027,0
"RE1","MINSOL","SOL",2028,0
"RE1","MINSOL","SOL",2029,0
"RE1","MINSOL","SOL",2030,0
"RE1","MINSOL","SOL",2031,0
"RE1","MINSOL","SOL",2032,0
"RE1","MINSOL","SOL",2033,0
"RE1","MINSOL","SOL",2034,0
"RE1","MINSOL","SOL",2035,0
"RE1","MINSOL","SOL",2036,0
"RE1","MINSOL","SOL",2037,0
"RE1","MINSOL","SOL",2038,0
"RE1","MINSOL","SOL",2039,0
"RE1","MINSOL","SOL",2040,0
"RE1","MINSOL","WND",2020,0
"RE1","MINSOL","WND",2021,0
"RE1","MINSOL","WND",2022,0
"RE1","MINSOL","WND",2023,0
"RE1","MINSOL","WND",2024,0
"RE1","MINSOL","WND",2025,0
"RE1","MINSOL","WND",2026,0
"RE1","MINSOL","WND",2027,0
"RE1","MINSOL","WND",2028,0
"RE1","MINSOL","WND",2029,0
"RE1","MINSOL","WND",2030,0
"RE1","MINSOL","WND",2031,0
"RE1","MINSOL","WND",2032,0
"RE1","MINSOL","WND",2033,0
"RE1","MINSOL","WND",2034,0
"RE1","MINSOL","WND",2035,0
"RE1","MINSOL","WND",2036,0
"RE1","MINSOL","WND",2037,0
"RE1","MINSOL","WND",2038,0
"RE1","MINSOL","WND",2039,0
"RE1","MINSOL","WND",2040,0
"RE1","MINSOL","HYD",2020,0
"RE1","MINSOL","HYD",2021,0
"RE1","MINSOL","HYD",2022,0
"RE1","MINSOL","HYD",2023,0
"RE1","MINSOL","HYD",2024,0
"RE1","MINSOL","HYD",2025,0
"RE1","MINSOL","HYD",2026,0
"RE1","MINSOL","HYD",2027,0
"RE1","MINSOL","HYD",2028,0
"RE1","MINSOL","HYD",2029,0
"RE1","MINSOL","HYD",2030,0
"RE1","MINSOL","HYD",2031,0
"RE1","MINSOL","HYD",2032,0
"RE1","MINSOL","HYD",2033,0
"RE1","MINSOL","HYD",2034,0
"RE1","MINSOL","HYD",2035,0
"RE1","MINSOL","HYD",2036,0
"RE1","MINSOL","HYD",2037,0
"RE1","MINSOL","HYD",2038,0
"RE1","MINSOL","HYD",2039,0
"RE1","MINSOL","HYD",2040,0
"RE1","MINWND","COA",2020,0
"RE1","MINWND","COA",2021,0
"RE1","MINWND","COA",2022,0
"RE1","MINWND","COA",2023,0
"RE1","MINWND","COA",2024,0
"RE1","MINWND","COA",2025,0
"RE1","MINWND","COA",2026,0
"RE1","MINWND","COA",2027,0
"RE1","MINWND","COA",2028,0
"RE1","MINWND","COA",2029,0
"RE1","MINWND","COA",2030,0
"RE1","MINWND","COA",2031,0
"RE1","MINWND","COA",2032,0
"RE1","MINWND","COA",2033,0
"RE1","MINWND","COA",2034,0
"RE1","MINWND","COA",2035,0
"RE1","MINWND","COA",2036,0
"RE1","MINWND","COA",2037,0
"RE1","MINWND","COA",2038,0
"RE1","MINWND","COA",2039,0
"RE1","MINWND","COA",2040,0
"RE1","MINWND","GAS",2020,0
"RE1","MINWND","GAS",2021,0
"RE1","MINWND","GAS",2022,0
"RE1","MINWND","GAS",2023,0
"RE1","MINWND","GAS",2024,0
"RE1","MINWND","GAS",2025,0
"RE1","MINWND","GAS",2026,0
"RE1","MINWND","GAS",2027,0
"RE1","MINWND","GAS",2028,0
"RE1","MINWND","GAS",2029,0
"RE1","MINWND","GAS",2030,0
"RE1","MINWND","GAS",2031,0
"RE1","MINWND","GAS",2032,0
"RE1","MINWND","GAS",2033,0
"RE1","MINWND","GAS",2034,0
"RE1","MINWND","GAS",2035,0
"RE1","MINWND","GAS",2036,0
"RE1","MINWND","GAS",2037,0
"RE1","MINWND","GAS",2038,0
"RE1","MINWND","GAS",2039,0
"RE1","MINWND","GAS",2040,0
"RE1","MINWND","ELC001",2020,0
"RE1","MINWND","ELC001",2021,0
"RE1","MINWND","ELC001",2022,0
"RE1","MINWND","ELC001",2023,0
"RE1","MINWND","ELC001",2024,0
"RE1","MINWND","ELC001",2025,0
"RE1","MINWND","ELC001",2026,0
"RE1","MINWND","ELC001",2027,0
"RE1","MINWND","ELC001",2028,0
"RE1","MINWND","ELC001",2029,0
"RE1","MINWND","ELC001",2030,0
"RE1","MINWND","ELC001",2031,0
"RE1","MINWND","ELC001",2032,0
"RE1","MINWND","ELC001",2033,0
"RE1","MINWND","ELC001",2034,0
"RE1","MINWND","ELC001",2035,0
"RE1","MINWND","ELC001",2036,0
"RE1","MINWND","ELC001",2037,0
"RE1","MINWND","ELC001",2038,0
"RE1","MINWND","ELC001",2039,0
"RE1","MINWND","ELC001",2040,0
"RE1","MINWND","ELC002",2020,0
"RE1","MINWND","ELC002",2021,0
"RE1","MINWND","ELC002",2022,0
"RE1","MINWND","ELC002",2023,0
"RE1","MINWND","ELC002",2024,0
"RE1","MINWND","ELC002",2025,0
"RE1","MINWND","ELC002",2026,0
"RE1","MINWND","ELC002",2027,0
"RE1","MINWND","ELC002",2028,0
"RE1","MINWND","ELC002",2029,0
"RE1","MINWND","ELC002",2030,0
"RE1","MINWND","ELC002",2031,0
"RE1","MINWND","ELC002",2032,0
"RE1","MINWND","ELC002",2033,0
"RE1","MINWND","ELC002",2034,0
"RE1","MINWND","ELC002",2035,0
"RE1","MINWND","ELC002",2036,0
"RE1","MINWND","ELC002",2037,0
"RE1","MINWND","ELC002",2038,0
"RE1","MINWND","ELC002",2039,0
"RE1","MINWND","ELC002",2040,0
"RE1","MINWND","SOL",2020,0
"RE1","MINWND","SOL",2021,0
"RE1","MINWND","SOL",2022,0
"RE1","MINWND","SOL",2023,0
"RE1","MINWND","SOL",2024,0
"RE1","MINWND","SOL",2025,0
"RE1","MINWND","SOL",2026,0
"RE1","MINWND","SOL",2027,0
"RE1","MINWND","SOL",2028,0
"RE1","MINWND","SOL",2029,0
"RE1","MINWND","SOL",2030,0
"RE1","MINWND","SOL",2031,0
"RE1","MINWND","SOL",2032,0
"RE1","MINWND","SOL",2033,0
"RE1","MINWND","SOL",2034,0
"RE1","MINWND","SOL",2035,0
"RE1","MINWND","SOL",2036,0
"RE1","MINWND","SOL",2037,0
"RE1","MINWND","SOL",2038,0
"RE1","MINWND","SOL",2039,0
"RE1","MINWND","SOL",2040,0
"RE1","MINWND","WND",2020,0
"RE1","MINWND","WND",2021,0
"RE1","MINWND","WND",2022,0
"RE1","MINWND","WND",2023,0
"RE1","MINWND","WND",2024,0
"RE1","MINWND","WND",2025,0
"RE1","MINWND","WND",2026,0
"RE1","MINWND","WND",2027,0
"RE1","MINWND","WND",2028,0
"RE1","MINWND","WND",2029,0
"RE1","MINWND","WND",2030,0
"RE1","MINWND","WND",2031,0
"RE1","MINWND","WND",2032,0
"RE1","MINWND","WND",2033,0
"RE1","MINWND","WND",2034,0
"RE1","MINWND","WND",2035,0
"RE1","MINWND","WND",2036,0
"RE1","MINWND","WND",2037,0
"RE1","MINWND","WND",2038,0
"RE1","MINWND","WND",2039,0
"RE1","MINWND","WND",2040,0
"RE1","MINWND","HYD",2020,0
"RE1","MINWND","HYD",2021,0
"RE1","MINWND","HYD",2022,0
"RE1","MINWND","HYD",2023,0
"RE1","MINWND","HYD",2024,0
"RE1","MINWND","HYD",2025,0
"RE1","MINWND","HYD",2026,0
"RE1","MINWND","HYD",2027,0
"RE1","MINWND","HYD",2028,0
"RE1","MINWND","HYD",2029,0
"RE1","MINWND","HYD",2030,0
"RE1","MINWND","HYD",2031,0
"RE1","MINWND","HYD",2032,0
"RE1","MINWND","HYD",2033,0
"RE1","MINWND","HYD",2034,0
"RE1","MINWND","HYD",2035,0
"RE1","MINWND","HYD",2036,0
"RE1","MINWND","HYD",2037,0
"RE1","MINWND","HYD",2038,0
"RE1","MINWND","HYD",2039,0
"RE1","MINWND","HYD",2040,0
"RE1","PWRSOL","COA",2020,0
"RE1","PWRSOL","COA",2021,0
"RE1","PWRSOL","COA",2022,0
"RE1","PWRSOL","COA",2023,0
"RE1","PWRSOL","COA",2024,0
"RE1","PWRSOL","COA",2025,0
"RE1","PWRSOL","COA",2026,0
"RE1","PWRSOL","COA",2027,0
"RE1","PWRSOL","COA",2028,0
"RE1","PWRSOL","COA",2029,0
"RE1","PWRSOL","COA",2030,0
"RE1","PWRSOL","COA",2031,0
"RE1","PWRSOL","COA",2032,0
"RE1","PWRSOL","COA",2033,0
"RE1","PWRSOL","COA",2034,0
"RE1","PWRSOL","COA",2035,0
"RE1","PWRSOL","COA",2036,0
"RE1","PWRSOL","COA",2037,0
"RE1","PWRSOL","COA",2038,0
"RE1","PWRSOL","COA",2039,0
"RE1","PWRSOL","COA",2040,0
"RE1","PWRSOL","GAS",2020,0
"RE1","PWRSOL","GAS",2021,0
"RE1","PWRSOL","GAS",2022,0
"RE1","PWRSOL","GAS",2023,0
"RE1","PWRSOL","GAS",2024,0
"RE1","PWRSOL","GAS",2025,0
"RE1","PWRSOL","GAS",2026,0
"RE1","PWRSOL","GAS",2027,0
"RE1","PWRSOL","GAS",2028,0
"RE1","PWRSOL","GAS",2029,0
"RE1","PWRSOL","GAS",2030,0
"RE1","PWRSOL","GAS",2031,0
"RE1","PWRSOL","GAS",2032,0
"RE1","PWRSOL","GAS",2033,0
"RE1","PWRSOL","GAS",2034,0
"RE1","PWRSOL","GAS",2035,0
"RE1","PWRSOL","GAS",2036,0
"RE1","PWRSOL","GAS",2037,0
"RE1","PWRSOL","GAS",2038,0
"RE1","PWRSOL","GAS",2039,0
"RE1","PWRSOL","GAS",2040,0
"RE1","PWRSOL","ELC001",2020,0
"RE1","PWRSOL","ELC001",2021,0
"RE1","PWRSOL","ELC001",2022,0
"RE1","PWRSOL","ELC001",2023,0
"RE1","PWRSOL","ELC001",2024,0
"RE1","PWRSOL","ELC001",2025,0
"RE1","PWRSOL","ELC001",2026,0
"RE1","PWRSOL","ELC001",2027,0
"RE1","PWRSOL","ELC001",2028,0
"RE1","PWRSOL","ELC001",2029,0
"RE1","PWRSOL","ELC001",2030,0
"RE1","PWRSOL","ELC001",2031,0
"RE1","PWRSOL","ELC001",2032,0
"RE1","PWRSOL","ELC001",2033,0
"RE1","PWRSOL","ELC001",2034,0
"RE1","PWRSOL","ELC001",2035,0
"RE1","PWRSOL","ELC001",2036,0
"RE1","PWRSOL","ELC001",2037,0
"RE1","PWRSOL","ELC001",2038,0
"RE1","PWRSOL","ELC001",2039,0
"RE1","PWRSOL","ELC001",2040,0
"RE1","PWRSOL","ELC002",2020,0
"RE1","PWRSOL","ELC002",2021,0
"RE1","PWRSOL","ELC002",2022,0
"RE1","PWRSOL","ELC002",2023,0
"RE1","PWRSOL","ELC002",2024,0
"RE1","PWRSOL","ELC002",2025,0
"RE1","PWRSOL","ELC002",2026,0
"RE1","PWRSOL","ELC002",2027,0
"RE1","PWRSOL","ELC002",2028,0
"RE1","PWRSOL","ELC002",2029,0
"RE1","PWRSOL","ELC002",2030,0
"RE1","PWRSOL","ELC002",2031,0
"RE1","PWRSOL","ELC002",2032,0
"RE1","PWRSOL","ELC002",2033,0
"RE1","PWRSOL","ELC002",2034,0
"RE1","PWRSOL","ELC002",2035,0
"RE1","PWRSOL","ELC002",2036,0
"RE1","PWRSOL","ELC002",2037,0
"RE1","PWRSOL","ELC002",2038,0
"RE1","PWRSOL","ELC002",2039,0
"RE1","PWRSOL","ELC002",2040,0
"RE1","PWRSOL","SOL",2020,0
"RE1","PWRSOL","SOL",2021,0
"RE1","PWRSOL","SOL",2022,0
"RE1","PWRSOL","SOL",2023,0
"RE1","PWRSOL","SOL",2024,0
"RE1","PWRSOL","SOL",2025,0
"RE1","PWRSOL","SOL",2026,0
"RE1","PWRSOL","SOL",2027,0
"RE1","PWRSOL","SOL",2028,0
"RE1","PWRSOL","SOL",2029,0
"RE1","PWRSOL","SOL",2030,0
"RE1","PWRSOL","SOL",2031,0
"RE1","PWRSOL","SOL",2032,0
"RE1","PWRSOL","SOL",2033,0
"RE1","PWRSOL","SOL",2034,0
"RE1","PWRSOL","SOL",2035,0
"RE1","PWRSOL","SOL",2036,0
"RE1","PWRSOL","SOL",2037,0
"RE1","PWRSOL","SOL",2038,0
"RE1","PWRSOL","SOL",2039,0
"RE1","PWRSOL","SOL",2040,0
"RE1","PWRSOL","WND",2020,0
"RE1","PWRSOL","WND",2021,0
"RE1","PWRSOL","WND",2022,0
"RE1","PWRSOL","WND",2023,0
"RE1","PWRSOL","WND",2024,0
"RE1","PWRSOL","WND",2025,0
"RE1","PWRSOL","WND",2026,0
"RE1","PWRSOL","WND",2027,0
"RE1","PWRSOL","WND",2028,0
"RE1","PWRSOL","WND",2029,0
"RE1","PWRSOL","WND",2030,0
"RE1","PWRSOL","WND",2031,0
"RE1","PWRSOL","WND",2032,0
"RE1","PWRSOL","WND",2033,0
"RE1","PWRSOL","WND",2034,0
"RE1","PWRSOL","WND",2035,0
"RE1","PWRSOL","WND",2036,0
"RE1","PWRSOL","WND",2037,0
"RE1","PWRSOL","WND",2038,0
"RE1","PWRSOL","WND",2039,0
"RE1","PWRSOL","WND",2040,0
"RE1","PWRSOL","HYD",2020,0
"RE1","PWRSOL","HYD",2021,0
"RE1","PWRSOL","HYD",2022,0
"RE1","PWRSOL","HYD",2023,0
"RE1","PWRSOL","HYD",2024,0
"RE1","PWRSOL","HYD",2025,0
"RE1","PWRSOL","HYD",2026,0
"RE1","PWRSOL","HYD",2027,0
"RE1","PWRSOL","HYD",2028,0
"RE1","PWRSOL","HYD",2029,0
"RE1","PWRSOL","HYD",2030,0
"RE1","PWRSOL","HYD",2031,0
"RE1","PWRSOL","HYD",2032,0
"RE1","PWRSOL","HYD",2033,0
"RE1","PWRSOL","HYD",2034,0
"RE1","PWRSOL","HYD",2035,0
"RE1","PWRSOL","HYD",2036,0
"RE1","PWRSOL","HYD",2037,0
"RE1","PWRSOL","HYD",2038,0
"RE1","PWRSOL","HYD",2039,0
"RE1","PWRSOL","HYD",2040,0
"RE1","PWRWND","COA",2020,0
"RE1","PWRWND","COA",2021,0
"RE1","PWRWND","COA",2022,0
"RE1","PWRWND","COA",2023,0
"RE1","PWRWND","COA",2024,0
"RE1","PWRWND","COA",2025,0
"RE1","PWRWND","COA",2026,0
"RE1","PWRWND","COA",2027,0
"RE1","PWRWND","COA",2028,0
"RE1","PWRWND","COA",2029,0
"RE1","PWRWND","COA",2030,0
"RE1","PWRWND","COA",2031,0
"RE1","PWRWND","COA",2032,0
"RE1","PWRWND","COA",2033,0
"RE1","PWRWND","COA",2034,0
"RE1","PWRWND","COA",2035,0
"RE1","PWRWND","COA",2036,0
"RE1","PWRWND","COA",2037,0
"RE1","PWRWND","COA",2038,0
"RE1","PWRWND","COA",2039,0
"RE1","PWRWND","COA",2040,0
"RE1","PWRWND","GAS",2020,0
"RE1","PWRWND","GAS",2021,0
"RE1","PWRWND","GAS",2022,0
"RE1","PWRWND","GAS",2023,0
"RE1","PWRWND","GAS",2024,0
"RE1","PWRWND","GAS",2025,0
"RE1","PWRWND","GAS",2026,0
"RE1","PWRWND","GAS",2027,0
"RE1","PWRWND","GAS",2028,0
"RE1","PWRWND","GAS",2029,0
"RE1","PWRWND","GAS",2030,0
"RE1","PWRWND","GAS",2031,0
"RE1","PWRWND","GAS",2032,0
"RE1","PWRWND","GAS",2033,0
"RE1","PWRWND","GAS",2034,0
"RE1","PWRWND","GAS",2035,0
"RE1","PWRWND","GAS",2036,0
"RE1","PWRWND","GAS",2037,0
"RE1","PWRWND","GAS",2038,0
"RE1","PWRWND","GAS",2039,0
"RE1","PWRWND","GAS",2040,0
"RE1","PWRWND","ELC001",2020,0
"RE1","PWRWND","ELC001",2021,0
"RE1","PWRWND","ELC001",2022,0
"RE1","PWRWND","ELC001",2023,0
"RE1","PWRWND","ELC001",2024,0
"RE1","PWRWND","ELC001",2025,0
"RE1","PWRWND","ELC001",2026,0
"RE1","PWRWND","ELC001",2027,0
"RE1","PWRWND","ELC001",2028,0
"RE1","PWRWND","ELC001",2029,0
"RE1","PWRWND","ELC001",2030,0
"RE1","PWRWND","ELC001",2031,0
"RE1","PWRWND","ELC001",2032,0
"RE1","PWRWND","ELC001",2033,0
"RE1","PWRWND","ELC001",2034,0
"RE1","PWRWND","ELC001",2035,0
"RE1","PWRWND","ELC001",2036,0
"RE1","PWRWND","ELC001",2037,0
"RE1","PWRWND","ELC001",2038,0
"RE1","PWRWND","ELC001",2039,0
"RE1","PWRWND","ELC001",2040,0
"RE1","PWRWND","ELC002",2020,0
"RE1","PWRWND","ELC002",2021,0
"RE1","PWRWND","ELC002",2022,0
"RE1","PWRWND","ELC002",2023,0
"RE1","PWRWND","ELC002",2024,0
"RE1","PWRWND","ELC002",2025,0
"RE1","PWRWND","ELC002",2026,0
"RE1","PWRWND","ELC002",2027,0
"RE1","PWRWND","ELC002",2028,0
"RE1","PWRWND","ELC002",2029,0
"RE1","PWRWND","ELC002",2030,0
"RE1","PWRWND","ELC002",2031,0
"RE1","PWRWND","ELC002",2032,0
"RE1","PWRWND","ELC002",2033,0
"RE1","PWRWND","ELC002",2034,0
"RE1","PWRWND","ELC002",2035,0
"RE1","PWRWND","ELC002",2036,0
"RE1","PWRWND","ELC002",2037,0
"RE1","PWRWND","ELC002",2038,0
"RE1","PWRWND","ELC002",2039,0
"RE1","PWRWND","ELC002",2040,0
"RE1","PWRWND","SOL",2020,0
"RE1","PWRWND","SOL",2021,0
"RE1","PWRWND","SOL",2022,0
"RE1","PWRWND","SOL",2023,0
"RE1","PWRWND","SOL",2024,0
"RE1","PWRWND","SOL",2025,0
"RE1","PWRWND","SOL",2026,0
"RE1","PWRWND","SOL",2027,0
"RE1","PWRWND","SOL",2028,0
"RE1","PWRWND","SOL",2029,0
"RE1","PWRWND","SOL",2030,0
"RE1","PWRWND","SOL",2031,0
"RE1","PWRWND","SOL",2032,0
"RE1","PWRWND","SOL",2033,0
"RE1","PWRWND","SOL",2034,0
"RE1","PWRWND","SOL",2035,0
"RE1","PWRWND","SOL",2036,0
"RE1","PWRWND","SOL",2037,0
"RE1","PWRWND","SOL",2038,0
"RE1","PWRWND","SOL",2039,0
"RE1","PWRWND","SOL",2040,0
"RE1","PWRWND","WND",2020,0
"RE1","PWRWND","WND",2021,0
"RE1","PWRWND","WND",2022,0
"RE1","PWRWND","WND",2023,0
"RE1","PWRWND","WND",2024,0
"RE1","PWRWND","WND",2025,0
"RE1","PWRWND","WND",2026,0
"RE1","PWRWND","WND",2027,0
"RE1","PWRWND","WND",2028,0
"RE1","PWRWND","WND",2029,0
"RE1","PWRWND","WND",2030,0
"RE1","PWRWND","WND",2031,0
"RE1","PWRWND","WND",2032,0
"RE1","PWRWND","WND",2033,0
"RE1","PWRWND","WND",2034,0
"RE1","PWRWND","WND",2035,0
"RE1","PWRWND","WND",2036,0
"RE1","PWRWND","WND",2037,0
"RE1","PWRWND","WND",2038,0
"RE1","PWRWND","WND",2039,0
"RE1","PWRWND","WND",2040,0
"RE1","PWRWND","HYD",2020,0
"RE1","PWRWND","HYD",2021,0
"RE1","PWRWND","HYD",2022,0
"RE1","PWRWND","HYD",2023,0
"RE1","PWRWND","HYD",2024,0
"RE1","PWRWND","HYD",2025,0
"RE1","PWRWND","HYD",2026,0
"RE1","PWRWND","HYD",2027,0
"RE1","PWRWND","HYD",2028,0
"RE1","PWRWND","HYD",2029,0
"RE1","PWRWND","HYD",2030,0
"RE1","PWRWND","HYD",2031,0
"RE1","PWRWND","HYD",2032,0
"RE1","PWRWND","HYD",2033,0
"RE1","PWRWND","HYD",2034,0
"RE1","PWRWND","HYD",2035,0
"RE1","PWRWND","HYD",2036,0
"RE1","PWRWND","HYD",2037,0
"RE1","PWRWND","HYD",2038,0
"RE1","PWRWND","HYD",2039,0
"RE1","PWRWND","HYD",2040,0
"RE1","MINHYD","COA",2020,0
"RE1","MINHYD","COA",2021,0
"RE1","MINHYD","COA",2022,0
"RE1","MINHYD","COA",2023,0
"RE1","MINHYD","COA",2024,0
"RE1","MINHYD","COA",2025,0
"RE1","MINHYD","COA",2026,0
"RE1","MINHYD","COA",2027,0
"RE1","MINHYD","COA",2028,0
"RE1","MINHYD","COA",2029,0
"RE1","MINHYD","COA",2030,0
"RE1","MINHYD","COA",2031,0
"RE1","MINHYD","COA",2032,0
"RE1","MINHYD","COA",2033,0
"RE1","MINHYD","COA",2034,0
"RE1","MINHYD","COA",2035,0
"RE1","MINHYD","COA",2036,0
"RE1","MINHYD","COA",2037,0
"RE1","MINHYD","COA",2038,0
"RE1","MINHYD","COA",2039,0
"RE1","MINHYD","COA",2040,0
"RE1","MINHYD","GAS",2020,0
"RE1","MINHYD","GAS",2021,0
"RE1","MINHYD","GAS",2022,0
"RE1","MINHYD","GAS",2023,0
"RE1","MINHYD","GAS",2024,0
"RE1","MINHYD","GAS",2025,0
"RE1","MINHYD","GAS",2026,0
"RE1","MINHYD","GAS",2027,0
"RE1","MINHYD","GAS",2028,0
"RE1","MINHYD","GAS",2029,0
"RE1","MINHYD","GAS",2030,0
"RE1","MINHYD","GAS",2031,0
"RE1","MINHYD","GAS",2032,0
"RE1","MINHYD","GAS",2033,0
"RE1","MINHYD","GAS",2034,0
"RE1","MINHYD","GAS",2035,0
"RE1","MINHYD","GAS",2036,0
"RE1","MINHYD","GAS",2037,0
"RE1","MINHYD","GAS",2038,0
"RE1","MINHYD","GAS",2039,0
"RE1","MINHYD","GAS",2040,0
"RE1","MINHYD","ELC001",2020,0
"RE1","MINHYD","ELC001",2021,0
"RE1","MINHYD","ELC001",2022,0
"RE1","MINHYD","ELC001",2023,0
"RE1","MINHYD","ELC001",2024,0
"RE1","MINHYD","ELC001",2025,0
"RE1","MINHYD","ELC001",2026,0
"RE1","MINHYD","ELC001",2027,0
"RE1","MINHYD","ELC001",2028,0
"RE1","MINHYD","ELC001",2029,0
"RE1","MINHYD","ELC001",2030,0
"RE1","MINHYD","ELC001",2031,0
"RE1","MINHYD","ELC001",2032,0
"RE1","MINHYD","ELC001",2033,0
"RE1","MINHYD","ELC001",2034,0
"RE1","MINHYD","ELC001",2035,0
"RE1","MINHYD","ELC001",2036,0
"RE1","MINHYD","ELC001",2037,0
"RE1","MINHYD","ELC001",2038,0
"RE1","MINHYD","ELC001",2039,0
"RE1","MINHYD","ELC001",2040,0
"RE1","MINHYD","ELC002",2020,0
"RE1","MINHYD","ELC002",2021,0
"RE1","MINHYD","ELC002",2022,0
"RE1","MINHYD","ELC002",2023,0
"RE1","MINHYD","ELC002",2024,0
"RE1","MINHYD","ELC002",2025,0
"RE1","MINHYD","ELC002",2026,0
"RE1","MINHYD","ELC002",2027,0
"RE1","MINHYD","ELC002",2028,0
"RE1","MINHYD","ELC002",2029,0
"RE1","MINHYD","ELC002",2030,0
"RE1","MINHYD","ELC002",2031,0
"RE1","MINHYD","ELC002",2032,0
"RE1","MINHYD","ELC002",2033,0
"RE1","MINHYD","ELC002",2034,0
"RE1","MINHYD","ELC002",2035,0
"RE1","MINHYD","ELC002",2036,0
"RE1","MINHYD","ELC002",2037,0
"RE1","MINHYD","ELC002",2038,0
"RE1","MINHYD","ELC002",2039,0
"RE1","MINHYD","ELC002",2040,0
"RE1","MINHYD","SOL",2020,0
"RE1","MINHYD","SOL",2021,0
"RE1","MINHYD","SOL",2022,0
"RE1","MINHYD","SOL",2023,0
"RE1","MINHYD","SOL",2024,0
"RE1","MINHYD","SOL",2025,0
"RE1","MINHYD","SOL",2026,0
"RE1","MINHYD","SOL",2027,0
"RE1","MINHYD","SOL",2028,0
"RE1","MINHYD","SOL",2029,0
"RE1","MINHYD","SOL",2030,0
"RE1","MINHYD","SOL",2031,0
"RE1","MINHYD","SOL",2032,0
"RE1","MINHYD","SOL",2033,0
"RE1","MINHYD","SOL",2034,0
"RE1","MINHYD","SOL",2035,0
"RE1","MINHYD","SOL",2036,0
"RE1","MINHYD","SOL",2037,0
"RE1","MINHYD","SOL",2038,0
"RE1","MINHYD","SOL",2039,0
"RE1","MINHYD","SOL",2040,0
"RE1","MINHYD","WND",2020,0
"RE1","MINHYD","WND",2021,0
"RE1","MINHYD","WND",2022,0
"RE1","MINHYD","WND",2023,0
"RE1","MINHYD","WND",2024,0
"RE1","MINHYD","WND",2025,0
"RE1","MINHYD","WND",2026,0
"RE1","MINHYD","WND",2027,0
"RE1","MINHYD","WND",2028,0
"RE1","MINHYD","WND",2029,0
"RE1","MINHYD","WND",2030,0
"RE1","MINHYD","WND",2031,0
"RE1","MINHYD","WND",2032,0
"RE1","MINHYD","WND",2033,0
"RE1","MINHYD","WND",2034,0
"RE1","MINHYD","WND",2035,0
"RE1","MINHYD","WND",2036,0
"RE1","MINHYD","WND",2037,0
"RE1","MINHYD","WND",2038,0
"RE1","MINHYD","WND",2039,0
"RE1","MINHYD","WND",2040,0
"RE1","MINHYD","HYD",2020,0
"RE1","MINHYD","HYD",2021,0
"RE1","MINHYD","HYD",2022,0
"RE1","MINHYD","HYD",2023,0
"RE1","MINHYD","HYD",2024,0
"RE1","MINHYD","HYD",2025,0
"RE1","MINHYD","HYD",2026,0
"RE1","MINHYD","HYD",2027,0
"RE1","MINHYD","HYD",2028,0
"RE1","MINHYD","HYD",2029,0
"RE1","MINHYD","HYD",2030,0
"RE1","MINHYD","HYD",2031,0
"RE1","MINHYD","HYD",2032,0
"RE1","MINHYD","HYD",2033,0
"RE1","MINHYD","HYD",2034,0
"RE1","MINHYD","HYD",2035,0
"RE1","MINHYD","HYD",2036,0
"RE1","MINHYD","HYD",2037,0
"RE1","MINHYD","HYD",2038,0
"RE1","MINHYD","HYD",2039,0
"RE1","MINHYD","HYD",2040,0
"RE1","PWRHYD","COA",2020,0
"RE1","PWRHYD","COA",2021,0
"RE1","PWRHYD","COA",2022,0
"RE1","PWRHYD","COA",2023,0
"RE1","PWRHYD","COA",2024,0
"RE1","PWRHYD","COA",2025,0
"RE1","PWRHYD","COA",2026,0
"RE1","PWRHYD","COA",2027,0
"RE1","PWRHYD","COA",2028,0
"RE1","PWRHYD","COA",2029,0
"RE1","PWRHYD","COA",2030,0
"RE1","PWRHYD","COA",2031,0
"RE1","PWRHYD","COA",2032,0
"RE1","PWRHYD","COA",2033,0
"RE1","PWRHYD","COA",2034,0
"RE1","PWRHYD","COA",2035,0
"RE1","PWRHYD","COA",2036,0
"RE1","PWRHYD","COA",2037,0
"RE1","PWRHYD","COA",2038,0
"RE1","PWRHYD","COA",2039,0
"RE1","PWRHYD","COA",2040,0
"RE1","PWRHYD","GAS",2020,0
"RE1","PWRHYD","GAS",2021,0
"RE1","PWRHYD","GAS",2022,0
"RE1","PWRHYD","GAS",2023,0
"RE1","PWRHYD","GAS",2024,0
"RE1","PWRHYD","GAS",2025,0
"RE1","PWRHYD","GAS",2026,0
"RE1","PWRHYD","GAS",2027,0
"RE1","PWRHYD","GAS",2028,0
"RE1","PWRHYD","GAS",2029,0
"RE1","PWRHYD","GAS",2030,0
"RE1","PWRHYD","GAS",2031,0
"RE1","PWRHYD","GAS",2032,0
"RE1","PWRHYD","GAS",2033,0
"RE1","PWRHYD","GAS",2034,0
"RE1","PWRHYD","GAS",2035,0
"RE1","PWRHYD","GAS",2036,0
"RE1","PWRHYD","GAS",2037,0
"RE1","PWRHYD","GAS",2038,0
"RE1","PWRHYD","GAS",2039,0
"RE1","PWRHYD","GAS",2040,0
"RE1","PWRHYD","ELC001",2020,0
"RE1","PWRHYD","ELC001",2021,0
"RE1","PWRHYD","ELC001",2022,0
"RE1","PWRHYD","ELC001",2023,0
"RE1","PWRHYD","ELC001",2024,0
"RE1","PWRHYD","ELC001",2025,0
"RE1","PWRHYD","ELC001",2026,0
"RE1","PWRHYD","ELC001",2027,0
"RE1","PWRHYD","ELC001",2028,0
"RE1","PWRHYD","ELC001",2029,0
"RE1","PWRHYD","ELC001",2030,0
"RE1","PWRHYD","ELC001",2031,0
"RE1","PWRHYD","ELC001",2032,0
"RE1","PWRHYD","ELC001",2033,0
"RE1","PWRHYD","ELC001",2034,0
"RE1","PWRHYD","ELC001",2035,0
"RE1","PWRHYD","ELC001",2036,0
"RE1","PWRHYD","ELC001",2037,0
"RE1","PWRHYD","ELC001",2038,0
"RE1","PWRHYD","ELC001",2039,0
"RE1","PWRHYD","ELC001",2040,0
"RE1","PWRHYD","ELC002",2020,0
"RE1","PWRHYD","ELC002",2021,0
"RE1","PWRHYD","ELC002",2022,0
"RE1","PWRHYD","ELC002",2023,0
"RE1","PWRHYD","ELC002",2024,0
"RE1","PWRHYD","ELC002",2025,0
"RE1","PWRHYD","ELC002",2026,0
"RE1","PWRHYD","ELC002",2027,0
"RE1","PWRHYD","ELC002",2028,0
"RE1","PWRHYD","ELC002",2029,0
"RE1","PWRHYD","ELC002",2030,0
"RE1","PWRHYD","ELC002",2031,0
"RE1","PWRHYD","ELC002",2032,0
"RE1","PWRHYD","ELC002",2033,0
"RE1","PWRHYD","ELC002",2034,0
"RE1","PWRHYD","ELC002",2035,0
"RE1","PWRHYD","ELC002",2036,0
"RE1","PWRHYD","ELC002",2037,0
"RE1","PWRHYD","ELC002",2038,0
"RE1","PWRHYD","ELC002",2039,0
"RE1","PWRHYD","ELC002",2040,0
"RE1","PWRHYD","SOL",2020,0
"RE1","PWRHYD","SOL",2021,0
"RE1","PWRHYD","SOL",2022,0
"RE1","PWRHYD","SOL",2023,0
"RE1","PWRHYD","SOL",2024,0
"RE1","PWRHYD","SOL",2025,0
"RE1","PWRHYD","SOL",2026,0
"RE1","PWRHYD","SOL",2027,0
"RE1","PWRHYD","SOL",2028,0
"RE1","PWRHYD","SOL",2029,0
"RE1","PWRHYD","SOL",2030,0
"RE1","PWRHYD","SOL",2031,0
"RE1","PWRHYD","SOL",2032,0
"RE1","PWRHYD","SOL",2033,0
"RE1","PWRHYD","SOL",2034,0
"RE1","PWRHYD","SOL",2035,0
"RE1","PWRHYD","SOL",2036,0
"RE1","PWRHYD","SOL",2037,0
"RE1","PWRHYD","SOL",2038,0
"RE1","PWRHYD","SOL",2039,0
"RE1","PWRHYD","SOL",2040,0
"RE1","PWRHYD","WND",2020,0
"RE1","PWRHYD","WND",2021,0
"RE1","PWRHYD","WND",2022,0
"RE1","PWRHYD","WND",2023,0
"RE1","PWRHYD","WND",2024,0
"RE1","PWRHYD","WND",2025,0
"RE1","PWRHYD","WND",2026,0
"RE1","PWRHYD","WND",2027,0
"RE1","PWRHYD","WND",2028,0
"RE1","PWRHYD","WND",2029,0
"RE1","PWRHYD","WND",2030,0
"RE1","PWRHYD","WND",2031,0
"RE1","PWRHYD","WND",2032,0
"RE1","PWRHYD","WND",2033,0
"RE1","PWRHYD","WND",2034,0
"RE1","PWRHYD","WND",2035,0
"RE1","PWRHYD","WND",2036,0
"RE1","PWRHYD","WND",2037,0
"RE1","PWRHYD","WND",2038,0
"RE1","PWRHYD","WND",2039,0
"RE1","PWRHYD","WND",2040,0
"RE1","PWRHYD","HYD",2020,0
"RE1","PWRHYD","HYD",2021,0
"RE1","PWRHYD","HYD",2022,0
"RE1","PWRHYD","HYD",2023,0
"RE1","PWRHYD","HYD",2024,0
"RE1","PWRHYD","HYD",2025,0
"RE1","PWRHYD","HYD",2026,0
"RE1","PWRHYD","HYD",2027,0
"RE1","PWRHYD","HYD",2028,0
"RE1","PWRHYD","HYD",2029,0
"RE1","PWRHYD","HYD",2030,0
"RE1","PWRHYD","HYD",2031,0
"RE1","PWRHYD","HYD",2032,0
"RE1","PWRHYD","HYD",2033,0
"RE1","PWRHYD","HYD",2034,0
"RE1","PWRHYD","HYD",2035,0
"RE1","PWRHYD","HYD",2036,0
"RE1","PWRHYD","HYD",2037,0
"RE1","PWRHYD","HYD",2038,0
"RE1","PWRHYD","HYD",2039,0
"RE1","PWRHYD","HYD",2040,0
