r,t,f,y,ProductionByTechnologyAnnual
"RE1","MINCOA","COA",2020,0
"RE1","MINCOA","COA",2021,0
"RE1","MINCOA","COA",2022,0
"RE1","MINCOA","COA",2023,0
"RE1","MINCOA","COA",2024,0
"RE1","MINCOA","COA",2025,0
"RE1","MINCOA","COA",2026,0
"RE1","MINCOA","COA",2027,0
"RE1","MINCOA","COA",2028,0
"RE1","MINCOA","COA",2029,0
"RE1","MINCOA","COA",2030,0
"RE1","MINCOA","COA",2031,0
"RE1","MINCOA","COA",2032,0
"RE1","MINCOA","COA",2033,0
"RE1","MINCOA","COA",2034,0
"RE1","MINCOA","COA",2035,0
"RE1","MINCOA","COA",2036,0
"RE1","MINCOA","COA",2037,0
"RE1","MINCOA","COA",2038,0
"RE1","MINCOA","COA",2039,0
"RE1","MINCOA","COA",2040,0
"RE1","MINCOA","GAS",2020,0
"RE1","MINCOA","GAS",2021,0
"RE1","MINCOA","GAS",2022,0
"RE1","MINCOA","GAS",2023,0
"RE1","MINCOA","GAS",2024,0
"RE1","MINCOA","GAS",2025,0
"RE1","MINCOA","GAS",2026,0
"RE1","MINCOA","GAS",2027,0
"RE1","MINCOA","GAS",2028,0
"RE1","MINCOA","GAS",2029,0
"RE1","MINCOA","GAS",2030,0
"RE1","MINCOA","GAS",2031,0
"RE1","MINCOA","GAS",2032,0
"RE1","MINCOA","GAS",2033,0
"RE1","MINCOA","GAS",2034,0
"RE1","MINCOA","GAS",2035,0
"RE1","MINCOA","GAS",2036,0
"RE1","MINCOA","GAS",2037,0
"RE1","MINCOA","GAS",2038,0
"RE1","MINCOA","GAS",2039,0
"RE1","MINCOA","GAS",2040,0
"RE1","MINCOA","ELC001",2020,0
"RE1","MINCOA","ELC001",2021,0
"RE1","MINCOA","ELC001",2022,0
"RE1","MINCOA","ELC001",2023,0
"RE1","MINCOA","ELC001",2024,0
"RE1","MINCOA","ELC001",2025,0
"RE1","MINCOA","ELC001",2026,0
"RE1","MINCOA","ELC001",2027,0
"RE1","MINCOA","ELC001",2028,0
"RE1","MINCOA","ELC001",2029,0
"RE1","MINCOA","ELC001",2030,0
"RE1","MINCOA","ELC001",2031,0
"RE1","MINCOA","ELC001",2032,0
"RE1","MINCOA","ELC001",2033,0
"RE1","MINCOA","ELC001",2034,0
"RE1","MINCOA","ELC001",2035,0
"RE1","MINCOA","ELC001",2036,0
"RE1","MINCOA","ELC001",2037,0
"RE1","MINCOA","ELC001",2038,0
"RE1","MINCOA","ELC001",2039,0
"RE1","MINCOA","ELC001",2040,0
"RE1","MINCOA","ELC002",2020,0
"RE1","MINCOA","ELC002",2021,0
"RE1","MINCOA","ELC002",2022,0
"RE1","MINCOA","ELC002",2023,0
"RE1","MINCOA","ELC002",2024,0
"RE1","MINCOA","ELC002",2025,0
"RE1","MINCOA","ELC002",2026,0
"RE1","MINCOA","ELC002",2027,0
"RE1","MINCOA","ELC002",2028,0
"RE1","MINCOA","ELC002",2029,0
"RE1","MINCOA","ELC002",2030,0
"RE1","MINCOA","ELC002",2031,0
"RE1","MINCOA","ELC002",2032,0
"RE1","MINCOA","ELC002",2033,0
"RE1","MINCOA","ELC002",2034,0
"RE1","MINCOA","ELC002",2035,0
"RE1","MINCOA","ELC002",2036,0
"RE1","MINCOA","ELC002",2037,0
"RE1","MINCOA","ELC002",2038,0
"RE1","MINCOA","ELC002",2039,0
"RE1","MINCOA","ELC002",2040,0
"RE1","MINCOA","SOL",2020,0
"RE1","MINCOA","SOL",2021,0
"RE1","MINCOA","SOL",2022,0
"RE1","MINCOA","SOL",2023,0
"RE1","MINCOA","SOL",2024,0
"RE1","MINCOA","SOL",2025,0
"RE1","MINCOA","SOL",2026,0
"RE1","MINCOA","SOL",2027,0
"RE1","MINCOA","SOL",2028,0
"RE1","MINCOA","SOL",2029,0
"RE1","MINCOA","SOL",2030,0
"RE1","MINCOA","SOL",2031,0
"RE1","MINCOA","SOL",2032,0
"RE1","MINCOA","SOL",2033,0
"RE1","MINCOA","SOL",2034,0
"RE1","MINCOA","SOL",2035,0
"RE1","MINCOA","SOL",2036,0
"RE1","MINCOA","SOL",2037,0
"RE1","MINCOA","SOL",2038,0
"RE1","MINCOA","SOL",2039,0
"RE1","MINCOA","SOL",2040,0
"RE1","MINCOA","WND",2020,0
"RE1","MINCOA","WND",2021,0
"RE1","MINCOA","WND",2022,0
"RE1","MINCOA","WND",2023,0
"RE1","MINCOA","WND",2024,0
"RE1","MINCOA","WND",2025,0
"RE1","MINCOA","WND",2026,0
"RE1","MINCOA","WND",2027,0
"RE1","MINCOA","WND",2028,0
"RE1","MINCOA","WND",2029,0
"RE1","MINCOA","WND",2030,0
"RE1","MINCOA","WND",2031,0
"RE1","MINCOA","WND",2032,0
"RE1","MINCOA","WND",2033,0
"RE1","MINCOA","WND",2034,0
"RE1","MINCOA","WND",2035,0
"RE1","MINCOA","WND",2036,0
"RE1","MINCOA","WND",2037,0
"RE1","MINCOA","WND",2038,0
"RE1","MINCOA","WND",2039,0
"RE1","MINCOA","WND",2040,0
"RE1","MINCOA","HYD",2020,0
"RE1","MINCOA","HYD",2021,0
"RE1","MINCOA","HYD",2022,0
"RE1","MINCOA","HYD",2023,0
"RE1","MINCOA","HYD",2024,0
"RE1","MINCOA","HYD",2025,0
"RE1","MINCOA","HYD",2026,0
"RE1","MINCOA","HYD",2027,0
"RE1","MINCOA","HYD",2028,0
"RE1","MINCOA","HYD",2029,0
"RE1","MINCOA","HYD",2030,0
"RE1","MINCOA","HYD",2031,0
"RE1","MINCOA","HYD",2032,0
"RE1","MINCOA","HYD",2033,0
"RE1","MINCOA","HYD",2034,0
"RE1","MINCOA","HYD",2035,0
"RE1","MINCOA","HYD",2036,0
"RE1","MINCOA","HYD",2037,0
"RE1","MINCOA","HYD",2038,0
"RE1","MINCOA","HYD",2039,0
"RE1","MINCOA","HYD",2040,0
"RE1","MINGAS","COA",2020,0
"RE1","MINGAS","COA",2021,0
"RE1","MINGAS","COA",2022,0
"RE1","MINGAS","COA",2023,0
"RE1","MINGAS","COA",2024,0
"RE1","MINGAS","COA",2025,0
"RE1","MINGAS","COA",2026,0
"RE1","MINGAS","COA",2027,0
"RE1","MINGAS","COA",2028,0
"RE1","MINGAS","COA",2029,0
"RE1","MINGAS","COA",2030,0
"RE1","MINGAS","COA",2031,0
"RE1","MINGAS","COA",2032,0
"RE1","MINGAS","COA",2033,0
"RE1","MINGAS","COA",2034,0
"RE1","MINGAS","COA",2035,0
"RE1","MINGAS","COA",2036,0
"RE1","MINGAS","COA",2037,0
"RE1","MINGAS","COA",2038,0
"RE1","MINGAS","COA",2039,0
"RE1","MINGAS","COA",2040,0
"RE1","MINGAS","GAS",2020,57.8166666666667
"RE1","MINGAS","GAS",2021,59.5511666666667
"RE1","MINGAS","GAS",2022,61.3377016666667
"RE1","MINGAS","GAS",2023,63.1778327166667
"RE1","MINGAS","GAS",2024,65.0731676981667
"RE1","MINGAS","GAS",2025,67.0253627117667
"RE1","MINGAS","GAS",2026,69.0361236382167
"RE1","MINGAS","GAS",2027,71.10720729475
"RE1","MINGAS","GAS",2028,73.2404235164833
"RE1","MINGAS","GAS",2029,75.4376362549333
"RE1","MINGAS","GAS",2030,77.7007653125167
"RE1","MINGAS","GAS",2031,80.0317883083167
"RE1","MINGAS","GAS",2032,82.43274195005
"RE1","MINGAS","GAS",2033,84.9057241732833
"RE1","MINGAS","GAS",2034,87.45289593375
"RE1","MINGAS","GAS",2035,90.0764828262167
"RE1","MINGAS","GAS",2036,92.7787772815166
"RE1","MINGAS","GAS",2037,95.5621405901333
"RE1","MINGAS","GAS",2038,98.42900481015
"RE1","MINGAS","GAS",2039,101.381874964283
"RE1","MINGAS","GAS",2040,104.423331236917
"RE1","MINGAS","ELC001",2020,0
"RE1","MINGAS","ELC001",2021,0
"RE1","MINGAS","ELC001",2022,0
"RE1","MINGAS","ELC001",2023,0
"RE1","MINGAS","ELC001",2024,0
"RE1","MINGAS","ELC001",2025,0
"RE1","MINGAS","ELC001",2026,0
"RE1","MINGAS","ELC001",2027,0
"RE1","MINGAS","ELC001",2028,0
"RE1","MINGAS","ELC001",2029,0
"RE1","MINGAS","ELC001",2030,0
"RE1","MINGAS","ELC001",2031,0
"RE1","MINGAS","ELC001",2032,0
"RE1","MINGAS","ELC001",2033,0
"RE1","MINGAS","ELC001",2034,0
"RE1","MINGAS","ELC001",2035,0
"RE1","MINGAS","ELC001",2036,0
"RE1","MINGAS","ELC001",2037,0
"RE1","MINGAS","ELC001",2038,0
"RE1","MINGAS","ELC001",2039,0
"RE1","MINGAS","ELC001",2040,0
"RE1","MINGAS","ELC002",2020,0
"RE1","MINGAS","ELC002",2021,0
"RE1","MINGAS","ELC002",2022,0
"RE1","MINGAS","ELC002",2023,0
"RE1","MINGAS","ELC002",2024,0
"RE1","MINGAS","ELC002",2025,0
"RE1","MINGAS","ELC002",2026,0
"RE1","MINGAS","ELC002",2027,0
"RE1","MINGAS","ELC002",2028,0
"RE1","MINGAS","ELC002",2029,0
"RE1","MINGAS","ELC002",2030,0
"RE1","MINGAS","ELC002",2031,0
"RE1","MINGAS","ELC002",2032,0
"RE1","MINGAS","ELC002",2033,0
"RE1","MINGAS","ELC002",2034,0
"RE1","MINGAS","ELC002",2035,0
"RE1","MINGAS","ELC002",2036,0
"RE1","MINGAS","ELC002",2037,0
"RE1","MINGAS","ELC002",2038,0
"RE1","MINGAS","ELC002",2039,0
"RE1","MINGAS","ELC002",2040,0
"RE1","MINGAS","SOL",2020,0
"RE1","MINGAS","SOL",2021,0
"RE1","MINGAS","SOL",2022,0
"RE1","MINGAS","SOL",2023,0
"RE1","MINGAS","SOL",2024,0
"RE1","MINGAS","SOL",2025,0
"RE1","MINGAS","SOL",2026,0
"RE1","MINGAS","SOL",2027,0
"RE1","MINGAS","SOL",2028,0
"RE1","MINGAS","SOL",2029,0
"RE1","MINGAS","SOL",2030,0
"RE1","MINGAS","SOL",2031,0
"RE1","MINGAS","SOL",2032,0
"RE1","MINGAS","SOL",2033,0
"RE1","MINGAS","SOL",2034,0
"RE1","MINGAS","SOL",2035,0
"RE1","MINGAS","SOL",2036,0
"RE1","MINGAS","SOL",2037,0
"RE1","MINGAS","SOL",2038,0
"RE1","MINGAS","SOL",2039,0
"RE1","MINGAS","SOL",2040,0
"RE1","MINGAS","WND",2020,0
"RE1","MINGAS","WND",2021,0
"RE1","MINGAS","WND",2022,0
"RE1","MINGAS","WND",2023,0
"RE1","MINGAS","WND",2024,0
"RE1","MINGAS","WND",2025,0
"RE1","MINGAS","WND",2026,0
"RE1","MINGAS","WND",2027,0
"RE1","MINGAS","WND",2028,0
"RE1","MINGAS","WND",2029,0
"RE1","MINGAS","WND",2030,0
"RE1","MINGAS","WND",2031,0
"RE1","MINGAS","WND",2032,0
"RE1","MINGAS","WND",2033,0
"RE1","MINGAS","WND",2034,0
"RE1","MINGAS","WND",2035,0
"RE1","MINGAS","WND",2036,0
"RE1","MINGAS","WND",2037,0
"RE1","MINGAS","WND",2038,0
"RE1","MINGAS","WND",2039,0
"RE1","MINGAS","WND",2040,0
"RE1","MINGAS","HYD",2020,0
"RE1","MINGAS","HYD",2021,0
"RE1","MINGAS","HYD",2022,0
"RE1","MINGAS","HYD",2023,0
"RE1","MINGAS","HYD",2024,0
"RE1","MINGAS","HYD",2025,0
"RE1","MINGAS","HYD",2026,0
"RE1","MINGAS","HYD",2027,0
"RE1","MINGAS","HYD",2028,0
"RE1","MINGAS","HYD",2029,0
"RE1","MINGAS","HYD",2030,0
"RE1","MINGAS","HYD",2031,0
"RE1","MINGAS","HYD",2032,0
"RE1","MINGAS","HYD",2033,0
"RE1","MINGAS","HYD",2034,0
"RE1","MINGAS","HYD",2035,0
"RE1","MINGAS","HYD",2036,0
"RE1","MINGAS","HYD",2037,0
"RE1","MINGAS","HYD",2038,0
"RE1","MINGAS","HYD",2039,0
"RE1","MINGAS","HYD",2040,0
"RE1","PWRCOA","COA",2020,0
"RE1","PWRCOA","COA",2021,0
"RE1","PWRCOA","COA",2022,0
"RE1","PWRCOA","COA",2023,0
"RE1","PWRCOA","COA",2024,0
"RE1","PWRCOA","COA",2025,0
"RE1","PWRCOA","COA",2026,0
"RE1","PWRCOA","COA",2027,0
"RE1","PWRCOA","COA",2028,0
"RE1","PWRCOA","COA",2029,0
"RE1","PWRCOA","COA",2030,0
"RE1","PWRCOA","COA",2031,0
"RE1","PWRCOA","COA",2032,0
"RE1","PWRCOA","COA",2033,0
"RE1","PWRCOA","COA",2034,0
"RE1","PWRCOA","COA",2035,0
"RE1","PWRCOA","COA",2036,0
"RE1","PWRCOA","COA",2037,0
"RE1","PWRCOA","COA",2038,0
"RE1","PWRCOA","COA",2039,0
"RE1","PWRCOA","COA",2040,0
"RE1","PWRCOA","GAS",2020,0
"RE1","PWRCOA","GAS",2021,0
"RE1","PWRCOA","GAS",2022,0
"RE1","PWRCOA","GAS",2023,0
"RE1","PWRCOA","GAS",2024,0
"RE1","PWRCOA","GAS",2025,0
"RE1","PWRCOA","GAS",2026,0
"RE1","PWRCOA","GAS",2027,0
"RE1","PWRCOA","GAS",2028,0
"RE1","PWRCOA","GAS",2029,0
"RE1","PWRCOA","GAS",2030,0
"RE1","PWRCOA","GAS",2031,0
"RE1","PWRCOA","GAS",2032,0
"RE1","PWRCOA","GAS",2033,0
"RE1","PWRCOA","GAS",2034,0
"RE1","PWRCOA","GAS",2035,0
"RE1","PWRCOA","GAS",2036,0
"RE1","PWRCOA","GAS",2037,0
"RE1","PWRCOA","GAS",2038,0
"RE1","PWRCOA","GAS",2039,0
"RE1","PWRCOA","GAS",2040,0
"RE1","PWRCOA","ELC001",2020,0
"RE1","PWRCOA","ELC001",2021,0
"RE1","PWRCOA","ELC001",2022,0
"RE1","PWRCOA","ELC001",2023,0
"RE1","PWRCOA","ELC001",2024,0
"RE1","PWRCOA","ELC001",2025,0
"RE1","PWRCOA","ELC001",2026,0
"RE1","PWRCOA","ELC001",2027,0
"RE1","PWRCOA","ELC001",2028,0
"RE1","PWRCOA","ELC001",2029,0
"RE1","PWRCOA","ELC001",2030,0
"RE1","PWRCOA","ELC001",2031,0
"RE1","PWRCOA","ELC001",2032,0
"RE1","PWRCOA","ELC001",2033,0
"RE1","PWRCOA","ELC001",2034,0
"RE1","PWRCOA","ELC001",2035,0
"RE1","PWRCOA","ELC001",2036,0
"RE1","PWRCOA","ELC001",2037,0
"RE1","PWRCOA","ELC001",2038,0
"RE1","PWRCOA","ELC001",2039,0
"RE1","PWRCOA","ELC001",2040,0
"RE1","PWRCOA","ELC002",2020,0
"RE1","PWRCOA","ELC002",2021,0
"RE1","PWRCOA","ELC002",2022,0
"RE1","PWRCOA","ELC002",2023,0
"RE1","PWRCOA","ELC002",2024,0
"RE1","PWRCOA","ELC002",2025,0
"RE1","PWRCOA","ELC002",2026,0
"RE1","PWRCOA","ELC002",2027,0
"RE1","PWRCOA","ELC002",2028,0
"RE1","PWRCOA","ELC002",2029,0
"RE1","PWRCOA","ELC002",2030,0
"RE1","PWRCOA","ELC002",2031,0
"RE1","PWRCOA","ELC002",2032,0
"RE1","PWRCOA","ELC002",2033,0
"RE1","PWRCOA","ELC002",2034,0
"RE1","PWRCOA","ELC002",2035,0
"RE1","PWRCOA","ELC002",2036,0
"RE1","PWRCOA","ELC002",2037,0
"RE1","PWRCOA","ELC002",2038,0
"RE1","PWRCOA","ELC002",2039,0
"RE1","PWRCOA","ELC002",2040,0
"RE1","PWRCOA","SOL",2020,0
"RE1","PWRCOA","SOL",2021,0
"RE1","PWRCOA","SOL",2022,0
"RE1","PWRCOA","SOL",2023,0
"RE1","PWRCOA","SOL",2024,0
"RE1","PWRCOA","SOL",2025,0
"RE1","PWRCOA","SOL",2026,0
"RE1","PWRCOA","SOL",2027,0
"RE1","PWRCOA","SOL",2028,0
"RE1","PWRCOA","SOL",2029,0
"RE1","PWRCOA","SOL",2030,0
"RE1","PWRCOA","SOL",2031,0
"RE1","PWRCOA","SOL",2032,0
"RE1","PWRCOA","SOL",2033,0
"RE1","PWRCOA","SOL",2034,0
"RE1","PWRCOA","SOL",2035,0
"RE1","PWRCOA","SOL",2036,0
"RE1","PWRCOA","SOL",2037,0
"RE1","PWRCOA","SOL",2038,0
"RE1","PWRCOA","SOL",2039,0
"RE1","PWRCOA","SOL",2040,0
"RE1","PWRCOA","WND",2020,0
"RE1","PWRCOA","WND",2021,0
"RE1","PWRCOA","WND",2022,0
"RE1","PWRCOA","WND",2023,0
"RE1","PWRCOA","WND",2024,0
"RE1","PWRCOA","WND",2025,0
"RE1","PWRCOA","WND",2026,0
"RE1","PWRCOA","WND",2027,0
"RE1","PWRCOA","WND",2028,0
"RE1","PWRCOA","WND",2029,0
"RE1","PWRCOA","WND",2030,0
"RE1","PWRCOA","WND",2031,0
"RE1","PWRCOA","WND",2032,0
"RE1","PWRCOA","WND",2033,0
"RE1","PWRCOA","WND",2034,0
"RE1","PWRCOA","WND",2035,0
"RE1","PWRCOA","WND",2036,0
"RE1","PWRCOA","WND",2037,0
"RE1","PWRCOA","WND",2038,0
"RE1","PWRCOA","WND",2039,0
"RE1","PWRCOA","WND",2040,0
"RE1","PWRCOA","HYD",2020,0
"RE1","PWRCOA","HYD",2021,0
"RE1","PWRCOA","HYD",2022,0
"RE1","PWRCOA","HYD",2023,0
"RE1","PWRCOA","HYD",2024,0
"RE1","PWRCOA","HYD",2025,0
"RE1","PWRCOA","HYD",2026,0
"RE1","PWRCOA","HYD",2027,0
"RE1","PWRCOA","HYD",2028,0
"RE1","PWRCOA","HYD",2029,0
"RE1","PWRCOA","HYD",2030,0
"RE1","PWRCOA","HYD",2031,0
"RE1","PWRCOA","HYD",2032,0
"RE1","PWRCOA","HYD",2033,0
"RE1","PWRCOA","HYD",2034,0
"RE1","PWRCOA","HYD",2035,0
"RE1","PWRCOA","HYD",2036,0
"RE1","PWRCOA","HYD",2037,0
"RE1","PWRCOA","HYD",2038,0
"RE1","PWRCOA","HYD",2039,0
"RE1","PWRCOA","HYD",2040,0
"RE1","PWRGAS","COA",2020,0
"RE1","PWRGAS","COA",2021,0
"RE1","PWRGAS","COA",2022,0
"RE1","PWRGAS","COA",2023,0
"RE1","PWRGAS","COA",2024,0
"RE1","PWRGAS","COA",2025,0
"RE1","PWRGAS","COA",2026,0
"RE1","PWRGAS","COA",2027,0
"RE1","PWRGAS","COA",2028,0
"RE1","PWRGAS","COA",2029,0
"RE1","PWRGAS","COA",2030,0
"RE1","PWRGAS","COA",2031,0
"RE1","PWRGAS","COA",2032,0
"RE1","PWRGAS","COA",2033,0
"RE1","PWRGAS","COA",2034,0
"RE1","PWRGAS","COA",2035,0
"RE1","PWRGAS","COA",2036,0
"RE1","PWRGAS","COA",2037,0
"RE1","PWRGAS","COA",2038,0
"RE1","PWRGAS","COA",2039,0
"RE1","PWRGAS","COA",2040,0
"RE1","PWRGAS","GAS",2020,0
"RE1","PWRGAS","GAS",2021,0
"RE1","PWRGAS","GAS",2022,0
"RE1","PWRGAS","GAS",2023,0
"RE1","PWRGAS","GAS",2024,0
"RE1","PWRGAS","GAS",2025,0
"RE1","PWRGAS","GAS",2026,0
"RE1","PWRGAS","GAS",2027,0
"RE1","PWRGAS","GAS",2028,0
"RE1","PWRGAS","GAS",2029,0
"RE1","PWRGAS","GAS",2030,0
"RE1","PWRGAS","GAS",2031,0
"RE1","PWRGAS","GAS",2032,0
"RE1","PWRGAS","GAS",2033,0
"RE1","PWRGAS","GAS",2034,0
"RE1","PWRGAS","GAS",2035,0
"RE1","PWRGAS","GAS",2036,0
"RE1","PWRGAS","GAS",2037,0
"RE1","PWRGAS","GAS",2038,0
"RE1","PWRGAS","GAS",2039,0
"RE1","PWRGAS","GAS",2040,0
"RE1","PWRGAS","ELC001",2020,28.9083333333333
"RE1","PWRGAS","ELC001",2021,29.7755833333333
"RE1","PWRGAS","ELC001",2022,30.6688508333333
"RE1","PWRGAS","ELC001",2023,31.5889163583333
"RE1","PWRGAS","ELC001",2024,32.5365838490833
"RE1","PWRGAS","ELC001",2025,33.5126813558833
"RE1","PWRGAS","ELC001",2026,34.5180618191083
"RE1","PWRGAS","ELC001",2027,35.553603647375
"RE1","PWRGAS","ELC001",2028,36.6202117582417
"RE1","PWRGAS","ELC001",2029,37.7188181274667
"RE1","PWRGAS","ELC001",2030,38.8503826562583
"RE1","PWRGAS","ELC001",2031,40.0158941541583
"RE1","PWRGAS","ELC001",2032,41.216370975025
"RE1","PWRGAS","ELC001",2033,42.4528620866417
"RE1","PWRGAS","ELC001",2034,43.726447966875
"RE1","PWRGAS","ELC001",2035,45.0382414131083
"RE1","PWRGAS","ELC001",2036,46.3893886407583
"RE1","PWRGAS","ELC001",2037,47.7810702950667
"RE1","PWRGAS","ELC001",2038,49.214502405075
"RE1","PWRGAS","ELC001",2039,50.6909374821417
"RE1","PWRGAS","ELC001",2040,52.2116656184583
"RE1","PWRGAS","ELC002",2020,0
"RE1","PWRGAS","ELC002",2021,0
"RE1","PWRGAS","ELC002",2022,0
"RE1","PWRGAS","ELC002",2023,0
"RE1","PWRGAS","ELC002",2024,0
"RE1","PWRGAS","ELC002",2025,0
"RE1","PWRGAS","ELC002",2026,0
"RE1","PWRGAS","ELC002",2027,0
"RE1","PWRGAS","ELC002",2028,0
"RE1","PWRGAS","ELC002",2029,0
"RE1","PWRGAS","ELC002",2030,0
"RE1","PWRGAS","ELC002",2031,0
"RE1","PWRGAS","ELC002",2032,0
"RE1","PWRGAS","ELC002",2033,0
"RE1","PWRGAS","ELC002",2034,0
"RE1","PWRGAS","ELC002",2035,0
"RE1","PWRGAS","ELC002",2036,0
"RE1","PWRGAS","ELC002",2037,0
"RE1","PWRGAS","ELC002",2038,0
"RE1","PWRGAS","ELC002",2039,0
"RE1","PWRGAS","ELC002",2040,0
"RE1","PWRGAS","SOL",2020,0
"RE1","PWRGAS","SOL",2021,0
"RE1","PWRGAS","SOL",2022,0
"RE1","PWRGAS","SOL",2023,0
"RE1","PWRGAS","SOL",2024,0
"RE1","PWRGAS","SOL",2025,0
"RE1","PWRGAS","SOL",2026,0
"RE1","PWRGAS","SOL",2027,0
"RE1","PWRGAS","SOL",2028,0
"RE1","PWRGAS","SOL",2029,0
"RE1","PWRGAS","SOL",2030,0
"RE1","PWRGAS","SOL",2031,0
"RE1","PWRGAS","SOL",2032,0
"RE1","PWRGAS","SOL",2033,0
"RE1","PWRGAS","SOL",2034,0
"RE1","PWRGAS","SOL",2035,0
"RE1","PWRGAS","SOL",2036,0
"RE1","PWRGAS","SOL",2037,0
"RE1","PWRGAS","SOL",2038,0
"RE1","PWRGAS","SOL",2039,0
"RE1","PWRGAS","SOL",2040,0
"RE1","PWRGAS","WND",2020,0
"RE1","PWRGAS","WND",2021,0
"RE1","PWRGAS","WND",2022,0
"RE1","PWRGAS","WND",2023,0
"RE1","PWRGAS","WND",2024,0
"RE1","PWRGAS","WND",2025,0
"RE1","PWRGAS","WND",2026,0
"RE1","PWRGAS","WND",2027,0
"RE1","PWRGAS","WND",2028,0
"RE1","PWRGAS","WND",2029,0
"RE1","PWRGAS","WND",2030,0
"RE1","PWRGAS","WND",2031,0
"RE1","PWRGAS","WND",2032,0
"RE1","PWRGAS","WND",2033,0
"RE1","PWRGAS","WND",2034,0
"RE1","PWRGAS","WND",2035,0
"RE1","PWRGAS","WND",2036,0
"RE1","PWRGAS","WND",2037,0
"RE1","PWRGAS","WND",2038,0
"RE1","PWRGAS","WND",2039,0
"RE1","PWRGAS","WND",2040,0
"RE1","PWRGAS","HYD",2020,0
"RE1","PWRGAS","HYD",2021,0
"RE1","PWRGAS","HYD",2022,0
"RE1","PWRGAS","HYD",2023,0
"RE1","PWRGAS","HYD",2024,0
"RE1","PWRGAS","HYD",2025,0
"RE1","PWRGAS","HYD",2026,0
"RE1","PWRGAS","HYD",2027,0
"RE1","PWRGAS","HYD",2028,0
"RE1","PWRGAS","HYD",2029,0
"RE1","PWRGAS","HYD",2030,0
"RE1","PWRGAS","HYD",2031,0
"RE1","PWRGAS","HYD",2032,0
"RE1","PWRGAS","HYD",2033,0
"RE1","PWRGAS","HYD",2034,0
"RE1","PWRGAS","HYD",2035,0
"RE1","PWRGAS","HYD",2036,0
"RE1","PWRGAS","HYD",2037,0
"RE1","PWRGAS","HYD",2038,0
"RE1","PWRGAS","HYD",2039,0
"RE1","PWRGAS","HYD",2040,0
"RE1","PWRTRN","COA",2020,0
"RE1","PWRTRN","COA",2021,0
"RE1","PWRTRN","COA",2022,0
"RE1","PWRTRN","COA",2023,0
"RE1","PWRTRN","COA",2024,0
"RE1","PWRTRN","COA",2025,0
"RE1","PWRTRN","COA",2026,0
"RE1","PWRTRN","COA",2027,0
"RE1","PWRTRN","COA",2028,0
"RE1","PWRTRN","COA",2029,0
"RE1","PWRTRN","COA",2030,0
"RE1","PWRTRN","COA",2031,0
"RE1","PWRTRN","COA",2032,0
"RE1","PWRTRN","COA",2033,0
"RE1","PWRTRN","COA",2034,0
"RE1","PWRTRN","COA",2035,0
"RE1","PWRTRN","COA",2036,0
"RE1","PWRTRN","COA",2037,0
"RE1","PWRTRN","COA",2038,0
"RE1","PWRTRN","COA",2039,0
"RE1","PWRTRN","COA",2040,0
"RE1","PWRTRN","GAS",2020,0
"RE1","PWRTRN","GAS",2021,0
"RE1","PWRTRN","GAS",2022,0
"RE1","PWRTRN","GAS",2023,0
"RE1","PWRTRN","GAS",2024,0
"RE1","PWRTRN","GAS",2025,0
"RE1","PWRTRN","GAS",2026,0
"RE1","PWRTRN","GAS",2027,0
"RE1","PWRTRN","GAS",2028,0
"RE1","PWRTRN","GAS",2029,0
"RE1","PWRTRN","GAS",2030,0
"RE1","PWRTRN","GAS",2031,0
"RE1","PWRTRN","GAS",2032,0
"RE1","PWRTRN","GAS",2033,0
"RE1","PWRTRN","GAS",2034,0
"RE1","PWRTRN","GAS",2035,0
"RE1","PWRTRN","GAS",2036,0
"RE1","PWRTRN","GAS",2037,0
"RE1","PWRTRN","GAS",2038,0
"RE1","PWRTRN","GAS",2039,0
"RE1","PWRTRN","GAS",2040,0
"RE1","PWRTRN","ELC001",2020,0
"RE1","PWRTRN","ELC001",2021,0
"RE1","PWRTRN","ELC001",2022,0
"RE1","PWRTRN","ELC001",2023,0
"RE1","PWRTRN","ELC001",2024,0
"RE1","PWRTRN","ELC001",2025,0
"RE1","PWRTRN","ELC001",2026,0
"RE1","PWRTRN","ELC001",2027,0
"RE1","PWRTRN","ELC001",2028,0
"RE1","PWRTRN","ELC001",2029,0
"RE1","PWRTRN","ELC001",2030,0
"RE1","PWRTRN","ELC001",2031,0
"RE1","PWRTRN","ELC001",2032,0
"RE1","PWRTRN","ELC001",2033,0
"RE1","PWRTRN","ELC001",2034,0
"RE1","PWRTRN","ELC001",2035,0
"RE1","PWRTRN","ELC001",2036,0
"RE1","PWRTRN","ELC001",2037,0
"RE1","PWRTRN","ELC001",2038,0
"RE1","PWRTRN","ELC001",2039,0
"RE1","PWRTRN","ELC001",2040,0
"RE1","PWRTRN","ELC002",2020,90.1314616755793
"RE1","PWRTRN","ELC002",2021,92.8354055258467
"RE1","PWRTRN","ELC002",2022,95.6204676916221
"RE1","PWRTRN","ELC002",2023,98.4890817223708
"RE1","PWRTRN","ELC002",2024,101.443754174042
"RE1","PWRTRN","ELC002",2025,104.487066772224
"RE1","PWRTRN","ELC002",2026,107.621678845693
"RE1","PWRTRN","ELC002",2027,110.850329129044
"RE1","PWRTRN","ELC002",2028,114.175839007422
"RE1","PWRTRN","ELC002",2029,117.60111422902
"RE1","PWRTRN","ELC002",2030,121.129147609022
"RE1","PWRTRN","ELC002",2031,124.763022094075
"RE1","PWRTRN","ELC002",2032,128.50591274518
"RE1","PWRTRN","ELC002",2033,132.361090072556
"RE1","PWRTRN","ELC002",2034,136.331922829713
"RE1","PWRTRN","ELC002",2035,140.421880537137
"RE1","PWRTRN","ELC002",2036,144.634536907284
"RE1","PWRTRN","ELC002",2037,148.97357299918
"RE1","PWRTRN","ELC002",2038,153.442780192761
"RE1","PWRTRN","ELC002",2039,158.046063613866
"RE1","PWRTRN","ELC002",2040,162.787445559236
"RE1","PWRTRN","SOL",2020,0
"RE1","PWRTRN","SOL",2021,0
"RE1","PWRTRN","SOL",2022,0
"RE1","PWRTRN","SOL",2023,0
"RE1","PWRTRN","SOL",2024,0
"RE1","PWRTRN","SOL",2025,0
"RE1","PWRTRN","SOL",2026,0
"RE1","PWRTRN","SOL",2027,0
"RE1","PWRTRN","SOL",2028,0
"RE1","PWRTRN","SOL",2029,0
"RE1","PWRTRN","SOL",2030,0
"RE1","PWRTRN","SOL",2031,0
"RE1","PWRTRN","SOL",2032,0
"RE1","PWRTRN","SOL",2033,0
"RE1","PWRTRN","SOL",2034,0
"RE1","PWRTRN","SOL",2035,0
"RE1","PWRTRN","SOL",2036,0
"RE1","PWRTRN","SOL",2037,0
"RE1","PWRTRN","SOL",2038,0
"RE1","PWRTRN","SOL",2039,0
"RE1","PWRTRN","SOL",2040,0
"RE1","PWRTRN","WND",2020,0
"RE1","PWRTRN","WND",2021,0
"RE1","PWRTRN","WND",2022,0
"RE1","PWRTRN","WND",2023,0
"RE1","PWRTRN","WND",2024,0
"RE1","PWRTRN","WND",2025,0
"RE1","PWRTRN","WND",2026,0
"RE1","PWRTRN","WND",2027,0
"RE1","PWRTRN","WND",2028,0
"RE1","PWRTRN","WND",2029,0
"RE1","PWRTRN","WND",2030,0
"RE1","PWRTRN","WND",2031,0
"RE1","PWRTRN","WND",2032,0
"RE1","PWRTRN","WND",2033,0
"RE1","PWRTRN","WND",2034,0
"RE1","PWRTRN","WND",2035,0
"RE1","PWRTRN","WND",2036,0
"RE1","PWRTRN","WND",2037,0
"RE1","PWRTRN","WND",2038,0
"RE1","PWRTRN","WND",2039,0
"RE1","PWRTRN","WND",2040,0
"RE1","PWRTRN","HYD",2020,0
"RE1","PWRTRN","HYD",2021,0
"RE1","PWRTRN","HYD",2022,0
"RE1","PWRTRN","HYD",2023,0
"RE1","PWRTRN","HYD",2024,0
"RE1","PWRTRN","HYD",2025,0
"RE1","PWRTRN","HYD",2026,0
"RE1","PWRTRN","HYD",2027,0
"RE1","PWRTRN","HYD",2028,0
"RE1","PWRTRN","HYD",2029,0
"RE1","PWRTRN","HYD",2030,0
"RE1","PWRTRN","HYD",2031,0
"RE1","PWRTRN","HYD",2032,0
"RE1","PWRTRN","HYD",2033,0
"RE1","PWRTRN","HYD",2034,0
"RE1","PWRTRN","HYD",2035,0
"RE1","PWRTRN","HYD",2036,0
"RE1","PWRTRN","HYD",2037,0
"RE1","PWRTRN","HYD",2038,0
"RE1","PWRTRN","HYD",2039,0
"RE1","PWRTRN","HYD",2040,0
"RE1","MINSOL","COA",2020,0
"RE1","MINSOL","COA",2021,0
"RE1","MINSOL","COA",2022,0
"RE1","MINSOL","COA",2023,0
"RE1","MINSOL","COA",2024,0
"RE1","MINSOL","COA",2025,0
"RE1","MINSOL","COA",2026,0
"RE1","MINSOL","COA",2027,0
"RE1","MINSOL","COA",2028,0
"RE1","MINSOL","COA",2029,0
"RE1","MINSOL","COA",2030,0
"RE1","MINSOL","COA",2031,0
"RE1","MINSOL","COA",2032,0
"RE1","MINSOL","COA",2033,0
"RE1","MINSOL","COA",2034,0
"RE1","MINSOL","COA",2035,0
"RE1","MINSOL","COA",2036,0
"RE1","MINSOL","COA",2037,0
"RE1","MINSOL","COA",2038,0
"RE1","MINSOL","COA",2039,0
"RE1","MINSOL","COA",2040,0
"RE1","MINSOL","GAS",2020,0
"RE1","MINSOL","GAS",2021,0
"RE1","MINSOL","GAS",2022,0
"RE1","MINSOL","GAS",2023,0
"RE1","MINSOL","GAS",2024,0
"RE1","MINSOL","GAS",2025,0
"RE1","MINSOL","GAS",2026,0
"RE1","MINSOL","GAS",2027,0
"RE1","MINSOL","GAS",2028,0
"RE1","MINSOL","GAS",2029,0
"RE1","MINSOL","GAS",2030,0
"RE1","MINSOL","GAS",2031,0
"RE1","MINSOL","GAS",2032,0
"RE1","MINSOL","GAS",2033,0
"RE1","MINSOL","GAS",2034,0
"RE1","MINSOL","GAS",2035,0
"RE1","MINSOL","GAS",2036,0
"RE1","MINSOL","GAS",2037,0
"RE1","MINSOL","GAS",2038,0
"RE1","MINSOL","GAS",2039,0
"RE1","MINSOL","GAS",2040,0
"RE1","MINSOL","ELC001",2020,0
"RE1","MINSOL","ELC001",2021,0
"RE1","MINSOL","ELC001",2022,0
"RE1","MINSOL","ELC001",2023,0
"RE1","MINSOL","ELC001",2024,0
"RE1","MINSOL","ELC001",2025,0
"RE1","MINSOL","ELC001",2026,0
"RE1","MINSOL","ELC001",2027,0
"RE1","MINSOL","ELC001",2028,0
"RE1","MINSOL","ELC001",2029,0
"RE1","MINSOL","ELC001",2030,0
"RE1","MINSOL","ELC001",2031,0
"RE1","MINSOL","ELC001",2032,0
"RE1","MINSOL","ELC001",2033,0
"RE1","MINSOL","ELC001",2034,0
"RE1","MINSOL","ELC001",2035,0
"RE1","MINSOL","ELC001",2036,0
"RE1","MINSOL","ELC001",2037,0
"RE1","MINSOL","ELC001",2038,0
"RE1","MINSOL","ELC001",2039,0
"RE1","MINSOL","ELC001",2040,0
"RE1","MINSOL","ELC002",2020,0
"RE1","MINSOL","ELC002",2021,0
"RE1","MINSOL","ELC002",2022,0
"RE1","MINSOL","ELC002",2023,0
"RE1","MINSOL","ELC002",2024,0
"RE1","MINSOL","ELC002",2025,0
"RE1","MINSOL","ELC002",2026,0
"RE1","MINSOL","ELC002",2027,0
"RE1","MINSOL","ELC002",2028,0
"RE1","MINSOL","ELC002",2029,0
"RE1","MINSOL","ELC002",2030,0
"RE1","MINSOL","ELC002",2031,0
"RE1","MINSOL","ELC002",2032,0
"RE1","MINSOL","ELC002",2033,0
"RE1","MINSOL","ELC002",2034,0
"RE1","MINSOL","ELC002",2035,0
"RE1","MINSOL","ELC002",2036,0
"RE1","MINSOL","ELC002",2037,0
"RE1","MINSOL","ELC002",2038,0
"RE1","MINSOL","ELC002",2039,0
"RE1","MINSOL","ELC002",2040,0
"RE1","MINSOL","SOL",2020,9.86853832442069
"RE1","MINSOL","SOL",2021,10.1645944741533
"RE1","MINSOL","SOL",2022,10.4695323083779
"RE1","MINSOL","SOL",2023,10.7836182776292
"RE1","MINSOL","SOL",2024,11.1071268259581
"RE1","MINSOL","SOL",2025,11.4403406277763
"RE1","MINSOL","SOL",2026,11.7835508543071
"RE1","MINSOL","SOL",2027,12.1370573709559
"RE1","MINSOL","SOL",2028,12.501169092578
"RE1","MINSOL","SOL",2029,12.8762041709804
"RE1","MINSOL","SOL",2030,13.2624902909782
"RE1","MINSOL","SOL",2031,13.6603650059247
"RE1","MINSOL","SOL",2032,14.0701759548196
"RE1","MINSOL","SOL",2033,14.4922812274443
"RE1","MINSOL","SOL",2034,14.9270496702874
"RE1","MINSOL","SOL",2035,15.3748611628633
"RE1","MINSOL","SOL",2036,15.8361069927161
"RE1","MINSOL","SOL",2037,16.31119020082
"RE1","MINSOL","SOL",2038,16.8005259072394
"RE1","MINSOL","SOL",2039,17.3045416861342
"RE1","MINSOL","SOL",2040,17.8236779407642
"RE1","MINSOL","WND",2020,0
"RE1","MINSOL","WND",2021,0
"RE1","MINSOL","WND",2022,0
"RE1","MINSOL","WND",2023,0
"RE1","MINSOL","WND",2024,0
"RE1","MINSOL","WND",2025,0
"RE1","MINSOL","WND",2026,0
"RE1","MINSOL","WND",2027,0
"RE1","MINSOL","WND",2028,0
"RE1","MINSOL","WND",2029,0
"RE1","MINSOL","WND",2030,0
"RE1","MINSOL","WND",2031,0
"RE1","MINSOL","WND",2032,0
"RE1","MINSOL","WND",2033,0
"RE1","MINSOL","WND",2034,0
"RE1","MINSOL","WND",2035,0
"RE1","MINSOL","WND",2036,0
"RE1","MINSOL","WND",2037,0
"RE1","MINSOL","WND",2038,0
"RE1","MINSOL","WND",2039,0
"RE1","MINSOL","WND",2040,0
"RE1","MINSOL","HYD",2020,0
"RE1","MINSOL","HYD",2021,0
"RE1","MINSOL","HYD",2022,0
"RE1","MINSOL","HYD",2023,0
"RE1","MINSOL","HYD",2024,0
"RE1","MINSOL","HYD",2025,0
"RE1","MINSOL","HYD",2026,0
"RE1","MINSOL","HYD",2027,0
"RE1","MINSOL","HYD",2028,0
"RE1","MINSOL","HYD",2029,0
"RE1","MINSOL","HYD",2030,0
"RE1","MINSOL","HYD",2031,0
"RE1","MINSOL","HYD",2032,0
"RE1","MINSOL","HYD",2033,0
"RE1","MINSOL","HYD",2034,0
"RE1","MINSOL","HYD",2035,0
"RE1","MINSOL","HYD",2036,0
"RE1","MINSOL","HYD",2037,0
"RE1","MINSOL","HYD",2038,0
"RE1","MINSOL","HYD",2039,0
"RE1","MINSOL","HYD",2040,0
"RE1","MINWND","COA",2020,0
"RE1","MINWND","COA",2021,0
"RE1","MINWND","COA",2022,0
"RE1","MINWND","COA",2023,0
"RE1","MINWND","COA",2024,0
"RE1","MINWND","COA",2025,0
"RE1","MINWND","COA",2026,0
"RE1","MINWND","COA",2027,0
"RE1","MINWND","COA",2028,0
"RE1","MINWND","COA",2029,0
"RE1","MINWND","COA",2030,0
"RE1","MINWND","COA",2031,0
"RE1","MINWND","COA",2032,0
"RE1","MINWND","COA",2033,0
"RE1","MINWND","COA",2034,0
"RE1","MINWND","COA",2035,0
"RE1","MINWND","COA",2036,0
"RE1","MINWND","COA",2037,0
"RE1","MINWND","COA",2038,0
"RE1","MINWND","COA",2039,0
"RE1","MINWND","COA",2040,0
"RE1","MINWND","GAS",2020,0
"RE1","MINWND","GAS",2021,0
"RE1","MINWND","GAS",2022,0
"RE1","MINWND","GAS",2023,0
"RE1","MINWND","GAS",2024,0
"RE1","MINWND","GAS",2025,0
"RE1","MINWND","GAS",2026,0
"RE1","MINWND","GAS",2027,0
"RE1","MINWND","GAS",2028,0
"RE1","MINWND","GAS",2029,0
"RE1","MINWND","GAS",2030,0
"RE1","MINWND","GAS",2031,0
"RE1","MINWND","GAS",2032,0
"RE1","MINWND","GAS",2033,0
"RE1","MINWND","GAS",2034,0
"RE1","MINWND","GAS",2035,0
"RE1","MINWND","GAS",2036,0
"RE1","MINWND","GAS",2037,0
"RE1","MINWND","GAS",2038,0
"RE1","MINWND","GAS",2039,0
"RE1","MINWND","GAS",2040,0
"RE1","MINWND","ELC001",2020,0
"RE1","MINWND","ELC001",2021,0
"RE1","MINWND","ELC001",2022,0
"RE1","MINWND","ELC001",2023,0
"RE1","MINWND","ELC001",2024,0
"RE1","MINWND","ELC001",2025,0
"RE1","MINWND","ELC001",2026,0
"RE1","MINWND","ELC001",2027,0
"RE1","MINWND","ELC001",2028,0
"RE1","MINWND","ELC001",2029,0
"RE1","MINWND","ELC001",2030,0
"RE1","MINWND","ELC001",2031,0
"RE1","MINWND","ELC001",2032,0
"RE1","MINWND","ELC001",2033,0
"RE1","MINWND","ELC001",2034,0
"RE1","MINWND","ELC001",2035,0
"RE1","MINWND","ELC001",2036,0
"RE1","MINWND","ELC001",2037,0
"RE1","MINWND","ELC001",2038,0
"RE1","MINWND","ELC001",2039,0
"RE1","MINWND","ELC001",2040,0
"RE1","MINWND","ELC002",2020,0
"RE1","MINWND","ELC002",2021,0
"RE1","MINWND","ELC002",2022,0
"RE1","MINWND","ELC002",2023,0
"RE1","MINWND","ELC002",2024,0
"RE1","MINWND","ELC002",2025,0
"RE1","MINWND","ELC002",2026,0
"RE1","MINWND","ELC002",2027,0
"RE1","MINWND","ELC002",2028,0
"RE1","MINWND","ELC002",2029,0
"RE1","MINWND","ELC002",2030,0
"RE1","MINWND","ELC002",2031,0
"RE1","MINWND","ELC002",2032,0
"RE1","MINWND","ELC002",2033,0
"RE1","MINWND","ELC002",2034,0
"RE1","MINWND","ELC002",2035,0
"RE1","MINWND","ELC002",2036,0
"RE1","MINWND","ELC002",2037,0
"RE1","MINWND","ELC002",2038,0
"RE1","MINWND","ELC002",2039,0
"RE1","MINWND","ELC002",2040,0
"RE1","MINWND","SOL",2020,0
"RE1","MINWND","SOL",2021,0
"RE1","MINWND","SOL",2022,0
"RE1","MINWND","SOL",2023,0
"RE1","MINWND","SOL",2024,0
"RE1","MINWND","SOL",2025,0
"RE1","MINWND","SOL",2026,0
"RE1","MINWND","SOL",2027,0
"RE1","MINWND","SOL",2028,0
"RE1","MINWND","SOL",2029,0
"RE1","MINWND","SOL",2030,0
"RE1","MINWND","SOL",2031,0
"RE1","MINWND","SOL",2032,0
"RE1","MINWND","SOL",2033,0
"RE1","MINWND","SOL",2034,0
"RE1","MINWND","SOL",2035,0
"RE1","MINWND","SOL",2036,0
"RE1","MINWND","SOL",2037,0
"RE1","MINWND","SOL",2038,0
"RE1","MINWND","SOL",2039,0
"RE1","MINWND","SOL",2040,0
"RE1","MINWND","WND",2020,0
"RE1","MINWND","WND",2021,0
"RE1","MINWND","WND",2022,0
"RE1","MINWND","WND",2023,0
"RE1","MINWND","WND",2024,0
"RE1","MINWND","WND",2025,0
"RE1","MINWND","WND",2026,0
"RE1","MINWND","WND",2027,0
"RE1","MINWND","WND",2028,0
"RE1","MINWND","WND",2029,0
"RE1","MINWND","WND",2030,0
"RE1","MINWND","WND",2031,0
"RE1","MINWND","WND",2032,0
"RE1","MINWND","WND",2033,0
"RE1","MINWND","WND",2034,0
"RE1","MINWND","WND",2035,0
"RE1","MINWND","WND",2036,0
"RE1","MINWND","WND",2037,0
"RE1","MINWND","WND",2038,0
"RE1","MINWND","WND",2039,0
"RE1","MINWND","WND",2040,0
"RE1","MINWND","HYD",2020,0
"RE1","MINWND","HYD",2021,0
"RE1","MINWND","HYD",2022,0
"RE1","MINWND","HYD",2023,0
"RE1","MINWND","HYD",2024,0
"RE1","MINWND","HYD",2025,0
"RE1","MINWND","HYD",2026,0
"RE1","MINWND","HYD",2027,0
"RE1","MINWND","HYD",2028,0
"RE1","MINWND","HYD",2029,0
"RE1","MINWND","HYD",2030,0
"RE1","MINWND","HYD",2031,0
"RE1","MINWND","HYD",2032,0
"RE1","MINWND","HYD",2033,0
"RE1","MINWND","HYD",2034,0
"RE1","MINWND","HYD",2035,0
"RE1","MINWND","HYD",2036,0
"RE1","MINWND","HYD",2037,0
"RE1","MINWND","HYD",2038,0
"RE1","MINWND","HYD",2039,0
"RE1","MINWND","HYD",2040,0
"RE1","PWRSOL","COA",2020,0
"RE1","PWRSOL","COA",2021,0
"RE1","PWRSOL","COA",2022,0
"RE1","PWRSOL","COA",2023,0
"RE1","PWRSOL","COA",2024,0
"RE1","PWRSOL","COA",2025,0
"RE1","PWRSOL","COA",2026,0
"RE1","PWRSOL","COA",2027,0
"RE1","PWRSOL","COA",2028,0
"RE1","PWRSOL","COA",2029,0
"RE1","PWRSOL","COA",2030,0
"RE1","PWRSOL","COA",2031,0
"RE1","PWRSOL","COA",2032,0
"RE1","PWRSOL","COA",2033,0
"RE1","PWRSOL","COA",2034,0
"RE1","PWRSOL","COA",2035,0
"RE1","PWRSOL","COA",2036,0
"RE1","PWRSOL","COA",2037,0
"RE1","PWRSOL","COA",2038,0
"RE1","PWRSOL","COA",2039,0
"RE1","PWRSOL","COA",2040,0
"RE1","PWRSOL","GAS",2020,0
"RE1","PWRSOL","GAS",2021,0
"RE1","PWRSOL","GAS",2022,0
"RE1","PWRSOL","GAS",2023,0
"RE1","PWRSOL","GAS",2024,0
"RE1","PWRSOL","GAS",2025,0
"RE1","PWRSOL","GAS",2026,0
"RE1","PWRSOL","GAS",2027,0
"RE1","PWRSOL","GAS",2028,0
"RE1","PWRSOL","GAS",2029,0
"RE1","PWRSOL","GAS",2030,0
"RE1","PWRSOL","GAS",2031,0
"RE1","PWRSOL","GAS",2032,0
"RE1","PWRSOL","GAS",2033,0
"RE1","PWRSOL","GAS",2034,0
"RE1","PWRSOL","GAS",2035,0
"RE1","PWRSOL","GAS",2036,0
"RE1","PWRSOL","GAS",2037,0
"RE1","PWRSOL","GAS",2038,0
"RE1","PWRSOL","GAS",2039,0
"RE1","PWRSOL","GAS",2040,0
"RE1","PWRSOL","ELC001",2020,0
"RE1","PWRSOL","ELC001",2021,0
"RE1","PWRSOL","ELC001",2022,0
"RE1","PWRSOL","ELC001",2023,0
"RE1","PWRSOL","ELC001",2024,0
"RE1","PWRSOL","ELC001",2025,0
"RE1","PWRSOL","ELC001",2026,0
"RE1","PWRSOL","ELC001",2027,0
"RE1","PWRSOL","ELC001",2028,0
"RE1","PWRSOL","ELC001",2029,0
"RE1","PWRSOL","ELC001",2030,0
"RE1","PWRSOL","ELC001",2031,0
"RE1","PWRSOL","ELC001",2032,0
"RE1","PWRSOL","ELC001",2033,0
"RE1","PWRSOL","ELC001",2034,0
"RE1","PWRSOL","ELC001",2035,0
"RE1","PWRSOL","ELC001",2036,0
"RE1","PWRSOL","ELC001",2037,0
"RE1","PWRSOL","ELC001",2038,0
"RE1","PWRSOL","ELC001",2039,0
"RE1","PWRSOL","ELC001",2040,0
"RE1","PWRSOL","ELC002",2020,9.86853832442069
"RE1","PWRSOL","ELC002",2021,10.1645944741533
"RE1","PWRSOL","ELC002",2022,10.4695323083779
"RE1","PWRSOL","ELC002",2023,10.7836182776292
"RE1","PWRSOL","ELC002",2024,11.1071268259581
"RE1","PWRSOL","ELC002",2025,11.4403406277763
"RE1","PWRSOL","ELC002",2026,11.7835508543071
"RE1","PWRSOL","ELC002",2027,12.1370573709559
"RE1","PWRSOL","ELC002",2028,12.501169092578
"RE1","PWRSOL","ELC002",2029,12.8762041709804
"RE1","PWRSOL","ELC002",2030,13.2624902909782
"RE1","PWRSOL","ELC002",2031,13.6603650059247
"RE1","PWRSOL","ELC002",2032,14.0701759548196
"RE1","PWRSOL","ELC002",2033,14.4922812274443
"RE1","PWRSOL","ELC002",2034,14.9270496702874
"RE1","PWRSOL","ELC002",2035,15.3748611628633
"RE1","PWRSOL","ELC002",2036,15.8361069927161
"RE1","PWRSOL","ELC002",2037,16.31119020082
"RE1","PWRSOL","ELC002",2038,16.8005259072394
"RE1","PWRSOL","ELC002",2039,17.3045416861342
"RE1","PWRSOL","ELC002",2040,17.8236779407642
"RE1","PWRSOL","SOL",2020,0
"RE1","PWRSOL","SOL",2021,0
"RE1","PWRSOL","SOL",2022,0
"RE1","PWRSOL","SOL",2023,0
"RE1","PWRSOL","SOL",2024,0
"RE1","PWRSOL","SOL",2025,0
"RE1","PWRSOL","SOL",2026,0
"RE1","PWRSOL","SOL",2027,0
"RE1","PWRSOL","SOL",2028,0
"RE1","PWRSOL","SOL",2029,0
"RE1","PWRSOL","SOL",2030,0
"RE1","PWRSOL","SOL",2031,0
"RE1","PWRSOL","SOL",2032,0
"RE1","PWRSOL","SOL",2033,0
"RE1","PWRSOL","SOL",2034,0
"RE1","PWRSOL","SOL",2035,0
"RE1","PWRSOL","SOL",2036,0
"RE1","PWRSOL","SOL",2037,0
"RE1","PWRSOL","SOL",2038,0
"RE1","PWRSOL","SOL",2039,0
"RE1","PWRSOL","SOL",2040,0
"RE1","PWRSOL","WND",2020,0
"RE1","PWRSOL","WND",2021,0
"RE1","PWRSOL","WND",2022,0
"RE1","PWRSOL","WND",2023,0
"RE1","PWRSOL","WND",2024,0
"RE1","PWRSOL","WND",2025,0
"RE1","PWRSOL","WND",2026,0
"RE1","PWRSOL","WND",2027,0
"RE1","PWRSOL","WND",2028,0
"RE1","PWRSOL","WND",2029,0
"RE1","PWRSOL","WND",2030,0
"RE1","PWRSOL","WND",2031,0
"RE1","PWRSOL","WND",2032,0
"RE1","PWRSOL","WND",2033,0
"RE1","PWRSOL","WND",2034,0
"RE1","PWRSOL","WND",2035,0
"RE1","PWRSOL","WND",2036,0
"RE1","PWRSOL","WND",2037,0
"RE1","PWRSOL","WND",2038,0
"RE1","PWRSOL","WND",2039,0
"RE1","PWRSOL","WND",2040,0
"RE1","PWRSOL","HYD",2020,0
"RE1","PWRSOL","HYD",2021,0
"RE1","PWRSOL","HYD",2022,0
"RE1","PWRSOL","HYD",2023,0
"RE1","PWRSOL","HYD",2024,0
"RE1","PWRSOL","HYD",2025,0
"RE1","PWRSOL","HYD",2026,0
"RE1","PWRSOL","HYD",2027,0
"RE1","PWRSOL","HYD",2028,0
"RE1","PWRSOL","HYD",2029,0
"RE1","PWRSOL","HYD",2030,0
"RE1","PWRSOL","HYD",2031,0
"RE1","PWRSOL","HYD",2032,0
"RE1","PWRSOL","HYD",2033,0
"RE1","PWRSOL","HYD",2034,0
"RE1","PWRSOL","HYD",2035,0
"RE1","PWRSOL","HYD",2036,0
"RE1","PWRSOL","HYD",2037,0
"RE1","PWRSOL","HYD",2038,0
"RE1","PWRSOL","HYD",2039,0
"RE1","PWRSOL","HYD",2040,0
"RE1","PWRWND","COA",2020,0
"RE1","PWRWND","COA",2021,0
"RE1","PWRWND","COA",2022,0
"RE1","PWRWND","COA",2023,0
"RE1","PWRWND","COA",2024,0
"RE1","PWRWND","COA",2025,0
"RE1","PWRWND","COA",2026,0
"RE1","PWRWND","COA",2027,0
"RE1","PWRWND","COA",2028,0
"RE1","PWRWND","COA",2029,0
"RE1","PWRWND","COA",2030,0
"RE1","PWRWND","COA",2031,0
"RE1","PWRWND","COA",2032,0
"RE1","PWRWND","COA",2033,0
"RE1","PWRWND","COA",2034,0
"RE1","PWRWND","COA",2035,0
"RE1","PWRWND","COA",2036,0
"RE1","PWRWND","COA",2037,0
"RE1","PWRWND","COA",2038,0
"RE1","PWRWND","COA",2039,0
"RE1","PWRWND","COA",2040,0
"RE1","PWRWND","GAS",2020,0
"RE1","PWRWND","GAS",2021,0
"RE1","PWRWND","GAS",2022,0
"RE1","PWRWND","GAS",2023,0
"RE1","PWRWND","GAS",2024,0
"RE1","PWRWND","GAS",2025,0
"RE1","PWRWND","GAS",2026,0
"RE1","PWRWND","GAS",2027,0
"RE1","PWRWND","GAS",2028,0
"RE1","PWRWND","GAS",2029,0
"RE1","PWRWND","GAS",2030,0
"RE1","PWRWND","GAS",2031,0
"RE1","PWRWND","GAS",2032,0
"RE1","PWRWND","GAS",2033,0
"RE1","PWRWND","GAS",2034,0
"RE1","PWRWND","GAS",2035,0
"RE1","PWRWND","GAS",2036,0
"RE1","PWRWND","GAS",2037,0
"RE1","PWRWND","GAS",2038,0
"RE1","PWRWND","GAS",2039,0
"RE1","PWRWND","GAS",2040,0
"RE1","PWRWND","ELC001",2020,0
"RE1","PWRWND","ELC001",2021,0
"RE1","PWRWND","ELC001",2022,0
"RE1","PWRWND","ELC001",2023,0
"RE1","PWRWND","ELC001",2024,0
"RE1","PWRWND","ELC001",2025,0
"RE1","PWRWND","ELC001",2026,0
"RE1","PWRWND","ELC001",2027,0
"RE1","PWRWND","ELC001",2028,0
"RE1","PWRWND","ELC001",2029,0
"RE1","PWRWND","ELC001",2030,0
"RE1","PWRWND","ELC001",2031,0
"RE1","PWRWND","ELC001",2032,0
"RE1","PWRWND","ELC001",2033,0
"RE1","PWRWND","ELC001",2034,0
"RE1","PWRWND","ELC001",2035,0
"RE1","PWRWND","ELC001",2036,0
"RE1","PWRWND","ELC001",2037,0
"RE1","PWRWND","ELC001",2038,0
"RE1","PWRWND","ELC001",2039,0
"RE1","PWRWND","ELC001",2040,0
"RE1","PWRWND","ELC002",2020,0
"RE1","PWRWND","ELC002",2021,0
"RE1","PWRWND","ELC002",2022,0
"RE1","PWRWND","ELC002",2023,0
"RE1","PWRWND","ELC002",2024,0
"RE1","PWRWND","ELC002",2025,0
"RE1","PWRWND","ELC002",2026,0
"RE1","PWRWND","ELC002",2027,0
"RE1","PWRWND","ELC002",2028,0
"RE1","PWRWND","ELC002",2029,0
"RE1","PWRWND","ELC002",2030,0
"RE1","PWRWND","ELC002",2031,0
"RE1","PWRWND","ELC002",2032,0
"RE1","PWRWND","ELC002",2033,0
"RE1","PWRWND","ELC002",2034,0
"RE1","PWRWND","ELC002",2035,0
"RE1","PWRWND","ELC002",2036,0
"RE1","PWRWND","ELC002",2037,0
"RE1","PWRWND","ELC002",2038,0
"RE1","PWRWND","ELC002",2039,0
"RE1","PWRWND","ELC002",2040,0
"RE1","PWRWND","SOL",2020,0
"RE1","PWRWND","SOL",2021,0
"RE1","PWRWND","SOL",2022,0
"RE1","PWRWND","SOL",2023,0
"RE1","PWRWND","SOL",2024,0
"RE1","PWRWND","SOL",2025,0
"RE1","PWRWND","SOL",2026,0
"RE1","PWRWND","SOL",2027,0
"RE1","PWRWND","SOL",2028,0
"RE1","PWRWND","SOL",2029,0
"RE1","PWRWND","SOL",2030,0
"RE1","PWRWND","SOL",2031,0
"RE1","PWRWND","SOL",2032,0
"RE1","PWRWND","SOL",2033,0
"RE1","PWRWND","SOL",2034,0
"RE1","PWRWND","SOL",2035,0
"RE1","PWRWND","SOL",2036,0
"RE1","PWRWND","SOL",2037,0
"RE1","PWRWND","SOL",2038,0
"RE1","PWRWND","SOL",2039,0
"RE1","PWRWND","SOL",2040,0
"RE1","PWRWND","WND",2020,0
"RE1","PWRWND","WND",2021,0
"RE1","PWRWND","WND",2022,0
"RE1","PWRWND","WND",2023,0
"RE1","PWRWND","WND",2024,0
"RE1","PWRWND","WND",2025,0
"RE1","PWRWND","WND",2026,0
"RE1","PWRWND","WND",2027,0
"RE1","PWRWND","WND",2028,0
"RE1","PWRWND","WND",2029,0
"RE1","PWRWND","WND",2030,0
"RE1","PWRWND","WND",2031,0
"RE1","PWRWND","WND",2032,0
"RE1","PWRWND","WND",2033,0
"RE1","PWRWND","WND",2034,0
"RE1","PWRWND","WND",2035,0
"RE1","PWRWND","WND",2036,0
"RE1","PWRWND","WND",2037,0
"RE1","PWRWND","WND",2038,0
"RE1","PWRWND","WND",2039,0
"RE1","PWRWND","WND",2040,0
"RE1","PWRWND","HYD",2020,0
"RE1","PWRWND","HYD",2021,0
"RE1","PWRWND","HYD",2022,0
"RE1","PWRWND","HYD",2023,0
"RE1","PWRWND","HYD",2024,0
"RE1","PWRWND","HYD",2025,0
"RE1","PWRWND","HYD",2026,0
"RE1","PWRWND","HYD",2027,0
"RE1","PWRWND","HYD",2028,0
"RE1","PWRWND","HYD",2029,0
"RE1","PWRWND","HYD",2030,0
"RE1","PWRWND","HYD",2031,0
"RE1","PWRWND","HYD",2032,0
"RE1","PWRWND","HYD",2033,0
"RE1","PWRWND","HYD",2034,0
"RE1","PWRWND","HYD",2035,0
"RE1","PWRWND","HYD",2036,0
"RE1","PWRWND","HYD",2037,0
"RE1","PWRWND","HYD",2038,0
"RE1","PWRWND","HYD",2039,0
"RE1","PWRWND","HYD",2040,0
"RE1","MINHYD","COA",2020,0
"RE1","MINHYD","COA",2021,0
"RE1","MINHYD","COA",2022,0
"RE1","MINHYD","COA",2023,0
"RE1","MINHYD","COA",2024,0
"RE1","MINHYD","COA",2025,0
"RE1","MINHYD","COA",2026,0
"RE1","MINHYD","COA",2027,0
"RE1","MINHYD","COA",2028,0
"RE1","MINHYD","COA",2029,0
"RE1","MINHYD","COA",2030,0
"RE1","MINHYD","COA",2031,0
"RE1","MINHYD","COA",2032,0
"RE1","MINHYD","COA",2033,0
"RE1","MINHYD","COA",2034,0
"RE1","MINHYD","COA",2035,0
"RE1","MINHYD","COA",2036,0
"RE1","MINHYD","COA",2037,0
"RE1","MINHYD","COA",2038,0
"RE1","MINHYD","COA",2039,0
"RE1","MINHYD","COA",2040,0
"RE1","MINHYD","GAS",2020,0
"RE1","MINHYD","GAS",2021,0
"RE1","MINHYD","GAS",2022,0
"RE1","MINHYD","GAS",2023,0
"RE1","MINHYD","GAS",2024,0
"RE1","MINHYD","GAS",2025,0
"RE1","MINHYD","GAS",2026,0
"RE1","MINHYD","GAS",2027,0
"RE1","MINHYD","GAS",2028,0
"RE1","MINHYD","GAS",2029,0
"RE1","MINHYD","GAS",2030,0
"RE1","MINHYD","GAS",2031,0
"RE1","MINHYD","GAS",2032,0
"RE1","MINHYD","GAS",2033,0
"RE1","MINHYD","GAS",2034,0
"RE1","MINHYD","GAS",2035,0
"RE1","MINHYD","GAS",2036,0
"RE1","MINHYD","GAS",2037,0
"RE1","MINHYD","GAS",2038,0
"RE1","MINHYD","GAS",2039,0
"RE1","MINHYD","GAS",2040,0
"RE1","MINHYD","ELC001",2020,0
"RE1","MINHYD","ELC001",2021,0
"RE1","MINHYD","ELC001",2022,0
"RE1","MINHYD","ELC001",2023,0
"RE1","MINHYD","ELC001",2024,0
"RE1","MINHYD","ELC001",2025,0
"RE1","MINHYD","ELC001",2026,0
"RE1","MINHYD","ELC001",2027,0
"RE1","MINHYD","ELC001",2028,0
"RE1","MINHYD","ELC001",2029,0
"RE1","MINHYD","ELC001",2030,0
"RE1","MINHYD","ELC001",2031,0
"RE1","MINHYD","ELC001",2032,0
"RE1","MINHYD","ELC001",2033,0
"RE1","MINHYD","ELC001",2034,0
"RE1","MINHYD","ELC001",2035,0
"RE1","MINHYD","ELC001",2036,0
"RE1","MINHYD","ELC001",2037,0
"RE1","MINHYD","ELC001",2038,0
"RE1","MINHYD","ELC001",2039,0
"RE1","MINHYD","ELC001",2040,0
"RE1","MINHYD","ELC002",2020,0
"RE1","MINHYD","ELC002",2021,0
"RE1","MINHYD","ELC002",2022,0
"RE1","MINHYD","ELC002",2023,0
"RE1","MINHYD","ELC002",2024,0
"RE1","MINHYD","ELC002",2025,0
"RE1","MINHYD","ELC002",2026,0
"RE1","MINHYD","ELC002",2027,0
"RE1","MINHYD","ELC002",2028,0
"RE1","MINHYD","ELC002",2029,0
"RE1","MINHYD","ELC002",2030,0
"RE1","MINHYD","ELC002",2031,0
"RE1","MINHYD","ELC002",2032,0
"RE1","MINHYD","ELC002",2033,0
"RE1","MINHYD","ELC002",2034,0
"RE1","MINHYD","ELC002",2035,0
"RE1","MINHYD","ELC002",2036,0
"RE1","MINHYD","ELC002",2037,0
"RE1","MINHYD","ELC002",2038,0
"RE1","MINHYD","ELC002",2039,0
"RE1","MINHYD","ELC002",2040,0
"RE1","MINHYD","SOL",2020,0
"RE1","MINHYD","SOL",2021,0
"RE1","MINHYD","SOL",2022,0
"RE1","MINHYD","SOL",2023,0
"RE1","MINHYD","SOL",2024,0
"RE1","MINHYD","SOL",2025,0
"RE1","MINHYD","SOL",2026,0
"RE1","MINHYD","SOL",2027,0
"RE1","MINHYD","SOL",2028,0
"RE1","MINHYD","SOL",2029,0
"RE1","MINHYD","SOL",2030,0
"RE1","MINHYD","SOL",2031,0
"RE1","MINHYD","SOL",2032,0
"RE1","MINHYD","SOL",2033,0
"RE1","MINHYD","SOL",2034,0
"RE1","MINHYD","SOL",2035,0
"RE1","MINHYD","SOL",2036,0
"RE1","MINHYD","SOL",2037,0
"RE1","MINHYD","SOL",2038,0
"RE1","MINHYD","SOL",2039,0
"RE1","MINHYD","SOL",2040,0
"RE1","MINHYD","WND",2020,0
"RE1","MINHYD","WND",2021,0
"RE1","MINHYD","WND",2022,0
"RE1","MINHYD","WND",2023,0
"RE1","MINHYD","WND",2024,0
"RE1","MINHYD","WND",2025,0
"RE1","MINHYD","WND",2026,0
"RE1","MINHYD","WND",2027,0
"RE1","MINHYD","WND",2028,0
"RE1","MINHYD","WND",2029,0
"RE1","MINHYD","WND",2030,0
"RE1","MINHYD","WND",2031,0
"RE1","MINHYD","WND",2032,0
"RE1","MINHYD","WND",2033,0
"RE1","MINHYD","WND",2034,0
"RE1","MINHYD","WND",2035,0
"RE1","MINHYD","WND",2036,0
"RE1","MINHYD","WND",2037,0
"RE1","MINHYD","WND",2038,0
"RE1","MINHYD","WND",2039,0
"RE1","MINHYD","WND",2040,0
"RE1","MINHYD","HYD",2020,70.2362745098039
"RE1","MINHYD","HYD",2021,72.343362745098
"RE1","MINHYD","HYD",2022,74.513663627451
"RE1","MINHYD","HYD",2023,76.7490735362745
"RE1","MINHYD","HYD",2024,79.0515457423627
"RE1","MINHYD","HYD",2025,81.4230920935628
"RE1","MINHYD","HYD",2026,83.8657849111539
"RE1","MINHYD","HYD",2027,86.3817583945735
"RE1","MINHYD","HYD",2028,88.9732111499226
"RE1","MINHYD","HYD",2029,91.6424075244549
"RE1","MINHYD","HYD",2030,94.3916797136657
"RE1","MINHYD","HYD",2031,97.2234301493245
"RE1","MINHYD","HYD",2032,100.140133044673
"RE1","MINHYD","HYD",2033,103.14433699317
"RE1","MINHYD","HYD",2034,106.238667145809
"RE1","MINHYD","HYD",2035,109.425827177742
"RE1","MINHYD","HYD",2036,112.708601957254
"RE1","MINHYD","HYD",2037,116.089860004031
"RE1","MINHYD","HYD",2038,119.572555806962
"RE1","MINHYD","HYD",2039,123.159732493111
"RE1","MINHYD","HYD",2040,126.854524496701
"RE1","PWRHYD","COA",2020,0
"RE1","PWRHYD","COA",2021,0
"RE1","PWRHYD","COA",2022,0
"RE1","PWRHYD","COA",2023,0
"RE1","PWRHYD","COA",2024,0
"RE1","PWRHYD","COA",2025,0
"RE1","PWRHYD","COA",2026,0
"RE1","PWRHYD","COA",2027,0
"RE1","PWRHYD","COA",2028,0
"RE1","PWRHYD","COA",2029,0
"RE1","PWRHYD","COA",2030,0
"RE1","PWRHYD","COA",2031,0
"RE1","PWRHYD","COA",2032,0
"RE1","PWRHYD","COA",2033,0
"RE1","PWRHYD","COA",2034,0
"RE1","PWRHYD","COA",2035,0
"RE1","PWRHYD","COA",2036,0
"RE1","PWRHYD","COA",2037,0
"RE1","PWRHYD","COA",2038,0
"RE1","PWRHYD","COA",2039,0
"RE1","PWRHYD","COA",2040,0
"RE1","PWRHYD","GAS",2020,0
"RE1","PWRHYD","GAS",2021,0
"RE1","PWRHYD","GAS",2022,0
"RE1","PWRHYD","GAS",2023,0
"RE1","PWRHYD","GAS",2024,0
"RE1","PWRHYD","GAS",2025,0
"RE1","PWRHYD","GAS",2026,0
"RE1","PWRHYD","GAS",2027,0
"RE1","PWRHYD","GAS",2028,0
"RE1","PWRHYD","GAS",2029,0
"RE1","PWRHYD","GAS",2030,0
"RE1","PWRHYD","GAS",2031,0
"RE1","PWRHYD","GAS",2032,0
"RE1","PWRHYD","GAS",2033,0
"RE1","PWRHYD","GAS",2034,0
"RE1","PWRHYD","GAS",2035,0
"RE1","PWRHYD","GAS",2036,0
"RE1","PWRHYD","GAS",2037,0
"RE1","PWRHYD","GAS",2038,0
"RE1","PWRHYD","GAS",2039,0
"RE1","PWRHYD","GAS",2040,0
"RE1","PWRHYD","ELC001",2020,70.2362745098039
"RE1","PWRHYD","ELC001",2021,72.343362745098
"RE1","PWRHYD","ELC001",2022,74.513663627451
"RE1","PWRHYD","ELC001",2023,76.7490735362745
"RE1","PWRHYD","ELC001",2024,79.0515457423627
"RE1","PWRHYD","ELC001",2025,81.4230920935627
"RE1","PWRHYD","ELC001",2026,83.8657849111539
"RE1","PWRHYD","ELC001",2027,86.3817583945735
"RE1","PWRHYD","ELC001",2028,88.9732111499226
"RE1","PWRHYD","ELC001",2029,91.6424075244549
"RE1","PWRHYD","ELC001",2030,94.3916797136657
"RE1","PWRHYD","ELC001",2031,97.2234301493245
"RE1","PWRHYD","ELC001",2032,100.140133044674
"RE1","PWRHYD","ELC001",2033,103.14433699317
"RE1","PWRHYD","ELC001",2034,106.238667145809
"RE1","PWRHYD","ELC001",2035,109.425827177742
"RE1","PWRHYD","ELC001",2036,112.708601957254
"RE1","PWRHYD","ELC001",2037,116.089860004031
"RE1","PWRHYD","ELC001",2038,119.572555806962
"RE1","PWRHYD","ELC001",2039,123.159732493111
"RE1","PWRHYD","ELC001",2040,126.854524496701
"RE1","PWRHYD","ELC002",2020,0
"RE1","PWRHYD","ELC002",2021,0
"RE1","PWRHYD","ELC002",2022,0
"RE1","PWRHYD","ELC002",2023,0
"RE1","PWRHYD","ELC002",2024,0
"RE1","PWRHYD","ELC002",2025,0
"RE1","PWRHYD","ELC002",2026,0
"RE1","PWRHYD","ELC002",2027,0
"RE1","PWRHYD","ELC002",2028,0
"RE1","PWRHYD","ELC002",2029,0
"RE1","PWRHYD","ELC002",2030,0
"RE1","PWRHYD","ELC002",2031,0
"RE1","PWRHYD","ELC002",2032,0
"RE1","PWRHYD","ELC002",2033,0
"RE1","PWRHYD","ELC002",2034,0
"RE1","PWRHYD","ELC002",2035,0
"RE1","PWRHYD","ELC002",2036,0
"RE1","PWRHYD","ELC002",2037,0
"RE1","PWRHYD","ELC002",2038,0
"RE1","PWRHYD","ELC002",2039,0
"RE1","PWRHYD","ELC002",2040,0
"RE1","PWRHYD","SOL",2020,0
"RE1","PWRHYD","SOL",2021,0
"RE1","PWRHYD","SOL",2022,0
"RE1","PWRHYD","SOL",2023,0
"RE1","PWRHYD","SOL",2024,0
"RE1","PWRHYD","SOL",2025,0
"RE1","PWRHYD","SOL",2026,0
"RE1","PWRHYD","SOL",2027,0
"RE1","PWRHYD","SOL",2028,0
"RE1","PWRHYD","SOL",2029,0
"RE1","PWRHYD","SOL",2030,0
"RE1","PWRHYD","SOL",2031,0
"RE1","PWRHYD","SOL",2032,0
"RE1","PWRHYD","SOL",2033,0
"RE1","PWRHYD","SOL",2034,0
"RE1","PWRHYD","SOL",2035,0
"RE1","PWRHYD","SOL",2036,0
"RE1","PWRHYD","SOL",2037,0
"RE1","PWRHYD","SOL",2038,0
"RE1","PWRHYD","SOL",2039,0
"RE1","PWRHYD","SOL",2040,0
"RE1","PWRHYD","WND",2020,0
"RE1","PWRHYD","WND",2021,0
"RE1","PWRHYD","WND",2022,0
"RE1","PWRHYD","WND",2023,0
"RE1","PWRHYD","WND",2024,0
"RE1","PWRHYD","WND",2025,0
"RE1","PWRHYD","WND",2026,0
"RE1","PWRHYD","WND",2027,0
"RE1","PWRHYD","WND",2028,0
"RE1","PWRHYD","WND",2029,0
"RE1","PWRHYD","WND",2030,0
"RE1","PWRHYD","WND",2031,0
"RE1","PWRHYD","WND",2032,0
"RE1","PWRHYD","WND",2033,0
"RE1","PWRHYD","WND",2034,0
"RE1","PWRHYD","WND",2035,0
"RE1","PWRHYD","WND",2036,0
"RE1","PWRHYD","WND",2037,0
"RE1","PWRHYD","WND",2038,0
"RE1","PWRHYD","WND",2039,0
"RE1","PWRHYD","WND",2040,0
"RE1","PWRHYD","HYD",2020,0
"RE1","PWRHYD","HYD",2021,0
"RE1","PWRHYD","HYD",2022,0
"RE1","PWRHYD","HYD",2023,0
"RE1","PWRHYD","HYD",2024,0
"RE1","PWRHYD","HYD",2025,0
"RE1","PWRHYD","HYD",2026,0
"RE1","PWRHYD","HYD",2027,0
"RE1","PWRHYD","HYD",2028,0
"RE1","PWRHYD","HYD",2029,0
"RE1","PWRHYD","HYD",2030,0
"RE1","PWRHYD","HYD",2031,0
"RE1","PWRHYD","HYD",2032,0
"RE1","PWRHYD","HYD",2033,0
"RE1","PWRHYD","HYD",2034,0
"RE1","PWRHYD","HYD",2035,0
"RE1","PWRHYD","HYD",2036,0
"RE1","PWRHYD","HYD",2037,0
"RE1","PWRHYD","HYD",2038,0
"RE1","PWRHYD","HYD",2039,0
"RE1","PWRHYD","HYD",2040,0
