r,t,y,AnnualFixedOperatingCost
RE1,DEMPWRBIO,2017,0.0
RE1,DEMPWRCOA,2017,0.0
RE1,DEMPWRDSL,2017,0.0
RE1,DEMPWRGEO,2017,0.0
RE1,DEMPWRHFO,2017,0.0
RE1,DEMPWRHYD,2017,0.0
RE1,DEMPWRLPG,2017,0.0
RE1,DEMPWRNGS,2017,0.0
RE1,DEMPWRPCK,2017,0.0
RE1,DEMPWRSOL,2017,0.0
RE1,DEMPWRURN,2017,0.0
RE1,DEMPWRWAS,2017,0.0
RE1,DEMPWRWND,2017,0.0
RE1,DEMRESELCB02,2017,0.0
RE1,DEMRESELCC02,2017,0.0
RE1,DEMRESELCD02,2017,0.0
RE1,DEMRESELCE02,2017,0.0
RE1,DEMRESELCF02,2017,0.0
RE1,DEMRESELCG02,2017,0.0
RE1,DEMRESELCH02,2017,0.0
RE1,DEMRESELCI02,2017,0.0
RE1,DEMRESELCJ02,2017,0.0
RE1,DEMRESELCK02,2017,0.0
RE1,DEMRESELCL02,2017,0.0
RE1,DEMRESELCM02,2017,0.0
RE1,DEMRESELCN02,2017,0.0
RE1,DEMRESELCO02,2017,0.0
RE1,DEMRESELCP02,2017,0.0
RE1,IMPCOA,2017,0.0
RE1,IMPDSL,2017,0.0
RE1,IMPELCB02,2017,0.0
RE1,IMPELCC02,2017,0.0
RE1,IMPELCD02,2017,0.0
RE1,IMPELCE02,2017,0.0
RE1,IMPELCF02,2017,0.0
RE1,IMPELCG02,2017,0.0
RE1,IMPELCH02,2017,0.0
RE1,IMPELCI02,2017,0.0
RE1,IMPELCJ02,2017,0.0
RE1,IMPELCK02,2017,0.0
RE1,IMPELCL02,2017,0.0
RE1,IMPELCM02,2017,0.0
RE1,IMPELCN02,2017,0.0
RE1,IMPELCO02,2017,0.0
RE1,IMPELCP02,2017,0.0
RE1,IMPGSL,2017,0.0
RE1,IMPHFO,2017,0.0
RE1,IMPKER,2017,0.0
RE1,IMPLPG,2017,0.0
RE1,IMPNGS,2017,0.0
RE1,IMPOHC,2017,0.0
RE1,IMPURN,2017,0.0
RE1,MINCOA,2017,0.0
RE1,MINDSL,2017,0.0
RE1,MINGSL,2017,0.0
RE1,MINHFO,2017,0.0
RE1,MINKER,2017,0.0
RE1,MINLPG,2017,0.0
RE1,MINNGS,2017,0.0
RE1,MINOHC,2017,0.0
RE1,PWRBIOA01,2017,1.423
RE1,PWRBIOA02,2017,0.0
RE1,PWRBIOA03,2017,0.5172
RE1,PWRBIOB01,2017,10.1716
RE1,PWRBIOB02,2017,0.0385
RE1,PWRBIOC01,2017,0.7307
RE1,PWRBIOC02,2017,5.5599
RE1,PWRBIOE01,2017,0.4231
RE1,PWRBIOF01,2017,0.7692
RE1,PWRBIOF02,2017,1.724
RE1,PWRBIOG01,2017,0.5603
RE1,PWRBIOH01,2017,0.0
RE1,PWRCOAA01,2017,94.2853
RE1,PWRCOAE01,2017,2.925
RE1,PWRCOAF01,2017,88.244
RE1,PWRCOAF02,2017,0.0
RE1,PWRDSLA01,2017,3.1462
RE1,PWRDSLB01,2017,0.707
RE1,PWRDSLC01,2017,0.8484
RE1,PWRDSLD01,2017,0.36
RE1,PWRDSLD02,2017,0.3535
RE1,PWRDSLE01,2017,0.385
RE1,PWRDSLE02,2017,1.3786
RE1,PWRDSLF01,2017,0.13
RE1,PWRDSLF02,2017,1.2019
RE1,PWRDSLG01,2017,2.11
RE1,PWRDSLG02,2017,0.1414
RE1,PWRDSLH01,2017,0.445
RE1,PWRDSLH02,2017,0.1768
RE1,PWRDSLI01,2017,1.695
RE1,PWRDSLI02,2017,0.1414
RE1,PWRDSLJ01,2017,0.601
RE1,PWRDSLJ02,2017,0.3
RE1,PWRGEOA01,2017,0.0
RE1,PWRGEOB01,2017,7.2519
RE1,PWRGEOC01,2017,29.2178
RE1,PWRGEOD01,2017,0.0
RE1,PWRGEOH01,2017,59.907
RE1,PWRGEOJ01,2017,1.051
RE1,PWRHFOA01,2017,0.37
RE1,PWRHFOB01,2017,77.7
RE1,PWRHFOC01,2017,0.8597
RE1,PWRHFOD01,2017,29.6
RE1,PWRHFOE01,2017,22.94
RE1,PWRHFOG01,2017,13.246
RE1,PWRHFOI01,2017,4.218
RE1,PWRHFOI02,2017,15.9296
RE1,PWRHFOJ01,2017,1.2137
RE1,PWRHFOP01,2017,1.369
RE1,PWRHYDA01,2017,6.3174
RE1,PWRHYDB01,2017,170.5415
RE1,PWRHYDC01,2017,92.5275
RE1,PWRHYDD01,2017,25.6779
RE1,PWRHYDE01,2017,1.2798
RE1,PWRHYDF01,2017,3.2131
RE1,PWRHYDH01,2017,0.0
RE1,PWRHYDP01,2017,41.9887
RE1,PWRLPGB01,2017,5.175
RE1,PWRNGSA01,2017,3.6526
RE1,PWRNGSA02,2017,23.6558
RE1,PWRNGSA03,2017,7.4943
RE1,PWRNGSA04,2017,10.2224
RE1,PWRNGSA05,2017,3.2558
RE1,PWRNGSB01,2017,79.675
RE1,PWRNGSB02,2017,1.9544
RE1,PWRNGSB03,2017,0.06
RE1,PWRNGSB04,2017,25.9829
RE1,PWRNGSB05,2017,3.1651
RE1,PWRNGSB06,2017,6.5155
RE1,PWRNGSC01,2017,95.8818
RE1,PWRNGSC02,2017,55.0966
RE1,PWRNGSC03,2017,3.7108
RE1,PWRNGSC04,2017,2.2855
RE1,PWRNGSC05,2017,0.3192
RE1,PWRNGSC06,2017,6.1132
RE1,PWRNGSD01,2017,47.7188
RE1,PWRNGSD02,2017,32.1009
RE1,PWRNGSD03,2017,0.0
RE1,PWRNGSD04,2017,0.9576
RE1,PWRNGSE01,2017,0.5714
RE1,PWRNGSE02,2017,61.8184
RE1,PWRNGSE03,2017,11.6983
RE1,PWRNGSE04,2017,0.9459
RE1,PWRNGSE05,2017,0.0
RE1,PWRNGSE06,2017,0.2992
RE1,PWRNGSF01,2017,38.4268
RE1,PWRNGSF02,2017,4.1972
RE1,PWRNGSF03,2017,180.614
RE1,PWRNGSF04,2017,4.42
RE1,PWRNGSF05,2017,3.1287
RE1,PWRNGSF06,2017,6.3521
RE1,PWRNGSF07,2017,0.855
RE1,PWRNGSG01,2017,27.5762
RE1,PWRNGSG02,2017,0.0
RE1,PWRNGSG03,2017,0.415
RE1,PWRNGSG04,2017,0.0364
RE1,PWRNGSH01,2017,11.8464
RE1,PWRNGSH02,2017,1.8423
RE1,PWRNGSH03,2017,34.5401
RE1,PWRNGSH04,2017,0.7342
RE1,PWRNGSI01,2017,0.0
RE1,PWRNGSP01,2017,1.4808
RE1,PWRPCKF01,2017,20.3
RE1,PWRSOLA01,2017,0.5136
RE1,PWRSOLA02,2017,0.0
RE1,PWRSOLA03,2017,0.0107
RE1,PWRSOLB01,2017,0.0
RE1,PWRSOLB02,2017,0.0
RE1,PWRSOLC01,2017,0.0642
RE1,PWRSOLC02,2017,0.0
RE1,PWRSOLC03,2017,0.0
RE1,PWRSOLC04,2017,0.0
RE1,PWRSOLD01,2017,0.0321
RE1,PWRSOLD02,2017,0.0
RE1,PWRSOLD03,2017,0.0
RE1,PWRSOLD04,2017,0.0
RE1,PWRSOLD05,2017,0.0
RE1,PWRSOLE01,2017,1.2305
RE1,PWRSOLE02,2017,0.0
RE1,PWRSOLE03,2017,0.0428
RE1,PWRSOLE04,2017,0.1284
RE1,PWRSOLF01,2017,0.0
RE1,PWRSOLF02,2017,0.0
RE1,PWRSOLF03,2017,0.0
RE1,PWRSOLF04,2017,0.0
RE1,PWRSOLG01,2017,0.0
RE1,PWRSOLG02,2017,0.0
RE1,PWRSOLG03,2017,0.0
RE1,PWRSOLG04,2017,0.0
RE1,PWRSOLH01,2017,0.0642
RE1,PWRSOLH02,2017,0.0
RE1,PWRSOLH03,2017,0.0
RE1,PWRSOLI01,2017,0.321
RE1,PWRSOLJ01,2017,0.0107
RE1,PWRSOLK01,2017,0.0
RE1,PWRSOLL01,2017,0.0
RE1,PWRSOLM01,2017,0.0
RE1,PWRSOLN01,2017,0.0
RE1,PWRSOLO01,2017,0.0
RE1,PWRTRNA01,2017,0.0
RE1,PWRTRNB01,2017,0.0
RE1,PWRTRNBA1,2017,0.0
RE1,PWRTRNBG1,2017,0.0
RE1,PWRTRNC01,2017,0.0
RE1,PWRTRNCA1,2017,0.0
RE1,PWRTRNCP1,2017,0.0
RE1,PWRTRND01,2017,0.0
RE1,PWRTRNDC1,2017,0.0
RE1,PWRTRNDE1,2017,0.0
RE1,PWRTRNDH1,2017,0.0
RE1,PWRTRNDJ1,2017,0.0
RE1,PWRTRNE01,2017,0.0
RE1,PWRTRNEC1,2017,0.0
RE1,PWRTRNED1,2017,0.0
RE1,PWRTRNEF1,2017,0.0
RE1,PWRTRNF01,2017,0.0
RE1,PWRTRNFB1,2017,0.0
RE1,PWRTRNFC1,2017,0.0
RE1,PWRTRNFE1,2017,0.0
RE1,PWRTRNG01,2017,0.0
RE1,PWRTRNH01,2017,0.0
RE1,PWRTRNI01,2017,0.0
RE1,PWRTRNJ01,2017,0.0
RE1,PWRTRNJI1,2017,0.0
RE1,PWRTRNP01,2017,0.0
RE1,PWRTRNPA1,2017,0.0
RE1,PWRTRNPB1,2017,0.0
RE1,PWRTRNPC1,2017,0.0
RE1,PWRURNB01,2017,0.0
RE1,PWRURNF01,2017,0.0
RE1,PWRWASA01,2017,0.0
RE1,PWRWASB01,2017,0.0
RE1,PWRWASC01,2017,0.0
RE1,PWRWASD01,2017,0.0
RE1,PWRWASE01,2017,0.0
RE1,PWRWASF01,2017,0.0
RE1,PWRWASG01,2017,0.0
RE1,PWRWASH01,2017,0.0
RE1,PWRWASI01,2017,0.0
RE1,PWRWNDB01,2017,0.0
RE1,PWRWNDC01,2017,0.0
RE1,PWRWNDD01,2017,0.0
RE1,PWRWNDE01,2017,0.0
RE1,PWRWNDF01,2017,0.0
RE1,PWRWNDG01,2017,0.0
RE1,PWRWNDH01,2017,0.0
RE1,PWRWNDI01,2017,0.0
RE1,PWRWNDJ01,2017,0.0
RE1,RNWBIO,2017,0.0
RE1,RNWGEO,2017,0.0
RE1,RNWSOL,2017,0.0
RE1,RNWWND,2017,0.0
