r,t,f,y,InputToNewCapacity
RE1,DEMPWRBIO,BIO,2017,0
RE1,DEMPWRCOA,COA,2017,0
RE1,DEMPWRDSL,DSL,2017,0
RE1,DEMPWRGEO,GEO,2017,0
RE1,DEMPWRHFO,HFO,2017,0
RE1,DEMPWRHYD,HYD,2017,0
RE1,DEMPWRLPG,LPG,2017,0
RE1,DEMPWRNGS,NGS,2017,0
RE1,DEMPWRPCK,PCK,2017,0
RE1,DEMPWRSOL,SOL,2017,0
RE1,DEMPWRURN,URN,2017,0
RE1,DEMPWRWAS,WAS,2017,0
RE1,DEMPWRWND,WND,2017,0
RE1,DEMRESELCB02,ELCB02,2017,0
RE1,DEMRESELCC02,ELCC02,2017,0
RE1,DEMRESELCD02,ELCD02,2017,0
RE1,DEMRESELCE02,ELCE02,2017,0
RE1,DEMRESELCF02,ELCF02,2017,0
RE1,DEMRESELCG02,ELCG02,2017,0
RE1,DEMRESELCH02,ELCH02,2017,0
RE1,DEMRESELCI02,ELCI02,2017,0
RE1,DEMRESELCJ02,ELCJ02,2017,0
RE1,DEMRESELCK02,ELCK02,2017,0
RE1,DEMRESELCL02,ELCL02,2017,0
RE1,DEMRESELCM02,ELCM02,2017,0
RE1,DEMRESELCN02,ELCN02,2017,0
RE1,DEMRESELCO02,ELCO02,2017,0
RE1,DEMRESELCP02,ELCP02,2017,0
RE1,PWRBIOA01,PWRBIO,2017,0
RE1,PWRBIOA02,PWRBIO,2017,0
RE1,PWRBIOA03,PWRBIO,2017,0
RE1,PWRBIOB01,PWRBIO,2017,0
RE1,PWRBIOB02,PWRBIO,2017,0
RE1,PWRBIOC01,PWRBIO,2017,0
RE1,PWRBIOC02,PWRBIO,2017,0
RE1,PWRBIOE01,PWRBIO,2017,0
RE1,PWRBIOF01,PWRBIO,2017,0
RE1,PWRBIOF02,PWRBIO,2017,0
RE1,PWRBIOG01,PWRBIO,2017,0
RE1,PWRBIOH01,PWRBIO,2017,0
RE1,PWRCOAA01,PWRCOA,2017,0
RE1,PWRCOAE01,PWRCOA,2017,0
RE1,PWRCOAF01,PWRCOA,2017,0
RE1,PWRCOAF02,PWRCOA,2017,0
RE1,PWRDSLA01,PWRDSL,2017,0
RE1,PWRDSLB01,PWRDSL,2017,0
RE1,PWRDSLC01,PWRDSL,2017,0
RE1,PWRDSLD01,PWRDSL,2017,0
RE1,PWRDSLD02,PWRDSL,2017,0
RE1,PWRDSLE01,PWRDSL,2017,0
RE1,PWRDSLE02,PWRDSL,2017,0
RE1,PWRDSLF01,PWRDSL,2017,0
RE1,PWRDSLF02,PWRDSL,2017,0
RE1,PWRDSLG01,PWRDSL,2017,0
RE1,PWRDSLG02,PWRDSL,2017,0
RE1,PWRDSLH01,PWRDSL,2017,0
RE1,PWRDSLH02,PWRDSL,2017,0
RE1,PWRDSLI01,PWRDSL,2017,0
RE1,PWRDSLI02,PWRDSL,2017,0
RE1,PWRDSLJ01,PWRDSL,2017,0
RE1,PWRDSLJ02,PWRDSL,2017,0
RE1,PWRGEOA01,PWRGEO,2017,0
RE1,PWRGEOB01,PWRGEO,2017,0
RE1,PWRGEOC01,PWRGEO,2017,0
RE1,PWRGEOD01,PWRGEO,2017,0
RE1,PWRGEOH01,PWRGEO,2017,0
RE1,PWRGEOJ01,PWRGEO,2017,0
RE1,PWRHFOA01,PWRHFO,2017,0
RE1,PWRHFOB01,PWRHFO,2017,0
RE1,PWRHFOC01,PWRHFO,2017,0
RE1,PWRHFOD01,PWRHFO,2017,0
RE1,PWRHFOE01,PWRHFO,2017,0
RE1,PWRHFOG01,PWRHFO,2017,0
RE1,PWRHFOI01,PWRHFO,2017,0
RE1,PWRHFOI02,PWRHFO,2017,0
RE1,PWRHFOJ01,PWRHFO,2017,0
RE1,PWRHFOP01,PWRHFO,2017,0
RE1,PWRHYDA01,PWRHYD,2017,0
RE1,PWRHYDB01,PWRHYD,2017,0
RE1,PWRHYDC01,PWRHYD,2017,0
RE1,PWRHYDD01,PWRHYD,2017,0
RE1,PWRHYDE01,PWRHYD,2017,0
RE1,PWRHYDF01,PWRHYD,2017,0
RE1,PWRHYDH01,PWRHYD,2017,0
RE1,PWRHYDP01,PWRHYD,2017,0
RE1,PWRLPGB01,PWRLPG,2017,0
RE1,PWRNGSA01,PWRNGS,2017,0
RE1,PWRNGSA02,PWRNGS,2017,0
RE1,PWRNGSA03,PWRNGS,2017,0
RE1,PWRNGSA04,PWRNGS,2017,0
RE1,PWRNGSA05,PWRNGS,2017,0
RE1,PWRNGSB01,PWRNGS,2017,0
RE1,PWRNGSB02,PWRNGS,2017,0
RE1,PWRNGSB03,PWRNGS,2017,0
RE1,PWRNGSB04,PWRNGS,2017,0
RE1,PWRNGSB05,PWRNGS,2017,0
RE1,PWRNGSB06,PWRNGS,2017,0
RE1,PWRNGSC01,PWRNGS,2017,0
RE1,PWRNGSC02,PWRNGS,2017,0
RE1,PWRNGSC03,PWRNGS,2017,0
RE1,PWRNGSC04,PWRNGS,2017,0
RE1,PWRNGSC05,PWRNGS,2017,0
RE1,PWRNGSC06,PWRNGS,2017,0
RE1,PWRNGSD01,PWRNGS,2017,0
RE1,PWRNGSD02,PWRNGS,2017,0
RE1,PWRNGSD03,PWRNGS,2017,0
RE1,PWRNGSD04,PWRNGS,2017,0
RE1,PWRNGSE01,PWRNGS,2017,0
RE1,PWRNGSE02,PWRNGS,2017,0
RE1,PWRNGSE03,PWRNGS,2017,0
RE1,PWRNGSE04,PWRNGS,2017,0
RE1,PWRNGSE05,PWRNGS,2017,0
RE1,PWRNGSE06,PWRNGS,2017,0
RE1,PWRNGSF01,PWRNGS,2017,0
RE1,PWRNGSF02,PWRNGS,2017,0
RE1,PWRNGSF03,PWRNGS,2017,0
RE1,PWRNGSF04,PWRNGS,2017,0
RE1,PWRNGSF05,PWRNGS,2017,0
RE1,PWRNGSF06,PWRNGS,2017,0
RE1,PWRNGSF07,PWRNGS,2017,0
RE1,PWRNGSG01,PWRNGS,2017,0
RE1,PWRNGSG02,PWRNGS,2017,0
RE1,PWRNGSG03,PWRNGS,2017,0
RE1,PWRNGSG04,PWRNGS,2017,0
RE1,PWRNGSH01,PWRNGS,2017,0
RE1,PWRNGSH02,PWRNGS,2017,0
RE1,PWRNGSH03,PWRNGS,2017,0
RE1,PWRNGSH04,PWRNGS,2017,0
RE1,PWRNGSI01,PWRNGS,2017,0
RE1,PWRNGSP01,PWRNGS,2017,0
RE1,PWRPCKF01,PWRPCK,2017,0
RE1,PWRSOLA01,PWRSOL,2017,0
RE1,PWRSOLA02,PWRSOL,2017,0
RE1,PWRSOLA03,PWRSOL,2017,0
RE1,PWRSOLB01,PWRSOL,2017,0
RE1,PWRSOLB02,PWRSOL,2017,0
RE1,PWRSOLC01,PWRSOL,2017,0
RE1,PWRSOLC02,PWRSOL,2017,0
RE1,PWRSOLC03,PWRSOL,2017,0
RE1,PWRSOLC04,PWRSOL,2017,0
RE1,PWRSOLD01,PWRSOL,2017,0
RE1,PWRSOLD02,PWRSOL,2017,0
RE1,PWRSOLD03,PWRSOL,2017,0
RE1,PWRSOLD04,PWRSOL,2017,0
RE1,PWRSOLD05,PWRSOL,2017,0
RE1,PWRSOLE01,PWRSOL,2017,0
RE1,PWRSOLE02,PWRSOL,2017,0
RE1,PWRSOLE03,PWRSOL,2017,0
RE1,PWRSOLE04,PWRSOL,2017,0
RE1,PWRSOLF01,PWRSOL,2017,0
RE1,PWRSOLF02,PWRSOL,2017,0
RE1,PWRSOLF03,PWRSOL,2017,0
RE1,PWRSOLF04,PWRSOL,2017,0
RE1,PWRSOLG01,PWRSOL,2017,0
RE1,PWRSOLG02,PWRSOL,2017,0
RE1,PWRSOLG03,PWRSOL,2017,0
RE1,PWRSOLG04,PWRSOL,2017,0
RE1,PWRSOLH01,PWRSOL,2017,0
RE1,PWRSOLH02,PWRSOL,2017,0
RE1,PWRSOLH03,PWRSOL,2017,0
RE1,PWRSOLI01,PWRSOL,2017,0
RE1,PWRSOLJ01,PWRSOL,2017,0
RE1,PWRSOLK01,PWRSOL,2017,0
RE1,PWRSOLL01,PWRSOL,2017,0
RE1,PWRSOLM01,PWRSOL,2017,0
RE1,PWRSOLN01,PWRSOL,2017,0
RE1,PWRSOLO01,PWRSOL,2017,0
RE1,PWRTRNA01,ELCA01,2017,0
RE1,PWRTRNB01,ELCB01,2017,0
RE1,PWRTRNBA1,ELCB02,2017,0
RE1,PWRTRNBG1,ELCB02,2017,0
RE1,PWRTRNC01,ELCC01,2017,0
RE1,PWRTRNCA1,ELCC02,2017,0
RE1,PWRTRNCP1,ELCC02,2017,0
RE1,PWRTRND01,ELCD01,2017,0
RE1,PWRTRNDC1,ELCD02,2017,0
RE1,PWRTRNDE1,ELCD02,2017,0
RE1,PWRTRNDH1,ELCD02,2017,0
RE1,PWRTRNDJ1,ELCD02,2017,0
RE1,PWRTRNE01,ELCE01,2017,0
RE1,PWRTRNEC1,ELCE02,2017,0
RE1,PWRTRNED1,ELCE02,2017,0
RE1,PWRTRNEF1,ELCE02,2017,0
RE1,PWRTRNF01,ELCF01,2017,0
RE1,PWRTRNFB1,ELCF02,2017,0
RE1,PWRTRNFC1,ELCF02,2017,0
RE1,PWRTRNFE1,ELCF02,2017,0
RE1,PWRTRNG01,ELCG01,2017,0
RE1,PWRTRNH01,ELCH01,2017,0
RE1,PWRTRNI01,ELCI01,2017,0
RE1,PWRTRNJ01,ELCJ01,2017,0
RE1,PWRTRNJI1,ELCJ02,2017,0
RE1,PWRTRNP01,ELCP01,2017,0
RE1,PWRTRNPA1,ELCP02,2017,0
RE1,PWRTRNPB1,ELCP02,2017,0
RE1,PWRTRNPC1,ELCP02,2017,0
RE1,PWRURNB01,PWRURN,2017,0
RE1,PWRURNF01,PWRURN,2017,0
RE1,PWRWASA01,PWRWAS,2017,0
RE1,PWRWASB01,PWRWAS,2017,0
RE1,PWRWASC01,PWRWAS,2017,0
RE1,PWRWASD01,PWRWAS,2017,0
RE1,PWRWASE01,PWRWAS,2017,0
RE1,PWRWASF01,PWRWAS,2017,0
RE1,PWRWASG01,PWRWAS,2017,0
RE1,PWRWASH01,PWRWAS,2017,0
RE1,PWRWASI01,PWRWAS,2017,0
RE1,PWRWNDB01,PWRWND,2017,0
RE1,PWRWNDC01,PWRWND,2017,0
RE1,PWRWNDD01,PWRWND,2017,0
RE1,PWRWNDE01,PWRWND,2017,0
RE1,PWRWNDF01,PWRWND,2017,0
RE1,PWRWNDG01,PWRWND,2017,0
RE1,PWRWNDH01,PWRWND,2017,0
RE1,PWRWNDI01,PWRWND,2017,0
RE1,PWRWNDJ01,PWRWND,2017,0
