r,t,f,y,ProductionByTechnologyAnnual
RE1,DEMPWRBIO,PWRBIO,2017,0.0
RE1,DEMPWRCOA,PWRCOA,2017,0.0
RE1,DEMPWRDSL,PWRDSL,2017,0.0
RE1,DEMPWRGEO,PWRGEO,2017,0.0
RE1,DEMPWRHFO,PWRHFO,2017,0.0
RE1,DEMPWRHYD,PWRHYD,2017,0.0
RE1,DEMPWRLPG,PWRLPG,2017,0.0
RE1,DEMPWRNGS,PWRNGS,2017,0.0
RE1,DEMPWRPCK,PWRPCK,2017,0.0
RE1,DEMPWRSOL,PWRSOL,2017,0.0
RE1,DEMPWRURN,PWRURN,2017,0.0
RE1,DEMPWRWAS,PWRWAS,2017,0.0
RE1,DEMPWRWND,PWRWND,2017,0.0
RE1,DEMRESELCB02,RESELCB02,2017,174.77
RE1,DEMRESELCC02,RESELCC02,2017,241.11
RE1,DEMRESELCD02,RESELCD02,2017,88.27
RE1,DEMRESELCE02,RESELCE02,2017,93.98
RE1,DEMRESELCF02,RESELCF02,2017,196.26
RE1,DEMRESELCG02,RESELCG02,2017,45.88
RE1,DEMRESELCH02,RESELCH02,2017,50.27
RE1,DEMRESELCI02,RESELCI02,2017,9.57
RE1,DEMRESELCJ02,RESELCJ02,2017,0.57
RE1,DEMRESELCK02,RESELCK02,2017,23.68
RE1,DEMRESELCL02,RESELCL02,2017,15.54
RE1,DEMRESELCM02,RESELCM02,2017,42.21
RE1,DEMRESELCN02,RESELCN02,2017,61.97
RE1,DEMRESELCO02,RESELCO02,2017,58.85
RE1,DEMRESELCP02,RESELCP02,2017,15.54
RE1,IMPCOA,COA,2017,0.0
RE1,IMPDSL,DSL,2017,0.0
RE1,IMPELCB02,ELCB02,2017,174.77
RE1,IMPELCC02,ELCC02,2017,241.11
RE1,IMPELCD02,ELCD02,2017,88.27
RE1,IMPELCE02,ELCE02,2017,93.98
RE1,IMPELCF02,ELCF02,2017,196.26
RE1,IMPELCG02,ELCG02,2017,45.88
RE1,IMPELCH02,ELCH02,2017,50.27
RE1,IMPELCI02,ELCI02,2017,9.57
RE1,IMPELCJ02,ELCJ02,2017,0.57
RE1,IMPELCK02,ELCK02,2017,23.68
RE1,IMPELCL02,ELCL02,2017,15.54
RE1,IMPELCM02,ELCM02,2017,42.21
RE1,IMPELCN02,ELCN02,2017,61.97
RE1,IMPELCO02,ELCO02,2017,58.85
RE1,IMPELCP02,ELCP02,2017,15.54
RE1,IMPGSL,GSL,2017,0.0
RE1,IMPHFO,HFO,2017,0.0
RE1,IMPKER,KER,2017,0.0
RE1,IMPLPG,LPG,2017,0.0
RE1,IMPNGS,NGS,2017,0.0
RE1,IMPOHC,OHC,2017,0.0
RE1,IMPURN,URN,2017,0.0
RE1,MINCOA,COA,2017,0.0
RE1,MINDSL,DSL,2017,0.0
RE1,MINGSL,GSL,2017,0.0
RE1,MINHFO,HFO,2017,0.0
RE1,MINKER,KER,2017,0.0
RE1,MINLPG,LPG,2017,0.0
RE1,MINNGS,NGS,2017,0.0
RE1,MINOHC,OHC,2017,0.0
RE1,PWRBIOA01,ELCA01,2017,0.0
RE1,PWRBIOA02,ELCA01,2017,0.0
RE1,PWRBIOA03,ELCA01,2017,0.0
RE1,PWRBIOB01,ELCB01,2017,0.0
RE1,PWRBIOB02,ELCB01,2017,0.0
RE1,PWRBIOC01,ELCC01,2017,0.0
RE1,PWRBIOC02,ELCC01,2017,0.0
RE1,PWRBIOE01,ELCE01,2017,0.0
RE1,PWRBIOF01,ELCF01,2017,0.0
RE1,PWRBIOF02,ELCF01,2017,0.0
RE1,PWRBIOG01,ELCG01,2017,0.0
RE1,PWRBIOH01,ELCH01,2017,0.0
RE1,PWRCOAA01,ELCA01,2017,0.0
RE1,PWRCOAE01,ELCE01,2017,0.0
RE1,PWRCOAF01,ELCF01,2017,0.0
RE1,PWRCOAF02,ELCF01,2017,0.0
RE1,PWRDSLA01,ELCA01,2017,0.0
RE1,PWRDSLB01,ELCB01,2017,0.0
RE1,PWRDSLC01,ELCC01,2017,0.0
RE1,PWRDSLD01,ELCD01,2017,0.0
RE1,PWRDSLD02,ELCD01,2017,0.0
RE1,PWRDSLE01,ELCE01,2017,0.0
RE1,PWRDSLE02,ELCE01,2017,0.0
RE1,PWRDSLF01,ELCF01,2017,0.0
RE1,PWRDSLF02,ELCF01,2017,0.0
RE1,PWRDSLG01,ELCG01,2017,0.0
RE1,PWRDSLG02,ELCG01,2017,0.0
RE1,PWRDSLH01,ELCH01,2017,0.0
RE1,PWRDSLH02,ELCH01,2017,0.0
RE1,PWRDSLI01,ELCI01,2017,0.0
RE1,PWRDSLI02,ELCI01,2017,0.0
RE1,PWRDSLJ01,ELCJ01,2017,0.0
RE1,PWRDSLJ02,ELCJ01,2017,0.0
RE1,PWRGEOA01,ELCA01,2017,0.0
RE1,PWRGEOB01,ELCB01,2017,0.0
RE1,PWRGEOC01,ELCC01,2017,0.0
RE1,PWRGEOD01,ELCD01,2017,0.0
RE1,PWRGEOH01,ELCH01,2017,0.0
RE1,PWRGEOJ01,ELCJ01,2017,0.0
RE1,PWRHFOA01,ELCA01,2017,0.0
RE1,PWRHFOB01,ELCB01,2017,0.0
RE1,PWRHFOC01,ELCC01,2017,0.0
RE1,PWRHFOD01,ELCD01,2017,0.0
RE1,PWRHFOE01,ELCE01,2017,0.0
RE1,PWRHFOG01,ELCG01,2017,0.0
RE1,PWRHFOI01,ELCI01,2017,0.0
RE1,PWRHFOI02,ELCI01,2017,0.0
RE1,PWRHFOJ01,ELCJ01,2017,0.0
RE1,PWRHFOP01,ELCP01,2017,0.0
RE1,PWRHYDA01,ELCA01,2017,0.0
RE1,PWRHYDB01,ELCB01,2017,0.0
RE1,PWRHYDC01,ELCC01,2017,0.0
RE1,PWRHYDD01,ELCD01,2017,0.0
RE1,PWRHYDE01,ELCE01,2017,0.0
RE1,PWRHYDF01,ELCF01,2017,0.0
RE1,PWRHYDH01,ELCH01,2017,0.0
RE1,PWRHYDP01,ELCP01,2017,0.0
RE1,PWRLPGB01,ELCB01,2017,0.0
RE1,PWRNGSA01,ELCA01,2017,0.0
RE1,PWRNGSA02,ELCA01,2017,0.0
RE1,PWRNGSA03,ELCA01,2017,0.0
RE1,PWRNGSA04,ELCA01,2017,0.0
RE1,PWRNGSA05,ELCA01,2017,0.0
RE1,PWRNGSB01,ELCB01,2017,0.0
RE1,PWRNGSB02,ELCB01,2017,0.0
RE1,PWRNGSB03,ELCB01,2017,0.0
RE1,PWRNGSB04,ELCB01,2017,0.0
RE1,PWRNGSB05,ELCB01,2017,0.0
RE1,PWRNGSB06,ELCB01,2017,0.0
RE1,PWRNGSC01,ELCC01,2017,0.0
RE1,PWRNGSC02,ELCC01,2017,0.0
RE1,PWRNGSC03,ELCC01,2017,0.0
RE1,PWRNGSC04,ELCC01,2017,0.0
RE1,PWRNGSC05,ELCC01,2017,0.0
RE1,PWRNGSC06,ELCC01,2017,0.0
RE1,PWRNGSD01,ELCD01,2017,0.0
RE1,PWRNGSD02,ELCD01,2017,0.0
RE1,PWRNGSD03,ELCD01,2017,0.0
RE1,PWRNGSD04,ELCD01,2017,0.0
RE1,PWRNGSE01,ELCE01,2017,0.0
RE1,PWRNGSE02,ELCE01,2017,0.0
RE1,PWRNGSE03,ELCE01,2017,0.0
RE1,PWRNGSE04,ELCE01,2017,0.0
RE1,PWRNGSE05,ELCE01,2017,0.0
RE1,PWRNGSE06,ELCE01,2017,0.0
RE1,PWRNGSF01,ELCF01,2017,0.0
RE1,PWRNGSF02,ELCF01,2017,0.0
RE1,PWRNGSF03,ELCF01,2017,0.0
RE1,PWRNGSF04,ELCF01,2017,0.0
RE1,PWRNGSF05,ELCF01,2017,0.0
RE1,PWRNGSF06,ELCF01,2017,0.0
RE1,PWRNGSF07,ELCF01,2017,0.0
RE1,PWRNGSG01,ELCG01,2017,0.0
RE1,PWRNGSG02,ELCG01,2017,0.0
RE1,PWRNGSG03,ELCG01,2017,0.0
RE1,PWRNGSG04,ELCG01,2017,0.0
RE1,PWRNGSH01,ELCH01,2017,0.0
RE1,PWRNGSH02,ELCH01,2017,0.0
RE1,PWRNGSH03,ELCH01,2017,0.0
RE1,PWRNGSH04,ELCH01,2017,0.0
RE1,PWRNGSI01,ELCI01,2017,0.0
RE1,PWRNGSP01,ELCP01,2017,0.0
RE1,PWRPCKF01,ELCF01,2017,0.0
RE1,PWRSOLA01,ELCA01,2017,0.0
RE1,PWRSOLA02,ELCA01,2017,0.0
RE1,PWRSOLA03,ELCA01,2017,0.0
RE1,PWRSOLB01,ELCB01,2017,0.0
RE1,PWRSOLB02,ELCB01,2017,0.0
RE1,PWRSOLC01,ELCC01,2017,0.0
RE1,PWRSOLC02,ELCC01,2017,0.0
RE1,PWRSOLC03,ELCC01,2017,0.0
RE1,PWRSOLC04,ELCC01,2017,0.0
RE1,PWRSOLD01,ELCD01,2017,0.0
RE1,PWRSOLD02,ELCD01,2017,0.0
RE1,PWRSOLD03,ELCD01,2017,0.0
RE1,PWRSOLD04,ELCD01,2017,0.0
RE1,PWRSOLD05,ELCD01,2017,0.0
RE1,PWRSOLE01,ELCE01,2017,0.0
RE1,PWRSOLE02,ELCE01,2017,0.0
RE1,PWRSOLE03,ELCE01,2017,0.0
RE1,PWRSOLE04,ELCE01,2017,0.0
RE1,PWRSOLF01,ELCF01,2017,0.0
RE1,PWRSOLF02,ELCF01,2017,0.0
RE1,PWRSOLF03,ELCF01,2017,0.0
RE1,PWRSOLF04,ELCF01,2017,0.0
RE1,PWRSOLG01,ELCG01,2017,0.0
RE1,PWRSOLG02,ELCG01,2017,0.0
RE1,PWRSOLG03,ELCG01,2017,0.0
RE1,PWRSOLG04,ELCG01,2017,0.0
RE1,PWRSOLH01,ELCH01,2017,0.0
RE1,PWRSOLH02,ELCH01,2017,0.0
RE1,PWRSOLH03,ELCH01,2017,0.0
RE1,PWRSOLI01,ELCI01,2017,0.0
RE1,PWRSOLJ01,ELCJ01,2017,0.0
RE1,PWRSOLK01,ELCK02,2017,0.0
RE1,PWRSOLL01,ELCL02,2017,0.0
RE1,PWRSOLM01,ELCM02,2017,0.0
RE1,PWRSOLN01,ELCN02,2017,0.0
RE1,PWRSOLO01,ELCO02,2017,0.0
RE1,PWRTRNA01,ELCK02,2017,0.0
RE1,PWRTRNB01,ELCB02,2017,0.0
RE1,PWRTRNBA1,ELCA01,2017,0.0
RE1,PWRTRNBG1,ELCG01,2017,0.0
RE1,PWRTRNC01,ELCC02,2017,0.0
RE1,PWRTRNCA1,ELCA01,2017,0.0
RE1,PWRTRNCP1,ELCP01,2017,0.0
RE1,PWRTRND01,ELCD02,2017,0.0
RE1,PWRTRNDC1,ELCC01,2017,0.0
RE1,PWRTRNDE1,ELCE01,2017,0.0
RE1,PWRTRNDH1,ELCH01,2017,0.0
RE1,PWRTRNDJ1,ELCJ01,2017,0.0
RE1,PWRTRNE01,ELCE02,2017,0.0
RE1,PWRTRNEC1,ELCC01,2017,0.0
RE1,PWRTRNED1,ELCD01,2017,0.0
RE1,PWRTRNEF1,ELCF01,2017,0.0
RE1,PWRTRNF01,ELCF02,2017,0.0
RE1,PWRTRNFB1,ELCB01,2017,0.0
RE1,PWRTRNFC1,ELCC01,2017,0.0
RE1,PWRTRNFE1,ELCE01,2017,0.0
RE1,PWRTRNG01,ELCG02,2017,0.0
RE1,PWRTRNH01,ELCH02,2017,0.0
RE1,PWRTRNI01,ELCI02,2017,0.0
RE1,PWRTRNJ01,ELCJ02,2017,0.0
RE1,PWRTRNJI1,ELCI01,2017,0.0
RE1,PWRTRNP01,ELCP02,2017,0.0
RE1,PWRTRNPA1,ELCA01,2017,0.0
RE1,PWRTRNPB1,ELCB01,2017,0.0
RE1,PWRTRNPC1,ELCC01,2017,0.0
RE1,PWRURNB01,ELCB01,2017,0.0
RE1,PWRURNF01,ELCF01,2017,0.0
RE1,PWRWASA01,ELCA01,2017,0.0
RE1,PWRWASB01,ELCB01,2017,0.0
RE1,PWRWASC01,ELCC01,2017,0.0
RE1,PWRWASD01,ELCD01,2017,0.0
RE1,PWRWASE01,ELCE01,2017,0.0
RE1,PWRWASF01,ELCF01,2017,0.0
RE1,PWRWASG01,ELCG01,2017,0.0
RE1,PWRWASH01,ELCH01,2017,0.0
RE1,PWRWASI01,ELCI01,2017,0.0
RE1,PWRWNDB01,ELCB01,2017,0.0
RE1,PWRWNDC01,ELCC01,2017,0.0
RE1,PWRWNDD01,ELCD01,2017,0.0
RE1,PWRWNDE01,ELCE01,2017,0.0
RE1,PWRWNDF01,ELCF01,2017,0.0
RE1,PWRWNDG01,ELCG01,2017,0.0
RE1,PWRWNDH01,ELCH01,2017,0.0
RE1,PWRWNDI01,ELCI01,2017,0.0
RE1,PWRWNDJ01,ELCJ01,2017,0.0
RE1,RNWBIO,BIO,2017,0.0
RE1,RNWGEO,GEO,2017,0.0
RE1,RNWSOL,SOL,2017,0.0
RE1,RNWWND,WND,2017,0.0
