r,t,m,y,TotalAnnualTechnologyActivityByMode
RE1,DEMPWRBIO,1,2017,0.0
RE1,DEMPWRCOA,1,2017,0.0
RE1,DEMPWRDSL,1,2017,0.0
RE1,DEMPWRGEO,1,2017,0.0
RE1,DEMPWRHFO,1,2017,0.0
RE1,DEMPWRHYD,1,2017,0.0
RE1,DEMPWRLPG,1,2017,0.0
RE1,DEMPWRNGS,1,2017,0.0
RE1,DEMPWRPCK,1,2017,0.0
RE1,DEMPWRSOL,1,2017,0.0
RE1,DEMPWRURN,1,2017,0.0
RE1,DEMPWRWAS,1,2017,0.0
RE1,DEMPWRWND,1,2017,0.0
RE1,DEMRESELCB02,1,2017,174.77
RE1,DEMRESELCC02,1,2017,241.11
RE1,DEMRESELCD02,1,2017,88.27
RE1,DEMRESELCE02,1,2017,93.98
RE1,DEMRESELCF02,1,2017,196.26
RE1,DEMRESELCG02,1,2017,45.88
RE1,DEMRESELCH02,1,2017,50.27
RE1,DEMRESELCI02,1,2017,9.57
RE1,DEMRESELCJ02,1,2017,0.57
RE1,DEMRESELCK02,1,2017,23.68
RE1,DEMRESELCL02,1,2017,15.54
RE1,DEMRESELCM02,1,2017,42.21
RE1,DEMRESELCN02,1,2017,61.97
RE1,DEMRESELCO02,1,2017,58.85
RE1,DEMRESELCP02,1,2017,15.54
RE1,IMPCOA,1,2017,0.0
RE1,IMPDSL,1,2017,0.0
RE1,IMPELCB02,1,2017,174.77
RE1,IMPELCC02,1,2017,241.11
RE1,IMPELCD02,1,2017,88.27
RE1,IMPELCE02,1,2017,93.98
RE1,IMPELCF02,1,2017,196.26
RE1,IMPELCG02,1,2017,45.88
RE1,IMPELCH02,1,2017,50.27
RE1,IMPELCI02,1,2017,9.57
RE1,IMPELCJ02,1,2017,0.57
RE1,IMPELCK02,1,2017,23.68
RE1,IMPELCL02,1,2017,15.54
RE1,IMPELCM02,1,2017,42.21
RE1,IMPELCN02,1,2017,61.97
RE1,IMPELCO02,1,2017,58.85
RE1,IMPELCP02,1,2017,15.54
RE1,IMPGSL,1,2017,0.0
RE1,IMPHFO,1,2017,0.0
RE1,IMPKER,1,2017,0.0
RE1,IMPLPG,1,2017,0.0
RE1,IMPNGS,1,2017,0.0
RE1,IMPOHC,1,2017,0.0
RE1,IMPURN,1,2017,0.0
RE1,MINCOA,1,2017,0.0
RE1,MINDSL,1,2017,0.0
RE1,MINGSL,1,2017,0.0
RE1,MINHFO,1,2017,0.0
RE1,MINKER,1,2017,0.0
RE1,MINLPG,1,2017,0.0
RE1,MINNGS,1,2017,0.0
RE1,MINOHC,1,2017,0.0
RE1,PWRBIOA01,1,2017,0.0
RE1,PWRBIOA02,1,2017,0.0
RE1,PWRBIOA03,1,2017,0.0
RE1,PWRBIOB01,1,2017,0.0
RE1,PWRBIOB02,1,2017,0.0
RE1,PWRBIOC01,1,2017,0.0
RE1,PWRBIOC02,1,2017,0.0
RE1,PWRBIOE01,1,2017,0.0
RE1,PWRBIOF01,1,2017,0.0
RE1,PWRBIOF02,1,2017,0.0
RE1,PWRBIOG01,1,2017,0.0
RE1,PWRBIOH01,1,2017,0.0
RE1,PWRCOAA01,1,2017,0.0
RE1,PWRCOAE01,1,2017,0.0
RE1,PWRCOAF01,1,2017,0.0
RE1,PWRCOAF02,1,2017,0.0
RE1,PWRDSLA01,1,2017,0.0
RE1,PWRDSLB01,1,2017,0.0
RE1,PWRDSLC01,1,2017,0.0
RE1,PWRDSLD01,1,2017,0.0
RE1,PWRDSLD02,1,2017,0.0
RE1,PWRDSLE01,1,2017,0.0
RE1,PWRDSLE02,1,2017,0.0
RE1,PWRDSLF01,1,2017,0.0
RE1,PWRDSLF02,1,2017,0.0
RE1,PWRDSLG01,1,2017,0.0
RE1,PWRDSLG02,1,2017,0.0
RE1,PWRDSLH01,1,2017,0.0
RE1,PWRDSLH02,1,2017,0.0
RE1,PWRDSLI01,1,2017,0.0
RE1,PWRDSLI02,1,2017,0.0
RE1,PWRDSLJ01,1,2017,0.0
RE1,PWRDSLJ02,1,2017,0.0
RE1,PWRGEOA01,1,2017,0.0
RE1,PWRGEOB01,1,2017,0.0
RE1,PWRGEOC01,1,2017,0.0
RE1,PWRGEOD01,1,2017,0.0
RE1,PWRGEOH01,1,2017,0.0
RE1,PWRGEOJ01,1,2017,0.0
RE1,PWRHFOA01,1,2017,0.0
RE1,PWRHFOB01,1,2017,0.0
RE1,PWRHFOC01,1,2017,0.0
RE1,PWRHFOD01,1,2017,0.0
RE1,PWRHFOE01,1,2017,0.0
RE1,PWRHFOG01,1,2017,0.0
RE1,PWRHFOI01,1,2017,0.0
RE1,PWRHFOI02,1,2017,0.0
RE1,PWRHFOJ01,1,2017,0.0
RE1,PWRHFOP01,1,2017,0.0
RE1,PWRHYDA01,1,2017,0.0
RE1,PWRHYDB01,1,2017,0.0
RE1,PWRHYDC01,1,2017,0.0
RE1,PWRHYDD01,1,2017,0.0
RE1,PWRHYDE01,1,2017,0.0
RE1,PWRHYDF01,1,2017,0.0
RE1,PWRHYDH01,1,2017,0.0
RE1,PWRHYDP01,1,2017,0.0
RE1,PWRLPGB01,1,2017,0.0
RE1,PWRNGSA01,1,2017,0.0
RE1,PWRNGSA02,1,2017,0.0
RE1,PWRNGSA03,1,2017,0.0
RE1,PWRNGSA04,1,2017,0.0
RE1,PWRNGSA05,1,2017,0.0
RE1,PWRNGSB01,1,2017,0.0
RE1,PWRNGSB02,1,2017,0.0
RE1,PWRNGSB03,1,2017,0.0
RE1,PWRNGSB04,1,2017,0.0
RE1,PWRNGSB05,1,2017,0.0
RE1,PWRNGSB06,1,2017,0.0
RE1,PWRNGSC01,1,2017,0.0
RE1,PWRNGSC02,1,2017,0.0
RE1,PWRNGSC03,1,2017,0.0
RE1,PWRNGSC04,1,2017,0.0
RE1,PWRNGSC05,1,2017,0.0
RE1,PWRNGSC06,1,2017,0.0
RE1,PWRNGSD01,1,2017,0.0
RE1,PWRNGSD02,1,2017,0.0
RE1,PWRNGSD03,1,2017,0.0
RE1,PWRNGSD04,1,2017,0.0
RE1,PWRNGSE01,1,2017,0.0
RE1,PWRNGSE02,1,2017,0.0
RE1,PWRNGSE03,1,2017,0.0
RE1,PWRNGSE04,1,2017,0.0
RE1,PWRNGSE05,1,2017,0.0
RE1,PWRNGSE06,1,2017,0.0
RE1,PWRNGSF01,1,2017,0.0
RE1,PWRNGSF02,1,2017,0.0
RE1,PWRNGSF03,1,2017,0.0
RE1,PWRNGSF04,1,2017,0.0
RE1,PWRNGSF05,1,2017,0.0
RE1,PWRNGSF06,1,2017,0.0
RE1,PWRNGSF07,1,2017,0.0
RE1,PWRNGSG01,1,2017,0.0
RE1,PWRNGSG02,1,2017,0.0
RE1,PWRNGSG03,1,2017,0.0
RE1,PWRNGSG04,1,2017,0.0
RE1,PWRNGSH01,1,2017,0.0
RE1,PWRNGSH02,1,2017,0.0
RE1,PWRNGSH03,1,2017,0.0
RE1,PWRNGSH04,1,2017,0.0
RE1,PWRNGSI01,1,2017,0.0
RE1,PWRNGSP01,1,2017,0.0
RE1,PWRPCKF01,1,2017,0.0
RE1,PWRSOLA01,1,2017,0.0
RE1,PWRSOLA02,1,2017,0.0
RE1,PWRSOLA03,1,2017,0.0
RE1,PWRSOLB01,1,2017,0.0
RE1,PWRSOLB02,1,2017,0.0
RE1,PWRSOLC01,1,2017,0.0
RE1,PWRSOLC02,1,2017,0.0
RE1,PWRSOLC03,1,2017,0.0
RE1,PWRSOLC04,1,2017,0.0
RE1,PWRSOLD01,1,2017,0.0
RE1,PWRSOLD02,1,2017,0.0
RE1,PWRSOLD03,1,2017,0.0
RE1,PWRSOLD04,1,2017,0.0
RE1,PWRSOLD05,1,2017,0.0
RE1,PWRSOLE01,1,2017,0.0
RE1,PWRSOLE02,1,2017,0.0
RE1,PWRSOLE03,1,2017,0.0
RE1,PWRSOLE04,1,2017,0.0
RE1,PWRSOLF01,1,2017,0.0
RE1,PWRSOLF02,1,2017,0.0
RE1,PWRSOLF03,1,2017,0.0
RE1,PWRSOLF04,1,2017,0.0
RE1,PWRSOLG01,1,2017,0.0
RE1,PWRSOLG02,1,2017,0.0
RE1,PWRSOLG03,1,2017,0.0
RE1,PWRSOLG04,1,2017,0.0
RE1,PWRSOLH01,1,2017,0.0
RE1,PWRSOLH02,1,2017,0.0
RE1,PWRSOLH03,1,2017,0.0
RE1,PWRSOLI01,1,2017,0.0
RE1,PWRSOLJ01,1,2017,0.0
RE1,PWRSOLK01,1,2017,0.0
RE1,PWRSOLL01,1,2017,0.0
RE1,PWRSOLM01,1,2017,0.0
RE1,PWRSOLN01,1,2017,0.0
RE1,PWRSOLO01,1,2017,0.0
RE1,PWRTRNA01,1,2017,0.0
RE1,PWRTRNB01,1,2017,0.0
RE1,PWRTRNBA1,1,2017,0.0
RE1,PWRTRNBG1,1,2017,0.0
RE1,PWRTRNC01,1,2017,0.0
RE1,PWRTRNCA1,1,2017,0.0
RE1,PWRTRNCP1,1,2017,0.0
RE1,PWRTRND01,1,2017,0.0
RE1,PWRTRNDC1,1,2017,0.0
RE1,PWRTRNDE1,1,2017,0.0
RE1,PWRTRNDH1,1,2017,0.0
RE1,PWRTRNDJ1,1,2017,0.0
RE1,PWRTRNE01,1,2017,0.0
RE1,PWRTRNEC1,1,2017,0.0
RE1,PWRTRNED1,1,2017,0.0
RE1,PWRTRNEF1,1,2017,0.0
RE1,PWRTRNF01,1,2017,0.0
RE1,PWRTRNFB1,1,2017,0.0
RE1,PWRTRNFC1,1,2017,0.0
RE1,PWRTRNFE1,1,2017,0.0
RE1,PWRTRNG01,1,2017,0.0
RE1,PWRTRNH01,1,2017,0.0
RE1,PWRTRNI01,1,2017,0.0
RE1,PWRTRNJ01,1,2017,0.0
RE1,PWRTRNJI1,1,2017,0.0
RE1,PWRTRNP01,1,2017,0.0
RE1,PWRTRNPA1,1,2017,0.0
RE1,PWRTRNPB1,1,2017,0.0
RE1,PWRTRNPC1,1,2017,0.0
RE1,PWRURNB01,1,2017,0.0
RE1,PWRURNF01,1,2017,0.0
RE1,PWRWASA01,1,2017,0.0
RE1,PWRWASB01,1,2017,0.0
RE1,PWRWASC01,1,2017,0.0
RE1,PWRWASD01,1,2017,0.0
RE1,PWRWASE01,1,2017,0.0
RE1,PWRWASF01,1,2017,0.0
RE1,PWRWASG01,1,2017,0.0
RE1,PWRWASH01,1,2017,0.0
RE1,PWRWASI01,1,2017,0.0
RE1,PWRWNDB01,1,2017,0.0
RE1,PWRWNDC01,1,2017,0.0
RE1,PWRWNDD01,1,2017,0.0
RE1,PWRWNDE01,1,2017,0.0
RE1,PWRWNDF01,1,2017,0.0
RE1,PWRWNDG01,1,2017,0.0
RE1,PWRWNDH01,1,2017,0.0
RE1,PWRWNDI01,1,2017,0.0
RE1,PWRWNDJ01,1,2017,0.0
RE1,RNWBIO,1,2017,0.0
RE1,RNWGEO,1,2017,0.0
RE1,RNWSOL,1,2017,0.0
RE1,RNWWND,1,2017,0.0
