r,t,TotalTechnologyModelPeriodActivity
RE1,DEMPWRBIO,0.0
RE1,DEMPWRCOA,0.0
RE1,DEMPWRDSL,0.0
RE1,DEMPWRGEO,0.0
RE1,DEMPWRHFO,0.0
RE1,DEMPWRHYD,0.0
RE1,DEMPWRLPG,0.0
RE1,DEMPWRNGS,0.0
RE1,DEMPWRPCK,0.0
RE1,DEMPWRSOL,0.0
RE1,DEMPWRURN,0.0
RE1,DEMPWRWAS,0.0
RE1,DEMPWRWND,0.0
RE1,DEMRESELCB02,174.77
RE1,DEMRESELCC02,241.11
RE1,DEMRESELCD02,88.27
RE1,DEMRESELCE02,93.98
RE1,DEMRESELCF02,196.26
RE1,DEMRESELCG02,45.88
RE1,DEMRESELCH02,50.27
RE1,DEMRESELCI02,9.57
RE1,DEMRESELCJ02,0.57
RE1,DEMRESELCK02,23.68
RE1,DEMRESELCL02,15.54
RE1,DEMRESELCM02,42.21
RE1,DEMRESELCN02,61.97
RE1,DEMRESELCO02,58.85
RE1,DEMRESELCP02,15.54
RE1,IMPCOA,0.0
RE1,IMPDSL,0.0
RE1,IMPELCB02,174.77
RE1,IMPELCC02,241.11
RE1,IMPELCD02,88.27
RE1,IMPELCE02,93.98
RE1,IMPELCF02,196.26
RE1,IMPELCG02,45.88
RE1,IMPELCH02,50.27
RE1,IMPELCI02,9.57
RE1,IMPELCJ02,0.57
RE1,IMPELCK02,23.68
RE1,IMPELCL02,15.54
RE1,IMPELCM02,42.21
RE1,IMPELCN02,61.97
RE1,IMPELCO02,58.85
RE1,IMPELCP02,15.54
RE1,IMPGSL,0.0
RE1,IMPHFO,0.0
RE1,IMPKER,0.0
RE1,IMPLPG,0.0
RE1,IMPNGS,0.0
RE1,IMPOHC,0.0
RE1,IMPURN,0.0
RE1,MINCOA,0.0
RE1,MINDSL,0.0
RE1,MINGSL,0.0
RE1,MINHFO,0.0
RE1,MINKER,0.0
RE1,MINLPG,0.0
RE1,MINNGS,0.0
RE1,MINOHC,0.0
RE1,PWRBIOA01,0.0
RE1,PWRBIOA02,0.0
RE1,PWRBIOA03,0.0
RE1,PWRBIOB01,0.0
RE1,PWRBIOB02,0.0
RE1,PWRBIOC01,0.0
RE1,PWRBIOC02,0.0
RE1,PWRBIOE01,0.0
RE1,PWRBIOF01,0.0
RE1,PWRBIOF02,0.0
RE1,PWRBIOG01,0.0
RE1,PWRBIOH01,0.0
RE1,PWRCOAA01,0.0
RE1,PWRCOAE01,0.0
RE1,PWRCOAF01,0.0
RE1,PWRCOAF02,0.0
RE1,PWRDSLA01,0.0
RE1,PWRDSLB01,0.0
RE1,PWRDSLC01,0.0
RE1,PWRDSLD01,0.0
RE1,PWRDSLD02,0.0
RE1,PWRDSLE01,0.0
RE1,PWRDSLE02,0.0
RE1,PWRDSLF01,0.0
RE1,PWRDSLF02,0.0
RE1,PWRDSLG01,0.0
RE1,PWRDSLG02,0.0
RE1,PWRDSLH01,0.0
RE1,PWRDSLH02,0.0
RE1,PWRDSLI01,0.0
RE1,PWRDSLI02,0.0
RE1,PWRDSLJ01,0.0
RE1,PWRDSLJ02,0.0
RE1,PWRGEOA01,0.0
RE1,PWRGEOB01,0.0
RE1,PWRGEOC01,0.0
RE1,PWRGEOD01,0.0
RE1,PWRGEOH01,0.0
RE1,PWRGEOJ01,0.0
RE1,PWRHFOA01,0.0
RE1,PWRHFOB01,0.0
RE1,PWRHFOC01,0.0
RE1,PWRHFOD01,0.0
RE1,PWRHFOE01,0.0
RE1,PWRHFOG01,0.0
RE1,PWRHFOI01,0.0
RE1,PWRHFOI02,0.0
RE1,PWRHFOJ01,0.0
RE1,PWRHFOP01,0.0
RE1,PWRHYDA01,0.0
RE1,PWRHYDB01,0.0
RE1,PWRHYDC01,0.0
RE1,PWRHYDD01,0.0
RE1,PWRHYDE01,0.0
RE1,PWRHYDF01,0.0
RE1,PWRHYDH01,0.0
RE1,PWRHYDP01,0.0
RE1,PWRLPGB01,0.0
RE1,PWRNGSA01,0.0
RE1,PWRNGSA02,0.0
RE1,PWRNGSA03,0.0
RE1,PWRNGSA04,0.0
RE1,PWRNGSA05,0.0
RE1,PWRNGSB01,0.0
RE1,PWRNGSB02,0.0
RE1,PWRNGSB03,0.0
RE1,PWRNGSB04,0.0
RE1,PWRNGSB05,0.0
RE1,PWRNGSB06,0.0
RE1,PWRNGSC01,0.0
RE1,PWRNGSC02,0.0
RE1,PWRNGSC03,0.0
RE1,PWRNGSC04,0.0
RE1,PWRNGSC05,0.0
RE1,PWRNGSC06,0.0
RE1,PWRNGSD01,0.0
RE1,PWRNGSD02,0.0
RE1,PWRNGSD03,0.0
RE1,PWRNGSD04,0.0
RE1,PWRNGSE01,0.0
RE1,PWRNGSE02,0.0
RE1,PWRNGSE03,0.0
RE1,PWRNGSE04,0.0
RE1,PWRNGSE05,0.0
RE1,PWRNGSE06,0.0
RE1,PWRNGSF01,0.0
RE1,PWRNGSF02,0.0
RE1,PWRNGSF03,0.0
RE1,PWRNGSF04,0.0
RE1,PWRNGSF05,0.0
RE1,PWRNGSF06,0.0
RE1,PWRNGSF07,0.0
RE1,PWRNGSG01,0.0
RE1,PWRNGSG02,0.0
RE1,PWRNGSG03,0.0
RE1,PWRNGSG04,0.0
RE1,PWRNGSH01,0.0
RE1,PWRNGSH02,0.0
RE1,PWRNGSH03,0.0
RE1,PWRNGSH04,0.0
RE1,PWRNGSI01,0.0
RE1,PWRNGSP01,0.0
RE1,PWRPCKF01,0.0
RE1,PWRSOLA01,0.0
RE1,PWRSOLA02,0.0
RE1,PWRSOLA03,0.0
RE1,PWRSOLB01,0.0
RE1,PWRSOLB02,0.0
RE1,PWRSOLC01,0.0
RE1,PWRSOLC02,0.0
RE1,PWRSOLC03,0.0
RE1,PWRSOLC04,0.0
RE1,PWRSOLD01,0.0
RE1,PWRSOLD02,0.0
RE1,PWRSOLD03,0.0
RE1,PWRSOLD04,0.0
RE1,PWRSOLD05,0.0
RE1,PWRSOLE01,0.0
RE1,PWRSOLE02,0.0
RE1,PWRSOLE03,0.0
RE1,PWRSOLE04,0.0
RE1,PWRSOLF01,0.0
RE1,PWRSOLF02,0.0
RE1,PWRSOLF03,0.0
RE1,PWRSOLF04,0.0
RE1,PWRSOLG01,0.0
RE1,PWRSOLG02,0.0
RE1,PWRSOLG03,0.0
RE1,PWRSOLG04,0.0
RE1,PWRSOLH01,0.0
RE1,PWRSOLH02,0.0
RE1,PWRSOLH03,0.0
RE1,PWRSOLI01,0.0
RE1,PWRSOLJ01,0.0
RE1,PWRSOLK01,0.0
RE1,PWRSOLL01,0.0
RE1,PWRSOLM01,0.0
RE1,PWRSOLN01,0.0
RE1,PWRSOLO01,0.0
RE1,PWRTRNA01,0.0
RE1,PWRTRNB01,0.0
RE1,PWRTRNBA1,0.0
RE1,PWRTRNBG1,0.0
RE1,PWRTRNC01,0.0
RE1,PWRTRNCA1,0.0
RE1,PWRTRNCP1,0.0
RE1,PWRTRND01,0.0
RE1,PWRTRNDC1,0.0
RE1,PWRTRNDE1,0.0
RE1,PWRTRNDH1,0.0
RE1,PWRTRNDJ1,0.0
RE1,PWRTRNE01,0.0
RE1,PWRTRNEC1,0.0
RE1,PWRTRNED1,0.0
RE1,PWRTRNEF1,0.0
RE1,PWRTRNF01,0.0
RE1,PWRTRNFB1,0.0
RE1,PWRTRNFC1,0.0
RE1,PWRTRNFE1,0.0
RE1,PWRTRNG01,0.0
RE1,PWRTRNH01,0.0
RE1,PWRTRNI01,0.0
RE1,PWRTRNJ01,0.0
RE1,PWRTRNJI1,0.0
RE1,PWRTRNP01,0.0
RE1,PWRTRNPA1,0.0
RE1,PWRTRNPB1,0.0
RE1,PWRTRNPC1,0.0
RE1,PWRURNB01,0.0
RE1,PWRURNF01,0.0
RE1,PWRWASA01,0.0
RE1,PWRWASB01,0.0
RE1,PWRWASC01,0.0
RE1,PWRWASD01,0.0
RE1,PWRWASE01,0.0
RE1,PWRWASF01,0.0
RE1,PWRWASG01,0.0
RE1,PWRWASH01,0.0
RE1,PWRWASI01,0.0
RE1,PWRWNDB01,0.0
RE1,PWRWNDC01,0.0
RE1,PWRWNDD01,0.0
RE1,PWRWNDE01,0.0
RE1,PWRWNDF01,0.0
RE1,PWRWNDG01,0.0
RE1,PWRWNDH01,0.0
RE1,PWRWNDI01,0.0
RE1,PWRWNDJ01,0.0
RE1,RNWBIO,0.0
RE1,RNWGEO,0.0
RE1,RNWSOL,0.0
RE1,RNWWND,0.0
