r,rr,l,f,y,Trade
RE1,RE1,S11,BIO,2017,0
RE1,RE1,S11,CALTAGBIO,2017,0
RE1,RE1,S11,CALTAGCOA,2017,0
RE1,RE1,S11,CALTAGGEO,2017,0
RE1,RE1,S11,CALTAGHYD,2017,0
RE1,RE1,S11,CALTAGNGS,2017,0
RE1,RE1,S11,CALTAGOIL,2017,0
RE1,RE1,S11,CALTAGRNW,2017,0
RE1,RE1,S11,CALTAGSOL,2017,0
RE1,RE1,S11,CALTAGURN,2017,0
RE1,RE1,S11,CALTAGWAS,2017,0
RE1,RE1,S11,CALTAGWND,2017,0
RE1,RE1,S11,COA,2017,0
RE1,RE1,S11,DSL,2017,0
RE1,RE1,S11,ELCA01,2017,0
RE1,RE1,S11,ELCB01,2017,0
RE1,RE1,S11,ELCB02,2017,0
RE1,RE1,S11,ELCC01,2017,0
RE1,RE1,S11,ELCC02,2017,0
RE1,RE1,S11,ELCD01,2017,0
RE1,RE1,S11,ELCD02,2017,0
RE1,RE1,S11,ELCE01,2017,0
RE1,RE1,S11,ELCE02,2017,0
RE1,RE1,S11,ELCF01,2017,0
RE1,RE1,S11,ELCF02,2017,0
RE1,RE1,S11,ELCG01,2017,0
RE1,RE1,S11,ELCG02,2017,0
RE1,RE1,S11,ELCH01,2017,0
RE1,RE1,S11,ELCH02,2017,0
RE1,RE1,S11,ELCI01,2017,0
RE1,RE1,S11,ELCI02,2017,0
RE1,RE1,S11,ELCJ01,2017,0
RE1,RE1,S11,ELCJ02,2017,0
RE1,RE1,S11,ELCK02,2017,0
RE1,RE1,S11,ELCL02,2017,0
RE1,RE1,S11,ELCM02,2017,0
RE1,RE1,S11,ELCN02,2017,0
RE1,RE1,S11,ELCO02,2017,0
RE1,RE1,S11,ELCP01,2017,0
RE1,RE1,S11,ELCP02,2017,0
RE1,RE1,S11,ELCSOLM02,2017,0
RE1,RE1,S11,ELCSOLN02,2017,0
RE1,RE1,S11,ELCSOLO02,2017,0
RE1,RE1,S11,GEO,2017,0
RE1,RE1,S11,GSL,2017,0
RE1,RE1,S11,HFO,2017,0
RE1,RE1,S11,HYD,2017,0
RE1,RE1,S11,KER,2017,0
RE1,RE1,S11,LPG,2017,0
RE1,RE1,S11,NGS,2017,0
RE1,RE1,S11,OHC,2017,0
RE1,RE1,S11,PCK,2017,0
RE1,RE1,S11,PWRBIO,2017,0
RE1,RE1,S11,PWRCOA,2017,0
RE1,RE1,S11,PWRDSL,2017,0
RE1,RE1,S11,PWRGEO,2017,0
RE1,RE1,S11,PWRHFO,2017,0
RE1,RE1,S11,PWRHYD,2017,0
RE1,RE1,S11,PWRLPG,2017,0
RE1,RE1,S11,PWRNGS,2017,0
RE1,RE1,S11,PWRPCK,2017,0
RE1,RE1,S11,PWRSOL,2017,0
RE1,RE1,S11,PWRURN,2017,0
RE1,RE1,S11,PWRWAS,2017,0
RE1,RE1,S11,PWRWND,2017,0
RE1,RE1,S11,RESBIO,2017,0
RE1,RE1,S11,RESELCB02,2017,0
RE1,RE1,S11,RESELCC02,2017,0
RE1,RE1,S11,RESELCD02,2017,0
RE1,RE1,S11,RESELCE02,2017,0
RE1,RE1,S11,RESELCF02,2017,0
RE1,RE1,S11,RESELCG02,2017,0
RE1,RE1,S11,RESELCH02,2017,0
RE1,RE1,S11,RESELCI02,2017,0
RE1,RE1,S11,RESELCJ02,2017,0
RE1,RE1,S11,RESELCK02,2017,0
RE1,RE1,S11,RESELCL02,2017,0
RE1,RE1,S11,RESELCM02,2017,0
RE1,RE1,S11,RESELCN02,2017,0
RE1,RE1,S11,RESELCO02,2017,0
RE1,RE1,S11,RESELCP02,2017,0
RE1,RE1,S11,RESKER,2017,0
RE1,RE1,S11,RESLPG,2017,0
RE1,RE1,S11,SOL,2017,0
RE1,RE1,S11,TRADSL,2017,0
RE1,RE1,S11,TRAELCVDM,2017,0
RE1,RE1,S11,TRAGSL,2017,0
RE1,RE1,S11,TRAOHC,2017,0
RE1,RE1,S11,URN,2017,0
RE1,RE1,S11,WAS,2017,0
RE1,RE1,S11,WND,2017,0
RE1,RE1,S12,BIO,2017,0
RE1,RE1,S12,CALTAGBIO,2017,0
RE1,RE1,S12,CALTAGCOA,2017,0
RE1,RE1,S12,CALTAGGEO,2017,0
RE1,RE1,S12,CALTAGHYD,2017,0
RE1,RE1,S12,CALTAGNGS,2017,0
RE1,RE1,S12,CALTAGOIL,2017,0
RE1,RE1,S12,CALTAGRNW,2017,0
RE1,RE1,S12,CALTAGSOL,2017,0
RE1,RE1,S12,CALTAGURN,2017,0
RE1,RE1,S12,CALTAGWAS,2017,0
RE1,RE1,S12,CALTAGWND,2017,0
RE1,RE1,S12,COA,2017,0
RE1,RE1,S12,DSL,2017,0
RE1,RE1,S12,ELCA01,2017,0
RE1,RE1,S12,ELCB01,2017,0
RE1,RE1,S12,ELCB02,2017,0
RE1,RE1,S12,ELCC01,2017,0
RE1,RE1,S12,ELCC02,2017,0
RE1,RE1,S12,ELCD01,2017,0
RE1,RE1,S12,ELCD02,2017,0
RE1,RE1,S12,ELCE01,2017,0
RE1,RE1,S12,ELCE02,2017,0
RE1,RE1,S12,ELCF01,2017,0
RE1,RE1,S12,ELCF02,2017,0
RE1,RE1,S12,ELCG01,2017,0
RE1,RE1,S12,ELCG02,2017,0
RE1,RE1,S12,ELCH01,2017,0
RE1,RE1,S12,ELCH02,2017,0
RE1,RE1,S12,ELCI01,2017,0
RE1,RE1,S12,ELCI02,2017,0
RE1,RE1,S12,ELCJ01,2017,0
RE1,RE1,S12,ELCJ02,2017,0
RE1,RE1,S12,ELCK02,2017,0
RE1,RE1,S12,ELCL02,2017,0
RE1,RE1,S12,ELCM02,2017,0
RE1,RE1,S12,ELCN02,2017,0
RE1,RE1,S12,ELCO02,2017,0
RE1,RE1,S12,ELCP01,2017,0
RE1,RE1,S12,ELCP02,2017,0
RE1,RE1,S12,ELCSOLM02,2017,0
RE1,RE1,S12,ELCSOLN02,2017,0
RE1,RE1,S12,ELCSOLO02,2017,0
RE1,RE1,S12,GEO,2017,0
RE1,RE1,S12,GSL,2017,0
RE1,RE1,S12,HFO,2017,0
RE1,RE1,S12,HYD,2017,0
RE1,RE1,S12,KER,2017,0
RE1,RE1,S12,LPG,2017,0
RE1,RE1,S12,NGS,2017,0
RE1,RE1,S12,OHC,2017,0
RE1,RE1,S12,PCK,2017,0
RE1,RE1,S12,PWRBIO,2017,0
RE1,RE1,S12,PWRCOA,2017,0
RE1,RE1,S12,PWRDSL,2017,0
RE1,RE1,S12,PWRGEO,2017,0
RE1,RE1,S12,PWRHFO,2017,0
RE1,RE1,S12,PWRHYD,2017,0
RE1,RE1,S12,PWRLPG,2017,0
RE1,RE1,S12,PWRNGS,2017,0
RE1,RE1,S12,PWRPCK,2017,0
RE1,RE1,S12,PWRSOL,2017,0
RE1,RE1,S12,PWRURN,2017,0
RE1,RE1,S12,PWRWAS,2017,0
RE1,RE1,S12,PWRWND,2017,0
RE1,RE1,S12,RESBIO,2017,0
RE1,RE1,S12,RESELCB02,2017,0
RE1,RE1,S12,RESELCC02,2017,0
RE1,RE1,S12,RESELCD02,2017,0
RE1,RE1,S12,RESELCE02,2017,0
RE1,RE1,S12,RESELCF02,2017,0
RE1,RE1,S12,RESELCG02,2017,0
RE1,RE1,S12,RESELCH02,2017,0
RE1,RE1,S12,RESELCI02,2017,0
RE1,RE1,S12,RESELCJ02,2017,0
RE1,RE1,S12,RESELCK02,2017,0
RE1,RE1,S12,RESELCL02,2017,0
RE1,RE1,S12,RESELCM02,2017,0
RE1,RE1,S12,RESELCN02,2017,0
RE1,RE1,S12,RESELCO02,2017,0
RE1,RE1,S12,RESELCP02,2017,0
RE1,RE1,S12,RESKER,2017,0
RE1,RE1,S12,RESLPG,2017,0
RE1,RE1,S12,SOL,2017,0
RE1,RE1,S12,TRADSL,2017,0
RE1,RE1,S12,TRAELCVDM,2017,0
RE1,RE1,S12,TRAGSL,2017,0
RE1,RE1,S12,TRAOHC,2017,0
RE1,RE1,S12,URN,2017,0
RE1,RE1,S12,WAS,2017,0
RE1,RE1,S12,WND,2017,0
RE1,RE1,S13,BIO,2017,0
RE1,RE1,S13,CALTAGBIO,2017,0
RE1,RE1,S13,CALTAGCOA,2017,0
RE1,RE1,S13,CALTAGGEO,2017,0
RE1,RE1,S13,CALTAGHYD,2017,0
RE1,RE1,S13,CALTAGNGS,2017,0
RE1,RE1,S13,CALTAGOIL,2017,0
RE1,RE1,S13,CALTAGRNW,2017,0
RE1,RE1,S13,CALTAGSOL,2017,0
RE1,RE1,S13,CALTAGURN,2017,0
RE1,RE1,S13,CALTAGWAS,2017,0
RE1,RE1,S13,CALTAGWND,2017,0
RE1,RE1,S13,COA,2017,0
RE1,RE1,S13,DSL,2017,0
RE1,RE1,S13,ELCA01,2017,0
RE1,RE1,S13,ELCB01,2017,0
RE1,RE1,S13,ELCB02,2017,0
RE1,RE1,S13,ELCC01,2017,0
RE1,RE1,S13,ELCC02,2017,0
RE1,RE1,S13,ELCD01,2017,0
RE1,RE1,S13,ELCD02,2017,0
RE1,RE1,S13,ELCE01,2017,0
RE1,RE1,S13,ELCE02,2017,0
RE1,RE1,S13,ELCF01,2017,0
RE1,RE1,S13,ELCF02,2017,0
RE1,RE1,S13,ELCG01,2017,0
RE1,RE1,S13,ELCG02,2017,0
RE1,RE1,S13,ELCH01,2017,0
RE1,RE1,S13,ELCH02,2017,0
RE1,RE1,S13,ELCI01,2017,0
RE1,RE1,S13,ELCI02,2017,0
RE1,RE1,S13,ELCJ01,2017,0
RE1,RE1,S13,ELCJ02,2017,0
RE1,RE1,S13,ELCK02,2017,0
RE1,RE1,S13,ELCL02,2017,0
RE1,RE1,S13,ELCM02,2017,0
RE1,RE1,S13,ELCN02,2017,0
RE1,RE1,S13,ELCO02,2017,0
RE1,RE1,S13,ELCP01,2017,0
RE1,RE1,S13,ELCP02,2017,0
RE1,RE1,S13,ELCSOLM02,2017,0
RE1,RE1,S13,ELCSOLN02,2017,0
RE1,RE1,S13,ELCSOLO02,2017,0
RE1,RE1,S13,GEO,2017,0
RE1,RE1,S13,GSL,2017,0
RE1,RE1,S13,HFO,2017,0
RE1,RE1,S13,HYD,2017,0
RE1,RE1,S13,KER,2017,0
RE1,RE1,S13,LPG,2017,0
RE1,RE1,S13,NGS,2017,0
RE1,RE1,S13,OHC,2017,0
RE1,RE1,S13,PCK,2017,0
RE1,RE1,S13,PWRBIO,2017,0
RE1,RE1,S13,PWRCOA,2017,0
RE1,RE1,S13,PWRDSL,2017,0
RE1,RE1,S13,PWRGEO,2017,0
RE1,RE1,S13,PWRHFO,2017,0
RE1,RE1,S13,PWRHYD,2017,0
RE1,RE1,S13,PWRLPG,2017,0
RE1,RE1,S13,PWRNGS,2017,0
RE1,RE1,S13,PWRPCK,2017,0
RE1,RE1,S13,PWRSOL,2017,0
RE1,RE1,S13,PWRURN,2017,0
RE1,RE1,S13,PWRWAS,2017,0
RE1,RE1,S13,PWRWND,2017,0
RE1,RE1,S13,RESBIO,2017,0
RE1,RE1,S13,RESELCB02,2017,0
RE1,RE1,S13,RESELCC02,2017,0
RE1,RE1,S13,RESELCD02,2017,0
RE1,RE1,S13,RESELCE02,2017,0
RE1,RE1,S13,RESELCF02,2017,0
RE1,RE1,S13,RESELCG02,2017,0
RE1,RE1,S13,RESELCH02,2017,0
RE1,RE1,S13,RESELCI02,2017,0
RE1,RE1,S13,RESELCJ02,2017,0
RE1,RE1,S13,RESELCK02,2017,0
RE1,RE1,S13,RESELCL02,2017,0
RE1,RE1,S13,RESELCM02,2017,0
RE1,RE1,S13,RESELCN02,2017,0
RE1,RE1,S13,RESELCO02,2017,0
RE1,RE1,S13,RESELCP02,2017,0
RE1,RE1,S13,RESKER,2017,0
RE1,RE1,S13,RESLPG,2017,0
RE1,RE1,S13,SOL,2017,0
RE1,RE1,S13,TRADSL,2017,0
RE1,RE1,S13,TRAELCVDM,2017,0
RE1,RE1,S13,TRAGSL,2017,0
RE1,RE1,S13,TRAOHC,2017,0
RE1,RE1,S13,URN,2017,0
RE1,RE1,S13,WAS,2017,0
RE1,RE1,S13,WND,2017,0
RE1,RE1,S14,BIO,2017,0
RE1,RE1,S14,CALTAGBIO,2017,0
RE1,RE1,S14,CALTAGCOA,2017,0
RE1,RE1,S14,CALTAGGEO,2017,0
RE1,RE1,S14,CALTAGHYD,2017,0
RE1,RE1,S14,CALTAGNGS,2017,0
RE1,RE1,S14,CALTAGOIL,2017,0
RE1,RE1,S14,CALTAGRNW,2017,0
RE1,RE1,S14,CALTAGSOL,2017,0
RE1,RE1,S14,CALTAGURN,2017,0
RE1,RE1,S14,CALTAGWAS,2017,0
RE1,RE1,S14,CALTAGWND,2017,0
RE1,RE1,S14,COA,2017,0
RE1,RE1,S14,DSL,2017,0
RE1,RE1,S14,ELCA01,2017,0
RE1,RE1,S14,ELCB01,2017,0
RE1,RE1,S14,ELCB02,2017,0
RE1,RE1,S14,ELCC01,2017,0
RE1,RE1,S14,ELCC02,2017,0
RE1,RE1,S14,ELCD01,2017,0
RE1,RE1,S14,ELCD02,2017,0
RE1,RE1,S14,ELCE01,2017,0
RE1,RE1,S14,ELCE02,2017,0
RE1,RE1,S14,ELCF01,2017,0
RE1,RE1,S14,ELCF02,2017,0
RE1,RE1,S14,ELCG01,2017,0
RE1,RE1,S14,ELCG02,2017,0
RE1,RE1,S14,ELCH01,2017,0
RE1,RE1,S14,ELCH02,2017,0
RE1,RE1,S14,ELCI01,2017,0
RE1,RE1,S14,ELCI02,2017,0
RE1,RE1,S14,ELCJ01,2017,0
RE1,RE1,S14,ELCJ02,2017,0
RE1,RE1,S14,ELCK02,2017,0
RE1,RE1,S14,ELCL02,2017,0
RE1,RE1,S14,ELCM02,2017,0
RE1,RE1,S14,ELCN02,2017,0
RE1,RE1,S14,ELCO02,2017,0
RE1,RE1,S14,ELCP01,2017,0
RE1,RE1,S14,ELCP02,2017,0
RE1,RE1,S14,ELCSOLM02,2017,0
RE1,RE1,S14,ELCSOLN02,2017,0
RE1,RE1,S14,ELCSOLO02,2017,0
RE1,RE1,S14,GEO,2017,0
RE1,RE1,S14,GSL,2017,0
RE1,RE1,S14,HFO,2017,0
RE1,RE1,S14,HYD,2017,0
RE1,RE1,S14,KER,2017,0
RE1,RE1,S14,LPG,2017,0
RE1,RE1,S14,NGS,2017,0
RE1,RE1,S14,OHC,2017,0
RE1,RE1,S14,PCK,2017,0
RE1,RE1,S14,PWRBIO,2017,0
RE1,RE1,S14,PWRCOA,2017,0
RE1,RE1,S14,PWRDSL,2017,0
RE1,RE1,S14,PWRGEO,2017,0
RE1,RE1,S14,PWRHFO,2017,0
RE1,RE1,S14,PWRHYD,2017,0
RE1,RE1,S14,PWRLPG,2017,0
RE1,RE1,S14,PWRNGS,2017,0
RE1,RE1,S14,PWRPCK,2017,0
RE1,RE1,S14,PWRSOL,2017,0
RE1,RE1,S14,PWRURN,2017,0
RE1,RE1,S14,PWRWAS,2017,0
RE1,RE1,S14,PWRWND,2017,0
RE1,RE1,S14,RESBIO,2017,0
RE1,RE1,S14,RESELCB02,2017,0
RE1,RE1,S14,RESELCC02,2017,0
RE1,RE1,S14,RESELCD02,2017,0
RE1,RE1,S14,RESELCE02,2017,0
RE1,RE1,S14,RESELCF02,2017,0
RE1,RE1,S14,RESELCG02,2017,0
RE1,RE1,S14,RESELCH02,2017,0
RE1,RE1,S14,RESELCI02,2017,0
RE1,RE1,S14,RESELCJ02,2017,0
RE1,RE1,S14,RESELCK02,2017,0
RE1,RE1,S14,RESELCL02,2017,0
RE1,RE1,S14,RESELCM02,2017,0
RE1,RE1,S14,RESELCN02,2017,0
RE1,RE1,S14,RESELCO02,2017,0
RE1,RE1,S14,RESELCP02,2017,0
RE1,RE1,S14,RESKER,2017,0
RE1,RE1,S14,RESLPG,2017,0
RE1,RE1,S14,SOL,2017,0
RE1,RE1,S14,TRADSL,2017,0
RE1,RE1,S14,TRAELCVDM,2017,0
RE1,RE1,S14,TRAGSL,2017,0
RE1,RE1,S14,TRAOHC,2017,0
RE1,RE1,S14,URN,2017,0
RE1,RE1,S14,WAS,2017,0
RE1,RE1,S14,WND,2017,0
RE1,RE1,S15,BIO,2017,0
RE1,RE1,S15,CALTAGBIO,2017,0
RE1,RE1,S15,CALTAGCOA,2017,0
RE1,RE1,S15,CALTAGGEO,2017,0
RE1,RE1,S15,CALTAGHYD,2017,0
RE1,RE1,S15,CALTAGNGS,2017,0
RE1,RE1,S15,CALTAGOIL,2017,0
RE1,RE1,S15,CALTAGRNW,2017,0
RE1,RE1,S15,CALTAGSOL,2017,0
RE1,RE1,S15,CALTAGURN,2017,0
RE1,RE1,S15,CALTAGWAS,2017,0
RE1,RE1,S15,CALTAGWND,2017,0
RE1,RE1,S15,COA,2017,0
RE1,RE1,S15,DSL,2017,0
RE1,RE1,S15,ELCA01,2017,0
RE1,RE1,S15,ELCB01,2017,0
RE1,RE1,S15,ELCB02,2017,0
RE1,RE1,S15,ELCC01,2017,0
RE1,RE1,S15,ELCC02,2017,0
RE1,RE1,S15,ELCD01,2017,0
RE1,RE1,S15,ELCD02,2017,0
RE1,RE1,S15,ELCE01,2017,0
RE1,RE1,S15,ELCE02,2017,0
RE1,RE1,S15,ELCF01,2017,0
RE1,RE1,S15,ELCF02,2017,0
RE1,RE1,S15,ELCG01,2017,0
RE1,RE1,S15,ELCG02,2017,0
RE1,RE1,S15,ELCH01,2017,0
RE1,RE1,S15,ELCH02,2017,0
RE1,RE1,S15,ELCI01,2017,0
RE1,RE1,S15,ELCI02,2017,0
RE1,RE1,S15,ELCJ01,2017,0
RE1,RE1,S15,ELCJ02,2017,0
RE1,RE1,S15,ELCK02,2017,0
RE1,RE1,S15,ELCL02,2017,0
RE1,RE1,S15,ELCM02,2017,0
RE1,RE1,S15,ELCN02,2017,0
RE1,RE1,S15,ELCO02,2017,0
RE1,RE1,S15,ELCP01,2017,0
RE1,RE1,S15,ELCP02,2017,0
RE1,RE1,S15,ELCSOLM02,2017,0
RE1,RE1,S15,ELCSOLN02,2017,0
RE1,RE1,S15,ELCSOLO02,2017,0
RE1,RE1,S15,GEO,2017,0
RE1,RE1,S15,GSL,2017,0
RE1,RE1,S15,HFO,2017,0
RE1,RE1,S15,HYD,2017,0
RE1,RE1,S15,KER,2017,0
RE1,RE1,S15,LPG,2017,0
RE1,RE1,S15,NGS,2017,0
RE1,RE1,S15,OHC,2017,0
RE1,RE1,S15,PCK,2017,0
RE1,RE1,S15,PWRBIO,2017,0
RE1,RE1,S15,PWRCOA,2017,0
RE1,RE1,S15,PWRDSL,2017,0
RE1,RE1,S15,PWRGEO,2017,0
RE1,RE1,S15,PWRHFO,2017,0
RE1,RE1,S15,PWRHYD,2017,0
RE1,RE1,S15,PWRLPG,2017,0
RE1,RE1,S15,PWRNGS,2017,0
RE1,RE1,S15,PWRPCK,2017,0
RE1,RE1,S15,PWRSOL,2017,0
RE1,RE1,S15,PWRURN,2017,0
RE1,RE1,S15,PWRWAS,2017,0
RE1,RE1,S15,PWRWND,2017,0
RE1,RE1,S15,RESBIO,2017,0
RE1,RE1,S15,RESELCB02,2017,0
RE1,RE1,S15,RESELCC02,2017,0
RE1,RE1,S15,RESELCD02,2017,0
RE1,RE1,S15,RESELCE02,2017,0
RE1,RE1,S15,RESELCF02,2017,0
RE1,RE1,S15,RESELCG02,2017,0
RE1,RE1,S15,RESELCH02,2017,0
RE1,RE1,S15,RESELCI02,2017,0
RE1,RE1,S15,RESELCJ02,2017,0
RE1,RE1,S15,RESELCK02,2017,0
RE1,RE1,S15,RESELCL02,2017,0
RE1,RE1,S15,RESELCM02,2017,0
RE1,RE1,S15,RESELCN02,2017,0
RE1,RE1,S15,RESELCO02,2017,0
RE1,RE1,S15,RESELCP02,2017,0
RE1,RE1,S15,RESKER,2017,0
RE1,RE1,S15,RESLPG,2017,0
RE1,RE1,S15,SOL,2017,0
RE1,RE1,S15,TRADSL,2017,0
RE1,RE1,S15,TRAELCVDM,2017,0
RE1,RE1,S15,TRAGSL,2017,0
RE1,RE1,S15,TRAOHC,2017,0
RE1,RE1,S15,URN,2017,0
RE1,RE1,S15,WAS,2017,0
RE1,RE1,S15,WND,2017,0
RE1,RE1,S16,BIO,2017,0
RE1,RE1,S16,CALTAGBIO,2017,0
RE1,RE1,S16,CALTAGCOA,2017,0
RE1,RE1,S16,CALTAGGEO,2017,0
RE1,RE1,S16,CALTAGHYD,2017,0
RE1,RE1,S16,CALTAGNGS,2017,0
RE1,RE1,S16,CALTAGOIL,2017,0
RE1,RE1,S16,CALTAGRNW,2017,0
RE1,RE1,S16,CALTAGSOL,2017,0
RE1,RE1,S16,CALTAGURN,2017,0
RE1,RE1,S16,CALTAGWAS,2017,0
RE1,RE1,S16,CALTAGWND,2017,0
RE1,RE1,S16,COA,2017,0
RE1,RE1,S16,DSL,2017,0
RE1,RE1,S16,ELCA01,2017,0
RE1,RE1,S16,ELCB01,2017,0
RE1,RE1,S16,ELCB02,2017,0
RE1,RE1,S16,ELCC01,2017,0
RE1,RE1,S16,ELCC02,2017,0
RE1,RE1,S16,ELCD01,2017,0
RE1,RE1,S16,ELCD02,2017,0
RE1,RE1,S16,ELCE01,2017,0
RE1,RE1,S16,ELCE02,2017,0
RE1,RE1,S16,ELCF01,2017,0
RE1,RE1,S16,ELCF02,2017,0
RE1,RE1,S16,ELCG01,2017,0
RE1,RE1,S16,ELCG02,2017,0
RE1,RE1,S16,ELCH01,2017,0
RE1,RE1,S16,ELCH02,2017,0
RE1,RE1,S16,ELCI01,2017,0
RE1,RE1,S16,ELCI02,2017,0
RE1,RE1,S16,ELCJ01,2017,0
RE1,RE1,S16,ELCJ02,2017,0
RE1,RE1,S16,ELCK02,2017,0
RE1,RE1,S16,ELCL02,2017,0
RE1,RE1,S16,ELCM02,2017,0
RE1,RE1,S16,ELCN02,2017,0
RE1,RE1,S16,ELCO02,2017,0
RE1,RE1,S16,ELCP01,2017,0
RE1,RE1,S16,ELCP02,2017,0
RE1,RE1,S16,ELCSOLM02,2017,0
RE1,RE1,S16,ELCSOLN02,2017,0
RE1,RE1,S16,ELCSOLO02,2017,0
RE1,RE1,S16,GEO,2017,0
RE1,RE1,S16,GSL,2017,0
RE1,RE1,S16,HFO,2017,0
RE1,RE1,S16,HYD,2017,0
RE1,RE1,S16,KER,2017,0
RE1,RE1,S16,LPG,2017,0
RE1,RE1,S16,NGS,2017,0
RE1,RE1,S16,OHC,2017,0
RE1,RE1,S16,PCK,2017,0
RE1,RE1,S16,PWRBIO,2017,0
RE1,RE1,S16,PWRCOA,2017,0
RE1,RE1,S16,PWRDSL,2017,0
RE1,RE1,S16,PWRGEO,2017,0
RE1,RE1,S16,PWRHFO,2017,0
RE1,RE1,S16,PWRHYD,2017,0
RE1,RE1,S16,PWRLPG,2017,0
RE1,RE1,S16,PWRNGS,2017,0
RE1,RE1,S16,PWRPCK,2017,0
RE1,RE1,S16,PWRSOL,2017,0
RE1,RE1,S16,PWRURN,2017,0
RE1,RE1,S16,PWRWAS,2017,0
RE1,RE1,S16,PWRWND,2017,0
RE1,RE1,S16,RESBIO,2017,0
RE1,RE1,S16,RESELCB02,2017,0
RE1,RE1,S16,RESELCC02,2017,0
RE1,RE1,S16,RESELCD02,2017,0
RE1,RE1,S16,RESELCE02,2017,0
RE1,RE1,S16,RESELCF02,2017,0
RE1,RE1,S16,RESELCG02,2017,0
RE1,RE1,S16,RESELCH02,2017,0
RE1,RE1,S16,RESELCI02,2017,0
RE1,RE1,S16,RESELCJ02,2017,0
RE1,RE1,S16,RESELCK02,2017,0
RE1,RE1,S16,RESELCL02,2017,0
RE1,RE1,S16,RESELCM02,2017,0
RE1,RE1,S16,RESELCN02,2017,0
RE1,RE1,S16,RESELCO02,2017,0
RE1,RE1,S16,RESELCP02,2017,0
RE1,RE1,S16,RESKER,2017,0
RE1,RE1,S16,RESLPG,2017,0
RE1,RE1,S16,SOL,2017,0
RE1,RE1,S16,TRADSL,2017,0
RE1,RE1,S16,TRAELCVDM,2017,0
RE1,RE1,S16,TRAGSL,2017,0
RE1,RE1,S16,TRAOHC,2017,0
RE1,RE1,S16,URN,2017,0
RE1,RE1,S16,WAS,2017,0
RE1,RE1,S16,WND,2017,0
RE1,RE1,S17,BIO,2017,0
RE1,RE1,S17,CALTAGBIO,2017,0
RE1,RE1,S17,CALTAGCOA,2017,0
RE1,RE1,S17,CALTAGGEO,2017,0
RE1,RE1,S17,CALTAGHYD,2017,0
RE1,RE1,S17,CALTAGNGS,2017,0
RE1,RE1,S17,CALTAGOIL,2017,0
RE1,RE1,S17,CALTAGRNW,2017,0
RE1,RE1,S17,CALTAGSOL,2017,0
RE1,RE1,S17,CALTAGURN,2017,0
RE1,RE1,S17,CALTAGWAS,2017,0
RE1,RE1,S17,CALTAGWND,2017,0
RE1,RE1,S17,COA,2017,0
RE1,RE1,S17,DSL,2017,0
RE1,RE1,S17,ELCA01,2017,0
RE1,RE1,S17,ELCB01,2017,0
RE1,RE1,S17,ELCB02,2017,0
RE1,RE1,S17,ELCC01,2017,0
RE1,RE1,S17,ELCC02,2017,0
RE1,RE1,S17,ELCD01,2017,0
RE1,RE1,S17,ELCD02,2017,0
RE1,RE1,S17,ELCE01,2017,0
RE1,RE1,S17,ELCE02,2017,0
RE1,RE1,S17,ELCF01,2017,0
RE1,RE1,S17,ELCF02,2017,0
RE1,RE1,S17,ELCG01,2017,0
RE1,RE1,S17,ELCG02,2017,0
RE1,RE1,S17,ELCH01,2017,0
RE1,RE1,S17,ELCH02,2017,0
RE1,RE1,S17,ELCI01,2017,0
RE1,RE1,S17,ELCI02,2017,0
RE1,RE1,S17,ELCJ01,2017,0
RE1,RE1,S17,ELCJ02,2017,0
RE1,RE1,S17,ELCK02,2017,0
RE1,RE1,S17,ELCL02,2017,0
RE1,RE1,S17,ELCM02,2017,0
RE1,RE1,S17,ELCN02,2017,0
RE1,RE1,S17,ELCO02,2017,0
RE1,RE1,S17,ELCP01,2017,0
RE1,RE1,S17,ELCP02,2017,0
RE1,RE1,S17,ELCSOLM02,2017,0
RE1,RE1,S17,ELCSOLN02,2017,0
RE1,RE1,S17,ELCSOLO02,2017,0
RE1,RE1,S17,GEO,2017,0
RE1,RE1,S17,GSL,2017,0
RE1,RE1,S17,HFO,2017,0
RE1,RE1,S17,HYD,2017,0
RE1,RE1,S17,KER,2017,0
RE1,RE1,S17,LPG,2017,0
RE1,RE1,S17,NGS,2017,0
RE1,RE1,S17,OHC,2017,0
RE1,RE1,S17,PCK,2017,0
RE1,RE1,S17,PWRBIO,2017,0
RE1,RE1,S17,PWRCOA,2017,0
RE1,RE1,S17,PWRDSL,2017,0
RE1,RE1,S17,PWRGEO,2017,0
RE1,RE1,S17,PWRHFO,2017,0
RE1,RE1,S17,PWRHYD,2017,0
RE1,RE1,S17,PWRLPG,2017,0
RE1,RE1,S17,PWRNGS,2017,0
RE1,RE1,S17,PWRPCK,2017,0
RE1,RE1,S17,PWRSOL,2017,0
RE1,RE1,S17,PWRURN,2017,0
RE1,RE1,S17,PWRWAS,2017,0
RE1,RE1,S17,PWRWND,2017,0
RE1,RE1,S17,RESBIO,2017,0
RE1,RE1,S17,RESELCB02,2017,0
RE1,RE1,S17,RESELCC02,2017,0
RE1,RE1,S17,RESELCD02,2017,0
RE1,RE1,S17,RESELCE02,2017,0
RE1,RE1,S17,RESELCF02,2017,0
RE1,RE1,S17,RESELCG02,2017,0
RE1,RE1,S17,RESELCH02,2017,0
RE1,RE1,S17,RESELCI02,2017,0
RE1,RE1,S17,RESELCJ02,2017,0
RE1,RE1,S17,RESELCK02,2017,0
RE1,RE1,S17,RESELCL02,2017,0
RE1,RE1,S17,RESELCM02,2017,0
RE1,RE1,S17,RESELCN02,2017,0
RE1,RE1,S17,RESELCO02,2017,0
RE1,RE1,S17,RESELCP02,2017,0
RE1,RE1,S17,RESKER,2017,0
RE1,RE1,S17,RESLPG,2017,0
RE1,RE1,S17,SOL,2017,0
RE1,RE1,S17,TRADSL,2017,0
RE1,RE1,S17,TRAELCVDM,2017,0
RE1,RE1,S17,TRAGSL,2017,0
RE1,RE1,S17,TRAOHC,2017,0
RE1,RE1,S17,URN,2017,0
RE1,RE1,S17,WAS,2017,0
RE1,RE1,S17,WND,2017,0
RE1,RE1,S18,BIO,2017,0
RE1,RE1,S18,CALTAGBIO,2017,0
RE1,RE1,S18,CALTAGCOA,2017,0
RE1,RE1,S18,CALTAGGEO,2017,0
RE1,RE1,S18,CALTAGHYD,2017,0
RE1,RE1,S18,CALTAGNGS,2017,0
RE1,RE1,S18,CALTAGOIL,2017,0
RE1,RE1,S18,CALTAGRNW,2017,0
RE1,RE1,S18,CALTAGSOL,2017,0
RE1,RE1,S18,CALTAGURN,2017,0
RE1,RE1,S18,CALTAGWAS,2017,0
RE1,RE1,S18,CALTAGWND,2017,0
RE1,RE1,S18,COA,2017,0
RE1,RE1,S18,DSL,2017,0
RE1,RE1,S18,ELCA01,2017,0
RE1,RE1,S18,ELCB01,2017,0
RE1,RE1,S18,ELCB02,2017,0
RE1,RE1,S18,ELCC01,2017,0
RE1,RE1,S18,ELCC02,2017,0
RE1,RE1,S18,ELCD01,2017,0
RE1,RE1,S18,ELCD02,2017,0
RE1,RE1,S18,ELCE01,2017,0
RE1,RE1,S18,ELCE02,2017,0
RE1,RE1,S18,ELCF01,2017,0
RE1,RE1,S18,ELCF02,2017,0
RE1,RE1,S18,ELCG01,2017,0
RE1,RE1,S18,ELCG02,2017,0
RE1,RE1,S18,ELCH01,2017,0
RE1,RE1,S18,ELCH02,2017,0
RE1,RE1,S18,ELCI01,2017,0
RE1,RE1,S18,ELCI02,2017,0
RE1,RE1,S18,ELCJ01,2017,0
RE1,RE1,S18,ELCJ02,2017,0
RE1,RE1,S18,ELCK02,2017,0
RE1,RE1,S18,ELCL02,2017,0
RE1,RE1,S18,ELCM02,2017,0
RE1,RE1,S18,ELCN02,2017,0
RE1,RE1,S18,ELCO02,2017,0
RE1,RE1,S18,ELCP01,2017,0
RE1,RE1,S18,ELCP02,2017,0
RE1,RE1,S18,ELCSOLM02,2017,0
RE1,RE1,S18,ELCSOLN02,2017,0
RE1,RE1,S18,ELCSOLO02,2017,0
RE1,RE1,S18,GEO,2017,0
RE1,RE1,S18,GSL,2017,0
RE1,RE1,S18,HFO,2017,0
RE1,RE1,S18,HYD,2017,0
RE1,RE1,S18,KER,2017,0
RE1,RE1,S18,LPG,2017,0
RE1,RE1,S18,NGS,2017,0
RE1,RE1,S18,OHC,2017,0
RE1,RE1,S18,PCK,2017,0
RE1,RE1,S18,PWRBIO,2017,0
RE1,RE1,S18,PWRCOA,2017,0
RE1,RE1,S18,PWRDSL,2017,0
RE1,RE1,S18,PWRGEO,2017,0
RE1,RE1,S18,PWRHFO,2017,0
RE1,RE1,S18,PWRHYD,2017,0
RE1,RE1,S18,PWRLPG,2017,0
RE1,RE1,S18,PWRNGS,2017,0
RE1,RE1,S18,PWRPCK,2017,0
RE1,RE1,S18,PWRSOL,2017,0
RE1,RE1,S18,PWRURN,2017,0
RE1,RE1,S18,PWRWAS,2017,0
RE1,RE1,S18,PWRWND,2017,0
RE1,RE1,S18,RESBIO,2017,0
RE1,RE1,S18,RESELCB02,2017,0
RE1,RE1,S18,RESELCC02,2017,0
RE1,RE1,S18,RESELCD02,2017,0
RE1,RE1,S18,RESELCE02,2017,0
RE1,RE1,S18,RESELCF02,2017,0
RE1,RE1,S18,RESELCG02,2017,0
RE1,RE1,S18,RESELCH02,2017,0
RE1,RE1,S18,RESELCI02,2017,0
RE1,RE1,S18,RESELCJ02,2017,0
RE1,RE1,S18,RESELCK02,2017,0
RE1,RE1,S18,RESELCL02,2017,0
RE1,RE1,S18,RESELCM02,2017,0
RE1,RE1,S18,RESELCN02,2017,0
RE1,RE1,S18,RESELCO02,2017,0
RE1,RE1,S18,RESELCP02,2017,0
RE1,RE1,S18,RESKER,2017,0
RE1,RE1,S18,RESLPG,2017,0
RE1,RE1,S18,SOL,2017,0
RE1,RE1,S18,TRADSL,2017,0
RE1,RE1,S18,TRAELCVDM,2017,0
RE1,RE1,S18,TRAGSL,2017,0
RE1,RE1,S18,TRAOHC,2017,0
RE1,RE1,S18,URN,2017,0
RE1,RE1,S18,WAS,2017,0
RE1,RE1,S18,WND,2017,0
RE1,RE1,S21,BIO,2017,0
RE1,RE1,S21,CALTAGBIO,2017,0
RE1,RE1,S21,CALTAGCOA,2017,0
RE1,RE1,S21,CALTAGGEO,2017,0
RE1,RE1,S21,CALTAGHYD,2017,0
RE1,RE1,S21,CALTAGNGS,2017,0
RE1,RE1,S21,CALTAGOIL,2017,0
RE1,RE1,S21,CALTAGRNW,2017,0
RE1,RE1,S21,CALTAGSOL,2017,0
RE1,RE1,S21,CALTAGURN,2017,0
RE1,RE1,S21,CALTAGWAS,2017,0
RE1,RE1,S21,CALTAGWND,2017,0
RE1,RE1,S21,COA,2017,0
RE1,RE1,S21,DSL,2017,0
RE1,RE1,S21,ELCA01,2017,0
RE1,RE1,S21,ELCB01,2017,0
RE1,RE1,S21,ELCB02,2017,0
RE1,RE1,S21,ELCC01,2017,0
RE1,RE1,S21,ELCC02,2017,0
RE1,RE1,S21,ELCD01,2017,0
RE1,RE1,S21,ELCD02,2017,0
RE1,RE1,S21,ELCE01,2017,0
RE1,RE1,S21,ELCE02,2017,0
RE1,RE1,S21,ELCF01,2017,0
RE1,RE1,S21,ELCF02,2017,0
RE1,RE1,S21,ELCG01,2017,0
RE1,RE1,S21,ELCG02,2017,0
RE1,RE1,S21,ELCH01,2017,0
RE1,RE1,S21,ELCH02,2017,0
RE1,RE1,S21,ELCI01,2017,0
RE1,RE1,S21,ELCI02,2017,0
RE1,RE1,S21,ELCJ01,2017,0
RE1,RE1,S21,ELCJ02,2017,0
RE1,RE1,S21,ELCK02,2017,0
RE1,RE1,S21,ELCL02,2017,0
RE1,RE1,S21,ELCM02,2017,0
RE1,RE1,S21,ELCN02,2017,0
RE1,RE1,S21,ELCO02,2017,0
RE1,RE1,S21,ELCP01,2017,0
RE1,RE1,S21,ELCP02,2017,0
RE1,RE1,S21,ELCSOLM02,2017,0
RE1,RE1,S21,ELCSOLN02,2017,0
RE1,RE1,S21,ELCSOLO02,2017,0
RE1,RE1,S21,GEO,2017,0
RE1,RE1,S21,GSL,2017,0
RE1,RE1,S21,HFO,2017,0
RE1,RE1,S21,HYD,2017,0
RE1,RE1,S21,KER,2017,0
RE1,RE1,S21,LPG,2017,0
RE1,RE1,S21,NGS,2017,0
RE1,RE1,S21,OHC,2017,0
RE1,RE1,S21,PCK,2017,0
RE1,RE1,S21,PWRBIO,2017,0
RE1,RE1,S21,PWRCOA,2017,0
RE1,RE1,S21,PWRDSL,2017,0
RE1,RE1,S21,PWRGEO,2017,0
RE1,RE1,S21,PWRHFO,2017,0
RE1,RE1,S21,PWRHYD,2017,0
RE1,RE1,S21,PWRLPG,2017,0
RE1,RE1,S21,PWRNGS,2017,0
RE1,RE1,S21,PWRPCK,2017,0
RE1,RE1,S21,PWRSOL,2017,0
RE1,RE1,S21,PWRURN,2017,0
RE1,RE1,S21,PWRWAS,2017,0
RE1,RE1,S21,PWRWND,2017,0
RE1,RE1,S21,RESBIO,2017,0
RE1,RE1,S21,RESELCB02,2017,0
RE1,RE1,S21,RESELCC02,2017,0
RE1,RE1,S21,RESELCD02,2017,0
RE1,RE1,S21,RESELCE02,2017,0
RE1,RE1,S21,RESELCF02,2017,0
RE1,RE1,S21,RESELCG02,2017,0
RE1,RE1,S21,RESELCH02,2017,0
RE1,RE1,S21,RESELCI02,2017,0
RE1,RE1,S21,RESELCJ02,2017,0
RE1,RE1,S21,RESELCK02,2017,0
RE1,RE1,S21,RESELCL02,2017,0
RE1,RE1,S21,RESELCM02,2017,0
RE1,RE1,S21,RESELCN02,2017,0
RE1,RE1,S21,RESELCO02,2017,0
RE1,RE1,S21,RESELCP02,2017,0
RE1,RE1,S21,RESKER,2017,0
RE1,RE1,S21,RESLPG,2017,0
RE1,RE1,S21,SOL,2017,0
RE1,RE1,S21,TRADSL,2017,0
RE1,RE1,S21,TRAELCVDM,2017,0
RE1,RE1,S21,TRAGSL,2017,0
RE1,RE1,S21,TRAOHC,2017,0
RE1,RE1,S21,URN,2017,0
RE1,RE1,S21,WAS,2017,0
RE1,RE1,S21,WND,2017,0
RE1,RE1,S22,BIO,2017,0
RE1,RE1,S22,CALTAGBIO,2017,0
RE1,RE1,S22,CALTAGCOA,2017,0
RE1,RE1,S22,CALTAGGEO,2017,0
RE1,RE1,S22,CALTAGHYD,2017,0
RE1,RE1,S22,CALTAGNGS,2017,0
RE1,RE1,S22,CALTAGOIL,2017,0
RE1,RE1,S22,CALTAGRNW,2017,0
RE1,RE1,S22,CALTAGSOL,2017,0
RE1,RE1,S22,CALTAGURN,2017,0
RE1,RE1,S22,CALTAGWAS,2017,0
RE1,RE1,S22,CALTAGWND,2017,0
RE1,RE1,S22,COA,2017,0
RE1,RE1,S22,DSL,2017,0
RE1,RE1,S22,ELCA01,2017,0
RE1,RE1,S22,ELCB01,2017,0
RE1,RE1,S22,ELCB02,2017,0
RE1,RE1,S22,ELCC01,2017,0
RE1,RE1,S22,ELCC02,2017,0
RE1,RE1,S22,ELCD01,2017,0
RE1,RE1,S22,ELCD02,2017,0
RE1,RE1,S22,ELCE01,2017,0
RE1,RE1,S22,ELCE02,2017,0
RE1,RE1,S22,ELCF01,2017,0
RE1,RE1,S22,ELCF02,2017,0
RE1,RE1,S22,ELCG01,2017,0
RE1,RE1,S22,ELCG02,2017,0
RE1,RE1,S22,ELCH01,2017,0
RE1,RE1,S22,ELCH02,2017,0
RE1,RE1,S22,ELCI01,2017,0
RE1,RE1,S22,ELCI02,2017,0
RE1,RE1,S22,ELCJ01,2017,0
RE1,RE1,S22,ELCJ02,2017,0
RE1,RE1,S22,ELCK02,2017,0
RE1,RE1,S22,ELCL02,2017,0
RE1,RE1,S22,ELCM02,2017,0
RE1,RE1,S22,ELCN02,2017,0
RE1,RE1,S22,ELCO02,2017,0
RE1,RE1,S22,ELCP01,2017,0
RE1,RE1,S22,ELCP02,2017,0
RE1,RE1,S22,ELCSOLM02,2017,0
RE1,RE1,S22,ELCSOLN02,2017,0
RE1,RE1,S22,ELCSOLO02,2017,0
RE1,RE1,S22,GEO,2017,0
RE1,RE1,S22,GSL,2017,0
RE1,RE1,S22,HFO,2017,0
RE1,RE1,S22,HYD,2017,0
RE1,RE1,S22,KER,2017,0
RE1,RE1,S22,LPG,2017,0
RE1,RE1,S22,NGS,2017,0
RE1,RE1,S22,OHC,2017,0
RE1,RE1,S22,PCK,2017,0
RE1,RE1,S22,PWRBIO,2017,0
RE1,RE1,S22,PWRCOA,2017,0
RE1,RE1,S22,PWRDSL,2017,0
RE1,RE1,S22,PWRGEO,2017,0
RE1,RE1,S22,PWRHFO,2017,0
RE1,RE1,S22,PWRHYD,2017,0
RE1,RE1,S22,PWRLPG,2017,0
RE1,RE1,S22,PWRNGS,2017,0
RE1,RE1,S22,PWRPCK,2017,0
RE1,RE1,S22,PWRSOL,2017,0
RE1,RE1,S22,PWRURN,2017,0
RE1,RE1,S22,PWRWAS,2017,0
RE1,RE1,S22,PWRWND,2017,0
RE1,RE1,S22,RESBIO,2017,0
RE1,RE1,S22,RESELCB02,2017,0
RE1,RE1,S22,RESELCC02,2017,0
RE1,RE1,S22,RESELCD02,2017,0
RE1,RE1,S22,RESELCE02,2017,0
RE1,RE1,S22,RESELCF02,2017,0
RE1,RE1,S22,RESELCG02,2017,0
RE1,RE1,S22,RESELCH02,2017,0
RE1,RE1,S22,RESELCI02,2017,0
RE1,RE1,S22,RESELCJ02,2017,0
RE1,RE1,S22,RESELCK02,2017,0
RE1,RE1,S22,RESELCL02,2017,0
RE1,RE1,S22,RESELCM02,2017,0
RE1,RE1,S22,RESELCN02,2017,0
RE1,RE1,S22,RESELCO02,2017,0
RE1,RE1,S22,RESELCP02,2017,0
RE1,RE1,S22,RESKER,2017,0
RE1,RE1,S22,RESLPG,2017,0
RE1,RE1,S22,SOL,2017,0
RE1,RE1,S22,TRADSL,2017,0
RE1,RE1,S22,TRAELCVDM,2017,0
RE1,RE1,S22,TRAGSL,2017,0
RE1,RE1,S22,TRAOHC,2017,0
RE1,RE1,S22,URN,2017,0
RE1,RE1,S22,WAS,2017,0
RE1,RE1,S22,WND,2017,0
RE1,RE1,S23,BIO,2017,0
RE1,RE1,S23,CALTAGBIO,2017,0
RE1,RE1,S23,CALTAGCOA,2017,0
RE1,RE1,S23,CALTAGGEO,2017,0
RE1,RE1,S23,CALTAGHYD,2017,0
RE1,RE1,S23,CALTAGNGS,2017,0
RE1,RE1,S23,CALTAGOIL,2017,0
RE1,RE1,S23,CALTAGRNW,2017,0
RE1,RE1,S23,CALTAGSOL,2017,0
RE1,RE1,S23,CALTAGURN,2017,0
RE1,RE1,S23,CALTAGWAS,2017,0
RE1,RE1,S23,CALTAGWND,2017,0
RE1,RE1,S23,COA,2017,0
RE1,RE1,S23,DSL,2017,0
RE1,RE1,S23,ELCA01,2017,0
RE1,RE1,S23,ELCB01,2017,0
RE1,RE1,S23,ELCB02,2017,0
RE1,RE1,S23,ELCC01,2017,0
RE1,RE1,S23,ELCC02,2017,0
RE1,RE1,S23,ELCD01,2017,0
RE1,RE1,S23,ELCD02,2017,0
RE1,RE1,S23,ELCE01,2017,0
RE1,RE1,S23,ELCE02,2017,0
RE1,RE1,S23,ELCF01,2017,0
RE1,RE1,S23,ELCF02,2017,0
RE1,RE1,S23,ELCG01,2017,0
RE1,RE1,S23,ELCG02,2017,0
RE1,RE1,S23,ELCH01,2017,0
RE1,RE1,S23,ELCH02,2017,0
RE1,RE1,S23,ELCI01,2017,0
RE1,RE1,S23,ELCI02,2017,0
RE1,RE1,S23,ELCJ01,2017,0
RE1,RE1,S23,ELCJ02,2017,0
RE1,RE1,S23,ELCK02,2017,0
RE1,RE1,S23,ELCL02,2017,0
RE1,RE1,S23,ELCM02,2017,0
RE1,RE1,S23,ELCN02,2017,0
RE1,RE1,S23,ELCO02,2017,0
RE1,RE1,S23,ELCP01,2017,0
RE1,RE1,S23,ELCP02,2017,0
RE1,RE1,S23,ELCSOLM02,2017,0
RE1,RE1,S23,ELCSOLN02,2017,0
RE1,RE1,S23,ELCSOLO02,2017,0
RE1,RE1,S23,GEO,2017,0
RE1,RE1,S23,GSL,2017,0
RE1,RE1,S23,HFO,2017,0
RE1,RE1,S23,HYD,2017,0
RE1,RE1,S23,KER,2017,0
RE1,RE1,S23,LPG,2017,0
RE1,RE1,S23,NGS,2017,0
RE1,RE1,S23,OHC,2017,0
RE1,RE1,S23,PCK,2017,0
RE1,RE1,S23,PWRBIO,2017,0
RE1,RE1,S23,PWRCOA,2017,0
RE1,RE1,S23,PWRDSL,2017,0
RE1,RE1,S23,PWRGEO,2017,0
RE1,RE1,S23,PWRHFO,2017,0
RE1,RE1,S23,PWRHYD,2017,0
RE1,RE1,S23,PWRLPG,2017,0
RE1,RE1,S23,PWRNGS,2017,0
RE1,RE1,S23,PWRPCK,2017,0
RE1,RE1,S23,PWRSOL,2017,0
RE1,RE1,S23,PWRURN,2017,0
RE1,RE1,S23,PWRWAS,2017,0
RE1,RE1,S23,PWRWND,2017,0
RE1,RE1,S23,RESBIO,2017,0
RE1,RE1,S23,RESELCB02,2017,0
RE1,RE1,S23,RESELCC02,2017,0
RE1,RE1,S23,RESELCD02,2017,0
RE1,RE1,S23,RESELCE02,2017,0
RE1,RE1,S23,RESELCF02,2017,0
RE1,RE1,S23,RESELCG02,2017,0
RE1,RE1,S23,RESELCH02,2017,0
RE1,RE1,S23,RESELCI02,2017,0
RE1,RE1,S23,RESELCJ02,2017,0
RE1,RE1,S23,RESELCK02,2017,0
RE1,RE1,S23,RESELCL02,2017,0
RE1,RE1,S23,RESELCM02,2017,0
RE1,RE1,S23,RESELCN02,2017,0
RE1,RE1,S23,RESELCO02,2017,0
RE1,RE1,S23,RESELCP02,2017,0
RE1,RE1,S23,RESKER,2017,0
RE1,RE1,S23,RESLPG,2017,0
RE1,RE1,S23,SOL,2017,0
RE1,RE1,S23,TRADSL,2017,0
RE1,RE1,S23,TRAELCVDM,2017,0
RE1,RE1,S23,TRAGSL,2017,0
RE1,RE1,S23,TRAOHC,2017,0
RE1,RE1,S23,URN,2017,0
RE1,RE1,S23,WAS,2017,0
RE1,RE1,S23,WND,2017,0
RE1,RE1,S24,BIO,2017,0
RE1,RE1,S24,CALTAGBIO,2017,0
RE1,RE1,S24,CALTAGCOA,2017,0
RE1,RE1,S24,CALTAGGEO,2017,0
RE1,RE1,S24,CALTAGHYD,2017,0
RE1,RE1,S24,CALTAGNGS,2017,0
RE1,RE1,S24,CALTAGOIL,2017,0
RE1,RE1,S24,CALTAGRNW,2017,0
RE1,RE1,S24,CALTAGSOL,2017,0
RE1,RE1,S24,CALTAGURN,2017,0
RE1,RE1,S24,CALTAGWAS,2017,0
RE1,RE1,S24,CALTAGWND,2017,0
RE1,RE1,S24,COA,2017,0
RE1,RE1,S24,DSL,2017,0
RE1,RE1,S24,ELCA01,2017,0
RE1,RE1,S24,ELCB01,2017,0
RE1,RE1,S24,ELCB02,2017,0
RE1,RE1,S24,ELCC01,2017,0
RE1,RE1,S24,ELCC02,2017,0
RE1,RE1,S24,ELCD01,2017,0
RE1,RE1,S24,ELCD02,2017,0
RE1,RE1,S24,ELCE01,2017,0
RE1,RE1,S24,ELCE02,2017,0
RE1,RE1,S24,ELCF01,2017,0
RE1,RE1,S24,ELCF02,2017,0
RE1,RE1,S24,ELCG01,2017,0
RE1,RE1,S24,ELCG02,2017,0
RE1,RE1,S24,ELCH01,2017,0
RE1,RE1,S24,ELCH02,2017,0
RE1,RE1,S24,ELCI01,2017,0
RE1,RE1,S24,ELCI02,2017,0
RE1,RE1,S24,ELCJ01,2017,0
RE1,RE1,S24,ELCJ02,2017,0
RE1,RE1,S24,ELCK02,2017,0
RE1,RE1,S24,ELCL02,2017,0
RE1,RE1,S24,ELCM02,2017,0
RE1,RE1,S24,ELCN02,2017,0
RE1,RE1,S24,ELCO02,2017,0
RE1,RE1,S24,ELCP01,2017,0
RE1,RE1,S24,ELCP02,2017,0
RE1,RE1,S24,ELCSOLM02,2017,0
RE1,RE1,S24,ELCSOLN02,2017,0
RE1,RE1,S24,ELCSOLO02,2017,0
RE1,RE1,S24,GEO,2017,0
RE1,RE1,S24,GSL,2017,0
RE1,RE1,S24,HFO,2017,0
RE1,RE1,S24,HYD,2017,0
RE1,RE1,S24,KER,2017,0
RE1,RE1,S24,LPG,2017,0
RE1,RE1,S24,NGS,2017,0
RE1,RE1,S24,OHC,2017,0
RE1,RE1,S24,PCK,2017,0
RE1,RE1,S24,PWRBIO,2017,0
RE1,RE1,S24,PWRCOA,2017,0
RE1,RE1,S24,PWRDSL,2017,0
RE1,RE1,S24,PWRGEO,2017,0
RE1,RE1,S24,PWRHFO,2017,0
RE1,RE1,S24,PWRHYD,2017,0
RE1,RE1,S24,PWRLPG,2017,0
RE1,RE1,S24,PWRNGS,2017,0
RE1,RE1,S24,PWRPCK,2017,0
RE1,RE1,S24,PWRSOL,2017,0
RE1,RE1,S24,PWRURN,2017,0
RE1,RE1,S24,PWRWAS,2017,0
RE1,RE1,S24,PWRWND,2017,0
RE1,RE1,S24,RESBIO,2017,0
RE1,RE1,S24,RESELCB02,2017,0
RE1,RE1,S24,RESELCC02,2017,0
RE1,RE1,S24,RESELCD02,2017,0
RE1,RE1,S24,RESELCE02,2017,0
RE1,RE1,S24,RESELCF02,2017,0
RE1,RE1,S24,RESELCG02,2017,0
RE1,RE1,S24,RESELCH02,2017,0
RE1,RE1,S24,RESELCI02,2017,0
RE1,RE1,S24,RESELCJ02,2017,0
RE1,RE1,S24,RESELCK02,2017,0
RE1,RE1,S24,RESELCL02,2017,0
RE1,RE1,S24,RESELCM02,2017,0
RE1,RE1,S24,RESELCN02,2017,0
RE1,RE1,S24,RESELCO02,2017,0
RE1,RE1,S24,RESELCP02,2017,0
RE1,RE1,S24,RESKER,2017,0
RE1,RE1,S24,RESLPG,2017,0
RE1,RE1,S24,SOL,2017,0
RE1,RE1,S24,TRADSL,2017,0
RE1,RE1,S24,TRAELCVDM,2017,0
RE1,RE1,S24,TRAGSL,2017,0
RE1,RE1,S24,TRAOHC,2017,0
RE1,RE1,S24,URN,2017,0
RE1,RE1,S24,WAS,2017,0
RE1,RE1,S24,WND,2017,0
RE1,RE1,S25,BIO,2017,0
RE1,RE1,S25,CALTAGBIO,2017,0
RE1,RE1,S25,CALTAGCOA,2017,0
RE1,RE1,S25,CALTAGGEO,2017,0
RE1,RE1,S25,CALTAGHYD,2017,0
RE1,RE1,S25,CALTAGNGS,2017,0
RE1,RE1,S25,CALTAGOIL,2017,0
RE1,RE1,S25,CALTAGRNW,2017,0
RE1,RE1,S25,CALTAGSOL,2017,0
RE1,RE1,S25,CALTAGURN,2017,0
RE1,RE1,S25,CALTAGWAS,2017,0
RE1,RE1,S25,CALTAGWND,2017,0
RE1,RE1,S25,COA,2017,0
RE1,RE1,S25,DSL,2017,0
RE1,RE1,S25,ELCA01,2017,0
RE1,RE1,S25,ELCB01,2017,0
RE1,RE1,S25,ELCB02,2017,0
RE1,RE1,S25,ELCC01,2017,0
RE1,RE1,S25,ELCC02,2017,0
RE1,RE1,S25,ELCD01,2017,0
RE1,RE1,S25,ELCD02,2017,0
RE1,RE1,S25,ELCE01,2017,0
RE1,RE1,S25,ELCE02,2017,0
RE1,RE1,S25,ELCF01,2017,0
RE1,RE1,S25,ELCF02,2017,0
RE1,RE1,S25,ELCG01,2017,0
RE1,RE1,S25,ELCG02,2017,0
RE1,RE1,S25,ELCH01,2017,0
RE1,RE1,S25,ELCH02,2017,0
RE1,RE1,S25,ELCI01,2017,0
RE1,RE1,S25,ELCI02,2017,0
RE1,RE1,S25,ELCJ01,2017,0
RE1,RE1,S25,ELCJ02,2017,0
RE1,RE1,S25,ELCK02,2017,0
RE1,RE1,S25,ELCL02,2017,0
RE1,RE1,S25,ELCM02,2017,0
RE1,RE1,S25,ELCN02,2017,0
RE1,RE1,S25,ELCO02,2017,0
RE1,RE1,S25,ELCP01,2017,0
RE1,RE1,S25,ELCP02,2017,0
RE1,RE1,S25,ELCSOLM02,2017,0
RE1,RE1,S25,ELCSOLN02,2017,0
RE1,RE1,S25,ELCSOLO02,2017,0
RE1,RE1,S25,GEO,2017,0
RE1,RE1,S25,GSL,2017,0
RE1,RE1,S25,HFO,2017,0
RE1,RE1,S25,HYD,2017,0
RE1,RE1,S25,KER,2017,0
RE1,RE1,S25,LPG,2017,0
RE1,RE1,S25,NGS,2017,0
RE1,RE1,S25,OHC,2017,0
RE1,RE1,S25,PCK,2017,0
RE1,RE1,S25,PWRBIO,2017,0
RE1,RE1,S25,PWRCOA,2017,0
RE1,RE1,S25,PWRDSL,2017,0
RE1,RE1,S25,PWRGEO,2017,0
RE1,RE1,S25,PWRHFO,2017,0
RE1,RE1,S25,PWRHYD,2017,0
RE1,RE1,S25,PWRLPG,2017,0
RE1,RE1,S25,PWRNGS,2017,0
RE1,RE1,S25,PWRPCK,2017,0
RE1,RE1,S25,PWRSOL,2017,0
RE1,RE1,S25,PWRURN,2017,0
RE1,RE1,S25,PWRWAS,2017,0
RE1,RE1,S25,PWRWND,2017,0
RE1,RE1,S25,RESBIO,2017,0
RE1,RE1,S25,RESELCB02,2017,0
RE1,RE1,S25,RESELCC02,2017,0
RE1,RE1,S25,RESELCD02,2017,0
RE1,RE1,S25,RESELCE02,2017,0
RE1,RE1,S25,RESELCF02,2017,0
RE1,RE1,S25,RESELCG02,2017,0
RE1,RE1,S25,RESELCH02,2017,0
RE1,RE1,S25,RESELCI02,2017,0
RE1,RE1,S25,RESELCJ02,2017,0
RE1,RE1,S25,RESELCK02,2017,0
RE1,RE1,S25,RESELCL02,2017,0
RE1,RE1,S25,RESELCM02,2017,0
RE1,RE1,S25,RESELCN02,2017,0
RE1,RE1,S25,RESELCO02,2017,0
RE1,RE1,S25,RESELCP02,2017,0
RE1,RE1,S25,RESKER,2017,0
RE1,RE1,S25,RESLPG,2017,0
RE1,RE1,S25,SOL,2017,0
RE1,RE1,S25,TRADSL,2017,0
RE1,RE1,S25,TRAELCVDM,2017,0
RE1,RE1,S25,TRAGSL,2017,0
RE1,RE1,S25,TRAOHC,2017,0
RE1,RE1,S25,URN,2017,0
RE1,RE1,S25,WAS,2017,0
RE1,RE1,S25,WND,2017,0
RE1,RE1,S26,BIO,2017,0
RE1,RE1,S26,CALTAGBIO,2017,0
RE1,RE1,S26,CALTAGCOA,2017,0
RE1,RE1,S26,CALTAGGEO,2017,0
RE1,RE1,S26,CALTAGHYD,2017,0
RE1,RE1,S26,CALTAGNGS,2017,0
RE1,RE1,S26,CALTAGOIL,2017,0
RE1,RE1,S26,CALTAGRNW,2017,0
RE1,RE1,S26,CALTAGSOL,2017,0
RE1,RE1,S26,CALTAGURN,2017,0
RE1,RE1,S26,CALTAGWAS,2017,0
RE1,RE1,S26,CALTAGWND,2017,0
RE1,RE1,S26,COA,2017,0
RE1,RE1,S26,DSL,2017,0
RE1,RE1,S26,ELCA01,2017,0
RE1,RE1,S26,ELCB01,2017,0
RE1,RE1,S26,ELCB02,2017,0
RE1,RE1,S26,ELCC01,2017,0
RE1,RE1,S26,ELCC02,2017,0
RE1,RE1,S26,ELCD01,2017,0
RE1,RE1,S26,ELCD02,2017,0
RE1,RE1,S26,ELCE01,2017,0
RE1,RE1,S26,ELCE02,2017,0
RE1,RE1,S26,ELCF01,2017,0
RE1,RE1,S26,ELCF02,2017,0
RE1,RE1,S26,ELCG01,2017,0
RE1,RE1,S26,ELCG02,2017,0
RE1,RE1,S26,ELCH01,2017,0
RE1,RE1,S26,ELCH02,2017,0
RE1,RE1,S26,ELCI01,2017,0
RE1,RE1,S26,ELCI02,2017,0
RE1,RE1,S26,ELCJ01,2017,0
RE1,RE1,S26,ELCJ02,2017,0
RE1,RE1,S26,ELCK02,2017,0
RE1,RE1,S26,ELCL02,2017,0
RE1,RE1,S26,ELCM02,2017,0
RE1,RE1,S26,ELCN02,2017,0
RE1,RE1,S26,ELCO02,2017,0
RE1,RE1,S26,ELCP01,2017,0
RE1,RE1,S26,ELCP02,2017,0
RE1,RE1,S26,ELCSOLM02,2017,0
RE1,RE1,S26,ELCSOLN02,2017,0
RE1,RE1,S26,ELCSOLO02,2017,0
RE1,RE1,S26,GEO,2017,0
RE1,RE1,S26,GSL,2017,0
RE1,RE1,S26,HFO,2017,0
RE1,RE1,S26,HYD,2017,0
RE1,RE1,S26,KER,2017,0
RE1,RE1,S26,LPG,2017,0
RE1,RE1,S26,NGS,2017,0
RE1,RE1,S26,OHC,2017,0
RE1,RE1,S26,PCK,2017,0
RE1,RE1,S26,PWRBIO,2017,0
RE1,RE1,S26,PWRCOA,2017,0
RE1,RE1,S26,PWRDSL,2017,0
RE1,RE1,S26,PWRGEO,2017,0
RE1,RE1,S26,PWRHFO,2017,0
RE1,RE1,S26,PWRHYD,2017,0
RE1,RE1,S26,PWRLPG,2017,0
RE1,RE1,S26,PWRNGS,2017,0
RE1,RE1,S26,PWRPCK,2017,0
RE1,RE1,S26,PWRSOL,2017,0
RE1,RE1,S26,PWRURN,2017,0
RE1,RE1,S26,PWRWAS,2017,0
RE1,RE1,S26,PWRWND,2017,0
RE1,RE1,S26,RESBIO,2017,0
RE1,RE1,S26,RESELCB02,2017,0
RE1,RE1,S26,RESELCC02,2017,0
RE1,RE1,S26,RESELCD02,2017,0
RE1,RE1,S26,RESELCE02,2017,0
RE1,RE1,S26,RESELCF02,2017,0
RE1,RE1,S26,RESELCG02,2017,0
RE1,RE1,S26,RESELCH02,2017,0
RE1,RE1,S26,RESELCI02,2017,0
RE1,RE1,S26,RESELCJ02,2017,0
RE1,RE1,S26,RESELCK02,2017,0
RE1,RE1,S26,RESELCL02,2017,0
RE1,RE1,S26,RESELCM02,2017,0
RE1,RE1,S26,RESELCN02,2017,0
RE1,RE1,S26,RESELCO02,2017,0
RE1,RE1,S26,RESELCP02,2017,0
RE1,RE1,S26,RESKER,2017,0
RE1,RE1,S26,RESLPG,2017,0
RE1,RE1,S26,SOL,2017,0
RE1,RE1,S26,TRADSL,2017,0
RE1,RE1,S26,TRAELCVDM,2017,0
RE1,RE1,S26,TRAGSL,2017,0
RE1,RE1,S26,TRAOHC,2017,0
RE1,RE1,S26,URN,2017,0
RE1,RE1,S26,WAS,2017,0
RE1,RE1,S26,WND,2017,0
RE1,RE1,S27,BIO,2017,0
RE1,RE1,S27,CALTAGBIO,2017,0
RE1,RE1,S27,CALTAGCOA,2017,0
RE1,RE1,S27,CALTAGGEO,2017,0
RE1,RE1,S27,CALTAGHYD,2017,0
RE1,RE1,S27,CALTAGNGS,2017,0
RE1,RE1,S27,CALTAGOIL,2017,0
RE1,RE1,S27,CALTAGRNW,2017,0
RE1,RE1,S27,CALTAGSOL,2017,0
RE1,RE1,S27,CALTAGURN,2017,0
RE1,RE1,S27,CALTAGWAS,2017,0
RE1,RE1,S27,CALTAGWND,2017,0
RE1,RE1,S27,COA,2017,0
RE1,RE1,S27,DSL,2017,0
RE1,RE1,S27,ELCA01,2017,0
RE1,RE1,S27,ELCB01,2017,0
RE1,RE1,S27,ELCB02,2017,0
RE1,RE1,S27,ELCC01,2017,0
RE1,RE1,S27,ELCC02,2017,0
RE1,RE1,S27,ELCD01,2017,0
RE1,RE1,S27,ELCD02,2017,0
RE1,RE1,S27,ELCE01,2017,0
RE1,RE1,S27,ELCE02,2017,0
RE1,RE1,S27,ELCF01,2017,0
RE1,RE1,S27,ELCF02,2017,0
RE1,RE1,S27,ELCG01,2017,0
RE1,RE1,S27,ELCG02,2017,0
RE1,RE1,S27,ELCH01,2017,0
RE1,RE1,S27,ELCH02,2017,0
RE1,RE1,S27,ELCI01,2017,0
RE1,RE1,S27,ELCI02,2017,0
RE1,RE1,S27,ELCJ01,2017,0
RE1,RE1,S27,ELCJ02,2017,0
RE1,RE1,S27,ELCK02,2017,0
RE1,RE1,S27,ELCL02,2017,0
RE1,RE1,S27,ELCM02,2017,0
RE1,RE1,S27,ELCN02,2017,0
RE1,RE1,S27,ELCO02,2017,0
RE1,RE1,S27,ELCP01,2017,0
RE1,RE1,S27,ELCP02,2017,0
RE1,RE1,S27,ELCSOLM02,2017,0
RE1,RE1,S27,ELCSOLN02,2017,0
RE1,RE1,S27,ELCSOLO02,2017,0
RE1,RE1,S27,GEO,2017,0
RE1,RE1,S27,GSL,2017,0
RE1,RE1,S27,HFO,2017,0
RE1,RE1,S27,HYD,2017,0
RE1,RE1,S27,KER,2017,0
RE1,RE1,S27,LPG,2017,0
RE1,RE1,S27,NGS,2017,0
RE1,RE1,S27,OHC,2017,0
RE1,RE1,S27,PCK,2017,0
RE1,RE1,S27,PWRBIO,2017,0
RE1,RE1,S27,PWRCOA,2017,0
RE1,RE1,S27,PWRDSL,2017,0
RE1,RE1,S27,PWRGEO,2017,0
RE1,RE1,S27,PWRHFO,2017,0
RE1,RE1,S27,PWRHYD,2017,0
RE1,RE1,S27,PWRLPG,2017,0
RE1,RE1,S27,PWRNGS,2017,0
RE1,RE1,S27,PWRPCK,2017,0
RE1,RE1,S27,PWRSOL,2017,0
RE1,RE1,S27,PWRURN,2017,0
RE1,RE1,S27,PWRWAS,2017,0
RE1,RE1,S27,PWRWND,2017,0
RE1,RE1,S27,RESBIO,2017,0
RE1,RE1,S27,RESELCB02,2017,0
RE1,RE1,S27,RESELCC02,2017,0
RE1,RE1,S27,RESELCD02,2017,0
RE1,RE1,S27,RESELCE02,2017,0
RE1,RE1,S27,RESELCF02,2017,0
RE1,RE1,S27,RESELCG02,2017,0
RE1,RE1,S27,RESELCH02,2017,0
RE1,RE1,S27,RESELCI02,2017,0
RE1,RE1,S27,RESELCJ02,2017,0
RE1,RE1,S27,RESELCK02,2017,0
RE1,RE1,S27,RESELCL02,2017,0
RE1,RE1,S27,RESELCM02,2017,0
RE1,RE1,S27,RESELCN02,2017,0
RE1,RE1,S27,RESELCO02,2017,0
RE1,RE1,S27,RESELCP02,2017,0
RE1,RE1,S27,RESKER,2017,0
RE1,RE1,S27,RESLPG,2017,0
RE1,RE1,S27,SOL,2017,0
RE1,RE1,S27,TRADSL,2017,0
RE1,RE1,S27,TRAELCVDM,2017,0
RE1,RE1,S27,TRAGSL,2017,0
RE1,RE1,S27,TRAOHC,2017,0
RE1,RE1,S27,URN,2017,0
RE1,RE1,S27,WAS,2017,0
RE1,RE1,S27,WND,2017,0
RE1,RE1,S28,BIO,2017,0
RE1,RE1,S28,CALTAGBIO,2017,0
RE1,RE1,S28,CALTAGCOA,2017,0
RE1,RE1,S28,CALTAGGEO,2017,0
RE1,RE1,S28,CALTAGHYD,2017,0
RE1,RE1,S28,CALTAGNGS,2017,0
RE1,RE1,S28,CALTAGOIL,2017,0
RE1,RE1,S28,CALTAGRNW,2017,0
RE1,RE1,S28,CALTAGSOL,2017,0
RE1,RE1,S28,CALTAGURN,2017,0
RE1,RE1,S28,CALTAGWAS,2017,0
RE1,RE1,S28,CALTAGWND,2017,0
RE1,RE1,S28,COA,2017,0
RE1,RE1,S28,DSL,2017,0
RE1,RE1,S28,ELCA01,2017,0
RE1,RE1,S28,ELCB01,2017,0
RE1,RE1,S28,ELCB02,2017,0
RE1,RE1,S28,ELCC01,2017,0
RE1,RE1,S28,ELCC02,2017,0
RE1,RE1,S28,ELCD01,2017,0
RE1,RE1,S28,ELCD02,2017,0
RE1,RE1,S28,ELCE01,2017,0
RE1,RE1,S28,ELCE02,2017,0
RE1,RE1,S28,ELCF01,2017,0
RE1,RE1,S28,ELCF02,2017,0
RE1,RE1,S28,ELCG01,2017,0
RE1,RE1,S28,ELCG02,2017,0
RE1,RE1,S28,ELCH01,2017,0
RE1,RE1,S28,ELCH02,2017,0
RE1,RE1,S28,ELCI01,2017,0
RE1,RE1,S28,ELCI02,2017,0
RE1,RE1,S28,ELCJ01,2017,0
RE1,RE1,S28,ELCJ02,2017,0
RE1,RE1,S28,ELCK02,2017,0
RE1,RE1,S28,ELCL02,2017,0
RE1,RE1,S28,ELCM02,2017,0
RE1,RE1,S28,ELCN02,2017,0
RE1,RE1,S28,ELCO02,2017,0
RE1,RE1,S28,ELCP01,2017,0
RE1,RE1,S28,ELCP02,2017,0
RE1,RE1,S28,ELCSOLM02,2017,0
RE1,RE1,S28,ELCSOLN02,2017,0
RE1,RE1,S28,ELCSOLO02,2017,0
RE1,RE1,S28,GEO,2017,0
RE1,RE1,S28,GSL,2017,0
RE1,RE1,S28,HFO,2017,0
RE1,RE1,S28,HYD,2017,0
RE1,RE1,S28,KER,2017,0
RE1,RE1,S28,LPG,2017,0
RE1,RE1,S28,NGS,2017,0
RE1,RE1,S28,OHC,2017,0
RE1,RE1,S28,PCK,2017,0
RE1,RE1,S28,PWRBIO,2017,0
RE1,RE1,S28,PWRCOA,2017,0
RE1,RE1,S28,PWRDSL,2017,0
RE1,RE1,S28,PWRGEO,2017,0
RE1,RE1,S28,PWRHFO,2017,0
RE1,RE1,S28,PWRHYD,2017,0
RE1,RE1,S28,PWRLPG,2017,0
RE1,RE1,S28,PWRNGS,2017,0
RE1,RE1,S28,PWRPCK,2017,0
RE1,RE1,S28,PWRSOL,2017,0
RE1,RE1,S28,PWRURN,2017,0
RE1,RE1,S28,PWRWAS,2017,0
RE1,RE1,S28,PWRWND,2017,0
RE1,RE1,S28,RESBIO,2017,0
RE1,RE1,S28,RESELCB02,2017,0
RE1,RE1,S28,RESELCC02,2017,0
RE1,RE1,S28,RESELCD02,2017,0
RE1,RE1,S28,RESELCE02,2017,0
RE1,RE1,S28,RESELCF02,2017,0
RE1,RE1,S28,RESELCG02,2017,0
RE1,RE1,S28,RESELCH02,2017,0
RE1,RE1,S28,RESELCI02,2017,0
RE1,RE1,S28,RESELCJ02,2017,0
RE1,RE1,S28,RESELCK02,2017,0
RE1,RE1,S28,RESELCL02,2017,0
RE1,RE1,S28,RESELCM02,2017,0
RE1,RE1,S28,RESELCN02,2017,0
RE1,RE1,S28,RESELCO02,2017,0
RE1,RE1,S28,RESELCP02,2017,0
RE1,RE1,S28,RESKER,2017,0
RE1,RE1,S28,RESLPG,2017,0
RE1,RE1,S28,SOL,2017,0
RE1,RE1,S28,TRADSL,2017,0
RE1,RE1,S28,TRAELCVDM,2017,0
RE1,RE1,S28,TRAGSL,2017,0
RE1,RE1,S28,TRAOHC,2017,0
RE1,RE1,S28,URN,2017,0
RE1,RE1,S28,WAS,2017,0
RE1,RE1,S28,WND,2017,0
RE1,RE1,S31,BIO,2017,0
RE1,RE1,S31,CALTAGBIO,2017,0
RE1,RE1,S31,CALTAGCOA,2017,0
RE1,RE1,S31,CALTAGGEO,2017,0
RE1,RE1,S31,CALTAGHYD,2017,0
RE1,RE1,S31,CALTAGNGS,2017,0
RE1,RE1,S31,CALTAGOIL,2017,0
RE1,RE1,S31,CALTAGRNW,2017,0
RE1,RE1,S31,CALTAGSOL,2017,0
RE1,RE1,S31,CALTAGURN,2017,0
RE1,RE1,S31,CALTAGWAS,2017,0
RE1,RE1,S31,CALTAGWND,2017,0
RE1,RE1,S31,COA,2017,0
RE1,RE1,S31,DSL,2017,0
RE1,RE1,S31,ELCA01,2017,0
RE1,RE1,S31,ELCB01,2017,0
RE1,RE1,S31,ELCB02,2017,0
RE1,RE1,S31,ELCC01,2017,0
RE1,RE1,S31,ELCC02,2017,0
RE1,RE1,S31,ELCD01,2017,0
RE1,RE1,S31,ELCD02,2017,0
RE1,RE1,S31,ELCE01,2017,0
RE1,RE1,S31,ELCE02,2017,0
RE1,RE1,S31,ELCF01,2017,0
RE1,RE1,S31,ELCF02,2017,0
RE1,RE1,S31,ELCG01,2017,0
RE1,RE1,S31,ELCG02,2017,0
RE1,RE1,S31,ELCH01,2017,0
RE1,RE1,S31,ELCH02,2017,0
RE1,RE1,S31,ELCI01,2017,0
RE1,RE1,S31,ELCI02,2017,0
RE1,RE1,S31,ELCJ01,2017,0
RE1,RE1,S31,ELCJ02,2017,0
RE1,RE1,S31,ELCK02,2017,0
RE1,RE1,S31,ELCL02,2017,0
RE1,RE1,S31,ELCM02,2017,0
RE1,RE1,S31,ELCN02,2017,0
RE1,RE1,S31,ELCO02,2017,0
RE1,RE1,S31,ELCP01,2017,0
RE1,RE1,S31,ELCP02,2017,0
RE1,RE1,S31,ELCSOLM02,2017,0
RE1,RE1,S31,ELCSOLN02,2017,0
RE1,RE1,S31,ELCSOLO02,2017,0
RE1,RE1,S31,GEO,2017,0
RE1,RE1,S31,GSL,2017,0
RE1,RE1,S31,HFO,2017,0
RE1,RE1,S31,HYD,2017,0
RE1,RE1,S31,KER,2017,0
RE1,RE1,S31,LPG,2017,0
RE1,RE1,S31,NGS,2017,0
RE1,RE1,S31,OHC,2017,0
RE1,RE1,S31,PCK,2017,0
RE1,RE1,S31,PWRBIO,2017,0
RE1,RE1,S31,PWRCOA,2017,0
RE1,RE1,S31,PWRDSL,2017,0
RE1,RE1,S31,PWRGEO,2017,0
RE1,RE1,S31,PWRHFO,2017,0
RE1,RE1,S31,PWRHYD,2017,0
RE1,RE1,S31,PWRLPG,2017,0
RE1,RE1,S31,PWRNGS,2017,0
RE1,RE1,S31,PWRPCK,2017,0
RE1,RE1,S31,PWRSOL,2017,0
RE1,RE1,S31,PWRURN,2017,0
RE1,RE1,S31,PWRWAS,2017,0
RE1,RE1,S31,PWRWND,2017,0
RE1,RE1,S31,RESBIO,2017,0
RE1,RE1,S31,RESELCB02,2017,0
RE1,RE1,S31,RESELCC02,2017,0
RE1,RE1,S31,RESELCD02,2017,0
RE1,RE1,S31,RESELCE02,2017,0
RE1,RE1,S31,RESELCF02,2017,0
RE1,RE1,S31,RESELCG02,2017,0
RE1,RE1,S31,RESELCH02,2017,0
RE1,RE1,S31,RESELCI02,2017,0
RE1,RE1,S31,RESELCJ02,2017,0
RE1,RE1,S31,RESELCK02,2017,0
RE1,RE1,S31,RESELCL02,2017,0
RE1,RE1,S31,RESELCM02,2017,0
RE1,RE1,S31,RESELCN02,2017,0
RE1,RE1,S31,RESELCO02,2017,0
RE1,RE1,S31,RESELCP02,2017,0
RE1,RE1,S31,RESKER,2017,0
RE1,RE1,S31,RESLPG,2017,0
RE1,RE1,S31,SOL,2017,0
RE1,RE1,S31,TRADSL,2017,0
RE1,RE1,S31,TRAELCVDM,2017,0
RE1,RE1,S31,TRAGSL,2017,0
RE1,RE1,S31,TRAOHC,2017,0
RE1,RE1,S31,URN,2017,0
RE1,RE1,S31,WAS,2017,0
RE1,RE1,S31,WND,2017,0
RE1,RE1,S32,BIO,2017,0
RE1,RE1,S32,CALTAGBIO,2017,0
RE1,RE1,S32,CALTAGCOA,2017,0
RE1,RE1,S32,CALTAGGEO,2017,0
RE1,RE1,S32,CALTAGHYD,2017,0
RE1,RE1,S32,CALTAGNGS,2017,0
RE1,RE1,S32,CALTAGOIL,2017,0
RE1,RE1,S32,CALTAGRNW,2017,0
RE1,RE1,S32,CALTAGSOL,2017,0
RE1,RE1,S32,CALTAGURN,2017,0
RE1,RE1,S32,CALTAGWAS,2017,0
RE1,RE1,S32,CALTAGWND,2017,0
RE1,RE1,S32,COA,2017,0
RE1,RE1,S32,DSL,2017,0
RE1,RE1,S32,ELCA01,2017,0
RE1,RE1,S32,ELCB01,2017,0
RE1,RE1,S32,ELCB02,2017,0
RE1,RE1,S32,ELCC01,2017,0
RE1,RE1,S32,ELCC02,2017,0
RE1,RE1,S32,ELCD01,2017,0
RE1,RE1,S32,ELCD02,2017,0
RE1,RE1,S32,ELCE01,2017,0
RE1,RE1,S32,ELCE02,2017,0
RE1,RE1,S32,ELCF01,2017,0
RE1,RE1,S32,ELCF02,2017,0
RE1,RE1,S32,ELCG01,2017,0
RE1,RE1,S32,ELCG02,2017,0
RE1,RE1,S32,ELCH01,2017,0
RE1,RE1,S32,ELCH02,2017,0
RE1,RE1,S32,ELCI01,2017,0
RE1,RE1,S32,ELCI02,2017,0
RE1,RE1,S32,ELCJ01,2017,0
RE1,RE1,S32,ELCJ02,2017,0
RE1,RE1,S32,ELCK02,2017,0
RE1,RE1,S32,ELCL02,2017,0
RE1,RE1,S32,ELCM02,2017,0
RE1,RE1,S32,ELCN02,2017,0
RE1,RE1,S32,ELCO02,2017,0
RE1,RE1,S32,ELCP01,2017,0
RE1,RE1,S32,ELCP02,2017,0
RE1,RE1,S32,ELCSOLM02,2017,0
RE1,RE1,S32,ELCSOLN02,2017,0
RE1,RE1,S32,ELCSOLO02,2017,0
RE1,RE1,S32,GEO,2017,0
RE1,RE1,S32,GSL,2017,0
RE1,RE1,S32,HFO,2017,0
RE1,RE1,S32,HYD,2017,0
RE1,RE1,S32,KER,2017,0
RE1,RE1,S32,LPG,2017,0
RE1,RE1,S32,NGS,2017,0
RE1,RE1,S32,OHC,2017,0
RE1,RE1,S32,PCK,2017,0
RE1,RE1,S32,PWRBIO,2017,0
RE1,RE1,S32,PWRCOA,2017,0
RE1,RE1,S32,PWRDSL,2017,0
RE1,RE1,S32,PWRGEO,2017,0
RE1,RE1,S32,PWRHFO,2017,0
RE1,RE1,S32,PWRHYD,2017,0
RE1,RE1,S32,PWRLPG,2017,0
RE1,RE1,S32,PWRNGS,2017,0
RE1,RE1,S32,PWRPCK,2017,0
RE1,RE1,S32,PWRSOL,2017,0
RE1,RE1,S32,PWRURN,2017,0
RE1,RE1,S32,PWRWAS,2017,0
RE1,RE1,S32,PWRWND,2017,0
RE1,RE1,S32,RESBIO,2017,0
RE1,RE1,S32,RESELCB02,2017,0
RE1,RE1,S32,RESELCC02,2017,0
RE1,RE1,S32,RESELCD02,2017,0
RE1,RE1,S32,RESELCE02,2017,0
RE1,RE1,S32,RESELCF02,2017,0
RE1,RE1,S32,RESELCG02,2017,0
RE1,RE1,S32,RESELCH02,2017,0
RE1,RE1,S32,RESELCI02,2017,0
RE1,RE1,S32,RESELCJ02,2017,0
RE1,RE1,S32,RESELCK02,2017,0
RE1,RE1,S32,RESELCL02,2017,0
RE1,RE1,S32,RESELCM02,2017,0
RE1,RE1,S32,RESELCN02,2017,0
RE1,RE1,S32,RESELCO02,2017,0
RE1,RE1,S32,RESELCP02,2017,0
RE1,RE1,S32,RESKER,2017,0
RE1,RE1,S32,RESLPG,2017,0
RE1,RE1,S32,SOL,2017,0
RE1,RE1,S32,TRADSL,2017,0
RE1,RE1,S32,TRAELCVDM,2017,0
RE1,RE1,S32,TRAGSL,2017,0
RE1,RE1,S32,TRAOHC,2017,0
RE1,RE1,S32,URN,2017,0
RE1,RE1,S32,WAS,2017,0
RE1,RE1,S32,WND,2017,0
RE1,RE1,S33,BIO,2017,0
RE1,RE1,S33,CALTAGBIO,2017,0
RE1,RE1,S33,CALTAGCOA,2017,0
RE1,RE1,S33,CALTAGGEO,2017,0
RE1,RE1,S33,CALTAGHYD,2017,0
RE1,RE1,S33,CALTAGNGS,2017,0
RE1,RE1,S33,CALTAGOIL,2017,0
RE1,RE1,S33,CALTAGRNW,2017,0
RE1,RE1,S33,CALTAGSOL,2017,0
RE1,RE1,S33,CALTAGURN,2017,0
RE1,RE1,S33,CALTAGWAS,2017,0
RE1,RE1,S33,CALTAGWND,2017,0
RE1,RE1,S33,COA,2017,0
RE1,RE1,S33,DSL,2017,0
RE1,RE1,S33,ELCA01,2017,0
RE1,RE1,S33,ELCB01,2017,0
RE1,RE1,S33,ELCB02,2017,0
RE1,RE1,S33,ELCC01,2017,0
RE1,RE1,S33,ELCC02,2017,0
RE1,RE1,S33,ELCD01,2017,0
RE1,RE1,S33,ELCD02,2017,0
RE1,RE1,S33,ELCE01,2017,0
RE1,RE1,S33,ELCE02,2017,0
RE1,RE1,S33,ELCF01,2017,0
RE1,RE1,S33,ELCF02,2017,0
RE1,RE1,S33,ELCG01,2017,0
RE1,RE1,S33,ELCG02,2017,0
RE1,RE1,S33,ELCH01,2017,0
RE1,RE1,S33,ELCH02,2017,0
RE1,RE1,S33,ELCI01,2017,0
RE1,RE1,S33,ELCI02,2017,0
RE1,RE1,S33,ELCJ01,2017,0
RE1,RE1,S33,ELCJ02,2017,0
RE1,RE1,S33,ELCK02,2017,0
RE1,RE1,S33,ELCL02,2017,0
RE1,RE1,S33,ELCM02,2017,0
RE1,RE1,S33,ELCN02,2017,0
RE1,RE1,S33,ELCO02,2017,0
RE1,RE1,S33,ELCP01,2017,0
RE1,RE1,S33,ELCP02,2017,0
RE1,RE1,S33,ELCSOLM02,2017,0
RE1,RE1,S33,ELCSOLN02,2017,0
RE1,RE1,S33,ELCSOLO02,2017,0
RE1,RE1,S33,GEO,2017,0
RE1,RE1,S33,GSL,2017,0
RE1,RE1,S33,HFO,2017,0
RE1,RE1,S33,HYD,2017,0
RE1,RE1,S33,KER,2017,0
RE1,RE1,S33,LPG,2017,0
RE1,RE1,S33,NGS,2017,0
RE1,RE1,S33,OHC,2017,0
RE1,RE1,S33,PCK,2017,0
RE1,RE1,S33,PWRBIO,2017,0
RE1,RE1,S33,PWRCOA,2017,0
RE1,RE1,S33,PWRDSL,2017,0
RE1,RE1,S33,PWRGEO,2017,0
RE1,RE1,S33,PWRHFO,2017,0
RE1,RE1,S33,PWRHYD,2017,0
RE1,RE1,S33,PWRLPG,2017,0
RE1,RE1,S33,PWRNGS,2017,0
RE1,RE1,S33,PWRPCK,2017,0
RE1,RE1,S33,PWRSOL,2017,0
RE1,RE1,S33,PWRURN,2017,0
RE1,RE1,S33,PWRWAS,2017,0
RE1,RE1,S33,PWRWND,2017,0
RE1,RE1,S33,RESBIO,2017,0
RE1,RE1,S33,RESELCB02,2017,0
RE1,RE1,S33,RESELCC02,2017,0
RE1,RE1,S33,RESELCD02,2017,0
RE1,RE1,S33,RESELCE02,2017,0
RE1,RE1,S33,RESELCF02,2017,0
RE1,RE1,S33,RESELCG02,2017,0
RE1,RE1,S33,RESELCH02,2017,0
RE1,RE1,S33,RESELCI02,2017,0
RE1,RE1,S33,RESELCJ02,2017,0
RE1,RE1,S33,RESELCK02,2017,0
RE1,RE1,S33,RESELCL02,2017,0
RE1,RE1,S33,RESELCM02,2017,0
RE1,RE1,S33,RESELCN02,2017,0
RE1,RE1,S33,RESELCO02,2017,0
RE1,RE1,S33,RESELCP02,2017,0
RE1,RE1,S33,RESKER,2017,0
RE1,RE1,S33,RESLPG,2017,0
RE1,RE1,S33,SOL,2017,0
RE1,RE1,S33,TRADSL,2017,0
RE1,RE1,S33,TRAELCVDM,2017,0
RE1,RE1,S33,TRAGSL,2017,0
RE1,RE1,S33,TRAOHC,2017,0
RE1,RE1,S33,URN,2017,0
RE1,RE1,S33,WAS,2017,0
RE1,RE1,S33,WND,2017,0
RE1,RE1,S34,BIO,2017,0
RE1,RE1,S34,CALTAGBIO,2017,0
RE1,RE1,S34,CALTAGCOA,2017,0
RE1,RE1,S34,CALTAGGEO,2017,0
RE1,RE1,S34,CALTAGHYD,2017,0
RE1,RE1,S34,CALTAGNGS,2017,0
RE1,RE1,S34,CALTAGOIL,2017,0
RE1,RE1,S34,CALTAGRNW,2017,0
RE1,RE1,S34,CALTAGSOL,2017,0
RE1,RE1,S34,CALTAGURN,2017,0
RE1,RE1,S34,CALTAGWAS,2017,0
RE1,RE1,S34,CALTAGWND,2017,0
RE1,RE1,S34,COA,2017,0
RE1,RE1,S34,DSL,2017,0
RE1,RE1,S34,ELCA01,2017,0
RE1,RE1,S34,ELCB01,2017,0
RE1,RE1,S34,ELCB02,2017,0
RE1,RE1,S34,ELCC01,2017,0
RE1,RE1,S34,ELCC02,2017,0
RE1,RE1,S34,ELCD01,2017,0
RE1,RE1,S34,ELCD02,2017,0
RE1,RE1,S34,ELCE01,2017,0
RE1,RE1,S34,ELCE02,2017,0
RE1,RE1,S34,ELCF01,2017,0
RE1,RE1,S34,ELCF02,2017,0
RE1,RE1,S34,ELCG01,2017,0
RE1,RE1,S34,ELCG02,2017,0
RE1,RE1,S34,ELCH01,2017,0
RE1,RE1,S34,ELCH02,2017,0
RE1,RE1,S34,ELCI01,2017,0
RE1,RE1,S34,ELCI02,2017,0
RE1,RE1,S34,ELCJ01,2017,0
RE1,RE1,S34,ELCJ02,2017,0
RE1,RE1,S34,ELCK02,2017,0
RE1,RE1,S34,ELCL02,2017,0
RE1,RE1,S34,ELCM02,2017,0
RE1,RE1,S34,ELCN02,2017,0
RE1,RE1,S34,ELCO02,2017,0
RE1,RE1,S34,ELCP01,2017,0
RE1,RE1,S34,ELCP02,2017,0
RE1,RE1,S34,ELCSOLM02,2017,0
RE1,RE1,S34,ELCSOLN02,2017,0
RE1,RE1,S34,ELCSOLO02,2017,0
RE1,RE1,S34,GEO,2017,0
RE1,RE1,S34,GSL,2017,0
RE1,RE1,S34,HFO,2017,0
RE1,RE1,S34,HYD,2017,0
RE1,RE1,S34,KER,2017,0
RE1,RE1,S34,LPG,2017,0
RE1,RE1,S34,NGS,2017,0
RE1,RE1,S34,OHC,2017,0
RE1,RE1,S34,PCK,2017,0
RE1,RE1,S34,PWRBIO,2017,0
RE1,RE1,S34,PWRCOA,2017,0
RE1,RE1,S34,PWRDSL,2017,0
RE1,RE1,S34,PWRGEO,2017,0
RE1,RE1,S34,PWRHFO,2017,0
RE1,RE1,S34,PWRHYD,2017,0
RE1,RE1,S34,PWRLPG,2017,0
RE1,RE1,S34,PWRNGS,2017,0
RE1,RE1,S34,PWRPCK,2017,0
RE1,RE1,S34,PWRSOL,2017,0
RE1,RE1,S34,PWRURN,2017,0
RE1,RE1,S34,PWRWAS,2017,0
RE1,RE1,S34,PWRWND,2017,0
RE1,RE1,S34,RESBIO,2017,0
RE1,RE1,S34,RESELCB02,2017,0
RE1,RE1,S34,RESELCC02,2017,0
RE1,RE1,S34,RESELCD02,2017,0
RE1,RE1,S34,RESELCE02,2017,0
RE1,RE1,S34,RESELCF02,2017,0
RE1,RE1,S34,RESELCG02,2017,0
RE1,RE1,S34,RESELCH02,2017,0
RE1,RE1,S34,RESELCI02,2017,0
RE1,RE1,S34,RESELCJ02,2017,0
RE1,RE1,S34,RESELCK02,2017,0
RE1,RE1,S34,RESELCL02,2017,0
RE1,RE1,S34,RESELCM02,2017,0
RE1,RE1,S34,RESELCN02,2017,0
RE1,RE1,S34,RESELCO02,2017,0
RE1,RE1,S34,RESELCP02,2017,0
RE1,RE1,S34,RESKER,2017,0
RE1,RE1,S34,RESLPG,2017,0
RE1,RE1,S34,SOL,2017,0
RE1,RE1,S34,TRADSL,2017,0
RE1,RE1,S34,TRAELCVDM,2017,0
RE1,RE1,S34,TRAGSL,2017,0
RE1,RE1,S34,TRAOHC,2017,0
RE1,RE1,S34,URN,2017,0
RE1,RE1,S34,WAS,2017,0
RE1,RE1,S34,WND,2017,0
RE1,RE1,S35,BIO,2017,0
RE1,RE1,S35,CALTAGBIO,2017,0
RE1,RE1,S35,CALTAGCOA,2017,0
RE1,RE1,S35,CALTAGGEO,2017,0
RE1,RE1,S35,CALTAGHYD,2017,0
RE1,RE1,S35,CALTAGNGS,2017,0
RE1,RE1,S35,CALTAGOIL,2017,0
RE1,RE1,S35,CALTAGRNW,2017,0
RE1,RE1,S35,CALTAGSOL,2017,0
RE1,RE1,S35,CALTAGURN,2017,0
RE1,RE1,S35,CALTAGWAS,2017,0
RE1,RE1,S35,CALTAGWND,2017,0
RE1,RE1,S35,COA,2017,0
RE1,RE1,S35,DSL,2017,0
RE1,RE1,S35,ELCA01,2017,0
RE1,RE1,S35,ELCB01,2017,0
RE1,RE1,S35,ELCB02,2017,0
RE1,RE1,S35,ELCC01,2017,0
RE1,RE1,S35,ELCC02,2017,0
RE1,RE1,S35,ELCD01,2017,0
RE1,RE1,S35,ELCD02,2017,0
RE1,RE1,S35,ELCE01,2017,0
RE1,RE1,S35,ELCE02,2017,0
RE1,RE1,S35,ELCF01,2017,0
RE1,RE1,S35,ELCF02,2017,0
RE1,RE1,S35,ELCG01,2017,0
RE1,RE1,S35,ELCG02,2017,0
RE1,RE1,S35,ELCH01,2017,0
RE1,RE1,S35,ELCH02,2017,0
RE1,RE1,S35,ELCI01,2017,0
RE1,RE1,S35,ELCI02,2017,0
RE1,RE1,S35,ELCJ01,2017,0
RE1,RE1,S35,ELCJ02,2017,0
RE1,RE1,S35,ELCK02,2017,0
RE1,RE1,S35,ELCL02,2017,0
RE1,RE1,S35,ELCM02,2017,0
RE1,RE1,S35,ELCN02,2017,0
RE1,RE1,S35,ELCO02,2017,0
RE1,RE1,S35,ELCP01,2017,0
RE1,RE1,S35,ELCP02,2017,0
RE1,RE1,S35,ELCSOLM02,2017,0
RE1,RE1,S35,ELCSOLN02,2017,0
RE1,RE1,S35,ELCSOLO02,2017,0
RE1,RE1,S35,GEO,2017,0
RE1,RE1,S35,GSL,2017,0
RE1,RE1,S35,HFO,2017,0
RE1,RE1,S35,HYD,2017,0
RE1,RE1,S35,KER,2017,0
RE1,RE1,S35,LPG,2017,0
RE1,RE1,S35,NGS,2017,0
RE1,RE1,S35,OHC,2017,0
RE1,RE1,S35,PCK,2017,0
RE1,RE1,S35,PWRBIO,2017,0
RE1,RE1,S35,PWRCOA,2017,0
RE1,RE1,S35,PWRDSL,2017,0
RE1,RE1,S35,PWRGEO,2017,0
RE1,RE1,S35,PWRHFO,2017,0
RE1,RE1,S35,PWRHYD,2017,0
RE1,RE1,S35,PWRLPG,2017,0
RE1,RE1,S35,PWRNGS,2017,0
RE1,RE1,S35,PWRPCK,2017,0
RE1,RE1,S35,PWRSOL,2017,0
RE1,RE1,S35,PWRURN,2017,0
RE1,RE1,S35,PWRWAS,2017,0
RE1,RE1,S35,PWRWND,2017,0
RE1,RE1,S35,RESBIO,2017,0
RE1,RE1,S35,RESELCB02,2017,0
RE1,RE1,S35,RESELCC02,2017,0
RE1,RE1,S35,RESELCD02,2017,0
RE1,RE1,S35,RESELCE02,2017,0
RE1,RE1,S35,RESELCF02,2017,0
RE1,RE1,S35,RESELCG02,2017,0
RE1,RE1,S35,RESELCH02,2017,0
RE1,RE1,S35,RESELCI02,2017,0
RE1,RE1,S35,RESELCJ02,2017,0
RE1,RE1,S35,RESELCK02,2017,0
RE1,RE1,S35,RESELCL02,2017,0
RE1,RE1,S35,RESELCM02,2017,0
RE1,RE1,S35,RESELCN02,2017,0
RE1,RE1,S35,RESELCO02,2017,0
RE1,RE1,S35,RESELCP02,2017,0
RE1,RE1,S35,RESKER,2017,0
RE1,RE1,S35,RESLPG,2017,0
RE1,RE1,S35,SOL,2017,0
RE1,RE1,S35,TRADSL,2017,0
RE1,RE1,S35,TRAELCVDM,2017,0
RE1,RE1,S35,TRAGSL,2017,0
RE1,RE1,S35,TRAOHC,2017,0
RE1,RE1,S35,URN,2017,0
RE1,RE1,S35,WAS,2017,0
RE1,RE1,S35,WND,2017,0
RE1,RE1,S36,BIO,2017,0
RE1,RE1,S36,CALTAGBIO,2017,0
RE1,RE1,S36,CALTAGCOA,2017,0
RE1,RE1,S36,CALTAGGEO,2017,0
RE1,RE1,S36,CALTAGHYD,2017,0
RE1,RE1,S36,CALTAGNGS,2017,0
RE1,RE1,S36,CALTAGOIL,2017,0
RE1,RE1,S36,CALTAGRNW,2017,0
RE1,RE1,S36,CALTAGSOL,2017,0
RE1,RE1,S36,CALTAGURN,2017,0
RE1,RE1,S36,CALTAGWAS,2017,0
RE1,RE1,S36,CALTAGWND,2017,0
RE1,RE1,S36,COA,2017,0
RE1,RE1,S36,DSL,2017,0
RE1,RE1,S36,ELCA01,2017,0
RE1,RE1,S36,ELCB01,2017,0
RE1,RE1,S36,ELCB02,2017,0
RE1,RE1,S36,ELCC01,2017,0
RE1,RE1,S36,ELCC02,2017,0
RE1,RE1,S36,ELCD01,2017,0
RE1,RE1,S36,ELCD02,2017,0
RE1,RE1,S36,ELCE01,2017,0
RE1,RE1,S36,ELCE02,2017,0
RE1,RE1,S36,ELCF01,2017,0
RE1,RE1,S36,ELCF02,2017,0
RE1,RE1,S36,ELCG01,2017,0
RE1,RE1,S36,ELCG02,2017,0
RE1,RE1,S36,ELCH01,2017,0
RE1,RE1,S36,ELCH02,2017,0
RE1,RE1,S36,ELCI01,2017,0
RE1,RE1,S36,ELCI02,2017,0
RE1,RE1,S36,ELCJ01,2017,0
RE1,RE1,S36,ELCJ02,2017,0
RE1,RE1,S36,ELCK02,2017,0
RE1,RE1,S36,ELCL02,2017,0
RE1,RE1,S36,ELCM02,2017,0
RE1,RE1,S36,ELCN02,2017,0
RE1,RE1,S36,ELCO02,2017,0
RE1,RE1,S36,ELCP01,2017,0
RE1,RE1,S36,ELCP02,2017,0
RE1,RE1,S36,ELCSOLM02,2017,0
RE1,RE1,S36,ELCSOLN02,2017,0
RE1,RE1,S36,ELCSOLO02,2017,0
RE1,RE1,S36,GEO,2017,0
RE1,RE1,S36,GSL,2017,0
RE1,RE1,S36,HFO,2017,0
RE1,RE1,S36,HYD,2017,0
RE1,RE1,S36,KER,2017,0
RE1,RE1,S36,LPG,2017,0
RE1,RE1,S36,NGS,2017,0
RE1,RE1,S36,OHC,2017,0
RE1,RE1,S36,PCK,2017,0
RE1,RE1,S36,PWRBIO,2017,0
RE1,RE1,S36,PWRCOA,2017,0
RE1,RE1,S36,PWRDSL,2017,0
RE1,RE1,S36,PWRGEO,2017,0
RE1,RE1,S36,PWRHFO,2017,0
RE1,RE1,S36,PWRHYD,2017,0
RE1,RE1,S36,PWRLPG,2017,0
RE1,RE1,S36,PWRNGS,2017,0
RE1,RE1,S36,PWRPCK,2017,0
RE1,RE1,S36,PWRSOL,2017,0
RE1,RE1,S36,PWRURN,2017,0
RE1,RE1,S36,PWRWAS,2017,0
RE1,RE1,S36,PWRWND,2017,0
RE1,RE1,S36,RESBIO,2017,0
RE1,RE1,S36,RESELCB02,2017,0
RE1,RE1,S36,RESELCC02,2017,0
RE1,RE1,S36,RESELCD02,2017,0
RE1,RE1,S36,RESELCE02,2017,0
RE1,RE1,S36,RESELCF02,2017,0
RE1,RE1,S36,RESELCG02,2017,0
RE1,RE1,S36,RESELCH02,2017,0
RE1,RE1,S36,RESELCI02,2017,0
RE1,RE1,S36,RESELCJ02,2017,0
RE1,RE1,S36,RESELCK02,2017,0
RE1,RE1,S36,RESELCL02,2017,0
RE1,RE1,S36,RESELCM02,2017,0
RE1,RE1,S36,RESELCN02,2017,0
RE1,RE1,S36,RESELCO02,2017,0
RE1,RE1,S36,RESELCP02,2017,0
RE1,RE1,S36,RESKER,2017,0
RE1,RE1,S36,RESLPG,2017,0
RE1,RE1,S36,SOL,2017,0
RE1,RE1,S36,TRADSL,2017,0
RE1,RE1,S36,TRAELCVDM,2017,0
RE1,RE1,S36,TRAGSL,2017,0
RE1,RE1,S36,TRAOHC,2017,0
RE1,RE1,S36,URN,2017,0
RE1,RE1,S36,WAS,2017,0
RE1,RE1,S36,WND,2017,0
RE1,RE1,S37,BIO,2017,0
RE1,RE1,S37,CALTAGBIO,2017,0
RE1,RE1,S37,CALTAGCOA,2017,0
RE1,RE1,S37,CALTAGGEO,2017,0
RE1,RE1,S37,CALTAGHYD,2017,0
RE1,RE1,S37,CALTAGNGS,2017,0
RE1,RE1,S37,CALTAGOIL,2017,0
RE1,RE1,S37,CALTAGRNW,2017,0
RE1,RE1,S37,CALTAGSOL,2017,0
RE1,RE1,S37,CALTAGURN,2017,0
RE1,RE1,S37,CALTAGWAS,2017,0
RE1,RE1,S37,CALTAGWND,2017,0
RE1,RE1,S37,COA,2017,0
RE1,RE1,S37,DSL,2017,0
RE1,RE1,S37,ELCA01,2017,0
RE1,RE1,S37,ELCB01,2017,0
RE1,RE1,S37,ELCB02,2017,0
RE1,RE1,S37,ELCC01,2017,0
RE1,RE1,S37,ELCC02,2017,0
RE1,RE1,S37,ELCD01,2017,0
RE1,RE1,S37,ELCD02,2017,0
RE1,RE1,S37,ELCE01,2017,0
RE1,RE1,S37,ELCE02,2017,0
RE1,RE1,S37,ELCF01,2017,0
RE1,RE1,S37,ELCF02,2017,0
RE1,RE1,S37,ELCG01,2017,0
RE1,RE1,S37,ELCG02,2017,0
RE1,RE1,S37,ELCH01,2017,0
RE1,RE1,S37,ELCH02,2017,0
RE1,RE1,S37,ELCI01,2017,0
RE1,RE1,S37,ELCI02,2017,0
RE1,RE1,S37,ELCJ01,2017,0
RE1,RE1,S37,ELCJ02,2017,0
RE1,RE1,S37,ELCK02,2017,0
RE1,RE1,S37,ELCL02,2017,0
RE1,RE1,S37,ELCM02,2017,0
RE1,RE1,S37,ELCN02,2017,0
RE1,RE1,S37,ELCO02,2017,0
RE1,RE1,S37,ELCP01,2017,0
RE1,RE1,S37,ELCP02,2017,0
RE1,RE1,S37,ELCSOLM02,2017,0
RE1,RE1,S37,ELCSOLN02,2017,0
RE1,RE1,S37,ELCSOLO02,2017,0
RE1,RE1,S37,GEO,2017,0
RE1,RE1,S37,GSL,2017,0
RE1,RE1,S37,HFO,2017,0
RE1,RE1,S37,HYD,2017,0
RE1,RE1,S37,KER,2017,0
RE1,RE1,S37,LPG,2017,0
RE1,RE1,S37,NGS,2017,0
RE1,RE1,S37,OHC,2017,0
RE1,RE1,S37,PCK,2017,0
RE1,RE1,S37,PWRBIO,2017,0
RE1,RE1,S37,PWRCOA,2017,0
RE1,RE1,S37,PWRDSL,2017,0
RE1,RE1,S37,PWRGEO,2017,0
RE1,RE1,S37,PWRHFO,2017,0
RE1,RE1,S37,PWRHYD,2017,0
RE1,RE1,S37,PWRLPG,2017,0
RE1,RE1,S37,PWRNGS,2017,0
RE1,RE1,S37,PWRPCK,2017,0
RE1,RE1,S37,PWRSOL,2017,0
RE1,RE1,S37,PWRURN,2017,0
RE1,RE1,S37,PWRWAS,2017,0
RE1,RE1,S37,PWRWND,2017,0
RE1,RE1,S37,RESBIO,2017,0
RE1,RE1,S37,RESELCB02,2017,0
RE1,RE1,S37,RESELCC02,2017,0
RE1,RE1,S37,RESELCD02,2017,0
RE1,RE1,S37,RESELCE02,2017,0
RE1,RE1,S37,RESELCF02,2017,0
RE1,RE1,S37,RESELCG02,2017,0
RE1,RE1,S37,RESELCH02,2017,0
RE1,RE1,S37,RESELCI02,2017,0
RE1,RE1,S37,RESELCJ02,2017,0
RE1,RE1,S37,RESELCK02,2017,0
RE1,RE1,S37,RESELCL02,2017,0
RE1,RE1,S37,RESELCM02,2017,0
RE1,RE1,S37,RESELCN02,2017,0
RE1,RE1,S37,RESELCO02,2017,0
RE1,RE1,S37,RESELCP02,2017,0
RE1,RE1,S37,RESKER,2017,0
RE1,RE1,S37,RESLPG,2017,0
RE1,RE1,S37,SOL,2017,0
RE1,RE1,S37,TRADSL,2017,0
RE1,RE1,S37,TRAELCVDM,2017,0
RE1,RE1,S37,TRAGSL,2017,0
RE1,RE1,S37,TRAOHC,2017,0
RE1,RE1,S37,URN,2017,0
RE1,RE1,S37,WAS,2017,0
RE1,RE1,S37,WND,2017,0
RE1,RE1,S38,BIO,2017,0
RE1,RE1,S38,CALTAGBIO,2017,0
RE1,RE1,S38,CALTAGCOA,2017,0
RE1,RE1,S38,CALTAGGEO,2017,0
RE1,RE1,S38,CALTAGHYD,2017,0
RE1,RE1,S38,CALTAGNGS,2017,0
RE1,RE1,S38,CALTAGOIL,2017,0
RE1,RE1,S38,CALTAGRNW,2017,0
RE1,RE1,S38,CALTAGSOL,2017,0
RE1,RE1,S38,CALTAGURN,2017,0
RE1,RE1,S38,CALTAGWAS,2017,0
RE1,RE1,S38,CALTAGWND,2017,0
RE1,RE1,S38,COA,2017,0
RE1,RE1,S38,DSL,2017,0
RE1,RE1,S38,ELCA01,2017,0
RE1,RE1,S38,ELCB01,2017,0
RE1,RE1,S38,ELCB02,2017,0
RE1,RE1,S38,ELCC01,2017,0
RE1,RE1,S38,ELCC02,2017,0
RE1,RE1,S38,ELCD01,2017,0
RE1,RE1,S38,ELCD02,2017,0
RE1,RE1,S38,ELCE01,2017,0
RE1,RE1,S38,ELCE02,2017,0
RE1,RE1,S38,ELCF01,2017,0
RE1,RE1,S38,ELCF02,2017,0
RE1,RE1,S38,ELCG01,2017,0
RE1,RE1,S38,ELCG02,2017,0
RE1,RE1,S38,ELCH01,2017,0
RE1,RE1,S38,ELCH02,2017,0
RE1,RE1,S38,ELCI01,2017,0
RE1,RE1,S38,ELCI02,2017,0
RE1,RE1,S38,ELCJ01,2017,0
RE1,RE1,S38,ELCJ02,2017,0
RE1,RE1,S38,ELCK02,2017,0
RE1,RE1,S38,ELCL02,2017,0
RE1,RE1,S38,ELCM02,2017,0
RE1,RE1,S38,ELCN02,2017,0
RE1,RE1,S38,ELCO02,2017,0
RE1,RE1,S38,ELCP01,2017,0
RE1,RE1,S38,ELCP02,2017,0
RE1,RE1,S38,ELCSOLM02,2017,0
RE1,RE1,S38,ELCSOLN02,2017,0
RE1,RE1,S38,ELCSOLO02,2017,0
RE1,RE1,S38,GEO,2017,0
RE1,RE1,S38,GSL,2017,0
RE1,RE1,S38,HFO,2017,0
RE1,RE1,S38,HYD,2017,0
RE1,RE1,S38,KER,2017,0
RE1,RE1,S38,LPG,2017,0
RE1,RE1,S38,NGS,2017,0
RE1,RE1,S38,OHC,2017,0
RE1,RE1,S38,PCK,2017,0
RE1,RE1,S38,PWRBIO,2017,0
RE1,RE1,S38,PWRCOA,2017,0
RE1,RE1,S38,PWRDSL,2017,0
RE1,RE1,S38,PWRGEO,2017,0
RE1,RE1,S38,PWRHFO,2017,0
RE1,RE1,S38,PWRHYD,2017,0
RE1,RE1,S38,PWRLPG,2017,0
RE1,RE1,S38,PWRNGS,2017,0
RE1,RE1,S38,PWRPCK,2017,0
RE1,RE1,S38,PWRSOL,2017,0
RE1,RE1,S38,PWRURN,2017,0
RE1,RE1,S38,PWRWAS,2017,0
RE1,RE1,S38,PWRWND,2017,0
RE1,RE1,S38,RESBIO,2017,0
RE1,RE1,S38,RESELCB02,2017,0
RE1,RE1,S38,RESELCC02,2017,0
RE1,RE1,S38,RESELCD02,2017,0
RE1,RE1,S38,RESELCE02,2017,0
RE1,RE1,S38,RESELCF02,2017,0
RE1,RE1,S38,RESELCG02,2017,0
RE1,RE1,S38,RESELCH02,2017,0
RE1,RE1,S38,RESELCI02,2017,0
RE1,RE1,S38,RESELCJ02,2017,0
RE1,RE1,S38,RESELCK02,2017,0
RE1,RE1,S38,RESELCL02,2017,0
RE1,RE1,S38,RESELCM02,2017,0
RE1,RE1,S38,RESELCN02,2017,0
RE1,RE1,S38,RESELCO02,2017,0
RE1,RE1,S38,RESELCP02,2017,0
RE1,RE1,S38,RESKER,2017,0
RE1,RE1,S38,RESLPG,2017,0
RE1,RE1,S38,SOL,2017,0
RE1,RE1,S38,TRADSL,2017,0
RE1,RE1,S38,TRAELCVDM,2017,0
RE1,RE1,S38,TRAGSL,2017,0
RE1,RE1,S38,TRAOHC,2017,0
RE1,RE1,S38,URN,2017,0
RE1,RE1,S38,WAS,2017,0
RE1,RE1,S38,WND,2017,0
RE1,RE1,S41,BIO,2017,0
RE1,RE1,S41,CALTAGBIO,2017,0
RE1,RE1,S41,CALTAGCOA,2017,0
RE1,RE1,S41,CALTAGGEO,2017,0
RE1,RE1,S41,CALTAGHYD,2017,0
RE1,RE1,S41,CALTAGNGS,2017,0
RE1,RE1,S41,CALTAGOIL,2017,0
RE1,RE1,S41,CALTAGRNW,2017,0
RE1,RE1,S41,CALTAGSOL,2017,0
RE1,RE1,S41,CALTAGURN,2017,0
RE1,RE1,S41,CALTAGWAS,2017,0
RE1,RE1,S41,CALTAGWND,2017,0
RE1,RE1,S41,COA,2017,0
RE1,RE1,S41,DSL,2017,0
RE1,RE1,S41,ELCA01,2017,0
RE1,RE1,S41,ELCB01,2017,0
RE1,RE1,S41,ELCB02,2017,0
RE1,RE1,S41,ELCC01,2017,0
RE1,RE1,S41,ELCC02,2017,0
RE1,RE1,S41,ELCD01,2017,0
RE1,RE1,S41,ELCD02,2017,0
RE1,RE1,S41,ELCE01,2017,0
RE1,RE1,S41,ELCE02,2017,0
RE1,RE1,S41,ELCF01,2017,0
RE1,RE1,S41,ELCF02,2017,0
RE1,RE1,S41,ELCG01,2017,0
RE1,RE1,S41,ELCG02,2017,0
RE1,RE1,S41,ELCH01,2017,0
RE1,RE1,S41,ELCH02,2017,0
RE1,RE1,S41,ELCI01,2017,0
RE1,RE1,S41,ELCI02,2017,0
RE1,RE1,S41,ELCJ01,2017,0
RE1,RE1,S41,ELCJ02,2017,0
RE1,RE1,S41,ELCK02,2017,0
RE1,RE1,S41,ELCL02,2017,0
RE1,RE1,S41,ELCM02,2017,0
RE1,RE1,S41,ELCN02,2017,0
RE1,RE1,S41,ELCO02,2017,0
RE1,RE1,S41,ELCP01,2017,0
RE1,RE1,S41,ELCP02,2017,0
RE1,RE1,S41,ELCSOLM02,2017,0
RE1,RE1,S41,ELCSOLN02,2017,0
RE1,RE1,S41,ELCSOLO02,2017,0
RE1,RE1,S41,GEO,2017,0
RE1,RE1,S41,GSL,2017,0
RE1,RE1,S41,HFO,2017,0
RE1,RE1,S41,HYD,2017,0
RE1,RE1,S41,KER,2017,0
RE1,RE1,S41,LPG,2017,0
RE1,RE1,S41,NGS,2017,0
RE1,RE1,S41,OHC,2017,0
RE1,RE1,S41,PCK,2017,0
RE1,RE1,S41,PWRBIO,2017,0
RE1,RE1,S41,PWRCOA,2017,0
RE1,RE1,S41,PWRDSL,2017,0
RE1,RE1,S41,PWRGEO,2017,0
RE1,RE1,S41,PWRHFO,2017,0
RE1,RE1,S41,PWRHYD,2017,0
RE1,RE1,S41,PWRLPG,2017,0
RE1,RE1,S41,PWRNGS,2017,0
RE1,RE1,S41,PWRPCK,2017,0
RE1,RE1,S41,PWRSOL,2017,0
RE1,RE1,S41,PWRURN,2017,0
RE1,RE1,S41,PWRWAS,2017,0
RE1,RE1,S41,PWRWND,2017,0
RE1,RE1,S41,RESBIO,2017,0
RE1,RE1,S41,RESELCB02,2017,0
RE1,RE1,S41,RESELCC02,2017,0
RE1,RE1,S41,RESELCD02,2017,0
RE1,RE1,S41,RESELCE02,2017,0
RE1,RE1,S41,RESELCF02,2017,0
RE1,RE1,S41,RESELCG02,2017,0
RE1,RE1,S41,RESELCH02,2017,0
RE1,RE1,S41,RESELCI02,2017,0
RE1,RE1,S41,RESELCJ02,2017,0
RE1,RE1,S41,RESELCK02,2017,0
RE1,RE1,S41,RESELCL02,2017,0
RE1,RE1,S41,RESELCM02,2017,0
RE1,RE1,S41,RESELCN02,2017,0
RE1,RE1,S41,RESELCO02,2017,0
RE1,RE1,S41,RESELCP02,2017,0
RE1,RE1,S41,RESKER,2017,0
RE1,RE1,S41,RESLPG,2017,0
RE1,RE1,S41,SOL,2017,0
RE1,RE1,S41,TRADSL,2017,0
RE1,RE1,S41,TRAELCVDM,2017,0
RE1,RE1,S41,TRAGSL,2017,0
RE1,RE1,S41,TRAOHC,2017,0
RE1,RE1,S41,URN,2017,0
RE1,RE1,S41,WAS,2017,0
RE1,RE1,S41,WND,2017,0
RE1,RE1,S42,BIO,2017,0
RE1,RE1,S42,CALTAGBIO,2017,0
RE1,RE1,S42,CALTAGCOA,2017,0
RE1,RE1,S42,CALTAGGEO,2017,0
RE1,RE1,S42,CALTAGHYD,2017,0
RE1,RE1,S42,CALTAGNGS,2017,0
RE1,RE1,S42,CALTAGOIL,2017,0
RE1,RE1,S42,CALTAGRNW,2017,0
RE1,RE1,S42,CALTAGSOL,2017,0
RE1,RE1,S42,CALTAGURN,2017,0
RE1,RE1,S42,CALTAGWAS,2017,0
RE1,RE1,S42,CALTAGWND,2017,0
RE1,RE1,S42,COA,2017,0
RE1,RE1,S42,DSL,2017,0
RE1,RE1,S42,ELCA01,2017,0
RE1,RE1,S42,ELCB01,2017,0
RE1,RE1,S42,ELCB02,2017,0
RE1,RE1,S42,ELCC01,2017,0
RE1,RE1,S42,ELCC02,2017,0
RE1,RE1,S42,ELCD01,2017,0
RE1,RE1,S42,ELCD02,2017,0
RE1,RE1,S42,ELCE01,2017,0
RE1,RE1,S42,ELCE02,2017,0
RE1,RE1,S42,ELCF01,2017,0
RE1,RE1,S42,ELCF02,2017,0
RE1,RE1,S42,ELCG01,2017,0
RE1,RE1,S42,ELCG02,2017,0
RE1,RE1,S42,ELCH01,2017,0
RE1,RE1,S42,ELCH02,2017,0
RE1,RE1,S42,ELCI01,2017,0
RE1,RE1,S42,ELCI02,2017,0
RE1,RE1,S42,ELCJ01,2017,0
RE1,RE1,S42,ELCJ02,2017,0
RE1,RE1,S42,ELCK02,2017,0
RE1,RE1,S42,ELCL02,2017,0
RE1,RE1,S42,ELCM02,2017,0
RE1,RE1,S42,ELCN02,2017,0
RE1,RE1,S42,ELCO02,2017,0
RE1,RE1,S42,ELCP01,2017,0
RE1,RE1,S42,ELCP02,2017,0
RE1,RE1,S42,ELCSOLM02,2017,0
RE1,RE1,S42,ELCSOLN02,2017,0
RE1,RE1,S42,ELCSOLO02,2017,0
RE1,RE1,S42,GEO,2017,0
RE1,RE1,S42,GSL,2017,0
RE1,RE1,S42,HFO,2017,0
RE1,RE1,S42,HYD,2017,0
RE1,RE1,S42,KER,2017,0
RE1,RE1,S42,LPG,2017,0
RE1,RE1,S42,NGS,2017,0
RE1,RE1,S42,OHC,2017,0
RE1,RE1,S42,PCK,2017,0
RE1,RE1,S42,PWRBIO,2017,0
RE1,RE1,S42,PWRCOA,2017,0
RE1,RE1,S42,PWRDSL,2017,0
RE1,RE1,S42,PWRGEO,2017,0
RE1,RE1,S42,PWRHFO,2017,0
RE1,RE1,S42,PWRHYD,2017,0
RE1,RE1,S42,PWRLPG,2017,0
RE1,RE1,S42,PWRNGS,2017,0
RE1,RE1,S42,PWRPCK,2017,0
RE1,RE1,S42,PWRSOL,2017,0
RE1,RE1,S42,PWRURN,2017,0
RE1,RE1,S42,PWRWAS,2017,0
RE1,RE1,S42,PWRWND,2017,0
RE1,RE1,S42,RESBIO,2017,0
RE1,RE1,S42,RESELCB02,2017,0
RE1,RE1,S42,RESELCC02,2017,0
RE1,RE1,S42,RESELCD02,2017,0
RE1,RE1,S42,RESELCE02,2017,0
RE1,RE1,S42,RESELCF02,2017,0
RE1,RE1,S42,RESELCG02,2017,0
RE1,RE1,S42,RESELCH02,2017,0
RE1,RE1,S42,RESELCI02,2017,0
RE1,RE1,S42,RESELCJ02,2017,0
RE1,RE1,S42,RESELCK02,2017,0
RE1,RE1,S42,RESELCL02,2017,0
RE1,RE1,S42,RESELCM02,2017,0
RE1,RE1,S42,RESELCN02,2017,0
RE1,RE1,S42,RESELCO02,2017,0
RE1,RE1,S42,RESELCP02,2017,0
RE1,RE1,S42,RESKER,2017,0
RE1,RE1,S42,RESLPG,2017,0
RE1,RE1,S42,SOL,2017,0
RE1,RE1,S42,TRADSL,2017,0
RE1,RE1,S42,TRAELCVDM,2017,0
RE1,RE1,S42,TRAGSL,2017,0
RE1,RE1,S42,TRAOHC,2017,0
RE1,RE1,S42,URN,2017,0
RE1,RE1,S42,WAS,2017,0
RE1,RE1,S42,WND,2017,0
RE1,RE1,S43,BIO,2017,0
RE1,RE1,S43,CALTAGBIO,2017,0
RE1,RE1,S43,CALTAGCOA,2017,0
RE1,RE1,S43,CALTAGGEO,2017,0
RE1,RE1,S43,CALTAGHYD,2017,0
RE1,RE1,S43,CALTAGNGS,2017,0
RE1,RE1,S43,CALTAGOIL,2017,0
RE1,RE1,S43,CALTAGRNW,2017,0
RE1,RE1,S43,CALTAGSOL,2017,0
RE1,RE1,S43,CALTAGURN,2017,0
RE1,RE1,S43,CALTAGWAS,2017,0
RE1,RE1,S43,CALTAGWND,2017,0
RE1,RE1,S43,COA,2017,0
RE1,RE1,S43,DSL,2017,0
RE1,RE1,S43,ELCA01,2017,0
RE1,RE1,S43,ELCB01,2017,0
RE1,RE1,S43,ELCB02,2017,0
RE1,RE1,S43,ELCC01,2017,0
RE1,RE1,S43,ELCC02,2017,0
RE1,RE1,S43,ELCD01,2017,0
RE1,RE1,S43,ELCD02,2017,0
RE1,RE1,S43,ELCE01,2017,0
RE1,RE1,S43,ELCE02,2017,0
RE1,RE1,S43,ELCF01,2017,0
RE1,RE1,S43,ELCF02,2017,0
RE1,RE1,S43,ELCG01,2017,0
RE1,RE1,S43,ELCG02,2017,0
RE1,RE1,S43,ELCH01,2017,0
RE1,RE1,S43,ELCH02,2017,0
RE1,RE1,S43,ELCI01,2017,0
RE1,RE1,S43,ELCI02,2017,0
RE1,RE1,S43,ELCJ01,2017,0
RE1,RE1,S43,ELCJ02,2017,0
RE1,RE1,S43,ELCK02,2017,0
RE1,RE1,S43,ELCL02,2017,0
RE1,RE1,S43,ELCM02,2017,0
RE1,RE1,S43,ELCN02,2017,0
RE1,RE1,S43,ELCO02,2017,0
RE1,RE1,S43,ELCP01,2017,0
RE1,RE1,S43,ELCP02,2017,0
RE1,RE1,S43,ELCSOLM02,2017,0
RE1,RE1,S43,ELCSOLN02,2017,0
RE1,RE1,S43,ELCSOLO02,2017,0
RE1,RE1,S43,GEO,2017,0
RE1,RE1,S43,GSL,2017,0
RE1,RE1,S43,HFO,2017,0
RE1,RE1,S43,HYD,2017,0
RE1,RE1,S43,KER,2017,0
RE1,RE1,S43,LPG,2017,0
RE1,RE1,S43,NGS,2017,0
RE1,RE1,S43,OHC,2017,0
RE1,RE1,S43,PCK,2017,0
RE1,RE1,S43,PWRBIO,2017,0
RE1,RE1,S43,PWRCOA,2017,0
RE1,RE1,S43,PWRDSL,2017,0
RE1,RE1,S43,PWRGEO,2017,0
RE1,RE1,S43,PWRHFO,2017,0
RE1,RE1,S43,PWRHYD,2017,0
RE1,RE1,S43,PWRLPG,2017,0
RE1,RE1,S43,PWRNGS,2017,0
RE1,RE1,S43,PWRPCK,2017,0
RE1,RE1,S43,PWRSOL,2017,0
RE1,RE1,S43,PWRURN,2017,0
RE1,RE1,S43,PWRWAS,2017,0
RE1,RE1,S43,PWRWND,2017,0
RE1,RE1,S43,RESBIO,2017,0
RE1,RE1,S43,RESELCB02,2017,0
RE1,RE1,S43,RESELCC02,2017,0
RE1,RE1,S43,RESELCD02,2017,0
RE1,RE1,S43,RESELCE02,2017,0
RE1,RE1,S43,RESELCF02,2017,0
RE1,RE1,S43,RESELCG02,2017,0
RE1,RE1,S43,RESELCH02,2017,0
RE1,RE1,S43,RESELCI02,2017,0
RE1,RE1,S43,RESELCJ02,2017,0
RE1,RE1,S43,RESELCK02,2017,0
RE1,RE1,S43,RESELCL02,2017,0
RE1,RE1,S43,RESELCM02,2017,0
RE1,RE1,S43,RESELCN02,2017,0
RE1,RE1,S43,RESELCO02,2017,0
RE1,RE1,S43,RESELCP02,2017,0
RE1,RE1,S43,RESKER,2017,0
RE1,RE1,S43,RESLPG,2017,0
RE1,RE1,S43,SOL,2017,0
RE1,RE1,S43,TRADSL,2017,0
RE1,RE1,S43,TRAELCVDM,2017,0
RE1,RE1,S43,TRAGSL,2017,0
RE1,RE1,S43,TRAOHC,2017,0
RE1,RE1,S43,URN,2017,0
RE1,RE1,S43,WAS,2017,0
RE1,RE1,S43,WND,2017,0
RE1,RE1,S44,BIO,2017,0
RE1,RE1,S44,CALTAGBIO,2017,0
RE1,RE1,S44,CALTAGCOA,2017,0
RE1,RE1,S44,CALTAGGEO,2017,0
RE1,RE1,S44,CALTAGHYD,2017,0
RE1,RE1,S44,CALTAGNGS,2017,0
RE1,RE1,S44,CALTAGOIL,2017,0
RE1,RE1,S44,CALTAGRNW,2017,0
RE1,RE1,S44,CALTAGSOL,2017,0
RE1,RE1,S44,CALTAGURN,2017,0
RE1,RE1,S44,CALTAGWAS,2017,0
RE1,RE1,S44,CALTAGWND,2017,0
RE1,RE1,S44,COA,2017,0
RE1,RE1,S44,DSL,2017,0
RE1,RE1,S44,ELCA01,2017,0
RE1,RE1,S44,ELCB01,2017,0
RE1,RE1,S44,ELCB02,2017,0
RE1,RE1,S44,ELCC01,2017,0
RE1,RE1,S44,ELCC02,2017,0
RE1,RE1,S44,ELCD01,2017,0
RE1,RE1,S44,ELCD02,2017,0
RE1,RE1,S44,ELCE01,2017,0
RE1,RE1,S44,ELCE02,2017,0
RE1,RE1,S44,ELCF01,2017,0
RE1,RE1,S44,ELCF02,2017,0
RE1,RE1,S44,ELCG01,2017,0
RE1,RE1,S44,ELCG02,2017,0
RE1,RE1,S44,ELCH01,2017,0
RE1,RE1,S44,ELCH02,2017,0
RE1,RE1,S44,ELCI01,2017,0
RE1,RE1,S44,ELCI02,2017,0
RE1,RE1,S44,ELCJ01,2017,0
RE1,RE1,S44,ELCJ02,2017,0
RE1,RE1,S44,ELCK02,2017,0
RE1,RE1,S44,ELCL02,2017,0
RE1,RE1,S44,ELCM02,2017,0
RE1,RE1,S44,ELCN02,2017,0
RE1,RE1,S44,ELCO02,2017,0
RE1,RE1,S44,ELCP01,2017,0
RE1,RE1,S44,ELCP02,2017,0
RE1,RE1,S44,ELCSOLM02,2017,0
RE1,RE1,S44,ELCSOLN02,2017,0
RE1,RE1,S44,ELCSOLO02,2017,0
RE1,RE1,S44,GEO,2017,0
RE1,RE1,S44,GSL,2017,0
RE1,RE1,S44,HFO,2017,0
RE1,RE1,S44,HYD,2017,0
RE1,RE1,S44,KER,2017,0
RE1,RE1,S44,LPG,2017,0
RE1,RE1,S44,NGS,2017,0
RE1,RE1,S44,OHC,2017,0
RE1,RE1,S44,PCK,2017,0
RE1,RE1,S44,PWRBIO,2017,0
RE1,RE1,S44,PWRCOA,2017,0
RE1,RE1,S44,PWRDSL,2017,0
RE1,RE1,S44,PWRGEO,2017,0
RE1,RE1,S44,PWRHFO,2017,0
RE1,RE1,S44,PWRHYD,2017,0
RE1,RE1,S44,PWRLPG,2017,0
RE1,RE1,S44,PWRNGS,2017,0
RE1,RE1,S44,PWRPCK,2017,0
RE1,RE1,S44,PWRSOL,2017,0
RE1,RE1,S44,PWRURN,2017,0
RE1,RE1,S44,PWRWAS,2017,0
RE1,RE1,S44,PWRWND,2017,0
RE1,RE1,S44,RESBIO,2017,0
RE1,RE1,S44,RESELCB02,2017,0
RE1,RE1,S44,RESELCC02,2017,0
RE1,RE1,S44,RESELCD02,2017,0
RE1,RE1,S44,RESELCE02,2017,0
RE1,RE1,S44,RESELCF02,2017,0
RE1,RE1,S44,RESELCG02,2017,0
RE1,RE1,S44,RESELCH02,2017,0
RE1,RE1,S44,RESELCI02,2017,0
RE1,RE1,S44,RESELCJ02,2017,0
RE1,RE1,S44,RESELCK02,2017,0
RE1,RE1,S44,RESELCL02,2017,0
RE1,RE1,S44,RESELCM02,2017,0
RE1,RE1,S44,RESELCN02,2017,0
RE1,RE1,S44,RESELCO02,2017,0
RE1,RE1,S44,RESELCP02,2017,0
RE1,RE1,S44,RESKER,2017,0
RE1,RE1,S44,RESLPG,2017,0
RE1,RE1,S44,SOL,2017,0
RE1,RE1,S44,TRADSL,2017,0
RE1,RE1,S44,TRAELCVDM,2017,0
RE1,RE1,S44,TRAGSL,2017,0
RE1,RE1,S44,TRAOHC,2017,0
RE1,RE1,S44,URN,2017,0
RE1,RE1,S44,WAS,2017,0
RE1,RE1,S44,WND,2017,0
RE1,RE1,S45,BIO,2017,0
RE1,RE1,S45,CALTAGBIO,2017,0
RE1,RE1,S45,CALTAGCOA,2017,0
RE1,RE1,S45,CALTAGGEO,2017,0
RE1,RE1,S45,CALTAGHYD,2017,0
RE1,RE1,S45,CALTAGNGS,2017,0
RE1,RE1,S45,CALTAGOIL,2017,0
RE1,RE1,S45,CALTAGRNW,2017,0
RE1,RE1,S45,CALTAGSOL,2017,0
RE1,RE1,S45,CALTAGURN,2017,0
RE1,RE1,S45,CALTAGWAS,2017,0
RE1,RE1,S45,CALTAGWND,2017,0
RE1,RE1,S45,COA,2017,0
RE1,RE1,S45,DSL,2017,0
RE1,RE1,S45,ELCA01,2017,0
RE1,RE1,S45,ELCB01,2017,0
RE1,RE1,S45,ELCB02,2017,0
RE1,RE1,S45,ELCC01,2017,0
RE1,RE1,S45,ELCC02,2017,0
RE1,RE1,S45,ELCD01,2017,0
RE1,RE1,S45,ELCD02,2017,0
RE1,RE1,S45,ELCE01,2017,0
RE1,RE1,S45,ELCE02,2017,0
RE1,RE1,S45,ELCF01,2017,0
RE1,RE1,S45,ELCF02,2017,0
RE1,RE1,S45,ELCG01,2017,0
RE1,RE1,S45,ELCG02,2017,0
RE1,RE1,S45,ELCH01,2017,0
RE1,RE1,S45,ELCH02,2017,0
RE1,RE1,S45,ELCI01,2017,0
RE1,RE1,S45,ELCI02,2017,0
RE1,RE1,S45,ELCJ01,2017,0
RE1,RE1,S45,ELCJ02,2017,0
RE1,RE1,S45,ELCK02,2017,0
RE1,RE1,S45,ELCL02,2017,0
RE1,RE1,S45,ELCM02,2017,0
RE1,RE1,S45,ELCN02,2017,0
RE1,RE1,S45,ELCO02,2017,0
RE1,RE1,S45,ELCP01,2017,0
RE1,RE1,S45,ELCP02,2017,0
RE1,RE1,S45,ELCSOLM02,2017,0
RE1,RE1,S45,ELCSOLN02,2017,0
RE1,RE1,S45,ELCSOLO02,2017,0
RE1,RE1,S45,GEO,2017,0
RE1,RE1,S45,GSL,2017,0
RE1,RE1,S45,HFO,2017,0
RE1,RE1,S45,HYD,2017,0
RE1,RE1,S45,KER,2017,0
RE1,RE1,S45,LPG,2017,0
RE1,RE1,S45,NGS,2017,0
RE1,RE1,S45,OHC,2017,0
RE1,RE1,S45,PCK,2017,0
RE1,RE1,S45,PWRBIO,2017,0
RE1,RE1,S45,PWRCOA,2017,0
RE1,RE1,S45,PWRDSL,2017,0
RE1,RE1,S45,PWRGEO,2017,0
RE1,RE1,S45,PWRHFO,2017,0
RE1,RE1,S45,PWRHYD,2017,0
RE1,RE1,S45,PWRLPG,2017,0
RE1,RE1,S45,PWRNGS,2017,0
RE1,RE1,S45,PWRPCK,2017,0
RE1,RE1,S45,PWRSOL,2017,0
RE1,RE1,S45,PWRURN,2017,0
RE1,RE1,S45,PWRWAS,2017,0
RE1,RE1,S45,PWRWND,2017,0
RE1,RE1,S45,RESBIO,2017,0
RE1,RE1,S45,RESELCB02,2017,0
RE1,RE1,S45,RESELCC02,2017,0
RE1,RE1,S45,RESELCD02,2017,0
RE1,RE1,S45,RESELCE02,2017,0
RE1,RE1,S45,RESELCF02,2017,0
RE1,RE1,S45,RESELCG02,2017,0
RE1,RE1,S45,RESELCH02,2017,0
RE1,RE1,S45,RESELCI02,2017,0
RE1,RE1,S45,RESELCJ02,2017,0
RE1,RE1,S45,RESELCK02,2017,0
RE1,RE1,S45,RESELCL02,2017,0
RE1,RE1,S45,RESELCM02,2017,0
RE1,RE1,S45,RESELCN02,2017,0
RE1,RE1,S45,RESELCO02,2017,0
RE1,RE1,S45,RESELCP02,2017,0
RE1,RE1,S45,RESKER,2017,0
RE1,RE1,S45,RESLPG,2017,0
RE1,RE1,S45,SOL,2017,0
RE1,RE1,S45,TRADSL,2017,0
RE1,RE1,S45,TRAELCVDM,2017,0
RE1,RE1,S45,TRAGSL,2017,0
RE1,RE1,S45,TRAOHC,2017,0
RE1,RE1,S45,URN,2017,0
RE1,RE1,S45,WAS,2017,0
RE1,RE1,S45,WND,2017,0
RE1,RE1,S46,BIO,2017,0
RE1,RE1,S46,CALTAGBIO,2017,0
RE1,RE1,S46,CALTAGCOA,2017,0
RE1,RE1,S46,CALTAGGEO,2017,0
RE1,RE1,S46,CALTAGHYD,2017,0
RE1,RE1,S46,CALTAGNGS,2017,0
RE1,RE1,S46,CALTAGOIL,2017,0
RE1,RE1,S46,CALTAGRNW,2017,0
RE1,RE1,S46,CALTAGSOL,2017,0
RE1,RE1,S46,CALTAGURN,2017,0
RE1,RE1,S46,CALTAGWAS,2017,0
RE1,RE1,S46,CALTAGWND,2017,0
RE1,RE1,S46,COA,2017,0
RE1,RE1,S46,DSL,2017,0
RE1,RE1,S46,ELCA01,2017,0
RE1,RE1,S46,ELCB01,2017,0
RE1,RE1,S46,ELCB02,2017,0
RE1,RE1,S46,ELCC01,2017,0
RE1,RE1,S46,ELCC02,2017,0
RE1,RE1,S46,ELCD01,2017,0
RE1,RE1,S46,ELCD02,2017,0
RE1,RE1,S46,ELCE01,2017,0
RE1,RE1,S46,ELCE02,2017,0
RE1,RE1,S46,ELCF01,2017,0
RE1,RE1,S46,ELCF02,2017,0
RE1,RE1,S46,ELCG01,2017,0
RE1,RE1,S46,ELCG02,2017,0
RE1,RE1,S46,ELCH01,2017,0
RE1,RE1,S46,ELCH02,2017,0
RE1,RE1,S46,ELCI01,2017,0
RE1,RE1,S46,ELCI02,2017,0
RE1,RE1,S46,ELCJ01,2017,0
RE1,RE1,S46,ELCJ02,2017,0
RE1,RE1,S46,ELCK02,2017,0
RE1,RE1,S46,ELCL02,2017,0
RE1,RE1,S46,ELCM02,2017,0
RE1,RE1,S46,ELCN02,2017,0
RE1,RE1,S46,ELCO02,2017,0
RE1,RE1,S46,ELCP01,2017,0
RE1,RE1,S46,ELCP02,2017,0
RE1,RE1,S46,ELCSOLM02,2017,0
RE1,RE1,S46,ELCSOLN02,2017,0
RE1,RE1,S46,ELCSOLO02,2017,0
RE1,RE1,S46,GEO,2017,0
RE1,RE1,S46,GSL,2017,0
RE1,RE1,S46,HFO,2017,0
RE1,RE1,S46,HYD,2017,0
RE1,RE1,S46,KER,2017,0
RE1,RE1,S46,LPG,2017,0
RE1,RE1,S46,NGS,2017,0
RE1,RE1,S46,OHC,2017,0
RE1,RE1,S46,PCK,2017,0
RE1,RE1,S46,PWRBIO,2017,0
RE1,RE1,S46,PWRCOA,2017,0
RE1,RE1,S46,PWRDSL,2017,0
RE1,RE1,S46,PWRGEO,2017,0
RE1,RE1,S46,PWRHFO,2017,0
RE1,RE1,S46,PWRHYD,2017,0
RE1,RE1,S46,PWRLPG,2017,0
RE1,RE1,S46,PWRNGS,2017,0
RE1,RE1,S46,PWRPCK,2017,0
RE1,RE1,S46,PWRSOL,2017,0
RE1,RE1,S46,PWRURN,2017,0
RE1,RE1,S46,PWRWAS,2017,0
RE1,RE1,S46,PWRWND,2017,0
RE1,RE1,S46,RESBIO,2017,0
RE1,RE1,S46,RESELCB02,2017,0
RE1,RE1,S46,RESELCC02,2017,0
RE1,RE1,S46,RESELCD02,2017,0
RE1,RE1,S46,RESELCE02,2017,0
RE1,RE1,S46,RESELCF02,2017,0
RE1,RE1,S46,RESELCG02,2017,0
RE1,RE1,S46,RESELCH02,2017,0
RE1,RE1,S46,RESELCI02,2017,0
RE1,RE1,S46,RESELCJ02,2017,0
RE1,RE1,S46,RESELCK02,2017,0
RE1,RE1,S46,RESELCL02,2017,0
RE1,RE1,S46,RESELCM02,2017,0
RE1,RE1,S46,RESELCN02,2017,0
RE1,RE1,S46,RESELCO02,2017,0
RE1,RE1,S46,RESELCP02,2017,0
RE1,RE1,S46,RESKER,2017,0
RE1,RE1,S46,RESLPG,2017,0
RE1,RE1,S46,SOL,2017,0
RE1,RE1,S46,TRADSL,2017,0
RE1,RE1,S46,TRAELCVDM,2017,0
RE1,RE1,S46,TRAGSL,2017,0
RE1,RE1,S46,TRAOHC,2017,0
RE1,RE1,S46,URN,2017,0
RE1,RE1,S46,WAS,2017,0
RE1,RE1,S46,WND,2017,0
RE1,RE1,S47,BIO,2017,0
RE1,RE1,S47,CALTAGBIO,2017,0
RE1,RE1,S47,CALTAGCOA,2017,0
RE1,RE1,S47,CALTAGGEO,2017,0
RE1,RE1,S47,CALTAGHYD,2017,0
RE1,RE1,S47,CALTAGNGS,2017,0
RE1,RE1,S47,CALTAGOIL,2017,0
RE1,RE1,S47,CALTAGRNW,2017,0
RE1,RE1,S47,CALTAGSOL,2017,0
RE1,RE1,S47,CALTAGURN,2017,0
RE1,RE1,S47,CALTAGWAS,2017,0
RE1,RE1,S47,CALTAGWND,2017,0
RE1,RE1,S47,COA,2017,0
RE1,RE1,S47,DSL,2017,0
RE1,RE1,S47,ELCA01,2017,0
RE1,RE1,S47,ELCB01,2017,0
RE1,RE1,S47,ELCB02,2017,0
RE1,RE1,S47,ELCC01,2017,0
RE1,RE1,S47,ELCC02,2017,0
RE1,RE1,S47,ELCD01,2017,0
RE1,RE1,S47,ELCD02,2017,0
RE1,RE1,S47,ELCE01,2017,0
RE1,RE1,S47,ELCE02,2017,0
RE1,RE1,S47,ELCF01,2017,0
RE1,RE1,S47,ELCF02,2017,0
RE1,RE1,S47,ELCG01,2017,0
RE1,RE1,S47,ELCG02,2017,0
RE1,RE1,S47,ELCH01,2017,0
RE1,RE1,S47,ELCH02,2017,0
RE1,RE1,S47,ELCI01,2017,0
RE1,RE1,S47,ELCI02,2017,0
RE1,RE1,S47,ELCJ01,2017,0
RE1,RE1,S47,ELCJ02,2017,0
RE1,RE1,S47,ELCK02,2017,0
RE1,RE1,S47,ELCL02,2017,0
RE1,RE1,S47,ELCM02,2017,0
RE1,RE1,S47,ELCN02,2017,0
RE1,RE1,S47,ELCO02,2017,0
RE1,RE1,S47,ELCP01,2017,0
RE1,RE1,S47,ELCP02,2017,0
RE1,RE1,S47,ELCSOLM02,2017,0
RE1,RE1,S47,ELCSOLN02,2017,0
RE1,RE1,S47,ELCSOLO02,2017,0
RE1,RE1,S47,GEO,2017,0
RE1,RE1,S47,GSL,2017,0
RE1,RE1,S47,HFO,2017,0
RE1,RE1,S47,HYD,2017,0
RE1,RE1,S47,KER,2017,0
RE1,RE1,S47,LPG,2017,0
RE1,RE1,S47,NGS,2017,0
RE1,RE1,S47,OHC,2017,0
RE1,RE1,S47,PCK,2017,0
RE1,RE1,S47,PWRBIO,2017,0
RE1,RE1,S47,PWRCOA,2017,0
RE1,RE1,S47,PWRDSL,2017,0
RE1,RE1,S47,PWRGEO,2017,0
RE1,RE1,S47,PWRHFO,2017,0
RE1,RE1,S47,PWRHYD,2017,0
RE1,RE1,S47,PWRLPG,2017,0
RE1,RE1,S47,PWRNGS,2017,0
RE1,RE1,S47,PWRPCK,2017,0
RE1,RE1,S47,PWRSOL,2017,0
RE1,RE1,S47,PWRURN,2017,0
RE1,RE1,S47,PWRWAS,2017,0
RE1,RE1,S47,PWRWND,2017,0
RE1,RE1,S47,RESBIO,2017,0
RE1,RE1,S47,RESELCB02,2017,0
RE1,RE1,S47,RESELCC02,2017,0
RE1,RE1,S47,RESELCD02,2017,0
RE1,RE1,S47,RESELCE02,2017,0
RE1,RE1,S47,RESELCF02,2017,0
RE1,RE1,S47,RESELCG02,2017,0
RE1,RE1,S47,RESELCH02,2017,0
RE1,RE1,S47,RESELCI02,2017,0
RE1,RE1,S47,RESELCJ02,2017,0
RE1,RE1,S47,RESELCK02,2017,0
RE1,RE1,S47,RESELCL02,2017,0
RE1,RE1,S47,RESELCM02,2017,0
RE1,RE1,S47,RESELCN02,2017,0
RE1,RE1,S47,RESELCO02,2017,0
RE1,RE1,S47,RESELCP02,2017,0
RE1,RE1,S47,RESKER,2017,0
RE1,RE1,S47,RESLPG,2017,0
RE1,RE1,S47,SOL,2017,0
RE1,RE1,S47,TRADSL,2017,0
RE1,RE1,S47,TRAELCVDM,2017,0
RE1,RE1,S47,TRAGSL,2017,0
RE1,RE1,S47,TRAOHC,2017,0
RE1,RE1,S47,URN,2017,0
RE1,RE1,S47,WAS,2017,0
RE1,RE1,S47,WND,2017,0
RE1,RE1,S48,BIO,2017,0
RE1,RE1,S48,CALTAGBIO,2017,0
RE1,RE1,S48,CALTAGCOA,2017,0
RE1,RE1,S48,CALTAGGEO,2017,0
RE1,RE1,S48,CALTAGHYD,2017,0
RE1,RE1,S48,CALTAGNGS,2017,0
RE1,RE1,S48,CALTAGOIL,2017,0
RE1,RE1,S48,CALTAGRNW,2017,0
RE1,RE1,S48,CALTAGSOL,2017,0
RE1,RE1,S48,CALTAGURN,2017,0
RE1,RE1,S48,CALTAGWAS,2017,0
RE1,RE1,S48,CALTAGWND,2017,0
RE1,RE1,S48,COA,2017,0
RE1,RE1,S48,DSL,2017,0
RE1,RE1,S48,ELCA01,2017,0
RE1,RE1,S48,ELCB01,2017,0
RE1,RE1,S48,ELCB02,2017,0
RE1,RE1,S48,ELCC01,2017,0
RE1,RE1,S48,ELCC02,2017,0
RE1,RE1,S48,ELCD01,2017,0
RE1,RE1,S48,ELCD02,2017,0
RE1,RE1,S48,ELCE01,2017,0
RE1,RE1,S48,ELCE02,2017,0
RE1,RE1,S48,ELCF01,2017,0
RE1,RE1,S48,ELCF02,2017,0
RE1,RE1,S48,ELCG01,2017,0
RE1,RE1,S48,ELCG02,2017,0
RE1,RE1,S48,ELCH01,2017,0
RE1,RE1,S48,ELCH02,2017,0
RE1,RE1,S48,ELCI01,2017,0
RE1,RE1,S48,ELCI02,2017,0
RE1,RE1,S48,ELCJ01,2017,0
RE1,RE1,S48,ELCJ02,2017,0
RE1,RE1,S48,ELCK02,2017,0
RE1,RE1,S48,ELCL02,2017,0
RE1,RE1,S48,ELCM02,2017,0
RE1,RE1,S48,ELCN02,2017,0
RE1,RE1,S48,ELCO02,2017,0
RE1,RE1,S48,ELCP01,2017,0
RE1,RE1,S48,ELCP02,2017,0
RE1,RE1,S48,ELCSOLM02,2017,0
RE1,RE1,S48,ELCSOLN02,2017,0
RE1,RE1,S48,ELCSOLO02,2017,0
RE1,RE1,S48,GEO,2017,0
RE1,RE1,S48,GSL,2017,0
RE1,RE1,S48,HFO,2017,0
RE1,RE1,S48,HYD,2017,0
RE1,RE1,S48,KER,2017,0
RE1,RE1,S48,LPG,2017,0
RE1,RE1,S48,NGS,2017,0
RE1,RE1,S48,OHC,2017,0
RE1,RE1,S48,PCK,2017,0
RE1,RE1,S48,PWRBIO,2017,0
RE1,RE1,S48,PWRCOA,2017,0
RE1,RE1,S48,PWRDSL,2017,0
RE1,RE1,S48,PWRGEO,2017,0
RE1,RE1,S48,PWRHFO,2017,0
RE1,RE1,S48,PWRHYD,2017,0
RE1,RE1,S48,PWRLPG,2017,0
RE1,RE1,S48,PWRNGS,2017,0
RE1,RE1,S48,PWRPCK,2017,0
RE1,RE1,S48,PWRSOL,2017,0
RE1,RE1,S48,PWRURN,2017,0
RE1,RE1,S48,PWRWAS,2017,0
RE1,RE1,S48,PWRWND,2017,0
RE1,RE1,S48,RESBIO,2017,0
RE1,RE1,S48,RESELCB02,2017,0
RE1,RE1,S48,RESELCC02,2017,0
RE1,RE1,S48,RESELCD02,2017,0
RE1,RE1,S48,RESELCE02,2017,0
RE1,RE1,S48,RESELCF02,2017,0
RE1,RE1,S48,RESELCG02,2017,0
RE1,RE1,S48,RESELCH02,2017,0
RE1,RE1,S48,RESELCI02,2017,0
RE1,RE1,S48,RESELCJ02,2017,0
RE1,RE1,S48,RESELCK02,2017,0
RE1,RE1,S48,RESELCL02,2017,0
RE1,RE1,S48,RESELCM02,2017,0
RE1,RE1,S48,RESELCN02,2017,0
RE1,RE1,S48,RESELCO02,2017,0
RE1,RE1,S48,RESELCP02,2017,0
RE1,RE1,S48,RESKER,2017,0
RE1,RE1,S48,RESLPG,2017,0
RE1,RE1,S48,SOL,2017,0
RE1,RE1,S48,TRADSL,2017,0
RE1,RE1,S48,TRAELCVDM,2017,0
RE1,RE1,S48,TRAGSL,2017,0
RE1,RE1,S48,TRAOHC,2017,0
RE1,RE1,S48,URN,2017,0
RE1,RE1,S48,WAS,2017,0
RE1,RE1,S48,WND,2017,0
